num_users,num_items,num_interactions,density,user_item_ratio,item_user_ratio,highest_num_rating_by_single_user,lowest_num_rating_by_single_user,highest_num_rating_on_single_item,lowest_num_rating_on_single_item,mean_num_ratings_by_user,mean_num_ratings_on_item,BPR_0,BPR_1,BPR_2,BPR_3,BPR_4,CDAE_0,CDAE_1,CDAE_2,CDAE_3,CDAE_4,DMF_0,DMF_1,DMF_2,DMF_3,DMF_4,EASE_0,EASE_1,EASE_2,EASE_3,EASE_4,ENMF_0,ENMF_1,ENMF_2,ENMF_3,ENMF_4,ImplicitMF_0,ImplicitMF_1,ImplicitMF_2,ImplicitMF_3,ImplicitMF_4,ItemItem_0,ItemItem_1,ItemItem_2,ItemItem_3,ItemItem_4,ItemKNNRP_0,ItemKNNRP_1,ItemKNNRP_2,ItemKNNRP_3,ItemKNNRP_4,ItemKNN_0,ItemKNN_1,ItemKNN_2,ItemKNN_3,ItemKNN_4,LINE_0,LINE_1,LINE_2,LINE_3,LINE_4,MacridVAE_0,MacridVAE_1,MacridVAE_2,MacridVAE_3,MacridVAE_4,MultiDAE_0,MultiDAE_1,MultiDAE_2,MultiDAE_3,MultiDAE_4,MultiVAE_0,MultiVAE_1,MultiVAE_2,MultiVAE_3,MultiVAE_4,NCEPLRec_0,NCEPLRec_1,NCEPLRec_2,NCEPLRec_3,NCEPLRec_4,NMF_0,NMF_1,NMF_2,NMF_3,NMF_4,NeuMF_0,NeuMF_1,NeuMF_2,NeuMF_3,NeuMF_4,PopScore_0,PopScore_1,PopScore_2,Pop_0,Random_0,RecVAE_0,RecVAE_1,RecVAE_2,RecVAE_3,RecVAE_4,SVD_0,SVD_1,SVD_2,SVD_3,SVD_4,SimpleX_0,SimpleX_1,SimpleX_2,SimpleX_3,SimpleX_4,UserUser_0,UserUser_1,UserUser_2,UserUser_3,UserUser_4
22363,12101,198502,0.0733522706417427,1.8480290885050823,0.5411170236551447,204,5,431,5,8.876358270357287,16.403768283612923,0.0519245290996672,0.0536225681104114,0.0520245711024594,0.0373158587151329,0.029137205068007,0.0128566461325319,0.0267337616733547,0.0421576652336605,0.0452454182541717,0.0321501560147454,0.0322843190813391,0.0394104010453022,0.0374809467861379,0.0253358601388287,0.0109986105279832,0.0633521426558588,0.0816077539790174,0.0887880971141303,0.0847760573344463,0.0828174023855886,0.0622251021145527,0.0559225837597934,0.0576668823577558,0.0700528921598475,0.0701929507616384,0.065803143115789,0.06827093671072,0.0659048890251192,0.0732677402914932,0.0713816309305802,0.0663469047061701,0.0640650142007511,0.0295803238709067,0.0665081586115673,0.0294858234626121,0.0713851733643307,0.0717030946310853,0.0639424703702162,0.0718349658715894,0.0650208749950905,0.0683047296713611,0.0664868490782946,0.0692452472728452,0.0692561135181956,0.0665269459429869,0.0513259524151144,0.0263423634741779,0.0212828526101004,0.0213580562870965,0.0222939406252875,0.0915164768019082,0.0923887505304846,0.0928109142272437,0.0928109142272437,0.0925740047349129,0.0615583441355427,0.0605679037037501,0.0555452026481466,0.0534143496216356,0.049726036830612,0.0604672973794774,0.0620370644210701,0.057946660472193,0.0527900560208361,0.0507468980514154,0.0542271245098969,0.061430797479179,0.0559167120655565,0.0664539376056936,0.0736120280394081,0.0041808908937896,0.0477284689702205,0.0482026033061956,0.0359626869039529,0.0494339232783924,0.0358818622879886,0.0332946520982522,0.0494147812084607,0.0413577008052792,0.037476373325287,0.0143648689288999,0.0143406692581042,0.0143648689288999,0.0139949765744328,0.0006146161670414,0.0434779041050734,0.06476484399538,0.0669038602328671,0.0613043623107684,0.0456227069141196,0.0368651868945074,0.041298236449407,0.0484424236013356,0.0557237615707083,0.0609239154350681,0.009713900907248,0.0705343612901503,0.0648525599197136,0.0101130209353807,0.0642190326224328,0.0829473456237938,0.0506088491001402,0.0816956486351891,0.0667434031355034,0.0810973980873589
1819,14868,984499,3.640240086741704,0.1223432875975248,8.173721825178669,7025,15,1541,5,541.2308960967565,66.21596717783159,0.4789651307075185,0.4077323456263473,0.3682206861694204,0.2794177758198103,0.2433624672061344,0.3937324936656837,0.4640052807507727,0.48690568846006,0.4709436835282249,0.4781301273061199,0.4528317534046603,0.4433484486760964,0.4366059326312783,0.3846778673320546,0.1038614285993155,0.3776895717707944,0.4363317515641406,0.5236792618193696,0.5715318547441605,0.577010864729284,0.3567847868635568,0.3504779537521399,0.411230190046533,0.2245591636541,0.2081552394011441,0.1103652530358405,0.1506044325735532,0.1087125303840932,0.1602369467574653,0.1247809298125888,0.4272312680155927,0.4230517365151735,0.4230517365151735,0.422941396349979,0.4214072974723354,0.4200475116277273,0.4219661872663348,0.3685198463051661,0.4220509051175426,0.3652586818731763,0.4975096381582517,0.4625279976779541,0.4481634695323568,0.4388784461306781,0.4304742527889019,0.3701835494768762,0.084973519716317,0.0606849993616954,0.0624914829678171,0.0625199656825903,0.4516970343379071,0.5106701891055352,0.514261812513811,0.514261812513811,0.5056005505997688,0.4118607657029341,0.471167305864492,0.4638169987641954,0.3789733763567386,0.4068253886895602,0.4247124728395767,0.4487111309621836,0.4074801309892931,0.3698218994160241,0.3673510583585885,0.5202727540490162,0.4639038336010171,0.4920580044518365,0.4235991412581321,0.4663545014552311,0.3926834690244675,0.5065788236745137,0.5119743945067847,0.5333211869325698,0.4962326807278674,0.1805966706470068,0.2356789899182421,0.2277128962588291,0.2111142548022261,0.1722281859593763,0.3928698311905795,0.3928318183981841,0.3928698311905795,0.3916754202039512,0.0080516119628139,0.5118553764454978,0.4451740268824062,0.446825506850031,0.5478194865396742,0.531820558767633,0.4505619745653164,0.4650188632130446,0.4767359381599373,0.4840314624683032,0.4871569607955104,0.24996940279617,0.4060460907927371,0.4201520305484721,0.250533023653773,0.4231703091752525,0.4122166752076849,0.4121907704736784,0.4540642066630253,0.4540638847480712,0.4742491798047827
9930,24780,206241,0.0838155222148258,0.400726392251816,2.495468277945619,1747,5,218,5,20.76948640483384,8.322881355932203,0.0146514608713993,0.0141791212645608,0.0132853678488577,0.0079117096182588,0.0058549298950845,0.0057175029749573,0.0075389108223424,0.0079127568714759,0.0178334500485407,0.0135226178758004,0.0118929595807088,0.0114639334961405,0.0119852582688823,0.0087174924628866,0.0009338218287094,0.0232023274676972,0.0288681743230723,0.030007654747898,0.0278443465244738,0.0267133988346609,0.0138688625914757,0.0118205873314186,0.0128851441693651,0.0197239582891548,0.0196866541255605,0.0188529042197491,0.0195026174951091,0.0186695126402923,0.0224859449919214,0.0222656705041338,0.0141309638642295,0.0175499903857049,0.0132005795748359,0.0177810699514881,0.0137824506379288,0.0182000493431901,0.0199532672656831,0.0161277922182031,0.0209382878037116,0.0168460790007889,0.0198619190360436,0.0188790675016165,0.018429710638171,0.0181532808712013,0.017913002742794,0.0136834298439753,0.0075582939995657,0.0058283437059093,0.0058195528572961,0.0061876717520989,0.022026093918744,0.0226311520981019,0.0227070485148977,0.0227070485148977,0.0230657878148927,0.0178844136324898,0.0216869355145169,0.0213754326727464,0.0173443626970132,0.0129120706150909,0.018628914518339,0.0228077010773889,0.0230544295493526,0.0198838969665567,0.0099868331358432,0.0099739805966738,0.0095779264067595,0.0121838233497535,0.0115188477929671,0.0160020508455149,0.0022897612052055,0.0089019624191723,0.0090024365184966,0.0053435555404892,0.010690942548102,0.0076970745609057,0.0069077630797556,0.0149059261073826,0.0118559033293232,0.0092249954328861,0.0069965714053138,0.0069768975772917,0.0069965714053138,0.0069949905475332,0.0003977739388177,0.0158093990488109,0.0225782319361637,0.0229547916830605,0.0191357168386334,0.0177071990214175,0.0039696806708958,0.0045236159807783,0.0074535061576463,0.0109332366633146,0.0130342487610086,0.0042199347309602,0.022872243484892,0.0231267523601671,0.0044047635093003,0.0232927251187047,0.0307451777739345,0.0054814170173242,0.0306389094252705,0.0132720098582396,0.0306121752177622
576,550,13116,4.140151515151516,1.0472727272727274,0.9548611111111112,146,5,352,5,22.77083333333333,23.847272727272728,0.2819102166570645,0.3901909270312838,0.3834616831894392,0.2929029930491676,0.2376096725976374,0.1508838722966756,0.3319701110626898,0.3671438295774719,0.3742999699525154,0.2788769923247757,0.3023407225620578,0.3753987784437195,0.3846501470667873,0.3605644139217399,0.3490284517385406,0.319539706516829,0.39832515121955,0.424647105147261,0.4017515563807037,0.3856749825997763,0.0497611315835832,0.0544797058730299,0.2584765998709522,0.3219275393074611,0.3380046983549912,0.2138162340240102,0.2284932280191499,0.2209455682452623,0.1910011013726376,0.1939387467344734,0.3653270287315096,0.3866792157904899,0.3531110391356279,0.3889093021715304,0.3553630148968746,0.3625821687989821,0.3640909790737983,0.3871977415574942,0.3643803354566935,0.3888684243295143,0.3883699269276764,0.3889265067233007,0.3899036688693361,0.3899036688693361,0.3889265067233007,0.14842368654653,0.129389194209405,0.1019075012504269,0.099978829718247,0.1016272284127279,0.3209993010070441,0.4089225050272537,0.4121721330897673,0.4121721330897673,0.4052980438685264,0.3814710596868841,0.3994116961869329,0.3938502395752354,0.3669462278720292,0.3582705723244678,0.3775984793448044,0.4019658994379479,0.3921192592007377,0.384331736243575,0.377330665787193,0.2149375793373618,0.3782631692412695,0.1913403127590928,0.2755610359352977,0.3818449218120254,0.290684596167387,0.1596752566166074,0.1632605931007081,0.18489616398721,0.1197289335130485,0.3423713051675157,0.3504024673989753,0.3661795668999086,0.3889866526387361,0.1246265013601829,0.3036877213752515,0.3035937428675304,0.3036877213752515,0.1485469313042337,0.0193446886911386,0.2842824954458418,0.4035818668289124,0.413169546887529,0.3904591389944311,0.3908761394477696,0.3786729043512521,0.3978154768747987,0.4056760052082693,0.4008080391806217,0.3955489858638187,0.2233800356212045,0.4138979000982633,0.405042471029963,0.2194683110650008,0.4071719653831707,0.4091515809441762,0.4091256282880602,0.3793462786057439,0.3793462786057439,0.3566565806405181
24303,10672,231780,0.0893655752052377,2.277267616191904,0.4391227420483068,773,5,802,5,9.537094185902976,21.718515742128936,0.0778642574349234,0.0824960661667802,0.0776454134804248,0.0510023534383172,0.0408984278575893,0.0170177580377356,0.0267720564047796,0.069893240103569,0.0537123419738627,0.0365520224591783,0.0424178099959656,0.0547195001523054,0.0529850227634115,0.0282496310212674,0.0127187066952562,0.0744190110793318,0.099349879214212,0.1101660958102667,0.1058432204397605,0.1030426552572593,0.0896028988752152,0.0804903454399595,0.0772356420865156,0.1002262241214615,0.1002749318369986,0.095197014007188,0.0993530869583612,0.0955258809863337,0.103299427368339,0.1002402024875852,0.0794890510539704,0.082769693496538,0.0432091784640139,0.082926147290588,0.0434845887501961,0.0954577975571556,0.095450828872186,0.0756674215562492,0.0954061425086416,0.0796633724837209,0.0863184711297953,0.0815961818259224,0.0873289641067965,0.0876152974685404,0.0829347244599111,0.0789357074002134,0.0300013496651489,0.0243330311027511,0.0255493486177732,0.0251840399846554,0.1164617165778303,0.1175631126797991,0.1175569670284898,0.1175569670284898,0.1175931129398664,0.0888394939825592,0.0811766031837428,0.0734173930206211,0.0711568368759658,0.0629827941326024,0.0869929137718666,0.0844250754978541,0.0789820451642634,0.0728496494645417,0.0684048109596923,0.0730364245612266,0.0854508817120183,0.0735304177147506,0.0905695782873306,0.0984633292911488,0.015298808110355,0.0588172606925955,0.0588571931193633,0.0579757838948315,0.0580384064575035,0.0511755795054987,0.0493825577601879,0.0753482697825561,0.0596768605295664,0.0496489691476667,0.018367040590517,0.0183673830728739,0.018367040590517,0.0184096624866607,0.0007477983027158,0.0550498868405307,0.0892258840754911,0.0911871934155937,0.0788616337490053,0.0602904010141387,0.0453304310103859,0.056414475975337,0.0667239697254726,0.072785874685797,0.0812124722822761,0.0130857645041767,0.0983086144960849,0.0978037346654822,0.0137007922231239,0.0973072187659822,0.1009483386059304,0.0821295596340763,0.100232198916205,0.0958680205495818,0.1000135911318192
1062,3895,40825,0.986947871262834,0.2726572528883184,3.667608286252354,318,5,273,5,38.44161958568738,10.481386392811295,0.0756248756689424,0.0710463654124873,0.062666528955871,0.0408388136123458,0.0320439254495874,0.0520372324125224,0.0634502865745355,0.0641621291317528,0.0655135135408513,0.0524408931387756,0.0641816642151831,0.0678190643993899,0.06297130634797,0.0655437213956673,0.0580072655888254,0.0798922799053677,0.0949410071582475,0.1028818752491725,0.0938913459303392,0.0886709183077096,0.0401971102680111,0.0428210294834177,0.0809946056856055,0.0673898677925604,0.0726747361138044,0.0676831800610656,0.0706305437617914,0.069065415942161,0.0732388003100171,0.0713312502234447,0.0613073429144078,0.0923479583653048,0.0900246340596073,0.0998625909381871,0.0975013788383017,0.0912915683053484,0.0902650774088798,0.0781821828175528,0.0891681403691316,0.0980233289857669,0.0764097625161043,0.0887269753246245,0.0995247817855179,0.1022993863807489,0.0996662166170278,0.0531336777395595,0.0223548515059599,0.0181656042634237,0.017984942865703,0.0185710375137964,0.0537626671375156,0.084294031211506,0.0880517646369497,0.0880517646369497,0.0870763878034784,0.0708371268681236,0.0700056436740513,0.0610201975912033,0.0525240401531769,0.045662324067082,0.0722595020905826,0.0698862182741768,0.0631796760305546,0.0555364861655411,0.0495194058748336,0.0792773771131087,0.0888132966700632,0.0726513892744662,0.0829047009421707,0.0936746923273109,0.0630268489654832,0.0586882412770835,0.0588226778356591,0.0608366078586024,0.0534481289312908,0.0524244579852378,0.0472856378011451,0.0825317062062106,0.0670854034350105,0.0315324105766853,0.0634047730818083,0.0633794585482708,0.0634047730818083,0.0625722991148492,0.0034182923316918,0.0495078396536487,0.076955231955827,0.0770951856566703,0.0719828690550412,0.056071618821611,0.0775318356040221,0.0805074172442852,0.088372091838704,0.0931142499577431,0.0974029777083026,0.0536381842873709,0.1009347303241082,0.0933453237766746,0.053078697967769,0.0923109941071815,0.0918286511736619,0.0880487765326002,0.0851566885860488,0.0840209805012315,0.0834219283857248
23724,29794,687070,0.0972040269729623,0.7962677049070283,1.255859045692126,1763,5,1340,5,28.9609677963244,23.060683359065585,0.0383698312262399,0.0547179032034507,0.0518200268666187,0.0350917952846055,0.0314455752095553,0.0207216850154383,0.0280722071816316,0.0466740195012015,0.0585370201143777,0.0447572187990263,0.0319842449391129,0.0312277277192909,0.0273529700223437,0.0192163562786324,0.0151348496409923,0.0781456408961255,0.1122103342480468,0.1154263446226324,0.1032105738940714,0.09659818153487,0.0584032949666891,0.0501354246347816,0.0557656859307515,0.0685081173093902,0.0694184977834962,0.0597645975871786,0.0657889401588118,0.0595460469984054,0.071446698773741,0.0672059244577319,0.0908846305533888,0.0913962691698633,0.0680360507671681,0.0925306720062715,0.0685101634496629,0.0596326746027675,0.0582374288457979,0.0821576406304377,0.0586471266634542,0.085212871735357,0.1005500758681719,0.0926817808167933,0.0956216639193707,0.0955206478120651,0.0921632370756691,0.0420164567844299,0.0203157950460705,0.0154225764494854,0.0158560350003042,0.0156610574505055,0.1173116016282848,0.1195671028435489,0.1201390422810869,0.1201390422810869,0.1199640669807356,0.0600211730776775,0.0645708455251407,0.0551568230657451,0.054771533827746,0.0425293386064423,0.0589594395872253,0.0669490117940501,0.0626528812315625,0.0602485758731337,0.0445790441846416,0.0565716042828393,0.0528239088100327,0.0612838502115813,0.0627155014912124,0.0785690173041575,0.0183688773076668,0.0449839315706948,0.0457642563111706,0.0425216835253534,0.0502209950770245,0.0328020178330514,0.0244777432183144,0.0441605933917264,0.0369399105617746,0.0368654140334514,0.0212721159396862,0.021271235934953,0.0212721159396862,0.0212780486248055,0.000367081746231,0.0531618011064506,0.081572367822423,0.0837603424076287,0.0747522173126079,0.059022952599727,0.0370020142333686,0.0424169666465335,0.0498191953322527,0.0548216929272478,0.0616029193941589,0.0160542091699705,0.0720294473715459,0.0812276396821078,0.0160794083884482,0.0820080718640823,0.079897880553436,0.0742714029112014,0.0749861496090377,0.0728501087743513,0.0695004922810093
35598,18357,296337,0.0453480454569589,1.93920575257395,0.5156750379234788,296,5,1042,5,8.324540704533963,16.142997221768262,0.0332721408056719,0.0295906115572903,0.0269325508528755,0.016316838311533,0.0136203101438119,0.0138938214496415,0.0196847950318858,0.0381741926218156,0.0167980773008202,0.0119647859958859,0.0242891907643289,0.0222112915489485,0.0219882202183902,0.0175645627360469,0.0106590908031834,0.0334229479070757,0.0494309480643194,0.0579588136604811,0.0562597085766829,0.0553757068140919,0.0417963577135416,0.0370815898425082,0.0342271415697725,0.0465353401667258,0.0464107724683756,0.0436800607121107,0.0461290746177533,0.0435704713012304,0.048133189892598,0.0463541849056173,0.0325956507609863,0.0331988032769962,0.0126550429379726,0.0335310572132685,0.012662369208468,0.0448729242948825,0.0451012916078441,0.0303466969308984,0.045104701208675,0.0321428439563428,0.0339128958864769,0.0329667381616442,0.0367858973922247,0.0369214649780969,0.0334890548474151,0.0307575490710725,0.0100378537501086,0.0081706646904737,0.00819109137477,0.0084781206793355,0.0587163546895934,0.0593507296986782,0.0599028709569784,0.0599028709569784,0.0601800789022984,0.0325720247386226,0.031281815908416,0.0291550482537183,0.0281924364998129,0.0245029587458124,0.0321378217285155,0.0334641845463798,0.0309025232051512,0.0272766407468916,0.0253428112790812,0.0309846675981669,0.0390295305870452,0.031726869041836,0.0379578189754997,0.0457616962218865,0.0137831656815023,0.0289778374091157,0.0287573580735919,0.0140424829136127,0.0291309644367106,0.0159336859199278,0.015566204474836,0.0266809783612609,0.0186237535446467,0.0165081664071777,0.0136934138585749,0.0136831847332952,0.0136934138585749,0.0136162885208588,0.0004356371769588,0.0196577952706047,0.0314573197635702,0.0324848501007003,0.032855851044425,0.0234196411227902,0.0220477943295042,0.0247221237186931,0.0297742396209677,0.0337869323345699,0.0365793983428125,0.0097009562089625,0.0493012884884435,0.0452127531571705,0.0098672162929118,0.0429103052308856,0.0549012780356326,0.0296884245231922,0.0547738219013614,0.044654212398636,0.0547711577092949
4096,136,97879,17.570764878216913,30.11764705882353,0.033203125,130,5,4094,163,23.896240234375,719.6985294117648,0.7105531121557767,0.6092990955220284,0.5454742738994336,0.4228623051666317,0.3440124106102634,0.672883457544563,0.7077098609300123,0.6930546444103034,0.4700088604191192,0.4479100782658903,0.5883260944163942,0.2512766965314983,0.2583940395191229,0.4085074422659569,0.0926525055240042,0.7196245772512933,0.7216765376293104,0.731229856331699,0.7381719856397418,0.7347679311169989,0.6325553653769121,0.6224618068118495,0.6960483026212116,0.6415646891201405,0.6403941343034842,0.3267038305486684,0.2545059135390556,0.2665699891787383,0.1222159002872389,0.15689432407968,0.6615119206887263,0.6356894797091646,0.5304184618513748,0.622121429918254,0.5137898823506124,0.675037495846497,0.6754429209727506,0.6190703461594658,0.6754429209727506,0.6190703461594658,0.6194382200013175,0.61905602268901,0.6194382200013175,0.6194382200013175,0.61905602268901,0.4019077567322037,0.1248767295810979,0.1901267476803951,0.1638491358341631,0.1560814858756143,0.6796391711744522,0.7078650810259235,0.7083448532117449,0.7083448532117449,0.6965637025982963,0.6987845965787521,0.7235566806263172,0.7093218975781872,0.6429780964815557,0.5882392053157119,0.6958175251528007,0.7225722703914078,0.7181822450017348,0.6894724252658693,0.5540227711295547,0.1847896769013281,0.5432124227022104,0.44495992132805,0.6513107100202328,0.6549683285594673,0.661570885969359,0.1819118794682575,0.2849833604128284,0.5099864755751451,0.620736370515728,0.3757829526846762,0.4088776686637047,0.667872255818106,0.3543872315682441,0.2366381494294057,0.6621203866604898,0.6621528022535866,0.6621203866604898,0.1372186867409489,0.102269807885652,0.6961063056501896,0.6771166548305786,0.6806389919881127,0.6947842257968776,0.6319313009498865,0.7048569640525293,0.7061174295738691,0.6982606592034708,0.6933731081360308,0.6931976201659753,0.5461442537592874,0.6713907121194986,0.6827308034466218,0.5470448996398743,0.6853342217631555,0.6937530151395689,0.6937530151395689,0.7048399388591104,0.7048399388591104,0.7083597598500563
132,294,2027,5.223149866007009,0.4489795918367347,2.227272727272727,66,5,29,5,15.356060606060606,6.894557823129252,0.0346163146362021,0.0884257502083149,0.1295490924562855,0.1528342931870182,0.1456007244584674,0.037792042117018,0.0799581498975215,0.1039607979277672,0.1722831910152569,0.1565485868610075,0.079833164660572,0.0714047647842887,0.07823632314905,0.0860612293189844,0.0767891082563812,0.1538116039941388,0.1722718045281337,0.1751293823882493,0.1685579251681633,0.16482547724494,0.0478484037702704,0.046820111279897,0.0770101926852865,0.1112966444333901,0.1289932223861384,0.1374220432889504,0.1349019147898042,0.1350311936285177,0.1172602695911591,0.1161490193583702,0.1307145604133997,0.1537665333062729,0.1269920067170935,0.1547917503327879,0.1286166780707447,0.1638174619810778,0.1637836412581241,0.1542461195098461,0.1637836412581241,0.1542461195098461,0.1548658694842548,0.1542460419983467,0.1548658694842548,0.1548658694842548,0.1542460419983467,0.0387001879097353,0.1446478847417819,0.1337211336268485,0.136105442896697,0.1359057382268364,0.0780749554813343,0.1503594256637904,0.168195847870262,0.168195847870262,0.1768607938166405,0.1532784616615867,0.1670725922064091,0.1731692738718044,0.1523943936706145,0.1491025779545984,0.1420272093373222,0.1662709723763746,0.1683419514017331,0.1644150871294153,0.1565090452872139,0.0859239980356518,0.1428459809098238,0.1677408875948958,0.127229101965381,0.1419582924754856,0.0401545957125671,0.100844617847796,0.1268270345115415,0.1555995015090739,0.1596073990857611,0.1273544301945965,0.145218365895465,0.0765260450427889,0.1505056949712696,0.1031189181964928,0.0778924349045252,0.0774346217606487,0.0778924349045252,0.0397919208101453,0.0377538057445165,0.1350937560133291,0.1556861228275365,0.1579593631192505,0.1664469733735736,0.143451640348032,0.1432694586778465,0.1631350891850974,0.1657616403560921,0.1703102114543943,0.1711811610261097,0.0623948955347448,0.1419823330464282,0.1441590344752472,0.0651162410209395,0.144090431958593,0.1751653508268105,0.0089667172956938,0.1751653508268105,0.1075379906883685,0.1751653508268105
547,547,4524,1.5119866046810089,1.0,1.0,40,5,50,5,8.270566727605118,8.270566727605118,0.0133525934207569,0.0208141808165504,0.0216053399186701,0.0228226011388734,0.0222014582787996,0.0152430839035557,0.03626925732795,0.0435359555462276,0.0347293152794564,0.0263223441023206,0.0329654305512997,0.0319716748428104,0.0322862384917767,0.0271022579573785,0.0318792889662456,0.0280138051645112,0.0315227205916011,0.0349840790798118,0.0355260748810028,0.0354709180255638,0.0171291585067761,0.0165374409067592,0.0263667457669879,0.0271531530341263,0.0247074822452143,0.0252588202295645,0.0253138989642258,0.0239580991052657,0.0244833466092299,0.0241452941135561,0.0269830721460392,0.0266366433742279,0.0051349382503086,0.0275814712537988,0.0051349382503086,0.0345184000893451,0.033923183977871,0.0276235918590839,0.0338939175854564,0.0275793495040346,0.0277712820295031,0.0275844730351497,0.0277712820295031,0.0277712820295031,0.0275844730351497,0.0151807328228686,0.0222497983777922,0.0220004070788998,0.022596310374189,0.0223949316430481,0.0182333339001104,0.0262468113404518,0.0274861691640092,0.0274861691640092,0.0300477090763479,0.035137847768211,0.0289123160723175,0.0308061574964429,0.0266478422542211,0.0268020002595112,0.0353090404769041,0.026199041664308,0.0280024400559706,0.0263659466536993,0.0247126779158619,0.0232655348990214,0.0412199783899357,0.0222927559009239,0.0214635973174153,0.0407624122723356,0.0413413923058163,0.0217217716668884,0.0201096874165695,0.0209387523211924,0.0188468431970578,0.0229318477222683,0.0247715403228373,0.0446657695136524,0.0280399930149794,0.0235869052136742,0.0448469961909217,0.0449023348096024,0.0448469961909217,0.0227796891182208,0.0138382204269536,0.0207003279201825,0.0245940786890555,0.0290542499649836,0.0236594409386225,0.0236264685197479,0.0390434518014512,0.0379533241707521,0.0317395313195901,0.0268951331042592,0.0263518922369427,0.0316930497786287,0.0277885452704845,0.0260754668887753,0.0344413380966177,0.0267249309619273,0.0382618512340637,0.0003404827740895,0.0382618512340637,0.0114959543782942,0.0382618512340637
1686,962,13272,0.8182833805609605,1.7525987525987523,0.5705812574139977,66,5,296,5,7.871886120996441,13.796257796257796,0.0642618665846433,0.0970993264839455,0.0937534682044918,0.0769585953807041,0.0654350971830907,0.0109213433354237,0.0645358386965664,0.0659781267295432,0.0948947900999447,0.0870322605585605,0.0703826520820554,0.07289358520476,0.0731061430176392,0.0662197102307471,0.0684236141910731,0.0923752563917705,0.1128353841525376,0.124620505866362,0.1242691212250668,0.1228717567148711,0.0635901713554603,0.0631267910100753,0.0948450993212949,0.0955131100685142,0.1001684952464523,0.0989123512565571,0.098691177872895,0.098651143937048,0.0957732674335752,0.0952373816999399,0.1159497866843313,0.111119534018446,0.0461050662283297,0.1180262683087733,0.0461570139215889,0.11937577536471,0.1193624098010847,0.117302131268108,0.119523617385634,0.1174380312617,0.1192309076456681,0.1180341130414427,0.120167129335178,0.120167129335178,0.1180341130414427,0.0579388669778375,0.0605253725530065,0.0476594252629934,0.0463643720216332,0.0466019078000098,0.0912310798556527,0.1252060125374522,0.124959005557445,0.124959005557445,0.1255659388836179,0.1062987552168049,0.1101872450734188,0.1083345575947365,0.0949899017415985,0.0936627449638232,0.1021795435280088,0.1072645184239872,0.1097481772160175,0.0995461315968136,0.0970583402347495,0.0825413483165908,0.1136432894400651,0.0827945365989343,0.0975468823869133,0.1168357721568569,0.0602465015701076,0.0719649217296184,0.0697921756645347,0.0769069342808959,0.0615792879047374,0.0824201577946438,0.0856357010413591,0.0883155311521734,0.1044460643432115,0.0386858517979134,0.0658503219068618,0.0659000040459589,0.0658503219068618,0.0473701921945139,0.0084129015117386,0.072241717817615,0.1118172246734307,0.1121147029055249,0.0987312841392875,0.100904844621066,0.074931260729728,0.0844953499018368,0.0924663595859504,0.1049529239032702,0.1150725932959292,0.0573459045606737,0.1183089321707851,0.1120514453503328,0.0604430418633151,0.1148982596650407,0.1249514770774264,0.0694069292633386,0.1240529171183151,0.0953899758327608,0.1240672938096571
241,1594,20539,5.346553725849529,0.1511919698870765,6.614107883817427,702,5,77,5,85.2240663900415,12.885194479297365,0.2196397552029324,0.2988247852367209,0.3029969933535552,0.2692900013960171,0.2196526307324741,0.1175812720703598,0.1560050430709977,0.195396262683191,0.2794986367284037,0.2321892916485866,0.1348911676932188,0.2067181965515373,0.2202306104502872,0.167435257459442,0.1214261550508395,0.3342464785149749,0.3728180259531765,0.380344171198461,0.3525563474380413,0.3324739227350596,0.0427112959188983,0.044933201646826,0.1428394679951753,0.2049722923180492,0.2337941262224063,0.3006020013366426,0.3066442069108126,0.3054097776745016,0.277630610432402,0.2791194571879747,0.2932217556197234,0.2823389202774369,0.2735920562418004,0.2719850423689219,0.2622130929731276,0.2296141798639731,0.2331813224754448,0.2604907582226454,0.2399418089215172,0.2565486663516746,0.3205537907303291,0.2886311110704566,0.2837744374451113,0.2834274852369072,0.2793584301726592,0.1327190559485047,0.1729147516763715,0.138548577699559,0.1353193438556306,0.1371981878516963,0.2057931195433144,0.3366902288127297,0.3473108155161479,0.3473108155161479,0.3542795449310317,0.2226045439011727,0.3228999710037242,0.3146534629161964,0.2895903209881548,0.2775386928166699,0.2165531074371628,0.3232591964470001,0.3247812829125225,0.3098946350674684,0.3103150754901089,0.2617617185303428,0.3207258808658054,0.3243912712965593,0.1350519603688479,0.3260222790235536,0.0912138347661858,0.233047312120772,0.2640510023290142,0.3039316926207682,0.2505524784831955,0.2422540574624066,0.2706588572508848,0.2006680586217041,0.3048122061514505,0.1232673797740008,0.1127889177807262,0.1126469311043283,0.1127889177807262,0.1011309280468459,0.0148567058241309,0.2944721828792894,0.2881814054891397,0.2898868619547247,0.3520537735396448,0.3239372896164358,0.2355804083259687,0.2710369857059945,0.314720956438648,0.3431204893262521,0.3426679195125076,0.076603133243656,0.328607895075712,0.331480918960927,0.0784350537285372,0.333376993855135,0.3110296144037396,0.2835200304592493,0.283858826099391,0.2684191961857768,0.2831062608385322
4353,8342,58664,0.1615521787045125,0.5218173099976025,1.916379508385022,489,5,78,5,13.47668274753044,7.0323663390074325,0.022682977603749,0.0281499340570162,0.0277648698055237,0.0204222479558412,0.0129396716896181,0.0037660073706463,0.0067359927240369,0.0072320579061747,0.0252847052852972,0.0313101152323632,0.0085717536969111,0.0148970546825368,0.0149532723676546,0.0122830890526882,0.0061645446261016,0.0466412377679496,0.054049842507168,0.0526798090095979,0.0497590844138225,0.0491875158304621,0.0223329113108976,0.019231244908504,0.0246912081284006,0.0396553355684265,0.0409089797949875,0.0412934654553236,0.0402932550382544,0.0413618049579789,0.0470791079313321,0.0472575429567875,0.0439173637715222,0.0466542463788027,0.0255820993780084,0.0458766020357838,0.0256200381508495,0.0420414478240577,0.0435453421440672,0.0446515623054244,0.0442286067027215,0.045168685147884,0.0460778673797524,0.0457865179191222,0.0460188790469029,0.0460188790469029,0.0457982458748748,0.0235581776382254,0.0223423202608256,0.0141259534843465,0.0147138945464699,0.0151155517880998,0.0378293844259532,0.0471053812571362,0.0482962649733397,0.0482962649733397,0.048354791366843,0.0265174442611696,0.036887602609258,0.0397390719332215,0.0361242298881711,0.0332724252369776,0.0265918308699887,0.0376380143375042,0.0410688235589174,0.0398476787115688,0.0345073285580367,0.0193831543926034,0.0193426537543977,0.024643469667728,0.0242732070218455,0.0309252472975326,0.0021435543197845,0.0177119731105783,0.0177643070529259,0.0186969086764332,0.0214665427759447,0.0179403924703772,0.0172361089174395,0.0271207447297412,0.02888501893575,0.0134868850474237,0.0069058790360363,0.0069119054779902,0.0069058790360363,0.006850221870184,0.0012132626500825,0.0353430833775403,0.0453401261968346,0.0458544571230525,0.0414641726842277,0.0382094664567835,0.0085903242807789,0.0112070035602603,0.0159791044250181,0.0209261830990816,0.0261634175575406,0.0044507899463018,0.0402950583605553,0.0414672069911475,0.0047427507144691,0.0444449084655479,0.0546295519991287,0.0014671104070498,0.0546295519991287,0.0110488185423985,0.0546295519991287
6459,3905,46115,0.18283354931203,1.6540332906530089,0.6045827527481035,38,5,124,5,7.139650100634773,11.80921895006402,0.2194799474133421,0.263578036189031,0.263076538326267,0.2176725204864674,0.162806224304428,0.0086653748783615,0.01111889256324,0.0111866669205978,0.2568107356636598,0.2291947880064012,0.0138014490234216,0.076075280593751,0.1046708152344968,0.0612950060979092,0.0308021614965043,0.222725659417774,0.2622193840897272,0.277578360586973,0.2742710177786476,0.2736407518451629,0.2619022955007237,0.2547235422011482,0.2220642435730681,0.2573829026068363,0.2559245046037235,0.2432060655259742,0.2412854437082215,0.2428769740659797,0.2618514131968014,0.2603862685763827,0.2794194320917064,0.2759150188686065,0.0973255939447539,0.2808435316782851,0.0973295952194073,0.2758962412436483,0.2759687243819822,0.2802477478682168,0.2759654313156688,0.280230526389961,0.2829031472596696,0.2808555034725528,0.2829031472596696,0.2829031472596696,0.2808555034725528,0.2246024264880242,0.2037375815451365,0.141767840566134,0.1439129836186096,0.1456997812810395,0.2876732324220148,0.2897288810937491,0.2876953761859962,0.2876953761859962,0.2828816012786041,0.2594825469701093,0.2591601306274968,0.2485960095574618,0.2385101815574245,0.2271656447485714,0.2586340532591292,0.2596193866544675,0.2515935341556541,0.2416882487652259,0.2365189576230255,0.2283935184234204,0.2266210104449001,0.2545347913582757,0.2673717812246419,0.2657120703483212,0.0113870567397483,0.2003792930144912,0.1986481079635963,0.2032917437598178,0.221014186834551,0.2222992021449696,0.2370749471221371,0.244552354656038,0.2650845437505115,0.1470919961544869,0.0106271936495088,0.0106651691657289,0.0106271936495088,0.0100269619636198,0.0019858916005995,0.2203036912108075,0.2707180354445212,0.2719958224443343,0.2471618480080995,0.2420926821581155,0.0631764716330309,0.1048685386384868,0.169132004970496,0.2130452803458537,0.2447663382412026,0.0216492546667919,0.2243498266756692,0.2414021454090022,0.0112117803852474,0.241454141962019,0.2718153057813142,0.1110474663630159,0.2717963119486837,0.2185397491839032,0.2717963119486837
5199,8640,751531,1.673067024997685,0.6017361111111111,1.6618580496249278,636,50,1424,10,144.55299095979996,86.98275462962962,0.2148032616291772,0.2627703875450919,0.2473591813810302,0.1940832125387275,0.1849166889447968,0.0606705571817132,0.2018515036930646,0.2997173894457536,0.3376190007138572,0.3163388857688943,0.1878974837115405,0.1850515399125546,0.1708533987494085,0.080738060541477,0.0338959992590707,0.3106527566107444,0.4375876017643042,0.5005732743314271,0.4709858942341418,0.4367793471241833,0.1066870664188614,0.0900591512007448,0.3164842768215418,0.1506077962360863,0.165765785423657,0.0853444213184369,0.1288811345678308,0.0841075746061077,0.144611433132644,0.1080739518590094,0.4368671967339407,0.3726663848430841,0.3726645913777153,0.299363756579362,0.2653854699837163,0.1390991507297623,0.1403660580126282,0.2343120464167136,0.1427150681322123,0.2396361030009633,0.3317635013180688,0.2900453931865467,0.2780301552465211,0.2722736676636471,0.270020787896052,0.227977582444089,0.1265384348565796,0.0918431821559213,0.0921010400301388,0.0922945730193321,0.4265162605192468,0.4390577780371087,0.4366124129521763,0.4366124129521763,0.4361449146487664,0.1992773583473394,0.2887159672577278,0.2653743667928524,0.213091761201647,0.23339199743213,0.2005633286334523,0.248886572437589,0.2259566014183108,0.2010571242122351,0.2228845335054165,0.4094377265888823,0.3021800056624006,0.4643776829146936,0.3847337135834928,0.4114263817358651,0.0621260560929499,0.380486189525249,0.3827906349294658,0.38245661754252,0.4292686883922888,0.1796518669533865,0.1434942366225013,0.2054451436460145,0.1687485216087234,0.1787629951104103,0.0586825325919194,0.0586849099237961,0.0586825325919194,0.0589501280443217,0.0036100459227806,0.3157406547921798,0.2661103580518539,0.2664305632645178,0.3657816037567286,0.3258411506320804,0.1550147441873891,0.2061989010249171,0.2739952946746784,0.3143504206681963,0.3391898422094563,0.0438060595605956,0.258034125366353,0.2785195486716781,0.0440872164152917,0.2810678116301154,0.2876915073658123,0.2876913564679433,0.2850030758122906,0.2850030758122906,0.2649274124778528
2067,967,11267,0.5636913150912878,2.1375387797311274,0.4678277697145622,16,5,49,5,5.450895016932753,11.651499482936918,0.0140169187811575,0.0217411670371849,0.0215688977452415,0.0182579859896978,0.0162490902074881,0.0092339773616327,0.0238467276922612,0.0242457687651199,0.0284321118391082,0.0203011563188035,0.0274976489797335,0.0296228155784243,0.0286406532224243,0.023980967932901,0.0272607141046963,0.020785533656622,0.0213988883417871,0.0211332479818273,0.0208721794167589,0.0209275382281625,0.0208903211314591,0.0206806330009187,0.02278369419342,0.0195256065884484,0.019825785451703,0.0192703236405011,0.0199916618757382,0.019970207166026,0.0190154686625516,0.0190551031569541,0.0162874694408965,0.0170974432431659,0.0002834914854118,0.0162789599666269,0.0002834914854118,0.0214079568019887,0.0214137501223787,0.0161273690342276,0.0214137501223787,0.0161273690342276,0.0166756872286423,0.0162602028716421,0.0166756872286423,0.0166756872286423,0.0162602028716421,0.0125703807529966,0.0128795938282029,0.0120847789380599,0.012137500486636,0.0129808796159283,0.0166617926473761,0.019633431925832,0.0199076879968789,0.0199076879968789,0.0191513441987169,0.0290240912130664,0.0237358684243383,0.0243432371841849,0.0204686072444192,0.0186575675587128,0.0279421786344901,0.0204247466986317,0.020585114826006,0.0201837123560889,0.0198021935230811,0.0226828633714538,0.0265082431712917,0.019451318761557,0.0203590478411978,0.0254525656427009,0.0246056190533131,0.0193965009942448,0.0186853326176621,0.0189522491813033,0.0156813506441685,0.0182382064883086,0.0172682585155456,0.0262436439802349,0.0202823999624258,0.0119678780867454,0.0247930073907643,0.0249074044598179,0.0247930073907643,0.0208530519438528,0.0081784534800254,0.0203273867317394,0.0218171258292175,0.023423611703721,0.0204755715118496,0.0204363045108835,0.0285685700898777,0.0281715474185699,0.0261550432335408,0.0229216856009051,0.019172039495753,0.0295143932642735,0.021077766173963,0.0186152628588697,0.0294255942181545,0.0199702114632016,0.0236770763122139,0.0,0.0236770763122139,0.0005494052823951,0.0236770763122139
763,2628,39652,1.9774941102074444,0.2903348554033486,3.444298820445609,595,5,243,5,51.96854521625164,15.0882800608828,0.1193362555079237,0.0934228715456288,0.0761181984481854,0.0538017600491329,0.042590909539279,0.1132640625152899,0.1290842722072256,0.1332709925601253,0.1056573997669048,0.0753131569817545,0.1150354402777752,0.1127618402258362,0.0968849663224237,0.1227330309995673,0.1115599362960516,0.0707318834004428,0.0899793790814597,0.1098921174116356,0.1204268251466943,0.1214385788137362,0.024780051193163,0.0290092478048896,0.1084292854018329,0.0595607452265493,0.0613762854537358,0.055597356759924,0.05516525379145,0.0576100532655132,0.0498787390208649,0.0504206903929443,0.0983005749678808,0.0990546413783443,0.0962551633253532,0.0971964170910411,0.0932762393369082,0.1152492045689043,0.1156172729155558,0.0910403474879322,0.1152596607389331,0.0938896659286321,0.1016441721183051,0.0925400747417735,0.0934481539209133,0.0947415861559106,0.0960688788298019,0.0786231126250842,0.0242902503358777,0.0197853718454534,0.0195082374812376,0.0185135784373791,0.0898098201039151,0.0972841477347551,0.1014406831328757,0.1014406831328757,0.1017123923083958,0.1257030141972697,0.0834647043319033,0.0773278894945924,0.0787175134066058,0.0749865752520486,0.1236984927315474,0.0864954873624374,0.0848537232055726,0.0813526373774055,0.0813999306743822,0.0608061525775897,0.1204349101013839,0.0356097023889565,0.0554957517920947,0.1219162619694841,0.1142411323877658,0.06335428733821,0.066083447182,0.1029834926931821,0.0529527243386141,0.066684950157886,0.0547250722385871,0.1175760869777905,0.0769586309849974,0.0414804802720486,0.1143400727420173,0.114315448523283,0.1143400727420173,0.110720176218857,0.0059758117003178,0.0628854434263587,0.1226858391739538,0.1241337594484806,0.0811966131263944,0.0817183246789394,0.1261663259604968,0.1238325030103404,0.1193834538392716,0.1131492414888493,0.1145768939771354,0.09180638498543,0.1196940698913834,0.1123132093697907,0.0915979085483888,0.1154663722304853,0.1161697723644237,0.1161395779123,0.1223418530583012,0.1223418530583012,0.1214447381350791
9906,12381,123518,0.100710836617455,0.8000969227041435,1.24984857662023,509,5,529,5,12.469008681607107,9.976415475325094,0.0560071125488079,0.0595045192184413,0.0558585054569205,0.0378241376144614,0.0266490521350327,0.0135107593469702,0.0148883411862655,0.0155321648347005,0.0670909665344939,0.0566157755257807,0.0204872234641994,0.0332754324333413,0.0306978760847661,0.0230588917792371,0.0064168099229889,0.0771829713369269,0.094610117106255,0.0946753703325253,0.0876027411778792,0.0855794871082087,0.0611158642948722,0.0554048030888151,0.0439026447451551,0.0738013711128915,0.0741079244904344,0.0705025160164154,0.070325086989086,0.0704059628843666,0.0801167784112603,0.080765770187602,0.066048665962039,0.0726935381778081,0.0456647854972678,0.0705261495626094,0.0458315756804297,0.0819387782708438,0.0845173442499151,0.0669828541356807,0.0854647881031559,0.0692005186238809,0.0712929623783564,0.0702652873364046,0.0732508327193188,0.0732997783866091,0.070478498951772,0.0557307496268663,0.0361469817781081,0.0261495898822782,0.0269910208514593,0.0279877420365497,0.0820016143358221,0.0880177298009673,0.0879892948324334,0.0879892948324334,0.0882349092876185,0.0658110141505115,0.0785677936606369,0.0756954839614034,0.0652708843091152,0.056833397586411,0.0668922269135722,0.080049401126156,0.0807579482440154,0.0716931899753412,0.064269735593903,0.0363871570354656,0.0366431900894231,0.0472806598229407,0.049152625032488,0.0630056055247467,0.0122825913258822,0.0299303344511004,0.0301552364801867,0.028225631362546,0.0359435068787988,0.0363215452497707,0.0351632501385953,0.0590146056990624,0.0507628632405642,0.0361668186852601,0.0146854969713529,0.0146539328010691,0.0146854969713529,0.0144902198656954,0.0006970508038493,0.0596779634984932,0.0814272694760261,0.0818899337882561,0.0693718150424264,0.0632881062904842,0.0195485376224119,0.0250786718071063,0.0327931919511401,0.0384784913931276,0.0481111803708534,0.0136715704322784,0.0781859374261183,0.0731965850807394,0.0139262864911909,0.0757307328686373,0.0916441922917578,0.0214583873140849,0.0913325752865713,0.0540756066957282,0.0913289104907332
57728,10291,890388,0.149877074903027,5.609561752988048,0.1782670454545454,417,5,4686,5,15.42384977827051,86.52103780001943,0.1195428512183945,0.1235300587048558,0.1080796045468309,0.0784097424903452,0.0789666708799586,0.0868126960427348,0.1246968613371368,0.0965661001870241,0.0573076414622387,0.0589094897504371,0.0919723270585223,0.0882713372586694,0.0797528582094111,0.0298977524732503,0.0202692701251856,0.12144834446786,0.1359999899785786,0.1501923019803377,0.1496346223598907,0.1459232827333514,0.120406657556042,0.1092181431055552,0.1086478303787061,0.1255181945549786,0.1262560596895004,0.1125005279262332,0.123372276363262,0.1123088732381139,0.1242472431074093,0.1167235653217426,0.1306095834698741,0.1335890992848132,0.1075708404491294,0.1336988136169981,0.1078935148147054,0.1232334384501508,0.1235402763154918,0.1295183975278519,0.1239551136836588,0.1311834648816699,0.1360086914987947,0.1349116000556955,0.1348303426153208,0.1345250479722225,0.1339921382710731,0.0931828303584099,0.0342726125600306,0.0269006451292638,0.0272172590089165,0.0277201246149534,0.1494538730984954,0.1498538307648942,0.1497916754820752,0.1497916754820752,0.1507883877870657,0.1309940120852028,0.1262137351841111,0.1224874117169738,0.1229265302045183,0.1075909851359766,0.1302776355575204,0.1289706223272526,0.1256134311561204,0.121641821562491,0.1192668993664082,0.1005547942248846,0.1437854412475439,0.092488265386447,0.1397750280367948,0.1417715726725479,0.0289584273274315,0.0885256556085862,0.0897988216639153,0.1214409875599167,0.0803997624873129,0.0772297578714111,0.0763308922711125,0.1051552652569706,0.0775920201107132,0.064080642120303,0.0421245074355009,0.0421229937915721,0.0421245074355009,0.0420249950273726,0.0009188850120627,0.1018328775005637,0.140480305086014,0.1422891429583305,0.1215224545103421,0.112666298554761,0.0919767521307736,0.1071298513347676,0.1154375496557926,0.1232801024700013,0.127303176631479,0.0338590841586964,0.1089653537888404,0.1066166955126414,0.0335292927797984,0.106721720686237,0.1335036504051154,0.1334080052459418,0.1326530986590236,0.1326337374178578,0.1289238625208996
943,1349,99287,7.804925214624242,0.6990363232023721,1.4305408271474018,648,19,583,5,105.288441145281,73.6004447739066,0.3660850182119758,0.3773926083138567,0.3315224841579974,0.2457328072127275,0.2230767081682295,0.2225464304222658,0.3238429725327374,0.3672392182180709,0.3866364707145019,0.3416163304857865,0.3654338302064716,0.3727789761257155,0.3723675068284604,0.3183736888311149,0.2119760929278453,0.2569406026576287,0.3415221023072047,0.421043878612064,0.4373005529077732,0.4280042875249671,0.0373178114231918,0.0429742222560666,0.2731802454959548,0.2504377594604822,0.2379882983410177,0.2173812634378232,0.2337360190997959,0.214307541510314,0.2576088925546523,0.2474131926112525,0.3005296579738423,0.3291435985063986,0.3291435985063986,0.3432414254754262,0.3499348013795479,0.3157351047387887,0.3194090310127211,0.3419214908449808,0.3196008640014295,0.3518188454629675,0.3919180822683024,0.357863596797573,0.353244211527974,0.353244211527974,0.3538373891799401,0.3253124196652549,0.1536448035331227,0.1458949920832271,0.1476843911559598,0.149267522680091,0.2949333700744548,0.3903776310635316,0.4013981775178211,0.4013981775178211,0.391439671481228,0.3242095948243683,0.4138639902047665,0.4054249075886916,0.3525776061322261,0.3479128334547791,0.3264425395654948,0.4168006038051781,0.4111259759677886,0.3538296043460437,0.3569910138064345,0.3587694450633171,0.4145707257983492,0.2761059478917879,0.3314012739122005,0.4236506238429088,0.2085678409317676,0.3261755920193871,0.3245442592061625,0.3415400237839013,0.2660179463508854,0.270166560668484,0.280881126956263,0.3939093750482115,0.3005743849748368,0.1959785129380847,0.2100954954804672,0.2100996414999223,0.2100954954804672,0.2049348153430557,0.0196601068704155,0.3974709544782594,0.3692071546056956,0.3669873245056242,0.4375362179378191,0.4322344572782652,0.3779178127648041,0.394622571932157,0.3986294004298815,0.3947133422445361,0.3881772155485387,0.1622854023871644,0.3974271910439794,0.4022379208578636,0.1605348787148114,0.4023998625078856,0.3789761600080625,0.3789761600080625,0.3951039275832774,0.3951039275832774,0.3876149001286184
42382,8738,678297,0.1831582176772596,4.850308995193408,0.2061724316926997,433,5,4152,5,16.00436506063895,77.62611581597619,0.1265090345296876,0.1264990736972801,0.1116163926894955,0.0797520862327542,0.0773558849846094,0.0688493356905606,0.1362655727512256,0.1156069295582904,0.0587284630258061,0.0566917912310848,0.1034826443158614,0.097836474435711,0.0844891145736329,0.0501835851557455,0.0196376750895745,0.1220229238387436,0.1377094164073207,0.1535101820325127,0.1527827704629845,0.1491346162567597,0.120071534569396,0.1096625462247801,0.1161490660194458,0.1255285457428279,0.1270608730827881,0.1122406378926481,0.1227197729906167,0.1122703163953646,0.124614947418777,0.1170771374338451,0.133526724203673,0.1372643377561647,0.1124530488352985,0.1375168363226153,0.1128100391585865,0.1286151827032498,0.1290213935507111,0.1344904363004359,0.1293665798091204,0.1362099561726491,0.1407513813617646,0.1388810691135116,0.1389389374674583,0.1386651865259987,0.1379707504296508,0.0988746649922734,0.0352024693642399,0.0281088575988877,0.0287855581456321,0.0291007700208036,0.1533465041204537,0.1534111883142097,0.1527260030118327,0.1527260030118327,0.1534200517901176,0.1340032024350742,0.1312537479567923,0.1264594100614446,0.1262889012601718,0.117305403245839,0.1341832300718988,0.133442540976086,0.1296083172360131,0.1254044866699547,0.1226368524709098,0.1042903293553822,0.1487957012993545,0.092301956565441,0.1433847889824429,0.1472560908859388,0.0345342236064864,0.0856797884346115,0.085571764036166,0.1228654625302971,0.0801920896674341,0.0779383581720566,0.0744716697389131,0.1131355175752917,0.0753100596897708,0.0686925383891895,0.0388235290574155,0.0388211668198294,0.0388235290574155,0.0388915100329967,0.0010704752827861,0.1037547075599343,0.145768987292319,0.1472218410934728,0.1264900837464656,0.1162545605799597,0.1023867948658204,0.1114400509972762,0.1199098462187601,0.1267493552590542,0.1328492312044196,0.0302730941828678,0.1158932986013764,0.114580707454665,0.0312484389570495,0.1149512356719461,0.1400905013542732,0.1399087234982738,0.139455219049444,0.1394135136147631,0.1361619406871403
44081,8254,606353,0.1666516538460183,5.340562151684032,0.1872462058483247,381,5,3023,5,13.755427508450351,73.46171553186333,0.1436701812935568,0.1458125240639625,0.1294031167665136,0.0920890477539109,0.0891083409046143,0.0709761358538562,0.152905469367859,0.1235273537612737,0.0626373395437271,0.0604922096144304,0.1239845591943213,0.1198364377822225,0.1125305641589278,0.0585120282470945,0.0069972818318801,0.1345912706341542,0.1517651288836678,0.1699461605290852,0.1708714514581866,0.1674143095195209,0.1410374007710603,0.128069761476396,0.139241333940958,0.1458736515135218,0.1467779296369683,0.1327229848045344,0.1445036386449114,0.132558438919071,0.1454817557700279,0.1371373550844122,0.1511034122305499,0.1549846097249524,0.1228956627815398,0.1551958205356132,0.123306413807031,0.1551162799066658,0.1553838774357449,0.1522461587178928,0.155503142901168,0.1541211680300698,0.1547653757118961,0.1549309487084187,0.1557030052456091,0.1557289564130299,0.1551808974270178,0.1235000647517952,0.0439469301097561,0.0377555765250138,0.0382019738177627,0.0387497780141997,0.1719334415540013,0.1717979734767008,0.1722235318886109,0.1722235318886109,0.1731521511831169,0.147757046191071,0.1447462664090807,0.1382493039212368,0.1380379281808306,0.1235433094160476,0.1486964564548152,0.1471396931139012,0.1423052839145748,0.1367937991475051,0.1139907529270527,0.131710551521744,0.1681843043573761,0.1206325828808295,0.1614234795159256,0.1641174668874946,0.0232485906686895,0.1150070359740072,0.114720556078003,0.1442292496496687,0.1052151116048058,0.091561181758871,0.0948957778376542,0.1388420986730732,0.0917370078840884,0.0909419659060316,0.0340759301330961,0.0341078550050343,0.0340759301330961,0.034074055054182,0.0010770963544771,0.1140565554469595,0.1609215819974098,0.1629541674070392,0.1398223789296913,0.1261966337885996,0.1101208587977839,0.1258489715890968,0.1377516712736093,0.145773997942851,0.1516683927155327,0.0255505918998627,0.1253295828591429,0.117238922568815,0.0254217193725312,0.1167922966003457,0.1577074737094104,0.1576372144508741,0.1581263959496145,0.1581209200013635,0.1543378770407613
73064,7711,870531,0.1545148033080446,9.47529503306964,0.1055376108617102,970,5,4411,5,11.914636483083324,112.89469588898976,0.0897015199742704,0.0866236657852799,0.0771420541416428,0.0570731309527604,0.0556591451867054,0.084990911297364,0.0838125351126587,0.0547781303072375,0.0409575918584229,0.0435721192583561,0.0553229135917582,0.0519732260437465,0.0447664463170716,0.0337591535425151,0.0259249486446031,0.1027168406092077,0.1115035889948443,0.1211968887335152,0.1194746530366597,0.1162002028971403,0.0918135374075893,0.0831863462894932,0.0823429703030042,0.0985967167485434,0.0983479957877002,0.0911977004720753,0.0992666035888794,0.0913453951058218,0.0993724466865488,0.0945728503752617,0.1106738797711586,0.1145573306759838,0.0847565012137131,0.1143101234418801,0.0848195134026101,0.095227914198312,0.0958999578033944,0.1098232215189285,0.0965017201548142,0.1119225002443563,0.1134547603139003,0.1142636767513135,0.1152965407764415,0.1151661589823109,0.1145886641486901,0.0609725944812669,0.0211626624224747,0.0168339534631451,0.0169351752115197,0.0174571931943447,0.1190755260754346,0.1192440299422114,0.1193531419586409,0.1193531419586409,0.1185039612345117,0.1014391026657232,0.1016394186401334,0.0999820610059386,0.0988293365071215,0.0515525935099838,0.1020178520636017,0.1015858687878646,0.0997486977708982,0.0991370600679532,0.0803971811550505,0.0655713288989878,0.1093528006322412,0.0544865419099104,0.1052413548405022,0.1076698544562195,0.0396489393158376,0.0564764171271092,0.0591575636282306,0.0927277773445799,0.0543707331255602,0.0548793901160048,0.0519608830068869,0.0630523700685769,0.0488183999879382,0.041352700164092,0.0403674009605672,0.0403674009605672,0.0403674009605672,0.0401778985376269,0.0011150266049397,0.083087848731968,0.1097751776277945,0.1107673241030382,0.0967976441984684,0.0906900178755234,0.076362162270757,0.082068166335471,0.0891618618505479,0.0954636053076723,0.1013253525585583,0.0313710501166066,0.1005522341969418,0.1053842848500327,0.0314850682508816,0.1050607890996295,0.0940749992589459,0.094075565876714,0.0936498351964616,0.0936485619087937,0.092652853706725
87271,13209,752937,0.0653158746238652,6.606934665758195,0.1513561205898866,565,5,6282,5,8.627573879066356,57.001816942993415,0.0878934734902512,0.0864748315538731,0.0757724155287028,0.0529576665501017,0.0502105978857618,0.0883944110104128,0.0671920039798353,0.0406782840417942,0.0266222479605781,0.0320017703740007,0.0459084823019037,0.0443548958522262,0.0363145589397661,0.0325672552258848,0.027178024417434,0.0903536259973459,0.1038586874643683,0.1159229825052607,0.1132281364822573,0.1100508761786827,0.0928733817037534,0.0872163966133593,0.0674558233437721,0.097290874366923,0.0970927330095719,0.0912456109583674,0.0965621927319014,0.0910753175362706,0.0972015402656018,0.0937528069301764,0.0906634119257781,0.0970698817159957,0.0632322754474001,0.0937808123715088,0.0633105235646763,0.101836147157246,0.1019997799208363,0.08755178720343,0.1021324236192068,0.0916318186813144,0.0915042411257606,0.0916788121646455,0.0954943615794023,0.0959540177641266,0.093363602807059,0.0553130322179391,0.0181877316845636,0.0155787741489009,0.0157450487601326,0.0158752970268004,0.1182570261368221,0.1181316086088332,0.1182455362774409,0.1182455362774409,0.1184210792801161,0.0978624147059927,0.0939374552026443,0.0927623765470166,0.0902826179961188,0.0707383198206602,0.0946569708017405,0.0942035127976771,0.0922396392093301,0.0881916707302839,0.0618113657928628,0.0583677136646275,0.0991239872805417,0.0512888144361911,0.0934355386853669,0.0960494403449177,0.0438207815157915,0.0561055077876445,0.0575509938731144,0.0818669262018121,0.0538970140174391,0.0460567917108356,0.0449927314519598,0.0723557178795315,0.0425481536474909,0.0428708094027404,0.0441450366292938,0.0441453543656277,0.0441450366292938,0.043818923243993,0.0006091500265472,0.0720814051880193,0.0993646215212812,0.1009050733089,0.0885532188158792,0.0857427155162467,0.0620617851019729,0.0689471996079083,0.0781699011691576,0.0845695502875455,0.0912161193952538,0.0335983603992682,0.086877151866046,0.0921894619947769,0.0336816463798306,0.0910485300321779,0.0960729225732337,0.0953227124874807,0.0959480033420579,0.095712790923175,0.0943034609800043
2928,1835,20473,0.3810433138279656,1.5956403269754769,0.6267076502732241,51,5,169,5,6.992144808743169,11.156948228882834,0.0573942981129308,0.0755880171725239,0.0705478887224362,0.053259402587523,0.0428030208436866,0.0036863600198255,0.0346472445886181,0.034344484865244,0.0848463606111497,0.0615788292391618,0.0314320019644199,0.0650983340160932,0.069647024758873,0.0641144555619166,0.0535335156207552,0.0703438591268733,0.0927618853389029,0.1051029363018143,0.1065844569070055,0.106604403826882,0.060873243987564,0.057253413364829,0.0847525109634279,0.0839227476639986,0.0860246004098404,0.0847566888464916,0.0880639994387378,0.0858337989437273,0.08464105849657,0.0830158727351799,0.0867748302740678,0.081710182241127,0.0181121532298852,0.087198747002016,0.0181121532298852,0.0960917947268614,0.0962639750013798,0.0868101422880955,0.0963098998076311,0.0870215171445126,0.091315653829747,0.0871119601453511,0.0915278763570137,0.0915278763570137,0.0871119601453511,0.0570531500992523,0.0376895554519995,0.0265015707393834,0.0268998846443318,0.0273638980572885,0.0834311797809314,0.1032923208565339,0.1005406474384215,0.1005406474384215,0.0971887030153847,0.0842784868797835,0.0839210179608812,0.0772373700662906,0.0688121264893997,0.0660510935246853,0.0799865000454511,0.0834193259530369,0.0830711755567825,0.0715988840546728,0.0681442981982097,0.0716400641555359,0.0998279705382172,0.0680848282164942,0.0797037996019274,0.1040829819846323,0.0352113532539593,0.0574833155352121,0.0582666888829489,0.0671665922382979,0.0453230310924325,0.0571557012579866,0.0586851594605007,0.0591505386292371,0.0780603483602802,0.0303233767625716,0.0334732319605001,0.0334510580299581,0.0334732319605001,0.0296570966801444,0.0039309221836145,0.0513406348373925,0.0862245551089501,0.0880147052708332,0.0751936791831855,0.069647797987983,0.0780372751168252,0.0804435438844446,0.0811928323464991,0.0842612516342377,0.0863241595385431,0.0268485437792058,0.0982832116363052,0.0875978673381763,0.0273888167270276,0.0904875209040275,0.1063761366244231,0.0377567220155255,0.1064161952958269,0.0771609725342518,0.1064161952958269
5536,15429,200180,0.2343617997337796,0.3588048480134811,2.787030346820809,390,5,321,5,36.15968208092485,12.97426923326204,0.1180415420689307,0.1615054458222397,0.1610432506147559,0.1136300904669695,0.0854884249913491,0.0127384084391857,0.0165418892426292,0.0362237153872813,0.1752900210229568,0.1340445825662437,0.0528287201019618,0.0586325311070462,0.0588847307459527,0.0322822163185116,0.0097548321689113,0.2268768146293425,0.2504971379584537,0.2412248386319631,0.2047982603133732,0.188697178094621,0.1484595301968678,0.1324626208555164,0.1201295062019432,0.1598573039215813,0.1590828761500535,0.1417454569691208,0.1428413919420929,0.1427081044001319,0.1688142959975793,0.1701877502618514,0.1619908401809833,0.1992944263283195,0.1948604014326265,0.2068105197444895,0.2040498421248532,0.1703750201775874,0.1819780962393341,0.1917845526620115,0.1834668739319881,0.201939163591932,0.2036020255565243,0.2054948854337233,0.2095518731216887,0.2103314936142157,0.208404011231678,0.122972296210461,0.1114060213334289,0.0906436545313006,0.0936317478901867,0.094618848023823,0.2214519288708769,0.2271745856042055,0.2273888916573963,0.2273888916573963,0.2277558408783275,0.1349468873028855,0.1916604330802212,0.1812971546807283,0.1573049780456099,0.1427752409123865,0.1486087559519636,0.189068865607493,0.1838614334645272,0.174543150490128,0.1641580780191634,0.1110988739459181,0.1056552549444593,0.139017233375979,0.1381995871025306,0.1648865837026248,0.0021843446216648,0.094317414048168,0.0959109759411388,0.0997507188781587,0.1132371522714034,0.1153346577838026,0.1103149517249415,0.1548903625420576,0.1505728035717948,0.126498458244968,0.0135327598809876,0.013545375960491,0.0135327598809876,0.0134149550887346,0.0006755797315898,0.1619270838339508,0.2074123146887831,0.211688583789254,0.1828427819036973,0.1798395304362224,0.045860250428334,0.063980312630519,0.0869520379844222,0.1067354794134592,0.1318368687358798,0.0110965330922211,0.1470157075854295,0.1654907083980304,0.01090089997269,0.1702858236865328,0.1922702073389597,0.1349842426332004,0.1774378786599709,0.1624495381049038,0.175392992315439
24523,4305,291882,0.276477987457128,5.696399535423926,0.1755494841577294,810,5,3746,5,11.90237736002936,67.8006968641115,0.1128209939322909,0.1082814247854161,0.0995527246210387,0.0721212303480307,0.0644335846307524,0.0819482471890107,0.1208719146740861,0.1066918561386693,0.0462061382881361,0.0456308603439411,0.0943419185560774,0.0762148956114214,0.0740128389368596,0.0513023155238959,0.0505967201753701,0.1131311842547,0.1280563686143966,0.1417176877987878,0.141215837469309,0.1385109716184232,0.1015170416532951,0.0976726093564574,0.0738321993648643,0.1045248168447531,0.1069428660532817,0.0978572472132299,0.1028910594610177,0.0986048174355299,0.1004699828055499,0.0980948261138688,0.1154395005119213,0.1204095191631977,0.094066811205723,0.1206663403097135,0.0943533473366933,0.1207392135965275,0.1212914026283608,0.1153082087659516,0.1220191652417943,0.1165438687637221,0.1313055577505935,0.1246661137854457,0.1242852978042743,0.1229390360641732,0.1205562477379605,0.0694294196469606,0.0239587897088945,0.0229966705031756,0.0235008827688478,0.0243369018932487,0.1434493753117231,0.1451761404962351,0.1455699564558162,0.1455699564558162,0.1452892584572293,0.1182698956739991,0.1205938133078359,0.1162077954162539,0.1142579672649915,0.103204794114348,0.1159938662703977,0.1178428646431267,0.1152558393852211,0.1131360663431447,0.0954489051236211,0.0626258576327703,0.1328782442366705,0.0476769651407655,0.1161351494239385,0.1296418218664062,0.0809830376956421,0.0568742875749139,0.057149052270185,0.0901923903602885,0.0430673313732255,0.0716101459757655,0.0689995562027676,0.1095131568824246,0.0745740088463985,0.0561374988290344,0.0817194205616809,0.0817183199293232,0.0817194205616809,0.0816247536603781,0.0020016187360436,0.0856359826239339,0.128765646822031,0.1297105868251206,0.1063098344035057,0.0991105193249338,0.1073056422823768,0.1109205070693469,0.1145753194987813,0.1196657241076583,0.1277903250786272,0.0634820915674398,0.1164983281565266,0.1224801938674592,0.0645809915565679,0.1224245219967464,0.1263833900218877,0.1262899822302468,0.1269088341423093,0.1268849206884566,0.1249762042509302
147,453,2941,4.416512741962126,0.3245033112582781,3.0816326530612246,93,5,31,5,20.006802721088437,6.492273730684326,0.0248656937677472,0.0774009675588953,0.0909347768765394,0.0837115758725057,0.0787389293414023,0.0196084262369477,0.0702426447826864,0.0874430425921642,0.0909388710644896,0.0832778780576043,0.0712974745318931,0.0713922268723821,0.0781885229530761,0.0955078912798647,0.0963076367459466,0.0811714031980768,0.1029155251265611,0.1110948273312616,0.1088908188416485,0.1067845225914571,0.0386649699468215,0.0373690789990821,0.0636982368321713,0.0832318596313882,0.0918491946734514,0.0718872308955301,0.0712313967652066,0.0701597390041731,0.0547054698791676,0.0546992411016119,0.0950813353308733,0.0977223203355324,0.0781296358899902,0.097629442431607,0.0779167560039495,0.1041924026452495,0.1054974764455589,0.0963258498082335,0.1058576610048035,0.0975724593630646,0.0972519897961301,0.0972354150643076,0.0971291586271747,0.0971291586271747,0.0972354150643076,0.0257508380131373,0.0724212624818849,0.0613084025290538,0.0614854141925885,0.0614477708334424,0.0635222730160753,0.093798303505015,0.094879946945213,0.094879946945213,0.0986020485307623,0.1099905122192231,0.0913963937756086,0.0951427793547438,0.0905040583470258,0.0949905276030947,0.1045598626309963,0.0983794488623148,0.0998470159381787,0.0991983326898025,0.0971573428034245,0.0550002384643913,0.1054387465108697,0.0920398426642089,0.0609852001916127,0.1047251065677194,0.0482554044747831,0.0573327788731639,0.0616017000161863,0.0730363459541898,0.0851026123157001,0.0889458200531892,0.0955955116074783,0.0716028591000817,0.1064384325730498,0.0578530485875059,0.067919542016228,0.0689749230377816,0.067919542016228,0.0177394296055849,0.0172704985272348,0.0693479620139973,0.0922329483694829,0.092426616761173,0.0924315358825075,0.0833444148863311,0.103506495379208,0.1108785994423209,0.1046190986457673,0.1059249838844732,0.108215660741791,0.0481320378966201,0.0898036437649383,0.0857148614570249,0.0586176951586631,0.0844357324482377,0.117372198819053,0.0310580248238128,0.117372198819053,0.1017622982863591,0.117372198819053
66519,28237,551682,0.0293713932950357,2.3557389241066686,0.4244952569942422,277,5,1064,5,8.293600324719254,19.53755710592485,0.0129584596704931,0.0114483357296244,0.0102144945416724,0.0065676101462726,0.005551968393591,0.0086589974752451,0.0185163657041503,0.0137531124086312,0.0067406891213507,0.0059778201728438,0.0083774400148197,0.006487136845468,0.0071410454024733,0.0073851603899637,0.0053331176042484,0.0215055877724169,0.0313443684970171,0.0372535160488595,0.0355372745561322,0.0347219771623549,0.0185134336344262,0.0159354501572876,0.0161212538607501,0.0206549836120844,0.0204259796805823,0.018459058603321,0.0199459415914153,0.018368849286807,0.0220778742221818,0.0206482566732346,0.0204514951438324,0.0184077034293046,0.0062304100312934,0.0207789080086893,0.00624275606747,0.0258564334523243,0.0258361652897622,0.0195230800881476,0.025808077889431,0.020146659222235,0.0216474198768694,0.0205457059788081,0.0223908964079948,0.0224836607150989,0.0207830786444955,0.0124269624965369,0.0047828200004954,0.0040381023358807,0.004115109537123,0.0040787192461657,0.0345648414559995,0.0360030302259413,0.0361696001281186,0.0361532480882235,0.0362589119750383,0.015722670150176,0.0150159450280343,0.0142935346983985,0.0140539512334518,0.0113859963276918,0.0154802121144124,0.0156858141662029,0.0142744285337123,0.0128623325888689,0.0118981903317598,0.0145180237700531,0.0171817974357787,0.0158983095160178,0.0186208496920139,0.022889530706731,0.0076545014158906,0.0146004535152169,0.0148020568769664,0.0081096133307634,0.0152308848863164,0.0056502722695253,0.0051353746136959,0.0086195784856516,0.0063973516539477,0.0065184907604841,0.0086005455191706,0.0085999078001834,0.0086005455191706,0.0085525550722061,0.0003057643519527,0.009453140336166,0.0160832339374592,0.0170385484924899,0.0161056358470852,0.0137994746335671,0.0100568512793851,0.0119605190672878,0.0143148065058602,0.0153087504827563,0.0166472813947955,0.0059345924027025,0.0242461446209425,0.0232999260272219,0.0059828517051269,0.0230930436567809,0.0339711817075566,0.016479840193548,0.0338505957213587,0.0269443570591765,0.0338459884474634
36088,17932,347987,0.0537738926330377,2.012491635065804,0.4968964752826424,148,5,405,5,9.642734426956329,19.40592237341066,0.1657338274394197,0.1910261058303518,0.1857419255356875,0.13384815702462,0.1012519214197899,0.0078360504291412,0.0655565673466486,0.1721665165327555,0.1116594797863582,0.0798536362876941,0.0493583574074913,0.0635949452481048,0.058281218274346,0.0259022774208635,0.0045574874007889,0.1715972711614086,0.2109967358648317,0.2276644154575737,0.2234112441946629,0.2210601557792801,0.1946129390986474,0.1946024780022683,0.1340995828024674,0.1896959712839313,0.1890017599986933,0.1815948230165056,0.1783137971708276,0.1815328556974591,0.1977988277049584,0.1993633768598299,0.2037415161533197,0.2013766126645061,0.0856353702688713,0.2049193481762143,0.0856388095962461,0.2181130776803458,0.2173714513968472,0.201688112937389,0.2169468127705164,0.2039888795121842,0.2072145612841237,0.2048105712590495,0.2096725041888031,0.2096841528998258,0.204940550551057,0.1702258935305411,0.1017695037075467,0.0882391400208531,0.0897000236878677,0.0900433996711892,0.2379869209156344,0.2372027212693189,0.2371508203283787,0.2371508203283787,0.2370286051232303,0.1624180034457135,0.1566173953124013,0.146967474349441,0.152175385318169,0.1414456621476827,0.1650759460809019,0.1625101629462214,0.153515792317014,0.1462206418727431,0.1470322023797774,0.1475311522851266,0.1487353348973135,0.1745463642594077,0.1889090738517881,0.2058718277617632,0.0076179385058389,0.1264162545780068,0.127207889946111,0.0101857699288437,0.1522039421857872,0.1250032456585771,0.1139157445126558,0.167866468612528,0.151623974265769,0.1398728606160876,0.0078764510251862,0.007873530782038,0.0078764510251862,0.0077887316972913,0.0004900571728323,0.1311880611697854,0.1682946510441756,0.1706398094466768,0.1621066576072785,0.13724479387065,0.0397852317279098,0.060575981815541,0.1042007306533366,0.137067221776051,0.166548504168224,0.0080666257114967,0.1698231701333718,0.1656219767710884,0.0081159223568466,0.1622128388906584,0.217891039141627,0.1716737263250315,0.2187907888487209,0.2094871794944302,0.2188300652196127
1090,3646,52551,1.3223238235190506,0.2989577619308831,3.3449541284403668,899,5,177,5,48.21192660550459,14.413329676357652,0.1350390306262859,0.1497300809066438,0.1367940765131325,0.0905186160211196,0.0696080567665003,0.0524036514697803,0.069352030926264,0.0896506870862338,0.1221525542433424,0.1032309943090426,0.1044393888387644,0.1315466749279888,0.1255047494549029,0.1091081274190113,0.070538053153832,0.1125452654718246,0.146122308142338,0.1635241885195487,0.1609744751303706,0.1546130157427153,0.0481274330281841,0.0499000683790277,0.1392306558180682,0.1211132644355245,0.1193978437823814,0.1177734477818498,0.1220423735654324,0.119994975307019,0.1232991058096789,0.1210707523325081,0.1077901933376339,0.1259411052147319,0.1150598579150817,0.1319531512998144,0.1245107323962332,0.1318317789733107,0.1320244526340811,0.1294400475196023,0.1318279761798193,0.1322661016742803,0.147322369634362,0.1362734117744349,0.1426088611324328,0.1427578607462972,0.1380623498784256,0.104201550284672,0.0519434477908589,0.0366614084044216,0.0387626224664577,0.0396341978839819,0.1195028057800214,0.1526774973060945,0.157870926251843,0.157870926251843,0.1587232682875508,0.1378339323673506,0.1556086974599579,0.1383662025703381,0.1054749838228154,0.0972241705167806,0.1365858877641214,0.155403432276605,0.1422577602899874,0.120309604043439,0.1183374149915487,0.1388281945617201,0.157694682217342,0.1219293562921272,0.1291156387713018,0.1665776015984718,0.051546833565668,0.121891153533348,0.1245258697377815,0.1338917702701755,0.1051303237878468,0.1057734944777356,0.1158330842335429,0.1461187833363773,0.1292590771624508,0.0639194537295726,0.0603057055965901,0.0602208289211034,0.0603057055965901,0.0579359154941648,0.0036955469858593,0.1079736559359474,0.1474501471499688,0.1464930504747173,0.1356148209474817,0.1239354957638768,0.1343398865736874,0.1403531332671743,0.1450636856050329,0.147769733068168,0.151781569240781,0.0456239539091281,0.1661667786188609,0.1631903997209469,0.0453444079747196,0.162886023080622,0.1493511360498335,0.1482411729833823,0.1369782639363659,0.1369090036729482,0.131685135317107
19445,7050,160792,0.1172917247957049,2.7581560283687945,0.3625610696837233,125,5,780,5,8.269066598097197,22.807375886524824,0.0264305859390944,0.0205396950604973,0.0188591836381448,0.0133934305922807,0.0111905697490469,0.0221172754462964,0.0217176358433375,0.0276395906898339,0.017006136783081,0.0115710502346222,0.0237940336795886,0.0190582043692314,0.0192898251794508,0.0201788430178407,0.0172632732180305,0.028081805555881,0.0380876778519324,0.0463414069083024,0.0461001795171902,0.0455573870137126,0.0264072256528619,0.0224931448909799,0.029962523565491,0.0328265664953234,0.0326070851446534,0.0311450585737001,0.0329334028513555,0.0310525461012485,0.034048664598183,0.0326128466771803,0.0249161771989341,0.0271730573217362,0.0148799886173078,0.0263083689251313,0.0148940301750813,0.0375855599372022,0.0377786341232578,0.0226364952632213,0.0377787784390558,0.0250664895921604,0.025059025941315,0.0255823117446447,0.0287825880469922,0.0289941628012589,0.0263030212465911,0.0235099445429692,0.0072737747125045,0.0066258644976597,0.0065358861306087,0.006727518664943,0.0435095180009884,0.0452958271166726,0.0455074056967958,0.0455074056967958,0.0460559018701592,0.0279271352180557,0.0297195568650703,0.0268902088356684,0.0241628333880618,0.02248502877926,0.0258578062222447,0.0296276088806068,0.0276398896807003,0.0246566854234528,0.0230662225403798,0.0268922323563108,0.0368930229312257,0.025472845161139,0.0334211328593491,0.0413565969799386,0.0220991172206959,0.0269705989245818,0.0269750901786406,0.0337942762303144,0.023892325197817,0.0136627781746596,0.0135441034183973,0.0251689021845137,0.0149899077584607,0.0122471002896856,0.0216075220393019,0.021616418521845,0.0216075220393019,0.0214158379812534,0.0011023442739962,0.0165302003240496,0.0332570964945587,0.0338287745070796,0.0264712162781962,0.0201259278195762,0.0267740880505467,0.029094980459169,0.0285535858702852,0.0304850012130254,0.0314786986476125,0.0156131651330951,0.0417720605259316,0.0348392194573171,0.0157045693738102,0.0349316767629054,0.0448313637692611,0.0310907008164823,0.044675256950995,0.0412748607300408,0.0446521826421366
1208,406,31668,6.456953642384105,2.9753694581280787,0.3360927152317881,145,5,989,5,26.21523178807947,78.0,0.620603106151879,0.6307676775626061,0.6179134540433997,0.5336602681417812,0.483585264104038,0.6056575575421372,0.6325963234946647,0.6436793565727108,0.5706225809254859,0.51721756850812,0.6231772447486131,0.6119948918304661,0.6110841222566045,0.5849905454329134,0.4267352508004038,0.6365054122781926,0.6561496475036754,0.6655809300736786,0.6647357988136565,0.6607267533419532,0.3467662652764836,0.3447833757809298,0.6213470596720454,0.6012559675073039,0.5799688175071607,0.3539450697238723,0.3940312282626723,0.3967092527506597,0.158413716215754,0.1796808443565374,0.5647256146026026,0.5887781856408909,0.5597133387822104,0.5973381562585817,0.5683699231180289,0.6333546442643956,0.6331820053237587,0.5970638328889011,0.6331774552359889,0.5974409791427611,0.5977863897364926,0.5974406985609193,0.5984342440274666,0.5984342440274666,0.5974406985609193,0.4066674431077618,0.1529888500558242,0.1612468372516714,0.1635112839388453,0.1574298502312218,0.6267206671428802,0.6553332671145343,0.658528880662456,0.658528880662456,0.6508053333981003,0.631454412171057,0.6541396411742748,0.6529640003820036,0.6505787888691407,0.6425539745383197,0.6280799736074931,0.6568669786107753,0.6546893473651794,0.6522808501343941,0.649633667933889,0.0853810900282507,0.22218474123867,0.319015499491474,0.2601515391043549,0.59279354724898,0.6177821265382839,0.024081371192715,0.2048046704211334,0.5412366515809461,0.2178012414323991,0.5612329142719787,0.5613711730413594,0.6270872194728726,0.6090751239420843,0.3583089935560249,0.6213904503026734,0.6213530131037983,0.6213904503026734,0.4640511467601092,0.0298795137163453,0.6418854505491606,0.6557994297852086,0.6552447330645729,0.6666406763587759,0.6611036973520509,0.6532764494797106,0.6481652420176356,0.651628003885228,0.6517798865378042,0.6518688825334492,0.512956341460576,0.6162639352790525,0.6150521428192961,0.516889028030491,0.6146147789624641,0.6257920589262328,0.6257642288276536,0.6356204601358006,0.63561557849255,0.6418202846693113
16638,10217,134476,0.0791079752799754,1.628462366643829,0.6140762110830629,142,5,504,5,8.08246183435509,13.161984927082312,0.0300488528774184,0.0253945595141724,0.0235390831038544,0.0154461381716604,0.0118972423328271,0.0167690525592094,0.0168786829862334,0.0180045115364913,0.0235152742283768,0.0144304742670855,0.020127222589514,0.0200826170214744,0.0180803275268315,0.0190989794935095,0.0103084538538352,0.033076688632314,0.0482424342507388,0.0560423921275671,0.0553531855118573,0.0549637823624565,0.0316723865716538,0.0267421219001224,0.0354706549081278,0.042320594755421,0.0415140074132901,0.0387066844751492,0.0418433759828805,0.0389447819301399,0.0442962769354955,0.0422947782452606,0.0325794732529005,0.0301548155948585,0.0075508464911454,0.032829111497241,0.0075531286508,0.042716702244411,0.0429265490024843,0.0314521666804849,0.0429590521403039,0.0323421553093285,0.0347532447502541,0.0327416014286548,0.0359703031616014,0.0360097797966067,0.0328440411186133,0.0286596214472872,0.0098899406552971,0.0075330559016337,0.0075988246930264,0.0078516041806722,0.0525816729225686,0.0544667942472772,0.054689163878141,0.054689163878141,0.0540089398258441,0.0277589427073727,0.0296431408405156,0.0268492737265305,0.024252995255996,0.0228552240730114,0.0276086465498502,0.0313160029339455,0.0294101696552025,0.0251910371348494,0.0236748202684662,0.0326033922310642,0.0390503141065584,0.0324522173425653,0.0391710418470546,0.0464884409218088,0.0164849421983442,0.0274912456441008,0.0273281473285871,0.0245820256552774,0.0272371415051576,0.0141254275217633,0.0131988135420242,0.0253109628875938,0.0175928686070732,0.0134298986503094,0.0168976016681922,0.0168855845316272,0.0168976016681922,0.016898608305166,0.0007774010755346,0.0182836991663565,0.0324752806766166,0.0346389737653275,0.0310970551523314,0.0211063630903571,0.0237508326556211,0.0260566906913955,0.0317936039933397,0.0342791504752438,0.0370764628782613,0.0118293037939232,0.0474870916155402,0.0368804575288237,0.0127559932482789,0.0380762462496374,0.0550118729438996,0.0193594629053308,0.0550074788363024,0.0386693112150645,0.0550074788363024
643,1339,9596,1.1145477753761135,0.4802091112770724,2.082426127527216,89,5,49,5,14.923794712286158,7.166542195668409,0.0283128624498761,0.083339905158012,0.0855755300298492,0.0784281268560637,0.0701536376592091,0.0054365252315016,0.0241670054757099,0.0255751636539055,0.0665197816275816,0.0964530599797248,0.0311616247893606,0.0339920327996495,0.0413933365698709,0.0410756367266748,0.0308365595144468,0.1058343599212681,0.1176614003723943,0.1177434282593123,0.1148610153383965,0.1146392114178304,0.0214744350327047,0.0200336171293151,0.0616505990188032,0.0779908833085527,0.0890053676809076,0.1075387679397154,0.1089948451072827,0.1082688537496752,0.1131661098416096,0.1117873143524225,0.1041646297825098,0.1098816582476178,0.0754143913687887,0.1090806553245844,0.0752977605537075,0.1047979861088262,0.1076981280970299,0.1083198051196659,0.1076844192816772,0.1084997457833041,0.1100041829344505,0.1090150725374511,0.1101722532820647,0.1101722532820647,0.1090150725374511,0.024563432306326,0.0813994473574791,0.0636758936990203,0.0648094826538967,0.0654197919784755,0.0401611587996087,0.1050698199070024,0.1168165421069773,0.1168165421069773,0.1171242158671355,0.0731198670271968,0.0988658199031331,0.106137457771439,0.0973543713571186,0.0916916687450329,0.071541304953907,0.0948306406112399,0.1005135819032541,0.0995397844913634,0.0992594664155372,0.0942036383118042,0.0909784307964007,0.1039191368167871,0.1003641685070624,0.0998144589893347,0.0206235223129198,0.0772894890220224,0.0794271978324635,0.0814836401011059,0.0836145095020153,0.0683064500988576,0.0821515197417702,0.0580860273800455,0.0977626214479385,0.036469318028001,0.0264309028139638,0.0260554185871263,0.0264309028139638,0.0205086126064629,0.0075537343080654,0.0836905005895689,0.0948373791303817,0.0974011526580617,0.110735923127058,0.0985029303557905,0.0575111484968719,0.0752788498893982,0.0839058372084473,0.0954623524477029,0.1105340720606715,0.0209160542056275,0.1086690502375468,0.1072630133543766,0.0285153135358314,0.1097851274200313,0.1211180560365714,0.0064214884091369,0.1211180560365714,0.0551786364135846,0.1211180560365714
3527,6339,77546,0.3468432039803104,0.5563969080296577,1.797278140062376,1024,5,356,5,21.98639070031188,12.233159804385547,0.1094529965936857,0.1484595369479266,0.1439152061878427,0.1023575677827157,0.0758765144656327,0.030397897580839,0.0374174552901234,0.0461078901633448,0.1327074753981809,0.1183534518069731,0.0701674654235067,0.1010704736086111,0.0973613237330481,0.0755402939286167,0.0335704552152222,0.137419925039178,0.1729670764942999,0.1763687114734226,0.1613639657278781,0.1535361911983964,0.1031507243787697,0.0929805770599352,0.1414507055680545,0.1493615569064619,0.1557578669606584,0.1516814073334736,0.156283381598653,0.152058049661822,0.1641857258053808,0.1622170505696032,0.1236107745273991,0.1301638110967198,0.0934987341398479,0.132626591755586,0.0956472331916532,0.1438835657418442,0.1447290390791905,0.1242131905850113,0.1440303310515529,0.1285420857252906,0.1445596350946971,0.1347677954811071,0.1389077224212813,0.1384521857690863,0.1330327755526647,0.1108992515092428,0.0717713154606405,0.0521145852265266,0.0528556845947279,0.0533172340389847,0.1715950205025286,0.1870908340814886,0.1872827975830244,0.1872827975830244,0.1840590794833019,0.1310640392065111,0.1470921160263728,0.1427182871699745,0.1212131207862084,0.1137742981832523,0.1321881229793935,0.1484846462529829,0.1441429706492412,0.1337553267128447,0.1266014271127999,0.1247574877544445,0.1181080723685055,0.1352381716749267,0.1400695170128116,0.153510453965347,0.0206795120262617,0.0991716048789077,0.101094586817093,0.1135301971603672,0.1031366244149016,0.1036404069343845,0.1110058035582851,0.1241129033885071,0.1353153687625617,0.0807343681251481,0.0336626184812378,0.0336722649047882,0.0336626184812378,0.0327503264626631,0.0017064305797598,0.1083475249408597,0.1637008554413956,0.1681698382285962,0.144392611170128,0.1368311866385363,0.0692868971034096,0.0849315764652857,0.1064817238419354,0.1221107993807433,0.1381891946312455,0.0255912460689215,0.1599981752283149,0.1600076206661156,0.0269513613592283,0.1615437728415538,0.1553424346209874,0.118184769747911,0.1500382166247544,0.138430966553598,0.1494644701488089
27879,10429,194439,0.0668749575731001,2.6732189088119664,0.3740808493848416,152,5,837,5,6.974389325298612,18.644069421804584,0.0570118915523757,0.0523498869795884,0.0487799135950761,0.0325884466113879,0.0261885505290411,0.0220607199822966,0.0335092648520853,0.06252870082334,0.0308410931671446,0.024163964218991,0.0396419002229205,0.0376460229033146,0.0357967050898916,0.0252404407063384,0.0145743516901112,0.0555933665900862,0.0743499545333527,0.0868876205474847,0.0844886993343045,0.0832293923710042,0.0679401701683608,0.060490869464615,0.0548234689117693,0.0779860626515617,0.078368536041685,0.0745699430360726,0.077249437729949,0.0746915925798235,0.0798038159247562,0.0778256796101651,0.0524032072187433,0.057929690778215,0.0163536481955365,0.0527384333888857,0.0163609312682166,0.0710125166673041,0.0712556601765096,0.0505372862615302,0.0714239113519,0.0519527445833249,0.0544382053572554,0.052497344030624,0.056585025834311,0.0566275717474728,0.05273859631062,0.0533435745900848,0.0163111368315665,0.0138057220349203,0.0142075138660437,0.0140764128519541,0.0917711814866088,0.0918404778116395,0.0918795495808227,0.0918795495808227,0.0915512111882235,0.0609106154075565,0.0613677194631753,0.0565208208805735,0.0545517508863209,0.0504478919839287,0.0594784921550278,0.0640325011192835,0.0593302262805717,0.054108860829205,0.0524675583677314,0.0468317523853338,0.0673425092058434,0.0441748716468447,0.0600593532234047,0.0765373882799595,0.0214644800123499,0.044629345896674,0.0454010410415623,0.0498204884236378,0.0424517075183656,0.0323653374347338,0.0310498976048795,0.0493385169979373,0.0352109033195229,0.0301140867418223,0.0219797942016208,0.0219727523993516,0.0219797942016208,0.0223946255240715,0.0007187301514626,0.0379604904929344,0.0668325823065249,0.0693209798860491,0.0583358258649989,0.0450887534769282,0.0442873282153323,0.0476846637760901,0.0525893408530188,0.057618556800522,0.0601054087881738,0.0188652314839644,0.0808665731368713,0.0710182901268617,0.019200788283563,0.0698603012740855,0.0815935846192991,0.0506571312923781,0.0817810740899408,0.0703675821540513,0.0817705284817497
5130,1685,37126,0.4294977470051654,3.0445103857566767,0.3284600389863548,123,5,455,5,7.237037037037037,22.033234421364984,0.1670965464936153,0.1976451037251478,0.1960916529575269,0.1549744634419365,0.1158168548404087,0.0775254803359362,0.0827546166058631,0.1180713539011091,0.192973858035437,0.1491892415231568,0.0776527805021251,0.1265449010310588,0.1349527243935621,0.101729375057187,0.0663188614962321,0.2173774473479657,0.2462458418188991,0.2498256417322773,0.2374882606228305,0.2323337384751964,0.1565844754347309,0.1426252280621386,0.1980472873187705,0.2165212312932723,0.2174400853653644,0.2177880104817018,0.2218823712791618,0.2187454124778394,0.224147519821528,0.2216204916386249,0.2366322026572727,0.231238449992075,0.0793126426054473,0.2381986979151617,0.0793730114797176,0.2312331357269053,0.231729904098344,0.2361394053224862,0.2319437547719361,0.2376097241078441,0.2403269552623719,0.2382485999198849,0.2419199913975713,0.2419199913975713,0.2382485999198849,0.1760724362245375,0.0780703837178307,0.0506942287837715,0.052329828709612,0.0556622166878731,0.1985745752997789,0.2425095714485658,0.2402721691871973,0.2402721691871973,0.2375092956622727,0.1876525753674568,0.2045177702468351,0.2025745620078183,0.1725899522171993,0.1082630118608702,0.1833639648680367,0.1948772799561081,0.1916867299021481,0.1745263148927734,0.1360397631325197,0.1377957308692318,0.215419876035805,0.1333808803344167,0.2254333028873134,0.2317410285618411,0.0845752691617785,0.0943773842459723,0.1026985702271154,0.1724328071662955,0.0978857052083595,0.1541862525000436,0.1610240065739051,0.1451112977252085,0.1988910147513996,0.081913576465527,0.0772963591602072,0.0773077245742392,0.0772963591602072,0.0780129077972467,0.005386564064714,0.1930551406538901,0.2119818793240677,0.2115165037153696,0.2117387376623805,0.1963801631503326,0.1551777742693956,0.1644996569508423,0.1829812654945564,0.2079713139923124,0.2284686846936583,0.0729211551751731,0.2315484767295009,0.2291099070808845,0.0746522666275806,0.2331223795427943,0.2204912046380863,0.1872600101893568,0.2205528398644806,0.211075086664774,0.22044831626021
1807,2062,28059,0.7530527096639483,0.876333656644035,1.1411178749308246,460,5,202,5,15.527946873270617,13.607662463627548,0.0713788963739257,0.0853662969311874,0.080601834087772,0.0616099613654208,0.0467686136255729,0.0169685023382455,0.0517074040370563,0.0545312637071988,0.0831467036158966,0.071346594463056,0.0588136345650172,0.0752971887831624,0.073872847122728,0.0700873974042178,0.0591229593290292,0.0716927738164508,0.0930861646904778,0.1043117803603842,0.1002082644505045,0.0970877689103624,0.0273364419624539,0.0280235934764648,0.074659476811443,0.0748660878900409,0.0777995364475188,0.0805831959278199,0.0824235923451674,0.0802673186884169,0.0827667339879831,0.0821645354792521,0.0696708330988265,0.0724090468474365,0.052794916494531,0.0735869910416356,0.0537549235097339,0.0909170672309157,0.0902315873517673,0.0664661134004944,0.0903830262117765,0.0713078449071344,0.081981535642721,0.073894579348599,0.0782753520953088,0.0782753520953088,0.0739866294495054,0.0685018314998375,0.0363667291824602,0.0264637174029351,0.028089999697872,0.0287811555055436,0.0751666302450381,0.1016012923488995,0.1042017859187318,0.1042017859187318,0.1035886341902012,0.0865916533125622,0.0840062783017283,0.086614731396545,0.0724410102759633,0.06888476621037,0.0873807893002082,0.08658967415357,0.0888813911070561,0.0762555596750066,0.0739261719699952,0.0805006360088544,0.0907719692298894,0.070683930912581,0.0843470976291678,0.0987132776769968,0.0412263359219717,0.0578838552253631,0.0561279340363889,0.0650777965779865,0.0466210898348231,0.0634967542684309,0.0650738386033513,0.0767933474387564,0.0795956506825925,0.0330927861686546,0.0528579331832308,0.0528381285265381,0.0528579331832308,0.0481004959138659,0.0045876519207195,0.0610707139396632,0.0912957197755932,0.0932425657805168,0.0853451951447429,0.0774764712737739,0.0737721363119496,0.0800632631835992,0.0850464473465489,0.090921849040795,0.0971583104773843,0.0446560446388888,0.1014234658690241,0.0983481689744149,0.045597714253372,0.0989110940292906,0.0969668766106528,0.0815477341542549,0.0955126985716521,0.0923399505812213,0.0953790762359042
34151,23098,470966,0.0597051444695103,1.478526279331544,0.6763491552223947,3544,5,2544,5,13.79069426956751,20.38990388778249,0.0352584665899552,0.026057697062221,0.0209908048533558,0.0130332327123274,0.0137178683267174,0.0220172390521886,0.0266341303908396,0.0365636989407445,0.0163107837226497,0.0133635534746728,0.0295927012560363,0.025970996895491,0.0236530247826455,0.0208835059875515,0.0138560332440986,0.0218985781342587,0.0327915857203679,0.0394497736342119,0.0394706984554011,0.0387232533531921,0.0310838288445283,0.027806293738882,0.0202221289037113,0.0331057645239557,0.0274650933356706,0.0330611901814332,0.0357926607043662,0.033145946040813,0.0353715576093167,0.0335108621338288,0.0075601053348639,0.0083205721320063,0.0069118711580017,0.0084778388628109,0.0070692817395658,0.03274550658874,0.0328358569264361,0.0068953862473325,0.0332144274696285,0.0071406444218474,0.0135549920751344,0.011776489424735,0.012365994513177,0.0117543231788696,0.009997712348511,0.0233544009937767,0.0061789537208262,0.0052571412537652,0.0053052132060017,0.0052606914688022,0.0362053476012227,0.0368630229127893,0.0367911088080482,0.0367911088080482,0.0371386882592179,0.0364432462838211,0.0277155262395142,0.0257829251820995,0.0220383427775778,0.0164421241792126,0.036858188032897,0.0299291666001037,0.0290083860424655,0.0260056325988353,0.0171976097182097,0.0206293377386271,0.0297652254358596,0.0200246739044466,0.0299905964400018,0.0348858773952628,0.0208015794185529,0.0164920199765101,0.0174632182837592,0.0225585030898588,0.0169554609200332,0.0114270203750245,0.0129457424733008,0.0212684090635934,0.0136530291394481,0.0137957047060875,0.0219641308727508,0.0219662010759185,0.0219641308727508,0.0220191256629888,0.0003636045021749,0.0156117694323654,0.0252898952991429,0.026689563534126,0.0267147150905781,0.0228527088779758,0.0219619612124037,0.0246506104202836,0.0259379392061684,0.0277562511237352,0.0295382622258599,0.0182963826730369,0.0399849227985722,0.031575100955351,0.0183845785887433,0.0318985590994356,0.0408780268743669,0.0345847756403931,0.0398000172900404,0.0384920865309504,0.0394186016972743
39387,23033,278677,0.0307183380910067,1.710024747101984,0.5847868586081703,136,5,441,5,7.075354812501587,12.099031823904832,0.0153445669324756,0.0142418223719887,0.0133005732048515,0.0081743319173265,0.0058863970914886,0.0060070326484544,0.0083616588912527,0.019149733363062,0.0097526666449373,0.0069114260216461,0.0113194934380168,0.0110663477484595,0.0104968028245551,0.0094201943664757,0.0045528915348625,0.0197489305500518,0.0309685822894169,0.0376950361894551,0.0374857078062786,0.0373997712053446,0.0257043643540438,0.0220451652842609,0.022100027399423,0.0306426929973694,0.0304133186017966,0.0285437551984042,0.0302149645748455,0.0284885536766187,0.0323664747606698,0.0310272287977173,0.0202747711351925,0.0208995523256243,0.0025571755589586,0.0203220119636905,0.0025571884060043,0.0256950275480329,0.0259954576950757,0.0197267974742779,0.0260388961836047,0.0199829910669947,0.0221670249668832,0.0204093709986437,0.0224887549500707,0.0224886941931237,0.0204113443040119,0.0158117764750486,0.0047066798593033,0.0038217955963456,0.0038081586335096,0.0037700325645947,0.0380186879975205,0.0386730150741907,0.0385947728937739,0.0385947728937739,0.0388675183129873,0.018116793592382,0.0179593867762265,0.0169720792705726,0.0159320822196576,0.0136496225710941,0.0177145417558748,0.0196244783633857,0.0180754785568253,0.0152536968554044,0.0142693450585673,0.0192243764656257,0.0226909691023159,0.0206565594953868,0.0240790412425792,0.0288947524520059,0.005750037077274,0.0175648386008303,0.0180823029810116,0.0050974189558644,0.0189861887862195,0.0066160684413464,0.0059660361684857,0.0098379868105971,0.0086829807796352,0.0072772890987726,0.00593422856324,0.0059466930226269,0.00593422856324,0.005832892451022,0.0003034398757458,0.0100287684931719,0.0164243107206735,0.0166955173508812,0.018370818084103,0.0135686023412678,0.0128006543644296,0.0145505997283936,0.0173170669071972,0.0196321683045127,0.022014996016658,0.004543391730374,0.0325421648061003,0.0277224199197207,0.0045922821505517,0.025708750127536,0.037156827355111,0.0073589627713088,0.0371348036655473,0.0178076841497291,0.0371294675704826
19412,11924,167597,0.0724059057180122,1.6279771888627976,0.6142592211003503,550,5,309,5,8.633680197815783,14.055434417980544,0.0483050590008688,0.0518250274942927,0.0497437777009219,0.0344808572918704,0.024226002872005,0.0094677200488923,0.0098068341706573,0.0147305692303111,0.0504563373867419,0.0345983830701162,0.0145907452748812,0.0225668068166448,0.022071318040541,0.0157170448044316,0.0075578867228253,0.0614696801088219,0.081516719507024,0.087337109491892,0.0843772027203276,0.0835377677788282,0.0555002359455199,0.0511181502540928,0.0435422748048199,0.0627136843723751,0.0627075147493985,0.0583814411582472,0.0599056157333835,0.0586334928049631,0.0673892294081914,0.0669228086811953,0.0683517242659675,0.0627499425890148,0.0163084633809109,0.0687121637275095,0.0163316665760027,0.07280916803027,0.0728250891720837,0.0660999057978105,0.0730064507272369,0.0674008529479067,0.0714508402567206,0.0686972282777776,0.0720172369153498,0.0720222730999857,0.0687405423443488,0.0489355569132807,0.0285487024904759,0.0216017797929491,0.0219286621366243,0.0219973125048515,0.0902688553230136,0.0913058257088258,0.0913606766378881,0.0913606766378881,0.0914520468933176,0.0553919124514644,0.0559383940785876,0.0518151917870895,0.0470288017433218,0.0439092323156077,0.05481905200055,0.0565481785563534,0.0528108157056361,0.0462948200569088,0.0442753735534573,0.0416776904576617,0.0448493413051126,0.0485022828706807,0.0539583973601154,0.0641025290621209,0.0040981207174583,0.0351235341496592,0.035519140741152,0.0146388091313876,0.039706580802885,0.0317109976103418,0.0284184079826579,0.0453525014949945,0.0415155346539991,0.032330951354584,0.0095469167255958,0.0095816188225439,0.0095469167255958,0.0094897357703197,0.0007437766877657,0.0398615612369838,0.061030014204621,0.0628768807964088,0.0581937619034868,0.0403414493569206,0.0240929670461799,0.0288643629595781,0.0348018650400876,0.039260813918767,0.047089560884414,0.0079386635746573,0.0697486572559367,0.066745012881743,0.0080730735206845,0.0664276122501168,0.0853472595429178,0.0294080647682178,0.0852778372003341,0.0602365342540731,0.0852818621874777
610,3650,90274,4.054525039299349,0.1671232876712328,5.983606557377049,2132,12,329,5,147.99016393442622,24.732602739726023,0.2521908403160797,0.2785549419992535,0.2555147276570917,0.184267664572002,0.164298547221151,0.1794765295323931,0.2174007274414836,0.2511785082286207,0.2691084870722484,0.2425709800838678,0.2463672493704132,0.2548078176628857,0.2503333493674631,0.2147326797418699,0.1719461255639065,0.2692983774566299,0.316911477623973,0.3565356434722094,0.3494106041941667,0.3361444604514297,0.0278043577896006,0.0348602693896177,0.1848520125257257,0.1720485363585138,0.1824254791956448,0.1984702570820479,0.2153355012953199,0.1984478689347328,0.235109206975312,0.2330726451747149,0.2387889228289904,0.2610538596732336,0.2610538596732336,0.262193791458449,0.2581592751117795,0.2473950334553617,0.2490842259453209,0.2417064449489486,0.2500103030921,0.2325684669731962,0.3021781738712994,0.2783561113661925,0.2693284201752015,0.2623595994318695,0.2544755390244588,0.2250225271792137,0.1084480317078158,0.0896361446438134,0.0934069435097227,0.0939019770317625,0.230379023364037,0.3122176138734039,0.3189794520846686,0.3189794520846686,0.320777067414123,0.2279489906446241,0.3067884207891326,0.2930898927541802,0.2685683086011338,0.2624000007510732,0.2290798527272285,0.3113391701369173,0.2968771706637059,0.2709159197706741,0.2713623408358416,0.2784205171248902,0.3066652343438191,0.2362533008763838,0.2434409772282013,0.3270924616183398,0.1730701329582638,0.2604392012544558,0.2692023027664774,0.2994221203723605,0.2516014544517782,0.2134739606708535,0.1967908494986986,0.2626366389370784,0.2402579585346912,0.1657196197356224,0.178413367482612,0.1783472859565507,0.178413367482612,0.1748802378204451,0.0101210149815812,0.2845534347637416,0.2503104926884204,0.2491620519688243,0.3327158389383416,0.3160939507172823,0.2716897954371703,0.2844663216957785,0.3054832437386167,0.3131508330216893,0.3126176991526526,0.136215186087674,0.3026266650482604,0.2980812365890046,0.1365031920114359,0.2986247174086012,0.2999247430223751,0.2999247430223751,0.3019605553852268,0.3019605553852268,0.2827777425956984
38609,18534,346355,0.0484020492904037,2.0831444912053523,0.4800435131705043,292,5,1089,5,8.970835815483436,18.687547210532,0.0437761985745064,0.0425922192159312,0.0396998705399003,0.0277497701279467,0.0218273486562473,0.0138445884095655,0.0318751113491836,0.0487764317958768,0.027235368765806,0.0198616679442386,0.0255542562485581,0.0261231817297961,0.0246857602300499,0.015977908482732,0.0036240430832435,0.0500006151980046,0.0653152511058108,0.0726750709565096,0.0701652390740953,0.068710628851834,0.0495980719633346,0.0459649894522478,0.0435847354721929,0.0527599738822059,0.0525001850043993,0.0486123197930974,0.0503297513360301,0.0485987241106844,0.0547851632305378,0.0533901737645038,0.0510738459047031,0.0502828661354917,0.0184020732315132,0.0517490047738193,0.0184245994467225,0.0576720419172044,0.0578697410582,0.0499177425391068,0.0578987221453365,0.0508224538185708,0.0533710170119218,0.0516085167991256,0.0542545758857975,0.054280187214937,0.0516929423093272,0.0438052062268714,0.0193625076028994,0.0161869277195086,0.0172221919105242,0.0169268107765527,0.0730570131832162,0.0739054492662957,0.0742845176502624,0.0742845176502624,0.0745239874594456,0.0472538590755912,0.0452062856153174,0.0418888574374176,0.0419941944775919,0.0373803715810225,0.0469586485161247,0.047280605847933,0.0441631156185681,0.0404153820176293,0.0385292015355983,0.0410750977268895,0.047808906427762,0.0416570932591607,0.048936371688811,0.0565468453074762,0.0054001256113249,0.0381397709477813,0.037280499038342,0.0074119571434307,0.0387525894413838,0.0245387623260818,0.0227896473779598,0.0381116060940497,0.0290279227200738,0.0273103926393892,0.0124011901611572,0.0123989621493557,0.0124011901611572,0.0123281167610134,0.0004115309630825,0.0331527361136621,0.0477970760673981,0.0484707858468611,0.0474480710928286,0.0375746406655814,0.0259110736909874,0.0293592601530575,0.0376986492208967,0.0413304028748545,0.045847670159137,0.0091026559330287,0.0550975643083584,0.0531291746060891,0.0092395745331471,0.0514075789939174,0.068789949927994,0.044191216421043,0.0682011550245738,0.0567553829128621,0.0677880762171295
1474,1021,15887,1.0556468835592316,1.443682664054848,0.6926729986431479,103,5,182,5,10.778154681139757,15.560235063663075,0.1493569341891497,0.1839323274510916,0.1771608742757517,0.1403484081718873,0.1187059033395557,0.0121758218525548,0.0744821692367375,0.0761433672657979,0.1888003922013156,0.1545761299568199,0.0905687040396175,0.099983021845501,0.139953562381381,0.1231607629222061,0.1189256518844233,0.144456391526857,0.1800257787876767,0.1991185849800163,0.1951511112074339,0.1915685241039171,0.10955276647703,0.1048738753224894,0.1795743765246626,0.1720850702437158,0.1750073431936834,0.1583140519627322,0.1623153127839227,0.1594497355835877,0.152036315990012,0.152172885502846,0.1770778569050851,0.1874079574251051,0.1380362542932898,0.1874821867947045,0.1382851520610629,0.1928263386897822,0.1932434850684784,0.1873225479332596,0.1930379904111089,0.18734399121196,0.190246240295085,0.1873603900996416,0.1913165791410815,0.1913165791410815,0.1873603900996416,0.1318318542982005,0.0988382540389007,0.0710817661379157,0.0726920073138856,0.0730114785864832,0.1570363097683115,0.1958862430445198,0.1981802897572492,0.1981802897572492,0.1906215211939745,0.1837367346072815,0.180508244516527,0.1819993146785262,0.1647842199383808,0.1566526704651588,0.1812725509913651,0.182237066368587,0.1847632676270508,0.172443913941854,0.1683811712974547,0.1492943304740048,0.189628696385145,0.1282255036387292,0.1548343974069199,0.1902834808558237,0.0741350262262101,0.1253474298350926,0.1245211130447193,0.130154624230958,0.0929409763047954,0.154817905344648,0.1619011447732204,0.1619029439586896,0.1834090417141924,0.0655741872359745,0.075224158782098,0.0749997173391379,0.075224158782098,0.0605167153284733,0.0087374691732338,0.1392897464303837,0.1914062697233021,0.1929450164487547,0.1715326979001599,0.1645778818498329,0.1532620147059726,0.1653170297541766,0.172627645845826,0.1909606732906623,0.1927447064899329,0.0618690952007901,0.1970472295474974,0.1851313804513408,0.0649754329177522,0.1891553827160159,0.1943504450010769,0.1570857480895268,0.1910827646700116,0.1844303957439475,0.1904193974609575
854,8870,450123,5.9422335108475535,0.0962795941375422,10.386416861826698,4085,22,730,5,527.076112412178,50.7466741826381,0.4657735666707797,0.3879994204419688,0.3495285959029995,0.282066406199084,0.2463649608409501,0.3915134736570053,0.4275253104821365,0.4618853155733012,0.4278643903654319,0.4494670604723367,0.4385151788465851,0.4234209396485914,0.4171902813846644,0.3714864329618666,0.1504972836825686,0.4086657579013781,0.4455055560814949,0.5189342475628902,0.555245563032927,0.5552504843133144,0.0896754183960398,0.1088648477496992,0.3819630525090315,0.2540669707171552,0.2122684203248777,0.113206272844252,0.1410871488540013,0.1141889986266379,0.172701273086186,0.150229275529104,0.4296347245747124,0.4184510731465507,0.4184510731465507,0.4149449423541229,0.411573530099629,0.4132175910595415,0.415415181591536,0.3651793492833354,0.4161901012650515,0.3612673506504189,0.4947497921023179,0.4524566916507461,0.4364966446012659,0.4264603123399739,0.4200553568177719,0.3788205037481937,0.144229681183569,0.1177667137925534,0.1182911910300809,0.117916271120696,0.3707924589766159,0.4583113209252804,0.4801628591505221,0.4801628591505221,0.484010086531425,0.3944440798030582,0.4535778645861557,0.4377292824036186,0.37791312560919,0.3659030704382425,0.4005631083745118,0.4568911415664651,0.4280741304878977,0.3745056889041685,0.4081512338079212,0.4751761716041754,0.4499941564482627,0.4117776792281066,0.3749851931765901,0.4798550055418281,0.3849681497242235,0.444992892429731,0.4496776269987931,0.4858341919533191,0.4133803863461428,0.2251569301620046,0.2234171184966174,0.2961103424042536,0.2119215442461733,0.2474943787049906,0.3868078440736182,0.3869289896403102,0.3868078440736182,0.3840461050040188,0.0137006841126871,0.4865318847415458,0.3943779113895498,0.3928513553763929,0.51399662548746,0.4981533924020233,0.4531056390369501,0.4639636781920687,0.4729710642645067,0.4773441126534513,0.4778167192382602,0.2402385349429447,0.4434293570506166,0.4619538833049452,0.2415439658783671,0.4633592680577596,0.4032605799032029,0.4032278418489252,0.4504673950464781,0.4504673950464781,0.4698484337954622
4898,13073,126702,0.1978743167782559,0.3746653407787042,2.66904859126174,554,5,183,5,25.868109432421395,9.691884035798974,0.0143522806817152,0.011477357112881,0.0101077273991106,0.0062937110914083,0.0058783273111114,0.010033105319532,0.0117423849644942,0.0119956215230783,0.0155718073748771,0.0114757605536898,0.0124180311260859,0.0107811780927837,0.0107645847802555,0.0101639040719793,0.003857817135234,0.0242609929228166,0.0334867953917756,0.0317380395609631,0.0265348842261046,0.0241668917372233,0.0106664586488596,0.0087389226957085,0.01459711729632,0.0184391747300617,0.0192655529499149,0.0185235890065687,0.019169257469564,0.0188519011262236,0.0229115607701503,0.023151525278301,0.019365265733913,0.0216800857192804,0.0168697118304742,0.0223345829420499,0.0176725020280761,0.0226257410063699,0.0238497369754819,0.0194051480794048,0.0242310342948464,0.0206851351955602,0.0222934033939599,0.0214888340424374,0.0223830057334725,0.0226896928215432,0.0221863421724965,0.0117890730464945,0.0065168006580132,0.0049855701875895,0.0051289238089721,0.0058127696698471,0.0179360183084305,0.0204959346921006,0.0203963259610813,0.0203963259610813,0.0203462603047216,0.0179976279635205,0.0165775310496692,0.0170637365883106,0.0140490253161198,0.0122994300146339,0.0179322442982727,0.0186123907758144,0.0203633910085281,0.0183572417277302,0.0156277181968374,0.0116610315956257,0.0118621211968839,0.0133964825514499,0.0128818114905552,0.0182717560782401,0.0094022652367505,0.0094536418638454,0.0096051060253934,0.0119208893810675,0.0099152600459769,0.0068987551973095,0.0063833892050323,0.0132783337131996,0.0096743996360741,0.0070376044272817,0.0115150194135274,0.0115164756067449,0.0115150194135274,0.0114203439754935,0.000985744181558,0.010142237149717,0.0192053583561485,0.0203780924964374,0.016941107060126,0.0150626598726282,0.0109767666134527,0.0117438353477262,0.0123927648005179,0.0131889843807117,0.0150141813589452,0.0086538622742296,0.0262875276307249,0.0255189841300363,0.0088751003846105,0.0260394574263336,0.0307221634345634,0.0126847859495239,0.0296751086330532,0.0186949643540617,0.0296481151871309
1429,900,10261,0.7978384262499028,1.5877777777777775,0.6298110566829951,42,5,163,5,7.1805458362491255,11.401111111111112,0.0313997068385483,0.0740794969039041,0.0687292471794367,0.0547640323835142,0.0483806460682067,0.0092061483630218,0.0690542803102249,0.0678341057293125,0.0859592904991033,0.0625700479089085,0.0640860154683365,0.0625210520028525,0.0732771993206351,0.0711302265809841,0.0670652454411478,0.0683861054245314,0.0918856929824029,0.1069430538191242,0.1080044339805163,0.1079037843671672,0.0487611748858914,0.0483991477489917,0.0757457170986013,0.0696577202396656,0.0703059065707678,0.0697777620004273,0.0717332323813678,0.0702570982857015,0.0651794138350421,0.0646827504583472,0.0789906720025378,0.0792037247418543,0.0219081439542102,0.0805354388970568,0.0219081439542102,0.1008915970592716,0.1000649874654617,0.0805358152536286,0.0999466293359445,0.0807256389123808,0.0853967141350728,0.0806860927907602,0.0865276864402666,0.0865276864402666,0.0806860927907602,0.0239187539256541,0.0361379534438805,0.0295970291305484,0.030114390844869,0.0306117020518811,0.0649654385279762,0.0972941609796392,0.0988136767202184,0.0988136767202184,0.0973078483184902,0.0887017480011014,0.0889274821967623,0.0858109542528009,0.0720391045407023,0.0654092444759204,0.0895721976176628,0.0859388886909397,0.0866256381114104,0.0723374391618101,0.0720020666772439,0.0635435136646825,0.1076824109034325,0.0532921587085188,0.0640874988368866,0.108407465238074,0.0687371771150349,0.0446599497387984,0.0447811463421906,0.0467252355136289,0.0355464338357354,0.062789651598301,0.0643106330662766,0.071722879056755,0.0837172231641886,0.0260317973895466,0.066971601440664,0.0669435219424878,0.066971601440664,0.0499668075324166,0.0101790586737024,0.0528913366544241,0.0878390841220584,0.0859379399824248,0.0731439845568003,0.070337785550554,0.0788786736408869,0.0835119162495457,0.090713886609236,0.090782773169829,0.0886893718419747,0.0646162922659771,0.0969586711484905,0.0831551679914024,0.0640358890550309,0.0851599052224105,0.1083299838976103,0.047785082771998,0.1084111180271303,0.0841777434291733,0.1084111180271303
19856,8510,157836,0.0934081438057894,2.3332549941245597,0.4285858178887993,147,5,520,5,7.949033037872684,18.54712103407756,0.0509946967846606,0.0491727390367204,0.0456169987112253,0.030629184041084,0.0241212757242498,0.0178961158330796,0.0243152899152497,0.0429621731534037,0.0351797343881113,0.0242030083626482,0.0328946332280143,0.0337009807508879,0.0322260543504417,0.0314238668538864,0.0157865520613235,0.0551403475940131,0.0744147513705106,0.0840393779425453,0.0803263388597345,0.0786986783259162,0.0547329186528668,0.0481554422351817,0.0555551801804543,0.0659117897407991,0.0659415817864227,0.0606395645212773,0.0643172916192772,0.0606141469534235,0.0683236503770035,0.0658856676533694,0.0586287424349539,0.0598050529252333,0.0239718105228252,0.0596811639879415,0.0239876885814653,0.0688648333948913,0.0689227446549251,0.0555390769148257,0.0688956008692505,0.057829788757974,0.0604210043882637,0.0593890780941798,0.0641166663589231,0.0641696707305532,0.0596928182718438,0.0488243409464422,0.0172252046706778,0.0135972910897004,0.0137176350994351,0.0142982127386475,0.0847137721120501,0.0855196315234454,0.0852239309101713,0.0852239309101713,0.0845281751520789,0.0528721817646684,0.0550834108764906,0.0501017159936064,0.0467674867573308,0.0435422206454541,0.0516204798209402,0.055618806728234,0.0514381641020258,0.0468484632441196,0.0450785032542455,0.0501952782370605,0.0640359973306753,0.0505987431619093,0.0638199369200255,0.0748736444283909,0.0148382009530701,0.045317157963995,0.0462604674140621,0.0520573237100487,0.0444047499929614,0.0300335941942981,0.02909840485017,0.0470953878522504,0.0352137599045691,0.028986340600075,0.0166089174041096,0.0166185270596772,0.0166089174041096,0.0168133152851913,0.000872781855161,0.0350145378712787,0.0611488557698646,0.0633547583863896,0.0533053258292156,0.0398127277773875,0.0407277782123952,0.0453218768639492,0.0509337422168374,0.0557502271188941,0.0606224085132559,0.0141192099438937,0.0721534086834729,0.0646520798042665,0.0143182891882371,0.0646347748801434,0.0766315470555114,0.0529230099249676,0.0761467446067509,0.0684257035858302,0.0759905019411785
14681,8713,151254,0.1182451988461481,1.6849535177321244,0.5934881820039507,204,5,742,5,10.302704175464887,17.359577642603007,0.0541422649885833,0.0585729488258122,0.0566860999781709,0.0396495498650555,0.0321811328913774,0.0210097789363828,0.03763324253336,0.0467497215128483,0.0512920949339525,0.0364727085893393,0.0413664668027064,0.0473805205868291,0.0452653551116399,0.0327086085235008,0.0170354235880696,0.0625252341944667,0.082322827995653,0.0907550558828569,0.0873182292133492,0.0847822186835079,0.060261414374624,0.052917967058603,0.060904971699092,0.0748013472568413,0.0739809413373071,0.0697027431514136,0.0734034068830324,0.0698403733954005,0.0768421206791285,0.0744328365452321,0.0672944174675401,0.068024931093277,0.0366535038748314,0.0686070447984101,0.0367728844193696,0.0697149354508012,0.0701601490556395,0.0663543031197594,0.0703520912051528,0.0676391910824069,0.0711637574855075,0.0685436008664107,0.071978217755922,0.0719802607963294,0.0686667798014908,0.0560856945301213,0.0218792625796073,0.0172661257547783,0.0180476019188737,0.0183566334986843,0.0909751710220234,0.0937074082703972,0.0941275087792123,0.0941275087792123,0.0942783685201554,0.065619825410364,0.0654616017509402,0.0607687068510719,0.0563551303415613,0.0537005822559549,0.0641288093946556,0.0664552314471412,0.0632580584058395,0.0570787303011841,0.0555153381688708,0.0516609151052058,0.0683090478251422,0.0495748889549649,0.0690121117168105,0.0784498851682394,0.0196024836780508,0.0453959330320541,0.0453325837167322,0.0636086694662117,0.0388245698568783,0.0369353363165002,0.0355821364510648,0.053820634745809,0.0446696851351375,0.0352176798177948,0.0211788782215134,0.0211829572918359,0.0211788782215134,0.0212218297160305,0.000925285930002,0.0437382524360169,0.0711331182290802,0.0728996825113029,0.0644720853891612,0.0498572995410762,0.0451234174568043,0.0525586717939634,0.0576436281299032,0.0603920191565664,0.0651357908792628,0.017897582639268,0.0723915272079336,0.0675937476103618,0.0183312625374489,0.0689913086348959,0.0836898078680241,0.0576040247329551,0.0827153557816193,0.0705561521696557,0.0805644962146067
1761,443,10730,1.3754241318356208,3.975169300225734,0.2515616127200454,10,5,565,5,6.0931289040318,24.221218961625283,0.1474042145650612,0.1617637150779063,0.1399481689677037,0.0987086840686735,0.0796290140065024,0.0353007605605749,0.2139219699191087,0.2130346406682571,0.1476531110410556,0.0954329405492543,0.2047746468199194,0.1994207121745428,0.1611841249529294,0.1498312862095135,0.1760229263064468,0.157817122010883,0.1875353620490209,0.216257685988474,0.2204006751892538,0.2206900190398665,0.1472538461441881,0.1438858327754678,0.1037368228767767,0.1304203741026838,0.1312940551314069,0.0642327408705188,0.0726437805783573,0.0685033399366063,0.0475838617655973,0.0479979321211788,0.1991892618668918,0.2034123194718042,0.0885503560006306,0.1997728283782223,0.0885503560006306,0.2183709542881615,0.2184149960713807,0.1999331617770772,0.2182919038429359,0.199770249555724,0.2035974729754698,0.1997459746593761,0.2044998119378035,0.2044998119378035,0.1997459746593761,0.0542613379597362,0.025940456789232,0.0240398293223145,0.0259036314735825,0.0273500266543768,0.1913263693628091,0.1931283557976129,0.2000312532149474,0.2000312532149474,0.2074616060762046,0.1962715875744148,0.2094484311433086,0.2087585845074737,0.1837917341808571,0.1785113307603926,0.1931585277575264,0.2061048854359231,0.2081171390583978,0.1913082798356115,0.1878860002889972,0.0385872637521609,0.2202805551108319,0.0259141493642752,0.145428643123218,0.2233649622870404,0.2148340164227258,0.0341580849863978,0.0326567309877463,0.0350613508908792,0.0171217771555301,0.1432284078165562,0.1424557443086514,0.2153420719552607,0.1759664702980755,0.0425207281224633,0.2135087095285366,0.2136990388177727,0.2135087095285366,0.1094653730071398,0.0207754314856627,0.1112969132621282,0.2063243745391743,0.207292256908958,0.1501628999723244,0.1736232682224716,0.1995629398637755,0.2005271385086031,0.1972149535465672,0.2003401673192238,0.2068881099351087,0.1914616708801657,0.1710876451309677,0.1709730230845125,0.199382618220956,0.1746996252876395,0.2180159109214149,0.2034945032941733,0.2198680201478015,0.2169995909337615,0.2205429088499337
25587,15254,546349,0.139980339125212,1.6773960928281106,0.596162113573299,1214,5,8026,5,21.35260093015985,35.81676937196801,0.1826616836799837,0.2042796084039134,0.1867164804124423,0.1324551934038022,0.1290524048881638,0.1257022438695766,0.1781328396193659,0.2074138602771858,0.1561535932540338,0.10816361067105,0.1634903481669301,0.1507599734028226,0.1322309269638694,0.1016741187215487,0.0831787860720848,0.2154901901142037,0.2548081604985422,0.2573646003460202,0.234623200875807,0.2230558227026729,0.1944592701231977,0.1834859017712774,0.1156467596857505,0.1996175652570258,0.203099839060726,0.1804578560621643,0.1907965589263325,0.1806854035037156,0.2018049663014468,0.1967168241457706,0.1979248855290015,0.209812039799001,0.1683526306409611,0.2109953659570241,0.1707416943392496,0.2071239734274948,0.2075753237999294,0.2008525215214705,0.2080122011472756,0.2052224880437069,0.2161332707366967,0.2148216832349895,0.2172523658855404,0.2170957532093032,0.2139880822357121,0.1031465780303663,0.0487965243785742,0.0420156925699026,0.043494681967099,0.0435582185432089,0.2559312563737249,0.2559042104990898,0.2557745309110146,0.2557745309110146,0.2549740348502176,0.2455354170629694,0.245599062028572,0.2349884905749559,0.2243424667029914,0.2051171201022744,0.2451571800735659,0.2465913091045391,0.2434987497847329,0.2319794312892618,0.1702722209806126,0.1075538537221474,0.188542216465439,0.1006135940006941,0.1984931825631982,0.2167951885137487,0.1197786625932997,0.0712157306347235,0.0753836747970883,0.1735935013976402,0.0717717516406294,0.122865628525844,0.1050899802958352,0.1651703519557574,0.1296760297675215,0.125077601651898,0.1220842359252879,0.122078207898791,0.1220842359252879,0.1211223567564556,0.0006028492146039,0.1841344259087037,0.2541259452521939,0.2581545186500371,0.2417516680351325,0.1988912435913947,0.153288437282718,0.1611303515138336,0.1721838153938983,0.1784212612040308,0.1843202468719289,0.1067027673141002,0.1718476702013759,0.1800566594931086,0.1075137600815679,0.1792684867278435,0.2371534127495439,0.2321632214563908,0.2176098756189037,0.2162645340551933,0.2053554608036664
23421,11888,802784,0.2883264452539774,1.9701379542395692,0.5075786687161095,2389,5,2629,5,34.276247811792835,67.52893674293405,0.1167748656667859,0.1312333680168757,0.1199754328139187,0.0858332853379708,0.0813153021109222,0.0560427134241209,0.137154816962623,0.1537512457656842,0.1272894372463576,0.1048250921905332,0.1220493918384134,0.1121237796923435,0.0994153395043661,0.0517886847033596,0.0228786825058339,0.1335840549845702,0.158179949738598,0.1751351273055133,0.1773642721657096,0.1749599084833473,0.1234196109687822,0.108792659454757,0.1477500897969396,0.1301732706675597,0.1328500505499434,0.1111593625684846,0.1260783713534428,0.1106689720650584,0.129809258424093,0.1180455098187653,0.1490460067896182,0.1515771288359272,0.1335007088280763,0.1517952038881624,0.133781924078208,0.1164203272963026,0.1185864545762841,0.1445394745862465,0.1203610640388277,0.1469489101036384,0.1584437563039538,0.1547739827306652,0.153847301507755,0.1534728742212997,0.1527453977562967,0.1237042557769449,0.0320126783582232,0.0236475954052794,0.0243868495628432,0.0252093822656878,0.1744985673866632,0.174991649967272,0.1750309912332705,0.1750309912332705,0.1733957012524234,0.1603980698908049,0.1445509928582755,0.1358376411563637,0.1361227107447472,0.1232149748778483,0.1585012183630214,0.1452217073053223,0.1424676874378342,0.1393629719510241,0.1178959242256629,0.1521399744547204,0.1542643407706101,0.1326185698372873,0.1629638550700528,0.1711417876824161,0.0391145149003822,0.1087278685014223,0.1095303984133244,0.1400131525056099,0.0911599900564816,0.0875037820697064,0.0870484999477582,0.1060590682697687,0.0901007833550787,0.0724532133079326,0.0448509708111164,0.0448548844826581,0.0448509708111164,0.0447531104866281,0.0010694886017199,0.1258186226850462,0.1598098730435457,0.1615014336740771,0.147297896258652,0.1313497169766654,0.1273060984808998,0.1392780799840478,0.1463016302671533,0.1523367530261465,0.1576061362403419,0.0353561031755015,0.120418003219011,0.1234635883924456,0.0351373644626123,0.1234561343128729,0.1557240788116865,0.1557009018722391,0.1575844222556318,0.1575839637592896,0.1557466192404357
22178,17803,240938,0.0610224626172515,1.2457450991405945,0.802732437550726,2767,5,300,5,10.863829019749302,13.533561759254058,0.1431176375596181,0.1695110468069388,0.1657661227109169,0.1148835225780936,0.0780616474042645,0.007137597536952,0.0112676147399628,0.0399769367930899,0.1863512934779709,0.1338422829006797,0.0455782843298557,0.0678968596989788,0.0626317877072137,0.0291988914415817,0.0024529233886806,0.1867348632209723,0.2241784681504385,0.2329619247898515,0.2224301834511866,0.2152172363774206,0.1875623549712968,0.1914525656519115,0.0877697355676991,0.1732825242598924,0.1708870774963992,0.1608951073562652,0.1538178729457298,0.1608003598770857,0.1782895285094538,0.1838728098716831,0.1752551458025075,0.1768655255439387,0.0792652275620233,0.177712718315584,0.0792638753705693,0.1803541602300086,0.1796507433044235,0.1659015015819739,0.1786638116379877,0.1680208437333714,0.1969366922234518,0.1872244827283392,0.1911863125859362,0.1893065595997628,0.1809736408832305,0.1431567364502843,0.1015937872113092,0.0787674815996116,0.081383381654293,0.0830601454399565,0.2442009957796246,0.2447022191124908,0.2446792661662582,0.2446792661662582,0.2438761420496595,0.1832436744627472,0.1900974824589296,0.1786432255382994,0.1680400620077473,0.1144147853578355,0.1873757063880109,0.1960097519912827,0.1908175278904499,0.16786085963989,0.1167876387716342,0.067799557847015,0.0528723888318027,0.1081268331972095,0.1036575613454515,0.1577003442188433,0.0039752143616942,0.0634294698680452,0.0625547370347527,0.0203997055421962,0.0886240455306436,0.1036056346081378,0.0855044554451864,0.1488596237161551,0.137511262046465,0.1188099711450139,0.0084363456703684,0.0084311522792828,0.0084363456703684,0.0084282247012598,0.0005157970824314,0.1540910890641348,0.2077439012474174,0.209807027575591,0.1787714244274995,0.1587311199844579,0.0116863850921446,0.0201299505633378,0.0410546341926629,0.070762387806733,0.1071981214518283,0.0081765635185867,0.1562656159324284,0.1750218640102959,0.0083559694937991,0.1760063867573715,0.2268389522171402,0.1187014175764247,0.2260555289935254,0.1876411629242048,0.2260314119690874
5541,3568,64706,0.3272891118227514,1.5529708520179373,0.6439270889731096,578,5,272,5,11.677675509835767,18.135089686098656,0.1149964517661838,0.1562249981068129,0.1552264593440611,0.1154797625729047,0.0866082927220101,0.0271639269686633,0.0309894997234851,0.043267250104716,0.1623647965720248,0.1250972293300858,0.0376980502199154,0.0997726330283479,0.1031366914691147,0.0736033464330423,0.0339567089702853,0.1538867847042556,0.1857821652987484,0.1919313204710492,0.1789181710427165,0.171932797162422,0.121580700909478,0.1067511236370558,0.1605576787970261,0.1686766522538972,0.1669140179210852,0.1676574955865556,0.17187618254002,0.1680803167109699,0.1798388066154335,0.1779044856418644,0.1630886389632481,0.1638005956205266,0.0974770035760475,0.1653063012739465,0.0981567349004081,0.1637522678825531,0.1631811102932295,0.1561883350601344,0.1634121705106995,0.1614904774872481,0.1699667231846024,0.1652499562676212,0.1699715875087795,0.1699820932793428,0.1656235167767333,0.1237491838271645,0.0803183997206255,0.0573767993666224,0.059548123484585,0.0603421152743408,0.192166933441774,0.2034142106081404,0.2018544360864147,0.2018544360864147,0.1991100148578383,0.1505975205237546,0.1639981325081197,0.155504715293278,0.1344637699983727,0.1274137529577797,0.1517419831164846,0.16003164177349,0.1552168222495286,0.1393557531185058,0.1368676016369191,0.1517933769920986,0.1472990548406866,0.159072184605962,0.1733144441774272,0.1754334724909865,0.0271836967987209,0.1189367653738456,0.1185448415874809,0.1310752931483209,0.1209745745290707,0.1179048680307956,0.1193344237131596,0.1270828363858091,0.1480614165583834,0.0819303849375092,0.0301362717557108,0.0301515638016093,0.0301362717557108,0.0295813538927696,0.0025031824762246,0.120870741559533,0.1768672969852319,0.1788275908466129,0.1608741253040731,0.139619256026836,0.0832956153215664,0.1073603903168276,0.1320208624868828,0.1485898520137792,0.1662558837147773,0.0219372846957446,0.174974329615226,0.1798628415750279,0.0218153593620769,0.1818696497851461,0.1729358173402959,0.1443296969190664,0.1686247107511884,0.1606736954435846,0.1680667459709566
43536,8655,714773,0.1896935404733409,5.030155979202773,0.1988009922822491,419,5,3790,5,16.41797592796766,82.58497978047372,0.1125545035374524,0.118267141104022,0.1032659865488089,0.0741361025115054,0.073967842292645,0.0790504070870751,0.124447538712339,0.1058963477207015,0.0580011338475218,0.0599461107243014,0.1011967791335874,0.0950038131154188,0.0900035129371555,0.0266152352805004,0.0214071039245641,0.1110407423786147,0.1262094909359757,0.141880151867899,0.142666276192896,0.139701910448809,0.1111782065300567,0.0997301973535454,0.1137589326614758,0.118063744821986,0.1185612552706446,0.1055221309209375,0.1164392066368428,0.1052446561441263,0.1168248246159858,0.109488737437583,0.1294005729762078,0.1322744907317373,0.1114393582171175,0.1326180153519762,0.1118229615473113,0.1226531133126083,0.1228825468661189,0.1297708984689353,0.1232182260851359,0.1316681549881546,0.1335191211678581,0.1328493889032144,0.1330228933421399,0.1330349963560903,0.1327320333630413,0.097069356736645,0.0372215946309159,0.0291790151098961,0.0297941946876751,0.030471045807568,0.1425215760454098,0.1421805298793553,0.1427553915921626,0.1427553915921626,0.143606831262592,0.1228193506503443,0.1189813104524754,0.1138714080643104,0.1137759300582637,0.1065462333703106,0.1233081674012293,0.1210222610856606,0.1172940237952176,0.1122522563653876,0.110613478107744,0.1079554171688094,0.1413507954178095,0.0961325336217656,0.1345962162092319,0.1360360602781882,0.0335584577016132,0.09096934486983,0.0908916817381679,0.11599612533692,0.0804595368707381,0.077312632062701,0.075310291860915,0.106249304611415,0.0770656833995607,0.0661229282382355,0.0336043453090856,0.0336301637566633,0.0336043453090856,0.0335393765102372,0.0011543429360426,0.0933455592172012,0.1341791204780938,0.1357750971852571,0.1138294209370657,0.1034959429018083,0.1006260450597217,0.1097167823712342,0.1195193269465748,0.1216560438537759,0.1244708005395578,0.0268664216866105,0.1046623393973743,0.1013753864642489,0.0267851824740743,0.1012997743495594,0.1284943759774009,0.1284216105044515,0.1293822551337056,0.1293737714276089,0.1265180105431419
26039,15483,709356,0.1759482011686537,1.6817800167926114,0.5946080878681977,1009,5,5427,5,27.242059986942664,45.81515210230575,0.0506387699066468,0.0430317120090548,0.0377954082019708,0.026902625806153,0.0287349533222736,0.0455481634429865,0.0613206793000625,0.0701583257685322,0.0512887039845068,0.0427229521909254,0.0453714456873379,0.0413905230477031,0.0388815166918833,0.0389129961883925,0.0376114719654564,0.0752672256822463,0.0992127043067297,0.1111259687868332,0.1065558498293456,0.1010399357832543,0.0485994072255452,0.0383841027628763,0.0629855039930788,0.0565272920163212,0.0580365033524286,0.0468543985828158,0.0552634964293601,0.0463412879544776,0.0608034856976094,0.0546996548162057,0.1044422042900064,0.0960751743889498,0.0845277762936805,0.094057750139249,0.0818352955176493,0.0599707071979719,0.060296587488078,0.0897458594944654,0.0606790627545838,0.0902829053332742,0.0987382398264115,0.0951873541304804,0.0966172427981159,0.0967068415591159,0.0957359468376326,0.0372543535907887,0.0108174727482437,0.0072879831741671,0.0073490552614745,0.0074116247611892,0.0912750630532713,0.0940362122545259,0.0944610182504254,0.0944610182504254,0.0895455304937506,0.0675608683066899,0.0617081233310338,0.057905784297917,0.0571325555018265,0.0537011187209214,0.0676559441729715,0.06258781420766,0.0599595701489247,0.0582766423129092,0.0551228351357068,0.0617802423305483,0.0828003478196857,0.0651909647511637,0.0904998694202436,0.0986181553564493,0.0456918666020936,0.050977962759369,0.053068152985117,0.0763528195982085,0.0520295040113032,0.0243825267104332,0.0115385007392882,0.0229442506872563,0.0205854030046072,0.0237784673670958,0.0456728745419784,0.0456729642018241,0.0456728745419784,0.0457070366289624,0.0006820788440716,0.052565759307312,0.0757379170021687,0.0773812932310955,0.0673589515894595,0.0578591039729941,0.0618196869909935,0.0658482787613044,0.0732175938317069,0.0785112216016351,0.085558632744673,0.0370108635849915,0.0567117712112834,0.0574383987459624,0.0377496050606751,0.0577911116337259,0.084060996694637,0.0838646569966889,0.0809609611858347,0.0809234153626852,0.0772906402025182
32987,7604,459769,0.1832967467282274,4.3381115202524985,0.2305150513838785,396,5,3309,5,13.937884621214415,60.4640978432404,0.1324700575274383,0.1359580424934758,0.1217121572021963,0.0833525865604967,0.0773700350614157,0.0387755802340938,0.1429791849456145,0.1335476061733676,0.0634778820122008,0.0562147766248304,0.1102971078237838,0.104050612023509,0.099702449643218,0.0490822260347739,0.0102960113187248,0.1225267735181478,0.141780887675292,0.1595996890137868,0.1585159958433956,0.1538191530060843,0.1300741344892386,0.1181268333157404,0.128908340610067,0.1369551538510746,0.1383778363994425,0.1254183062413943,0.1364785394521007,0.126354206600608,0.1386383580559425,0.1312525702853925,0.1385054805563918,0.1435923653825541,0.1130978333688926,0.1438448151181809,0.1135046212846137,0.1349534232161121,0.1354443529553611,0.1403830422295856,0.1361130386035904,0.1422878926580085,0.1445841866372652,0.1442702876226443,0.1452188927998323,0.1450960694418091,0.1440143079244789,0.1142790602691428,0.0435432135060656,0.0372310079454739,0.0379037808550087,0.037954040924122,0.1622498010637483,0.1622028817633416,0.1623884797613765,0.1623884797613765,0.1635797951003799,0.1402532773426424,0.1343920875263838,0.1266822205468222,0.1264203463177501,0.1173613972123747,0.140116708110832,0.1361742804654443,0.1306976530500813,0.1251659345444007,0.1229544145503023,0.123388918206593,0.1549656192250823,0.1175092620249727,0.1503350983513538,0.1563407896454862,0.0315009024370185,0.1048591378060405,0.1049604671879746,0.1290212488605365,0.0988508296526329,0.0809694638476023,0.0834852162277982,0.1262572934646913,0.0885001177974399,0.0823949890909834,0.0350208479482045,0.0350032360438571,0.0350208479482045,0.0349709331524883,0.0012478386403419,0.0993924889132661,0.1493762965085412,0.1515263242992152,0.1272506028634458,0.1109857324405093,0.0892480427798701,0.1050640125414283,0.122503641024234,0.1318739260674739,0.1397524026408799,0.0273654894060339,0.1294513554515315,0.1276801963832508,0.0278393495083441,0.1276992094391079,0.1464320158816892,0.1462414295015988,0.1441891456490598,0.1441718737846242,0.1386583730201729
6040,3416,999611,4.84480415496999,1.7681498829039812,0.5655629139072847,2277,18,3428,5,165.49850993377484,292.6261709601874,0.357991978268428,0.3133227539234912,0.2884207807196724,0.2359760306828002,0.2192603341893589,0.2550010631664641,0.350355814144654,0.3686541868363728,0.3704918454426272,0.3523184663058803,0.3489047775387749,0.3407879823984397,0.3150767213949471,0.1627099621109289,0.0807897123263946,0.2601268860027775,0.3163159301986916,0.3818630316200813,0.4113606132470981,0.4138027893595814,0.1689481065891224,0.1617520363986808,0.3597743546217949,0.2067314766658944,0.2135120393977153,0.1249168432680928,0.1725216544492335,0.1239816393552537,0.180859006257627,0.1401191706081478,0.247011887993906,0.2705786440731069,0.2705786440731069,0.2848301268806851,0.2921194428536645,0.2337554558809668,0.2354682515021926,0.2755298913903636,0.2358411256147549,0.2831904171998239,0.3525878674076609,0.3249802246886993,0.3103385032612917,0.3023253930436574,0.2987776937800643,0.3079871008281891,0.1375564076397546,0.1139605084032768,0.1181709592965893,0.1166151373241986,0.3519392755409475,0.3583513876356371,0.3602765481806381,0.3602765481806381,0.3539080254434675,0.3433689661315385,0.3641878220290705,0.3492246661362698,0.3048806122777612,0.3091338590952542,0.3449280067072031,0.348877425041017,0.3315620491906987,0.306084737841335,0.3059861610832509,0.3914465267398526,0.3580239499699292,0.3601912642463203,0.3481159026589727,0.3716440871644678,0.1920303571219697,0.3254021508858652,0.3249412062187041,0.3390312969007328,0.2767009831596939,0.2055428074788125,0.2706920947362244,0.2626712818308157,0.2352549265987355,0.1934737305869349,0.1922808464262171,0.1922840572979511,0.1922808464262171,0.1911777390492509,0.0112714531685456,0.3792152444772313,0.3869648690987389,0.3853294218068768,0.403861477577105,0.3940429468511157,0.2884943442948419,0.3154168840249898,0.3363727158608418,0.3401246439164999,0.3355406475039986,0.1407682263986334,0.3503146390311625,0.3591998451239039,0.1410829141732638,0.3595309611802101,0.3349519961697636,0.334949834751988,0.3568612020236211,0.35686183720813,0.3611537639123623
7025,9432,118668,0.1790950168880678,0.74480491942324,1.342633451957295,2499,5,380,5,16.892241992882564,12.58142493638677,0.0413156850033536,0.0461987089403638,0.0438729516642393,0.0298696840014112,0.0231875262488334,0.0168960289872534,0.0188436654906721,0.0190500631483497,0.0478423358451129,0.0359423908085548,0.0218764498589463,0.0265997167031728,0.0267199854628059,0.0189974435536258,0.006825144109963,0.0557501667612234,0.0774137759786404,0.0818380313398571,0.0769594073113787,0.0741907541465779,0.0358979462439076,0.0299151434617,0.0517662196404768,0.0502335281244875,0.0517049699668478,0.0486662143394588,0.0503696500399116,0.049096346398192,0.0576765336083441,0.0564109480144283,0.0513583871986136,0.0479535676953767,0.0285154531345043,0.0490396010062204,0.0285256796994166,0.0641048773049471,0.0625424314003325,0.0457648780036113,0.0608199961927551,0.045576260314454,0.0627491374420521,0.0581000817769178,0.0601168860724641,0.053898358124824,0.0484067737955506,0.0442437699880668,0.0228087557815622,0.018117211104908,0.0179874473930841,0.0180646247704343,0.0746766562186905,0.0810878795541476,0.082101739256638,0.082101739256638,0.0818432858040313,0.0521373857680579,0.0467834311938734,0.0442347720074894,0.0374326467125437,0.0317755954659804,0.0510297977315965,0.0476078682506626,0.0451098860150266,0.0381766046801549,0.0351330830074373,0.0550628435075267,0.053801960635438,0.0581827117750414,0.0608021431763971,0.0672551341603081,0.0160389191190924,0.0452451360470934,0.0467444583575928,0.0516131492003711,0.0473669631176177,0.0285630815384352,0.026489960877007,0.0395398142352795,0.0381362438481921,0.0285278980845319,0.0185858352240523,0.0185945946067067,0.0185858352240523,0.0183283514554876,0.0009336606192942,0.0307997091110328,0.0559797993970958,0.058030843537249,0.0512163738817306,0.0422614636202849,0.0288384924572358,0.0352980688089558,0.0473450529462472,0.0537873248533225,0.0603382833912926,0.0133197845469872,0.0717431049720612,0.0706894106252206,0.0141589717819441,0.0717547321559164,0.0738959475230905,0.0528192431747498,0.0723030949583328,0.0653782672684331,0.0721098322912861
936,2028,20050,1.0562593772652944,0.4615384615384615,2.1666666666666665,440,5,87,5,21.42094017094017,9.886587771203155,0.0514866745704919,0.0775947785967354,0.0746851634542761,0.0641746719671625,0.0483370728251878,0.0052032712311707,0.0382922841111593,0.0442360749497016,0.0600216961968569,0.081747381082576,0.0463688735495599,0.0474144457413338,0.0505734398579122,0.0401252014418744,0.0280904126642351,0.0871638528555705,0.0999876078965538,0.102805830101383,0.0966308719735713,0.0937587633832608,0.0172592002725067,0.0175307832550454,0.0455710541644435,0.0634373092970772,0.0678289610685045,0.0842321828265159,0.0839490641360669,0.0838493146948742,0.087815164372021,0.0886900925892777,0.0707503051512728,0.0822807609486417,0.0645829150678012,0.0837463224239533,0.0660676731168498,0.0832489411603533,0.0894151495035404,0.0801203799752766,0.0898911815410337,0.0837466244770177,0.0844010838258368,0.0839787622832295,0.0856438742957889,0.0856438742957889,0.0839787622832295,0.0498234811086548,0.0594417105933963,0.0450360536953606,0.0448786781624711,0.0442342549388658,0.0494638887354412,0.0897673750575627,0.097242597647594,0.097242597647594,0.0983553434512411,0.0526601167629098,0.0815443764557642,0.0860004966624314,0.0833285028561496,0.0785450052312767,0.0552927949412832,0.0831927158108813,0.0853056566819586,0.0882388995182781,0.082772043712142,0.0801182814742322,0.0863115336827813,0.0833528137817154,0.0835976919449051,0.0900940950282093,0.011211466327604,0.0716745359990603,0.0719569894057231,0.0781321313613298,0.0728632626035711,0.0613600435120605,0.0666712446293931,0.060318204929406,0.0839138797990734,0.0298088937948631,0.0358663581162788,0.0355480729392646,0.0358663581162788,0.0323525112677131,0.0050852172975311,0.0748602781143345,0.0793967280325813,0.0804989319869506,0.0949980828435614,0.0858000671029206,0.05003710505176,0.0550339362614328,0.0681475954996509,0.0858632955730776,0.0930793309423674,0.0270468373188949,0.0931358190519377,0.0926296636673005,0.0277865374096285,0.0939013221778232,0.0990093188356061,0.0417088062484271,0.0976512891022106,0.0642216136239586,0.0976477081624779
4911,3166,42380,0.2725712888402831,1.551168667087808,0.6446752188963552,359,5,152,5,8.629607004683363,13.385975994946303,0.0176825812805993,0.0148051423906691,0.0132321124644624,0.0114299558512701,0.0089184369732056,0.0073922372806892,0.0235941246049735,0.0244377252705785,0.0229596654134806,0.0128997371596973,0.022926568228615,0.022431378541363,0.0174370602863141,0.0223605045443758,0.0221496340292282,0.0146662213572725,0.0187032037056692,0.0239662265735122,0.0250593994147742,0.0251315260023869,0.0166428268553613,0.0166156279099153,0.02131948074366,0.0182665626028567,0.0201106328488827,0.0204032871876923,0.0213854820325416,0.0199669265902595,0.0194293405996693,0.0186988732563797,0.0077936865771825,0.0091500934444297,0.0031995972025143,0.0082146952647525,0.0032111954230844,0.0161045305352355,0.0173010238170439,0.0073394960296962,0.0179748902458746,0.0082315866094767,0.0088944005579416,0.0082778994715921,0.0092614325835341,0.0092614325835341,0.0082778994715921,0.0144775990157931,0.0057035477878515,0.005484467993802,0.0054173055570979,0.0054336461167874,0.0189622274578906,0.0226767955509305,0.0239743089288215,0.0239743089288215,0.0235627579491128,0.0182651399606829,0.0218209579263415,0.0187116234491635,0.0159595518499919,0.0147205549975272,0.0182631931442325,0.0202054847485198,0.019927878370252,0.0170411502233901,0.0170528682033787,0.01847171123556,0.0277791160622884,0.0159833421285121,0.0214375417420654,0.0271473966817374,0.0083057748708956,0.0129551151684616,0.0127947643433771,0.0156968569660252,0.0099852106588141,0.0112368915196036,0.0106904907646259,0.0247364427417048,0.0126241815647949,0.007564398100602,0.0242360116547437,0.0242293699505617,0.0242360116547437,0.0237699205577048,0.0029282331949984,0.0110249476221774,0.020875161046219,0.0213451773029084,0.0149748753982575,0.0158221252224757,0.0257233131872015,0.0246183048332056,0.0220475001618959,0.0205492159366208,0.0179946578561378,0.0173789125599599,0.0243419819178925,0.020216471962195,0.0189272336029432,0.0197742755582719,0.0275229397252253,0.0036077235075955,0.0275202208506692,0.0152431029648949,0.0275202208506692
2287,7055,128530,0.7966018760088839,0.3241672572643515,3.084827284652383,348,5,1274,5,56.20026235242676,18.218284904323173,0.1454707534109114,0.1525297993306494,0.1327004346720205,0.0926771134535088,0.0844402073681197,0.128291694763454,0.1287919243916043,0.1343137511042463,0.1482460059097386,0.1260787906196436,0.136354800018888,0.1361388656767713,0.1324482098601494,0.1202937381347502,0.0646204233064009,0.1426143586370304,0.1691433631138939,0.1919732729356464,0.1784308070571113,0.1663608613244933,0.125193574393581,0.1216394351491083,0.17673434382047,0.1093735898185385,0.1185240807586846,0.0942836455899603,0.1068263834277208,0.0933486799514733,0.1239678944134734,0.1194007804702409,0.1547980407000661,0.1654429874279066,0.1653474117772591,0.166944449446855,0.1668182116148438,0.1491332250867615,0.1494345993398322,0.1670375507501865,0.1493534830865288,0.1665400449407999,0.1754143747917471,0.1749337412696248,0.1734133086458002,0.1722401344439824,0.1720933881242019,0.1212645152548108,0.0325750367007895,0.0275832349541318,0.0280910295388152,0.028831823252149,0.1638218939370977,0.17811241425689,0.1766701539304148,0.1766701539304148,0.171581077863562,0.1514536377770814,0.1535650287531386,0.1446366724516178,0.1217271241645344,0.1135522875509292,0.1531322221541066,0.1620766214278116,0.1543176601503388,0.1315430462476898,0.128539971029381,0.156305620261165,0.1803149853310771,0.1265150489109301,0.1843711690603581,0.1862587640474287,0.1279948376161132,0.0942703643736862,0.0956842183137066,0.131981676625774,0.08379100797888,0.077294542261223,0.0463522856425348,0.1462471413830116,0.1011373564230307,0.0963916428466388,0.1283136736299324,0.1283172847407561,0.1283136736299324,0.1265841220901433,0.0020814875217288,0.1269602027751055,0.1826043920444462,0.1844944481142862,0.1652957066414532,0.1543862223850979,0.1489357190856008,0.1557920646427174,0.1609967993679164,0.1625886893056478,0.1599967690360636,0.1146355206713831,0.1593014210963339,0.1635581472963247,0.1142738897803732,0.1631755124940724,0.1635540082371666,0.1634828500925971,0.1561356281914534,0.1561356281914534,0.1487867533806214
9983,7814,545591,0.6994114207103189,1.277578704888661,0.7827306420915556,663,5,3846,5,54.65200841430432,69.82224212951114,0.1497527613813761,0.12737515560382,0.105210186841322,0.0705226730989586,0.0699565908405868,0.1119865421104869,0.1473489120748756,0.1652904879693134,0.134728006297151,0.1154476535128943,0.1388787319981201,0.128102212816177,0.1228674062996057,0.0996850638687477,0.0491974833898729,0.1062715324808946,0.1480957505925667,0.1805874198978173,0.1808185876847953,0.1751235189099305,0.1288749205110923,0.1190748482659437,0.1491983902445332,0.1029946049285288,0.1109789935302763,0.070387522530506,0.0911483881685576,0.0695198474330662,0.1023764799843649,0.0878725573491586,0.1534614704028446,0.1574113651004309,0.1572505204840413,0.1574074270756771,0.1571384422023534,0.1340325305423349,0.1343491450296736,0.1555963172683212,0.1345079164574677,0.1563749047803084,0.1682693506401358,0.164079448841156,0.1624265121640796,0.161452149135058,0.1609777094217498,0.0939889783583849,0.0260161031610625,0.0164269854782344,0.0167364919576191,0.0173686666219609,0.1636984706249531,0.1649053697905728,0.1657244938530722,0.1657244938530722,0.1640288540878604,0.1654269193683939,0.1436432016144824,0.1347698592640472,0.1242424708869975,0.1219043628958348,0.1657636979922244,0.1465140610488472,0.1402930081492443,0.1322555833665225,0.1278974217757934,0.1124203736402353,0.1753062345305124,0.0949465177648905,0.1781920388429472,0.1824450684048977,0.1113250370575148,0.0843340989734974,0.0853430995374342,0.1142928476551662,0.076350851198469,0.057655364017015,0.0328398561711352,0.0696924838079074,0.0455574312781969,0.0582880969405508,0.111951417735613,0.1119508574846445,0.111951417735613,0.1115266327031542,0.002074560695806,0.1306839861235573,0.165706215198233,0.1688808818887,0.1502035780362289,0.1365217064251075,0.1416581352644497,0.1478526044823458,0.15495957017254,0.1544809896327768,0.1514159047044291,0.0962012055824058,0.1364136692344626,0.1445912496537877,0.0960614747138378,0.1441875655704308,0.1552157472409687,0.1552122403465695,0.1551614521084793,0.155157964639831,0.1515226092572857
4905,2420,53258,0.4486735579312726,2.0268595041322315,0.4933741080530071,94,5,311,5,10.8579001019368,22.007438016528926,0.0457224113757282,0.0507158081035687,0.0467752816164317,0.034495374941174,0.0270103302934295,0.0260709830336204,0.0265636327734515,0.0312640704918737,0.0541321069008732,0.0393735839505497,0.034732308484768,0.043796401332428,0.0397473942988174,0.0400015130500495,0.031566336313469,0.0595795902763317,0.0751185047960769,0.0818825021541343,0.079224463969011,0.0767453304426161,0.0422844279866983,0.0380899854258614,0.0548962661988537,0.0558237332528691,0.0586020500199705,0.0563320833909272,0.0577981696996297,0.0559547984171198,0.0616192655957809,0.0604948257594195,0.0774216015250217,0.0699823870645671,0.0370828352494182,0.0771641227796036,0.0371548744328824,0.0672202669512503,0.0670169240750667,0.0756480528077093,0.0669782392245624,0.0767966814915137,0.0781485377197662,0.0771522033290625,0.0784959814285531,0.0784959814285531,0.0771558391867666,0.0456813326187606,0.0245975664764457,0.0203882143226172,0.0200533661870263,0.020389126120946,0.0695271725323079,0.0827240654931527,0.083327113235831,0.083327113235831,0.0814258408173399,0.0585996668238391,0.0580049299987867,0.0551192542062825,0.0496133885813998,0.045748270029551,0.0557798255311483,0.055601877717489,0.0550016459784319,0.0478051651894153,0.0474243981061499,0.0500162681407831,0.0639105373438501,0.0519121972489475,0.0644306167071042,0.0733004792526194,0.0265521148660199,0.0470368019882317,0.0461219456994739,0.0485490605071397,0.045892699989571,0.0363596635816296,0.0360935294099546,0.0554446886900365,0.0464178855853731,0.0255548887752551,0.0261615423316282,0.0261788053246189,0.0261615423316282,0.025106872516922,0.0033323995629046,0.0384377571251412,0.0648593059404082,0.0665006853679928,0.0550049838989187,0.0456747764290796,0.038622221478437,0.0415088063434673,0.0484389991677196,0.0573444089620346,0.0635908605898563,0.0212647586778269,0.0772141598832185,0.0713930548535052,0.0213857123949394,0.0727144151766456,0.0776120973984391,0.0518106036326953,0.0756148130493397,0.0624738216248047,0.0750324100796809
