num_users,num_items,num_interactions,density,user_item_ratio,item_user_ratio,highest_num_rating_by_single_user,lowest_num_rating_by_single_user,highest_num_rating_on_single_item,lowest_num_rating_on_single_item,mean_num_ratings_by_user,mean_num_ratings_on_item,BPR_0,BPR_1,BPR_2,BPR_3,BPR_4,CDAE_0,CDAE_1,CDAE_2,CDAE_3,CDAE_4,DMF_0,DMF_1,DMF_2,DMF_3,DMF_4,EASE_0,EASE_1,EASE_2,EASE_3,EASE_4,ENMF_0,ENMF_1,ENMF_2,ENMF_3,ENMF_4,ImplicitMF_0,ImplicitMF_1,ImplicitMF_2,ImplicitMF_3,ImplicitMF_4,ItemItem_0,ItemItem_1,ItemItem_2,ItemItem_3,ItemItem_4,ItemKNNRP_0,ItemKNNRP_1,ItemKNNRP_2,ItemKNNRP_3,ItemKNNRP_4,ItemKNN_0,ItemKNN_1,ItemKNN_2,ItemKNN_3,ItemKNN_4,LINE_0,LINE_1,LINE_2,LINE_3,LINE_4,MacridVAE_0,MacridVAE_1,MacridVAE_2,MacridVAE_3,MacridVAE_4,MultiDAE_0,MultiDAE_1,MultiDAE_2,MultiDAE_3,MultiDAE_4,MultiVAE_0,MultiVAE_1,MultiVAE_2,MultiVAE_3,MultiVAE_4,NCEPLRec_0,NCEPLRec_1,NCEPLRec_2,NCEPLRec_3,NCEPLRec_4,NMF_0,NMF_1,NMF_2,NMF_3,NMF_4,NeuMF_0,NeuMF_1,NeuMF_2,NeuMF_3,NeuMF_4,PopScore_0,PopScore_1,PopScore_2,Pop_0,Random_0,RecVAE_0,RecVAE_1,RecVAE_2,RecVAE_3,RecVAE_4,SVD_0,SVD_1,SVD_2,SVD_3,SVD_4,SimpleX_0,SimpleX_1,SimpleX_2,SimpleX_3,SimpleX_4,UserUser_0,UserUser_1,UserUser_2,UserUser_3,UserUser_4
22363,12101,198502,0.0733522706417427,1.8480290885050823,0.5411170236551447,204,5,431,5,8.876358270357287,16.403768283612923,0.1037517327728837,0.1039127129633769,0.1008362026561731,0.0742029244734605,0.0611903590752582,0.0279121763627419,0.0584358091490407,0.0895139292581495,0.0853642176809908,0.0639538523453919,0.0714841479229083,0.0825381210034431,0.0797030809819791,0.0578544917944819,0.0261145642355676,0.1174976523722219,0.1516433394446182,0.1654429191074542,0.1586102043554084,0.1553995438894602,0.1205920493672583,0.1079014443500424,0.1143138219380225,0.1363412780038456,0.1367705585118275,0.1279971381299467,0.1337477082681214,0.129115056119483,0.1416625676340383,0.1383445870410946,0.1239189733041183,0.1215579305102177,0.0685775611501139,0.1245807807539238,0.0684702410231185,0.1337489400675696,0.134813215990678,0.1199402454887514,0.1356002458527721,0.1222387064717218,0.1272101238653132,0.1244376872512632,0.1291597728390645,0.1291955462147296,0.1245807807539238,0.1008719760318382,0.0540982873496399,0.0461387112641416,0.045503733846085,0.0471403657827661,0.1690649733935518,0.1713365827482895,0.172552877520905,0.172552877520905,0.1719000134150158,0.1171756919912354,0.1143853686893529,0.1068282430800876,0.1030004918839153,0.0963108706345302,0.1143227652819388,0.1176586325627151,0.1108527478424182,0.1012833698519876,0.097723918973304,0.107302240307651,0.1224969816214282,0.1087242319903411,0.1279703080981979,0.1415731341948754,0.0142288601708178,0.095492695068449,0.096753826562577,0.0749308013864558,0.0976749429851824,0.0715735813620712,0.0683092608326252,0.0974377319679828,0.0817153333631444,0.074524884854447,0.0297097884899163,0.0297545052094977,0.0297097884899163,0.0286455305638777,0.0014041049948575,0.0833519652998255,0.1203416357376022,0.1242319903411885,0.1158341904037919,0.0897106828243079,0.0775835084738183,0.0866073424853552,0.0995215311004784,0.1105933908688458,0.1181684031659437,0.0216786656530876,0.1358225640567007,0.1260743191879443,0.0224656799177211,0.1251442114206501,0.1563207083128381,0.1020793274605374,0.1531189911908062,0.1289898493046549,0.1518043196351115
1819,14868,984499,3.640240086741704,0.1223432875975248,8.173721825178669,7025,15,1541,5,541.2308960967565,66.21596717783159,0.9290819131390874,0.919846069268829,0.9057724024189115,0.8273776800439802,0.7907641561297416,0.9002748763056625,0.9224848818031886,0.9324903793293018,0.936338647608576,0.936558548653106,0.9297416162726772,0.925563496426608,0.9146783947223748,0.8937877954920286,0.3984606926882902,0.924683892248488,0.9464540956569544,0.9621770203408466,0.965805387575591,0.9651456844420012,0.8993952721275426,0.8964266080263881,0.9074216602528862,0.8092358438702585,0.7882352941176471,0.5584387025838373,0.6876305662451896,0.5550302363936229,0.725013743815283,0.6221000549752611,0.9232545354590432,0.9177570093457944,0.9177570093457944,0.91500824628917,0.9134689389774602,0.9091808686091258,0.9094007696536558,0.873446948873007,0.909620670698186,0.8869708631115998,0.9387575590984056,0.9296316657504125,0.9277625068719078,0.9217152281473336,0.9210555250137438,0.8710280373831776,0.4255085211654755,0.3322704782847718,0.3452446399120396,0.3421660252886201,0.9351291918636614,0.9557998900494776,0.959978009895547,0.959978009895547,0.959868059373282,0.9092908191313908,0.9408466190214404,0.9443650357339198,0.9350192413413964,0.9291918636613524,0.914458493677845,0.9394172622319956,0.9347993402968664,0.9347993402968664,0.9293018141836176,0.9527212754260584,0.8954370533260032,0.9553600879604176,0.8772952171522815,0.8885101704233096,0.890929081913139,0.9467839472237494,0.9468938977460144,0.9476635514018692,0.949312809235844,0.6978559648158329,0.7539307311709731,0.8128642111050027,0.7494227597581089,0.668719076415613,0.9006047278724573,0.9007146783947224,0.9006047278724573,0.8991753710830126,0.0739967014843319,0.9508521165475536,0.9190764156129742,0.920175920835624,0.9562396921385375,0.9518416712479384,0.9212754260582738,0.9285321605277626,0.9350192413413964,0.9408466190214404,0.9453545904343048,0.7788894997251237,0.8925783397471138,0.8919186366135239,0.7807586586036284,0.8929081913139088,0.9356789444749862,0.9356789444749862,0.9413963716327652,0.9413963716327652,0.9412864211105004
9930,24780,206241,0.0838155222148258,0.400726392251816,2.495468277945619,1747,5,218,5,20.76948640483384,8.322881355932203,0.0490634441087612,0.0424974823766364,0.0397985901309163,0.0268277945619334,0.0216515609264853,0.0231621349446122,0.0247734138972809,0.0248741188318227,0.0472306143001006,0.0342396777442094,0.0382678751258811,0.0367975830815709,0.0388922457200402,0.0281772406847935,0.00404833836858,0.0559315206445115,0.0773413897280966,0.0838469284994964,0.0769587109768378,0.0731722054380664,0.0435649546827794,0.0379456193353473,0.0452970795568982,0.061691842900302,0.0616717019133937,0.0593756294058408,0.0622557905337361,0.0590533736153071,0.068318227593152,0.0670090634441087,0.0361329305135951,0.0422356495468277,0.0343202416918428,0.0427190332326283,0.0352467270896273,0.0509164149043302,0.0532124874118831,0.0412688821752265,0.0552467270896273,0.0411681772406847,0.0537361530715004,0.049164149043303,0.0448136958710976,0.0433031218529707,0.0427794561933534,0.0477744209466263,0.0237059415911379,0.0204632426988922,0.0212487411883181,0.0216314199395769,0.0615709969788519,0.0627190332326283,0.0639476334340382,0.0639476334340382,0.0632829808660624,0.057139979859013,0.0555891238670694,0.0540986908358509,0.0436052366565961,0.0339979859013091,0.0574823766364551,0.0597381671701912,0.0595367573011077,0.0503927492447129,0.0308157099697884,0.0354682779456192,0.0340181268882174,0.0423363544813695,0.0412890231621348,0.0534541792547834,0.0092849949647532,0.030956696878147,0.0307552870090633,0.0205840886203423,0.0359718026183282,0.0273917421953675,0.024894259818731,0.0431017119838871,0.0356696878147028,0.0295065458207451,0.0235850956696877,0.023544813695871,0.0235850956696877,0.0239476334340382,0.0015709969788519,0.0371802618328297,0.0561329305135951,0.0582477341389727,0.0447532729103725,0.0458207452165155,0.0158710976837864,0.0178449144008056,0.027311178247734,0.0386908358509566,0.0453575025176233,0.0175830815709969,0.0721651560926484,0.0678549848942597,0.0183484390735145,0.0692648539778448,0.08269889224572,0.0263645518630412,0.0826586102719032,0.0504733131923463,0.0826586102719032
576,550,13116,4.140151515151516,1.0472727272727274,0.9548611111111112,146,5,352,5,22.77083333333333,23.847272727272728,0.6215277777777778,0.7420138888888889,0.7322916666666667,0.659375,0.5711805555555556,0.4038194444444444,0.6934027777777778,0.7215277777777778,0.7298611111111111,0.6104166666666667,0.6694444444444445,0.71875,0.7322916666666667,0.7173611111111111,0.6975694444444445,0.6621527777777778,0.7225694444444445,0.7600694444444445,0.7572916666666667,0.7475694444444445,0.1874999999999999,0.1989583333333333,0.6055555555555555,0.7114583333333334,0.7291666666666667,0.4763888888888889,0.5083333333333333,0.4895833333333333,0.4208333333333334,0.4260416666666667,0.678125,0.7038194444444444,0.6618055555555555,0.709375,0.6677083333333333,0.7270833333333333,0.7270833333333333,0.7135416666666666,0.7277777777777777,0.7097222222222223,0.7038194444444444,0.7097222222222223,0.7121527777777777,0.7121527777777777,0.7097222222222223,0.3520833333333333,0.3510416666666666,0.3118055555555555,0.3131944444444444,0.3125,0.6947916666666667,0.7493055555555556,0.7520833333333333,0.7520833333333333,0.7475694444444445,0.7392361111111111,0.7472222222222222,0.7524305555555555,0.7381944444444445,0.7274305555555556,0.7322916666666667,0.7524305555555555,0.7489583333333333,0.7375,0.7319444444444445,0.478125,0.7315972222222222,0.4045138888888889,0.6253472222222223,0.736111111111111,0.6430555555555555,0.3430555555555555,0.3503472222222222,0.3805555555555555,0.3069444444444444,0.7121527777777777,0.7229166666666667,0.7354166666666667,0.7434027777777777,0.3833333333333333,0.671875,0.671875,0.671875,0.4864583333333334,0.0753472222222221,0.61875,0.7503472222222223,0.7555555555555555,0.7347222222222223,0.7409722222222223,0.7385416666666667,0.7489583333333334,0.7503472222222223,0.7527777777777778,0.7503472222222223,0.5638888888888889,0.7517361111111112,0.7381944444444445,0.554861111111111,0.7447916666666667,0.7555555555555555,0.7555555555555555,0.7270833333333334,0.7270833333333334,0.7135416666666666
24303,10672,231780,0.0893655752052377,2.277267616191904,0.4391227420483068,773,5,802,5,9.537094185902976,21.718515742128936,0.1585894745504669,0.1660782619429699,0.1564169032629716,0.1050816771591984,0.085668435995556,0.0362177508949512,0.0612681561947084,0.1453812286548985,0.1078796856355182,0.0762045837962391,0.0907624573097971,0.1143397934411389,0.1116323087684647,0.0640908529811134,0.0259803316462987,0.1505657737727851,0.1997119697156729,0.2177344360778504,0.2084927786693,0.2029296794634407,0.1801259103814343,0.1629428465621528,0.1599555610418466,0.2007571081759453,0.2005102250750935,0.1903221824466115,0.197893264206065,0.1919022342920626,0.2066082376661317,0.1999506233798295,0.1558737604410977,0.1663251450438217,0.1067522528082952,0.1666460930749289,0.1079537505657737,0.1906431304777187,0.1909969962556062,0.1496111591161584,0.1899930049788091,0.1593383532897172,0.1741677982142122,0.1636341192445377,0.1749413652635477,0.175846603300004,0.1668518289923054,0.1600213965354071,0.0659589351108916,0.0554828621980824,0.0575319919351519,0.0565938361519153,0.2288030284327037,0.2312554005678311,0.230399539151545,0.230399539151545,0.2308603876064683,0.1780603217709747,0.1632884829033452,0.1499897132041311,0.1446405793523433,0.1280747232851911,0.1743323869481133,0.1696745257787104,0.1594206476566678,0.1470518043039953,0.1383039130971484,0.1518742542072995,0.1743817635682837,0.1524173970291733,0.1834341439328478,0.1968398963090976,0.0343908159486482,0.1240669876146977,0.1245854421264864,0.1183804468584124,0.1227173599967081,0.107575196477801,0.1042011274328271,0.152524379706209,0.1226679833765378,0.1034933958770522,0.0362588980784265,0.036201292021561,0.0362588980784265,0.0360696210344401,0.0016129695922313,0.1139447804797761,0.1766366292227296,0.1809488540509402,0.1609677817553387,0.1232028967617166,0.0963008682055713,0.1173435378348351,0.1381969304201127,0.1503106612352384,0.1670164177262066,0.0293132535077973,0.1983952598444636,0.1974324157511418,0.0303913097148499,0.196757601942147,0.1990947619635435,0.1681685388635147,0.1972513681438505,0.1907007365345841,0.1967329136320618
1062,3895,40825,0.986947871262834,0.2726572528883184,3.667608286252354,318,5,273,5,38.44161958568738,10.481386392811295,0.3538606403013182,0.327683615819209,0.3015065913370998,0.1941619585687382,0.1563088512241054,0.2745762711864407,0.3209039548022599,0.3244821092278719,0.3020715630885122,0.2542372881355932,0.3242937853107345,0.3235404896421845,0.2988700564971751,0.3161958568738229,0.2934086629001883,0.3580037664783427,0.4111111111111111,0.4429378531073446,0.415819209039548,0.4009416195856873,0.2124293785310734,0.231638418079096,0.3741996233521657,0.3160075329566855,0.3367231638418079,0.3082862523540489,0.3242937853107345,0.3116760828625235,0.3231638418079096,0.3099811676082862,0.2651600753295668,0.4045197740112994,0.3998116760828625,0.4306967984934086,0.428060263653484,0.4126177024482109,0.4047080979284369,0.3418079096045198,0.4022598870056497,0.4248587570621469,0.3286252354048964,0.388135593220339,0.4310734463276836,0.4344632768361582,0.4310734463276836,0.255367231638418,0.1084745762711864,0.0885122410546138,0.0920903954802259,0.0941619585687382,0.2741996233521657,0.3764595103578154,0.3896421845574388,0.3896421845574388,0.3900188323917137,0.3418079096045198,0.3139359698681733,0.2911487758945386,0.2470809792843691,0.2216572504708097,0.3450094161958569,0.3120527306967985,0.2868173258003766,0.2608286252354049,0.2372881355932203,0.3472693032015065,0.4033898305084745,0.311487758945386,0.364406779661017,0.4178907721280603,0.3165725047080979,0.2700564971751412,0.2717514124293785,0.2796610169491526,0.2399246704331449,0.2647834274952919,0.2295668549905837,0.3819209039548022,0.3161958568738229,0.1598870056497175,0.3207156308851224,0.3210922787193974,0.3207156308851224,0.3150659133709981,0.0197740112994349,0.2408662900188323,0.3613935969868173,0.3572504708097928,0.3269303201506591,0.2674199623352166,0.3621468926553672,0.3779661016949153,0.392090395480226,0.4126177024482109,0.4299435028248587,0.2915254237288135,0.4374764595103578,0.415819209039548,0.2937853107344633,0.4088512241054614,0.4101694915254237,0.4030131826741996,0.387758945386064,0.3870056497175141,0.3821092278719397
23724,29794,687070,0.0972040269729623,0.7962677049070283,1.255859045692126,1763,5,1340,5,28.9609677963244,23.060683359065585,0.1436351374135896,0.1758809644242117,0.1638172314955319,0.1176024279210925,0.1146771202158151,0.0846147361321867,0.1116590794132523,0.1711852975889394,0.1799022087337716,0.145540381048727,0.1174085314449502,0.1175012645422356,0.1050834597875568,0.0781740010116337,0.0616590794132523,0.2360478839993255,0.3207722137919406,0.3298853481706288,0.3023183274321362,0.2863260832911819,0.1846653178216152,0.1594334850784016,0.1908700050581689,0.2156381723149552,0.2191704602933737,0.1897909290170291,0.2088349350868318,0.1884083628393187,0.2235542067105041,0.2103270949249704,0.2583712696004046,0.2605209914011127,0.2221463496880795,0.2634125779801045,0.2248777609172146,0.1788737143820603,0.1766734108919237,0.2339234530433316,0.1768841679312088,0.242185128983308,0.2877845220030349,0.2653768335862417,0.272239082785365,0.2712527398415106,0.2638762434665317,0.1578654527061203,0.07448996796493,0.0550497386612712,0.0558337548474118,0.0566514921598381,0.3349688079581858,0.3394115663463159,0.3396391839487439,0.3396391839487439,0.3391165064913168,0.1956836958354408,0.1959450345641544,0.1707216321025121,0.1716152419490811,0.1386275501601753,0.1924970494014499,0.2052942168268419,0.1921598381385937,0.1855504973866126,0.1424464677120215,0.1952116000674422,0.1855252065418984,0.2045354914854155,0.2108160512561119,0.2485752824144326,0.0783510369246332,0.1594672062046871,0.1618108244815376,0.1520991401112796,0.1725004215140785,0.1089698195919743,0.0787472601584892,0.1406423874557409,0.1224329792615073,0.1219777440566514,0.0853060192210419,0.0852722980947563,0.0853060192210419,0.0850025290844713,0.0018883830719945,0.172365537008936,0.2385010959366042,0.2445034564154443,0.2258388130163547,0.1879615579160343,0.1356179396391839,0.1513741358961389,0.1739588602259315,0.1890574945203169,0.2056145675265553,0.0675687067948069,0.2234024616422187,0.2446467712021581,0.0677120215815207,0.246813353566009,0.2428342606643062,0.2333417636149047,0.2311583206879109,0.2278199291856347,0.2147614230315292
35598,18357,296337,0.0453480454569589,1.93920575257395,0.5156750379234788,296,5,1042,5,8.324540704533963,16.142997221768262,0.0664644081128153,0.0571268048766784,0.0523568739816842,0.0326984662059665,0.0282937243665374,0.0280409011742232,0.0429012865891341,0.0762177650429799,0.0318220124726107,0.0232372605202538,0.0507388055508736,0.0470419686499241,0.0464913759199954,0.0368279116804314,0.0238946008202707,0.0627675712118658,0.0958368447665598,0.1117478510028652,0.1091465812686105,0.1075341311309623,0.0826844204730602,0.072998483060846,0.0694308669026349,0.0912972638912298,0.0914995224450811,0.0856564975560424,0.090505084555312,0.0862520366312713,0.0944435080622506,0.0910950053373784,0.0604135063767627,0.0648294848025169,0.0347491432102926,0.0640541603460868,0.0347828529692678,0.0878869599415697,0.0889600539356143,0.0564188999381987,0.0892409685937411,0.0610483735041294,0.0631833249058935,0.0625259846058766,0.0700320242710264,0.07057138041463,0.0638799932580481,0.0607899320186526,0.0198662846227315,0.0167312770380358,0.0167031855722231,0.0171189392662508,0.1124950839934827,0.113826619473004,0.1143828304960952,0.1143828304960952,0.1154165964380021,0.0635428956682959,0.0614472723186695,0.0580144951963593,0.0554581718074048,0.0486768919602224,0.0634417663913702,0.0654924433956963,0.0613405247485813,0.0534018765099162,0.0493286139670767,0.062194505309287,0.0789257823473228,0.0623237260520253,0.0743805831788302,0.0903421540535984,0.0282656329007247,0.0584414854767121,0.0583235013202988,0.0280128097084105,0.0584021574245743,0.0319849429743243,0.0330861284341816,0.0536771728748805,0.0378111129838754,0.0329063430529804,0.0275183999101072,0.0275127816169447,0.0275183999101072,0.0279397718972975,0.0009494915444687,0.0388167874599696,0.0595876172818697,0.0616888589246586,0.0642395640204505,0.046047530760155,0.0477779650542164,0.0530984886791392,0.0616607674588459,0.0680206753188381,0.0725265464351929,0.0220630372492836,0.097376257093095,0.0902410247766728,0.0223888982527107,0.0851227597056013,0.1063823810326422,0.0627675712118657,0.106129557840328,0.0896398674082813,0.1061407944266531
4096,136,97879,17.570764878216913,30.11764705882353,0.033203125,130,5,4094,163,23.896240234375,719.6985294117648,0.955615234375,0.949267578125,0.928076171875,0.8486328125,0.7337890625,0.95546875,0.97490234375,0.975927734375,0.87421875,0.856787109375,0.908203125,0.517333984375,0.53330078125,0.647119140625,0.221533203125,0.973095703125,0.97314453125,0.9765625,0.976953125,0.975390625,0.953759765625,0.95244140625,0.964794921875,0.964599609375,0.96591796875,0.641943359375,0.570849609375,0.6056640625,0.33408203125,0.40703125,0.932373046875,0.9333984375,0.821728515625,0.93310546875,0.82119140625,0.93408203125,0.93408203125,0.932861328125,0.93408203125,0.932861328125,0.93291015625,0.932861328125,0.93291015625,0.93291015625,0.932861328125,0.724365234375,0.353369140625,0.476806640625,0.435693359375,0.419970703125,0.961328125,0.962158203125,0.9609375,0.9609375,0.95458984375,0.965234375,0.9693359375,0.969482421875,0.9615234375,0.9291015625,0.96630859375,0.96845703125,0.96572265625,0.957080078125,0.914404296875,0.395654296875,0.80166015625,0.81298828125,0.94404296875,0.917578125,0.919091796875,0.443310546875,0.621044921875,0.84013671875,0.951318359375,0.77744140625,0.807861328125,0.964697265625,0.757421875,0.574072265625,0.926416015625,0.926513671875,0.926416015625,0.452734375,0.31201171875,0.97294921875,0.968310546875,0.971826171875,0.96953125,0.948876953125,0.9630859375,0.961376953125,0.956884765625,0.955859375,0.955859375,0.921240234375,0.96943359375,0.97275390625,0.916845703125,0.970458984375,0.975927734375,0.975927734375,0.977392578125,0.977392578125,0.974609375
132,294,2027,5.223149866007009,0.4489795918367347,2.227272727272727,66,5,29,5,15.356060606060606,6.894557823129252,0.1075757575757575,0.2318181818181817,0.2893939393939393,0.3287878787878787,0.3136363636363636,0.1166666666666666,0.1984848484848484,0.2742424242424242,0.3484848484848485,0.3333333333333333,0.209090909090909,0.1924242424242424,0.1909090909090909,0.2075757575757575,0.1909090909090908,0.3393939393939393,0.3757575757575757,0.3696969696969697,0.3484848484848484,0.346969696969697,0.1409090909090908,0.1363636363636363,0.206060606060606,0.2621212121212121,0.2833333333333333,0.2893939393939393,0.2803030303030303,0.2848484848484848,0.2409090909090909,0.2363636363636363,0.3212121212121211,0.3257575757575757,0.2818181818181818,0.3257575757575757,0.2818181818181818,0.3378787878787878,0.3409090909090909,0.3257575757575757,0.3409090909090909,0.3257575757575757,0.3348484848484848,0.3257575757575757,0.3348484848484848,0.3348484848484848,0.3257575757575757,0.1181818181818181,0.3090909090909091,0.3015151515151514,0.3075757575757575,0.3015151515151514,0.2181818181818181,0.3363636363636363,0.3621212121212121,0.3621212121212121,0.3772727272727272,0.3545454545454545,0.359090909090909,0.3772727272727272,0.3272727272727272,0.3136363636363636,0.3287878787878787,0.3575757575757575,0.3666666666666667,0.35,0.3333333333333333,0.2151515151515151,0.3303030303030302,0.3606060606060606,0.2742424242424242,0.3272727272727272,0.1363636363636363,0.2242424242424242,0.2772727272727272,0.3424242424242424,0.353030303030303,0.309090909090909,0.3272727272727272,0.1954545454545454,0.3318181818181818,0.2696969696969696,0.1984848484848484,0.1924242424242424,0.1984848484848484,0.1363636363636363,0.1181818181818181,0.2878787878787878,0.3333333333333333,0.3181818181818182,0.3606060606060606,0.3227272727272727,0.3212121212121211,0.3515151515151515,0.3575757575757575,0.3712121212121212,0.3636363636363636,0.162121212121212,0.3075757575757575,0.3303030303030303,0.1818181818181818,0.3303030303030302,0.3818181818181818,0.0348484848484847,0.3818181818181818,0.2969696969696969,0.3818181818181818
547,547,4524,1.5119866046810089,1.0,1.0,40,5,50,5,8.270566727605118,8.270566727605118,0.029616087751371,0.0442413162705666,0.0442413162705666,0.049725776965265,0.0504570383912248,0.0314442413162705,0.0756855575868372,0.0968921389396708,0.0753199268738573,0.0541133455210237,0.0738574040219378,0.0712979890310785,0.0687385740402193,0.0603290676416818,0.0691042047531992,0.062888482632541,0.0683729433272394,0.076416819012797,0.0767824497257769,0.0767824497257769,0.0398537477148079,0.039853747714808,0.0522851919561242,0.0566727605118829,0.0559414990859231,0.0548446069469834,0.0537477148080438,0.0489945155393052,0.0522851919561242,0.0541133455210237,0.0581352833638025,0.0617915904936014,0.016453382084095,0.0610603290676416,0.016453382084095,0.0712979890310785,0.0727605118829981,0.0617915904936014,0.0727605118829981,0.0617915904936014,0.0654478976234003,0.0625228519195612,0.0654478976234003,0.0654478976234003,0.0625228519195612,0.0266910420475319,0.0522851919561242,0.0475319926873857,0.0500914076782449,0.0446069469835465,0.0391224862888482,0.0548446069469834,0.0606946983546617,0.0606946983546617,0.0650822669104204,0.076416819012797,0.0606946983546617,0.0643510054844606,0.0566727605118829,0.0570383912248628,0.0767824497257769,0.0537477148080438,0.0581352833638024,0.0577696526508226,0.053016453382084,0.0460694698354661,0.0833638025594149,0.046435100548446,0.0460694698354661,0.0884826325411334,0.0870201096892138,0.0438756855575867,0.0416819012797074,0.0442413162705666,0.0391224862888482,0.0511882998171846,0.0548446069469834,0.0979890310786105,0.0606946983546617,0.0453382084095063,0.0987202925045703,0.0972577696526507,0.0987202925045703,0.0574040219378427,0.0274223034734917,0.0416819012797074,0.0489945155393052,0.0599634369287019,0.0504570383912248,0.0526508226691041,0.0811700182815356,0.0815356489945155,0.0661791590493601,0.0537477148080438,0.0570383912248628,0.0683729433272394,0.0599634369287019,0.0570383912248628,0.0745886654478975,0.0625228519195612,0.082998171846435,0.0010968921389396,0.082998171846435,0.0288848263254113,0.082998171846435
1686,962,13272,0.8182833805609605,1.7525987525987523,0.5705812574139977,66,5,296,5,7.871886120996441,13.796257796257796,0.124317912218268,0.1795966785290628,0.1716488730723606,0.1417556346381969,0.1209964412811387,0.021826809015421,0.1262158956109133,0.1298932384341636,0.1728351126927639,0.1551601423487544,0.1389086595492289,0.1374851720047449,0.1447212336892051,0.1308422301304863,0.1333333333333332,0.1693950177935942,0.2026097271648872,0.2249110320284697,0.2234875444839857,0.2223013048635824,0.1244365361803084,0.122538552787663,0.1786476868327401,0.1772241992882561,0.1832740213523131,0.1790035587188611,0.1817319098457888,0.1788849347568208,0.1679715302491103,0.1692763938315539,0.2029655990510082,0.197864768683274,0.1047449584816132,0.2069988137603796,0.1051008303677342,0.2154211150652431,0.2154211150652431,0.2054567022538552,0.2155397390272834,0.2047449584816132,0.2092526690391459,0.2069988137603795,0.2105575326215895,0.2105575326215895,0.2069988137603795,0.1134045077105574,0.1009489916963226,0.0820877817319098,0.0778173190984578,0.0791221826809015,0.1699881376037959,0.2219454329774614,0.2259786476868327,0.2259786476868327,0.225741399762752,0.193238434163701,0.2010676156583629,0.1971530249110319,0.1762752075919335,0.1734282325029655,0.18932384341637,0.1973902728351126,0.2008303677342822,0.1824436536180308,0.1807829181494661,0.1482799525504151,0.2084223013048635,0.1480427046263344,0.1746144721233689,0.2130486358244364,0.124673784104389,0.1315539739027283,0.1270462633451957,0.1367734282325029,0.1085409252669038,0.155041518386714,0.1606168446026096,0.1665480427046262,0.194661921708185,0.0693950177935942,0.1245551601423487,0.122894424673784,0.1245551601423487,0.1148279952550414,0.0162514827995254,0.1311981020166073,0.1990510083036773,0.2061684460260972,0.1795966785290628,0.1851720047449584,0.1506524317912218,0.1591933570581257,0.1772241992882561,0.1948991696322656,0.2119810201660735,0.1158956109134044,0.2161328588374851,0.2020166073546855,0.123606168446026,0.2079478054567022,0.2255041518386714,0.1409252669039145,0.22502965599051,0.1792408066429418,0.22502965599051
241,1594,20539,5.346553725849529,0.1511919698870765,6.614107883817427,702,5,77,5,85.2240663900415,12.885194479297365,0.6082987551867219,0.7344398340248962,0.7560165975103734,0.7385892116182573,0.6730290456431536,0.4323651452282157,0.483817427385892,0.566804979253112,0.7427385892116183,0.674688796680498,0.4572614107883817,0.6008298755186722,0.6556016597510373,0.5327800829875519,0.4439834024896266,0.7908713692946059,0.8157676348547718,0.8190871369294606,0.7933609958506225,0.7659751037344399,0.2124481327800829,0.2224066390041493,0.4721991701244812,0.6257261410788382,0.6780082987551868,0.7709543568464731,0.7784232365145228,0.783402489626556,0.7244813278008299,0.7369294605809129,0.7269709543568464,0.7103734439834024,0.6995850622406639,0.700414937759336,0.6954356846473029,0.6356846473029046,0.637344398340249,0.6838174273858921,0.6439834024896266,0.6688796680497926,0.7659751037344398,0.7203319502074689,0.7178423236514523,0.7136929460580912,0.7095435684647302,0.4107883817427386,0.5651452282157676,0.5062240663900415,0.5103734439834025,0.5070539419087137,0.612448132780083,0.7817427385892117,0.804149377593361,0.804149377593361,0.808298755186722,0.6307053941908713,0.783402489626556,0.7742738589211619,0.7593360995850622,0.7526970954356846,0.6215767634854772,0.7734439834024897,0.7784232365145228,0.7717842323651453,0.7800829875518672,0.7070539419087136,0.750207468879668,0.7883817427385892,0.4580912863070539,0.7568464730290456,0.341908713692946,0.6423236514522822,0.6680497925311204,0.7278008298755186,0.6481327800829876,0.71701244813278,0.7319502074688796,0.587551867219917,0.7609958506224067,0.4871369294605809,0.4439834024896266,0.4390041493775933,0.4439834024896266,0.3991701244813277,0.104564315352697,0.7668049792531121,0.7360995850622407,0.7244813278008299,0.8024896265560166,0.7775933609958506,0.6323651452282157,0.6804979253112033,0.7618257261410788,0.7933609958506225,0.7908713692946059,0.3510373443983402,0.7933609958506225,0.7858921161825727,0.350207468879668,0.7950207468879669,0.750207468879668,0.7136929460580913,0.7078838174273858,0.6937759336099585,0.7078838174273858
4353,8342,58664,0.1615521787045125,0.5218173099976025,1.916379508385022,489,5,78,5,13.47668274753044,7.0323663390074325,0.0616586262347805,0.0705720192970364,0.0691936595451412,0.0529290144727773,0.0375832759016769,0.0109349873650355,0.0190673099012175,0.0211807948541235,0.0665288306914771,0.0688260969446358,0.0243969676085457,0.0415805191821731,0.0430507695841947,0.0345968297725705,0.0191132552262806,0.0974500344589937,0.1208362049161497,0.1183551573627383,0.1108201240523776,0.1091201470250401,0.0568803124282104,0.0501263496439236,0.0674936825178037,0.0951987135308981,0.0966230186078566,0.097266253158741,0.0978175970594991,0.0974959797840569,0.1086606937744083,0.1074661153227658,0.099885136687342,0.1045256145187226,0.0641396737881919,0.1029634734665747,0.0641856191132551,0.0957500574316562,0.0990581208362049,0.0999770273374683,0.1018148403399953,0.1014932230645531,0.103560762692396,0.1031472547668274,0.1025499655410061,0.1025499655410061,0.1031472547668274,0.0622559154606018,0.056512749827705,0.0407994486560992,0.0411670112566046,0.0426372616586261,0.0900068917987594,0.1087985297495979,0.1103606708017458,0.1103606708017458,0.1112336319779461,0.0713530898231104,0.0814151160119457,0.0855501952676314,0.0765449115552492,0.0719503790489317,0.0697909487709625,0.0834367103147254,0.0894096025729381,0.0861015391683895,0.0778773259820812,0.0537100849988513,0.0547208821502411,0.0669423386170456,0.0645072363886974,0.0810934987365035,0.0058350562830231,0.0503560762692395,0.05021824029405,0.0526073971973351,0.0590397427061796,0.0494831150930392,0.0468182862393751,0.0706179646220996,0.0682288077188145,0.0381805651274982,0.0190213645761543,0.0190213645761543,0.0190213645761543,0.0189294739260279,0.0036756260050539,0.0743854812772799,0.098828394210889,0.0977257064093728,0.0883528600964851,0.0855042499425683,0.0246726395589248,0.033677923271307,0.0469101768895014,0.058120836204916,0.0709395818975419,0.013691706868826,0.1007580978635423,0.1004364805881001,0.0143808867447736,0.1057661382954284,0.1216172754422237,0.0064782908339076,0.1216172754422237,0.0393291982540776,0.1216172754422237
6459,3905,46115,0.18283354931203,1.6540332906530089,0.6045827527481035,38,5,124,5,7.139650100634773,11.80921895006402,0.3704907880476853,0.4366620219848273,0.4351137947050627,0.3684161634928007,0.2801981730918098,0.0159777055271713,0.0193528409970583,0.0200340610001547,0.4245858492026629,0.385229911751045,0.0260721473912369,0.1341693760644062,0.1853228053878308,0.1094906332249573,0.059637714816535,0.3785106053568664,0.4409660938225731,0.4595757857253445,0.4545595293389069,0.4541260257005728,0.4346183619755379,0.4237807710171853,0.3697476389533983,0.4279300201269546,0.4251122464777829,0.4054497600247716,0.4021984827372658,0.4036228518346492,0.4364762347112555,0.4329772410589875,0.4623316302833256,0.4603189348196315,0.1818857408267533,0.4643133612014243,0.1818857408267533,0.4570366929865304,0.4568509057129586,0.4633534602879702,0.4568509057129586,0.4633534602879702,0.467967177581669,0.4644681839294008,0.467967177581669,0.467967177581669,0.4644681839294008,0.3755689735253135,0.3467719461216906,0.2435051865613871,0.2457655983898436,0.251617897507354,0.4744697321566805,0.4776590803529957,0.4755534912525158,0.4755534912525158,0.4672240284873819,0.4263198637559993,0.4328533828766062,0.4166279609846725,0.4012385818238117,0.3869329617587861,0.4265675801207617,0.4335965319708933,0.4230376219228982,0.4095680445889457,0.3983898436290447,0.3772410589874593,0.3790989317231769,0.4206533519120606,0.4420498529184084,0.4402539092738814,0.0202508128193218,0.3339526242452392,0.3311348505960674,0.3374516178975072,0.3650410280229137,0.3726273416937606,0.3992258863601176,0.4046137172936986,0.4404087320018578,0.250565102957114,0.018052330082056,0.0179904009908654,0.018052330082056,0.0184239046291995,0.0033751354698869,0.3730298807864994,0.4505341384115188,0.4504102802291376,0.4131908964235949,0.4035609227434586,0.1127109459668678,0.1834649326521133,0.2875367703978944,0.3567425298033752,0.4073695618516798,0.0411828456417401,0.3740207462455488,0.4070599163957268,0.0200340610001547,0.4096919027713268,0.4504722093203283,0.1882025081281932,0.4505031738659235,0.3770552717138876,0.4505031738659235
5199,8640,751531,1.673067024997685,0.6017361111111111,1.6618580496249278,636,50,1424,10,144.55299095979996,86.98275462962962,0.8392383150605885,0.9032506251202154,0.8929024812463935,0.830082708213118,0.8196191575302944,0.3975764570109636,0.812079246008848,0.9242546643585304,0.9547989998076554,0.942488940180804,0.7879207539911521,0.7809578765147143,0.7564531640700135,0.4870167339873053,0.2330832852471628,0.944143104443162,0.980303904597038,0.9877668782458164,0.9851894595114444,0.9813040969417196,0.5889209463358338,0.535603000577034,0.9405270244277746,0.7414502788997884,0.7754952875552992,0.5258318907482209,0.6691671475283709,0.5189844200807847,0.7294095018272745,0.6178880553952684,0.9627620696287748,0.9446047316791693,0.9446047316791693,0.9159838430467396,0.8967109059434506,0.6776303135218311,0.6824389305635699,0.8648970955953068,0.6888632429313329,0.8692825543373726,0.9490286593575687,0.9219465281784958,0.9119446047316792,0.9060588574725909,0.9035968455472206,0.8597422581265628,0.670821311790729,0.5478745912675514,0.5473744950952106,0.5495672244662435,0.9790344296980188,0.9834968263127524,0.981534910559723,0.981534910559723,0.9830736680130794,0.8060780919407579,0.929601846508944,0.9165224081554144,0.8719753798807464,0.8904404693210232,0.8094248894018081,0.8963262165801116,0.8819003654548953,0.8532794768224659,0.8788228505481823,0.968724754760531,0.9237545681861896,0.981573379496057,0.9666859011348335,0.9748028467012888,0.3578380457780342,0.9503750721292556,0.951952298518946,0.951913829582612,0.9701096364685518,0.8021927293710329,0.6982496633968072,0.8369686478168878,0.7778034237353337,0.8034622042700519,0.3921138680515483,0.3923831506058857,0.3921138680515483,0.3893825735718407,0.033852663973841,0.9463743027505288,0.8995576072321599,0.8980573187151375,0.9684554722061935,0.9526447393729562,0.716330063473745,0.8157337949605694,0.9069821119446048,0.9397961146374304,0.9577995768417004,0.3391806116560876,0.8989036353144835,0.9196383919984612,0.338642046547413,0.9215233698788228,0.9294095018272746,0.9294095018272746,0.9251394498942104,0.9251394498942104,0.9074052702442778
2067,967,11267,0.5636913150912878,2.1375387797311274,0.4678277697145622,16,5,49,5,5.450895016932753,11.651499482936918,0.0212868892114174,0.0318335752298016,0.0316400580551523,0.0274794388001934,0.0226415094339621,0.0129656507014997,0.0309627479438799,0.0308659893565553,0.0406386066763424,0.0307692307692307,0.0388969521044992,0.0409288824383163,0.0429608127721334,0.0332849540396709,0.0385099177552007,0.0307692307692307,0.0318335752298016,0.031446540880503,0.0303821964199322,0.0303821964199322,0.0290275761973874,0.0283502660861151,0.0325108853410739,0.0295113691340106,0.0291243347847121,0.0304789550072568,0.0296081277213351,0.0288340590227382,0.0291243347847121,0.0299951620706337,0.0239961296565069,0.0254475084663763,0.000483792936623,0.0239961296565069,0.000483792936623,0.0292210933720367,0.0292210933720367,0.0240928882438315,0.0292210933720367,0.0240928882438315,0.025253991291727,0.02447992259313,0.025253991291727,0.025253991291727,0.02447992259313,0.0186744073536526,0.0191582002902757,0.0166424770198354,0.0165457184325108,0.0186744073536525,0.0240928882438316,0.029124334784712,0.0286405418480889,0.0286405418480889,0.026802128688921,0.0420899854862118,0.0331881954523463,0.0355104015481373,0.0294146105466859,0.0273826802128688,0.0392839864537977,0.0295113691340106,0.0301886792452829,0.0284470246734397,0.0288340590227382,0.0341557813255926,0.0401548137397193,0.0287373004354135,0.0285437832607643,0.0365747460087082,0.0305757135945814,0.0289308176100628,0.0268021286889211,0.0253507498790517,0.0244799225931301,0.0261248185776487,0.0259313014029994,0.0372520561199806,0.0281567489114658,0.0178035800677309,0.0313497822931784,0.0308659893565553,0.0313497822931784,0.0283502660861151,0.0117077890662795,0.0295113691340106,0.0317368166424769,0.0353168843734881,0.0294146105466859,0.0285437832607643,0.0415094339622641,0.0403483309143686,0.0371552975326559,0.0330914368650217,0.0278664731494919,0.042573778422835,0.0308659893565553,0.029124334784712,0.0424770198355103,0.030672472181906,0.035316884373488,0.0,0.035316884373488,0.0008708272859216,0.035316884373488
763,2628,39652,1.9774941102074444,0.2903348554033486,3.444298820445609,595,5,243,5,51.96854521625164,15.0882800608828,0.3777195281782438,0.3483617300131061,0.3056356487549148,0.2458715596330274,0.2096985583224115,0.346526867627785,0.3855832241153342,0.4010484927916121,0.3813892529488859,0.2823066841415465,0.3622542595019659,0.3764089121887287,0.3334207077326342,0.3782437745740498,0.3533420707732634,0.2849279161205766,0.3229357798165137,0.3507208387942332,0.3695937090432503,0.3693315858453473,0.1349934469200523,0.1536041939711664,0.3515072083879423,0.2450851900393184,0.2676277850589777,0.2532110091743119,0.2532110091743119,0.2587155963302752,0.2311926605504587,0.2448230668414154,0.3190039318479685,0.3119266055045872,0.3058977719528178,0.3085190039318479,0.3030144167758846,0.3501965923984272,0.345478374836173,0.2964613368283093,0.3473132372214941,0.3048492791612057,0.3197903014416775,0.2990825688073394,0.3001310615989515,0.3043250327653997,0.3077326343381389,0.2526867627785059,0.12870249017038,0.1121887287024901,0.1095674967234599,0.1072083879423328,0.3226736566186107,0.3365661861074705,0.3496723460026212,0.3496723460026212,0.3444298820445609,0.3923984272608125,0.3239842726081258,0.2985583224115334,0.3111402359108781,0.293577981651376,0.3897771952817824,0.3328964613368282,0.3140235910878112,0.309305373525557,0.3090432503276539,0.2817824377457404,0.3685452162516383,0.1722149410222804,0.2642201834862385,0.3743119266055045,0.3507208387942332,0.2747051114023591,0.274180865006553,0.3349934469200524,0.1743119266055045,0.2768020969855832,0.2338138925294888,0.3926605504587155,0.2980340760157274,0.2078636959370904,0.3842726081258191,0.3842726081258191,0.3842726081258191,0.3627785058977719,0.0432503276539973,0.2689384010484927,0.3889908256880733,0.3910878112712975,0.310091743119266,0.3027522935779816,0.3787680209698558,0.3758846657929226,0.3706422018348624,0.3554390563564875,0.3491480996068152,0.3397116644823066,0.3858453473132371,0.363564875491481,0.3404980340760157,0.3701179554390563,0.3750982961992136,0.3750982961992136,0.3777195281782438,0.3777195281782438,0.3698558322411532
9906,12381,123518,0.100710836617455,0.8000969227041435,1.24984857662023,509,5,529,5,12.469008681607107,9.976415475325094,0.1332323844134867,0.1340803553401978,0.1259236826165959,0.0891984655764182,0.065657177468201,0.0362406622249141,0.0398748233393902,0.0429840500706642,0.1481526347668079,0.1176256814052089,0.0556228548354532,0.088794669897032,0.0838885523924893,0.0633959216636381,0.0178881485968099,0.1592368261659599,0.200201897839693,0.203694730466384,0.1909145972138097,0.187563093074904,0.1371492025035331,0.1225519886937209,0.1167171411265899,0.1688269735513829,0.169735513830002,0.1612961841308297,0.163840096910963,0.1622652937613567,0.1830405814657782,0.1818090046436502,0.1378962245103976,0.1523521098324247,0.1113264688067837,0.1487583282858872,0.1120331112457096,0.1780133252574197,0.1825358368665455,0.1402382394508378,0.1848172824550777,0.1461740359378154,0.150494649707248,0.1480920654149,0.155158489804159,0.1554613365636987,0.1488794669897031,0.131112457096709,0.0818695739955581,0.0626892792247122,0.0644457904300423,0.0662628709872803,0.1789622451039773,0.1926307288512012,0.1935594589137896,0.1935594589137896,0.1947910357359176,0.152109832424793,0.1656773672521703,0.1597819503331314,0.1389662830607712,0.1240258429234806,0.1514233797698364,0.1711689884918231,0.1723399959620431,0.1514031899858671,0.1385826771653543,0.1010094891984655,0.1008883504946496,0.1195437108822935,0.1240864122753886,0.1526751463759337,0.0339592166363819,0.0813244498283867,0.0830405814657782,0.0795707511505849,0.0905511811023621,0.0853220270543104,0.0833030486573793,0.1373107207752876,0.1161922067433878,0.0839087421764586,0.0388451443569553,0.0387240056531394,0.0388451443569553,0.0385221078134463,0.0022006864526548,0.1202503533212194,0.1693115283666464,0.1706844336765596,0.1446194225721784,0.1352311730264486,0.0555420956995759,0.0721784776902886,0.0929739551786795,0.1037956793862305,0.1228144558853219,0.0336159903089036,0.178942055320008,0.1662224914193417,0.0348677569150009,0.1725217040177669,0.1984453866343629,0.0656773672521703,0.1981829194427619,0.1358368665455279,0.1981829194427619
57728,10291,890388,0.149877074903027,5.609561752988048,0.1782670454545454,417,5,4686,5,15.42384977827051,86.52103780001943,0.2919068736141906,0.2990749722838137,0.2685109478935698,0.2045142738359201,0.2094373614190686,0.2282878325942349,0.301098253880266,0.2450942350332594,0.1629503880266075,0.1687985033259423,0.2390624999999999,0.2334776884700665,0.2131825110864744,0.0927071784922393,0.0608820676274944,0.2955446230598669,0.3245080376940133,0.3509077050997782,0.350970066518847,0.344418652993348,0.2937361419068736,0.2689059035476718,0.2733023835920177,0.3048572616407982,0.308086197339246,0.2746189024390243,0.3003291297117516,0.2737874168514412,0.3029171286031041,0.2863463137472283,0.3085192627494456,0.3144435975609755,0.2776919345898004,0.3151988636363636,0.2786031042128603,0.2982365576496674,0.2990957594235033,0.3083772172949002,0.2998752771618625,0.3111488359201774,0.3223496396895787,0.3180744179600887,0.3169830931263858,0.3164149113082039,0.3157393292682926,0.244616130820399,0.1057615022172948,0.079025776053215,0.0799230875831485,0.081592987804878,0.3501247228381374,0.3508557372505543,0.3508418791574279,0.3508418791574279,0.3521826496674057,0.3168687638580931,0.3076981707317073,0.3001905487804878,0.2998822062084257,0.2681090631929047,0.3163906596452327,0.3140659645232816,0.3070156596452328,0.2983266352549888,0.2927522172949002,0.2549715909090909,0.341955376940133,0.2371396895787139,0.3337236696230598,0.3364571784922394,0.085490576496674,0.229077743902439,0.2325769124168513,0.2980321507760531,0.2125346452328159,0.201870842572062,0.2019020232815964,0.2601268015521064,0.2074764412416851,0.1776191796008868,0.1182580376940132,0.1182926829268291,0.1182580376940132,0.1181263858093125,0.0031007483370287,0.2530072062084257,0.3337652439024389,0.3380335365853658,0.2950110864745011,0.2776815410199556,0.2343126385809312,0.2666886086474501,0.2849362527716185,0.3010913248337029,0.3095620842572061,0.0980667960088691,0.2771168237250554,0.2745357538802661,0.0964488636363636,0.2741650498891352,0.3220863359201774,0.3219477549889135,0.3205827328159645,0.3205550166297117,0.3130300720620842
943,1349,99287,7.804925214624242,0.6990363232023721,1.4305408271474018,648,19,583,5,105.288441145281,73.6004447739066,0.9043478260869564,0.9211028632025452,0.8994697773064688,0.8171792152704136,0.7800636267232237,0.7225874867444327,0.8627783669141038,0.895440084835631,0.927253446447508,0.9079533404029692,0.8954400848356311,0.910286320254507,0.9109225874867444,0.847507953340403,0.7408271474019088,0.8422057264050901,0.9020148462354188,0.9344644750795332,0.9404029692470838,0.9378579003181337,0.2332979851537645,0.2532343584305408,0.8031813361611878,0.8205726405090138,0.8150583244962885,0.7961823966065747,0.821845174973489,0.7876988335100743,0.8534464475079533,0.8316012725344646,0.8366914103923648,0.8697773064687169,0.8697773064687169,0.8854718981972429,0.8888653234358431,0.8610816542948039,0.8674443266171792,0.8767762460233298,0.8680805938494167,0.8903499469777307,0.9160127253446448,0.8931071049840934,0.8895015906680805,0.8895015906680805,0.8897136797454932,0.8040296924708377,0.6214209968186639,0.599575821845175,0.6089077412513255,0.6173913043478261,0.855779427359491,0.9253446447507953,0.9287380699893956,0.9287380699893956,0.9255567338282076,0.8674443266171792,0.934676564156946,0.9389183457051962,0.921951219512195,0.9196182396606576,0.8682926829268294,0.9334040296924708,0.941251325556734,0.9204665959703074,0.921951219512195,0.9234358430540828,0.9244962884411454,0.878048780487805,0.8911983032873806,0.9321314952279958,0.6260869565217391,0.8750795334040298,0.872322375397667,0.88016967126193,0.8252386002120892,0.8390243902439025,0.8551431601272534,0.9168610816542948,0.8765641569459174,0.7510074231177095,0.7836691410392365,0.7834570519618239,0.7836691410392365,0.7726405090137858,0.1535524920466595,0.9191940615058324,0.9090137857900318,0.9096500530222692,0.941251325556734,0.9380699893955462,0.9128313891834572,0.9264050901378578,0.925556733828208,0.9259809119830328,0.9213149522799576,0.6530222693531283,0.923860021208908,0.9270413573700956,0.6559915164369035,0.9249204665959704,0.9219512195121952,0.9219512195121952,0.9234358430540828,0.9234358430540828,0.9155885471898196
42382,8738,678297,0.1831582176772596,4.850308995193408,0.2061724316926997,433,5,4152,5,16.00436506063895,77.62611581597619,0.3102118824029068,0.3091076400358642,0.2767637204473597,0.2093435892595913,0.207300268982115,0.1955028077957623,0.3286347977915153,0.2838044452833749,0.168132697843424,0.1660138738143551,0.2632627058656976,0.2527959983011655,0.2236468312019253,0.1446321551602094,0.0616488131754045,0.2999386532018309,0.3326129017035533,0.3621631824831295,0.3624935113963475,0.3551083006936907,0.2959841442121655,0.2723467509791892,0.2922938983530744,0.3106035581142937,0.3146666037468736,0.2758623944127223,0.3019489405879854,0.2764805813788872,0.3072058892926242,0.2914869520079278,0.3198858005757161,0.3276532490208106,0.2925487235146996,0.3279835779340286,0.2931008446982209,0.3079609268085507,0.3089283186258317,0.3219857486668868,0.3096125713746401,0.3243877117644282,0.3373979519607381,0.3323203246661318,0.3310697937803784,0.330446887829739,0.3292671417111037,0.2585248454532584,0.1083431645509885,0.0817139351611533,0.08421499693266,0.0846868953801141,0.3624132886602803,0.3625171063187202,0.3616629701288282,0.3616629701288282,0.3625265442876692,0.3270680949459675,0.3193761502524656,0.3094851587938275,0.3096691991883346,0.2914869520079278,0.3272615733094238,0.325510830069369,0.3177009107640035,0.3090510122221698,0.302817233731301,0.2680996649521022,0.3557972724269737,0.2392289179368599,0.3452739370487471,0.3511490727195507,0.1083856354112594,0.2266245104053607,0.2278184134774195,0.3097022320796564,0.2133736020008493,0.2063423151337831,0.1987777830210938,0.2805294700580434,0.206446132792223,0.1862866311169835,0.1143551507715538,0.1143362748336557,0.1143551507715538,0.1130008022273606,0.0036760889056674,0.2583785569345476,0.3480628568732009,0.3503468453588788,0.3082393468925487,0.2883771412392052,0.2639752725213534,0.2806285687320088,0.3009768297862299,0.3163843140956066,0.3264546269642772,0.0960124581190127,0.2963191921098579,0.2971450143929026,0.0976074748714076,0.2968005285262611,0.337799065641074,0.3375867113397196,0.3358690009909867,0.3358170921617667,0.3283044688782973
44081,8254,606353,0.1666516538460183,5.340562151684032,0.1872462058483247,381,5,3023,5,13.755427508450351,73.46171553186333,0.3274834962909189,0.3332456160250447,0.3033461128377305,0.2278759556271409,0.2241192350445769,0.1896191102742677,0.3469839613438896,0.2902338876159797,0.1656359882942764,0.1635806810190331,0.2923844740364328,0.2857739161997232,0.2722533517842154,0.1515210634967446,0.0208479843923685,0.3126018012295546,0.3451509720741362,0.3762165105147342,0.378380708241646,0.3718699666522991,0.3268120051722964,0.3009777455139402,0.3239445566116921,0.3363489938975976,0.3389396792268777,0.3093214763730405,0.3340668315147115,0.308427667248928,0.3367936299085773,0.3197069032009255,0.3414940677389351,0.3491027880492729,0.3040675120800344,0.3493069576461514,0.3045529820103899,0.3491663074794128,0.3497062226356026,0.3440121594337696,0.3500555795013724,0.3474875796828565,0.3499965971733853,0.3489893604954515,0.3499058551303282,0.3499376148453982,0.34919353009233,0.2958598942855198,0.1287039767700369,0.1079694199314897,0.1095800911957532,0.1105147342392413,0.3798461922370182,0.3809396338558562,0.3801547151834123,0.3801547151834123,0.3821419659263628,0.3400603434586329,0.3332546902293504,0.3220026768902702,0.3209909031101835,0.2944533926181348,0.341371565980808,0.3393752410335519,0.3306367822871531,0.3194029173566842,0.2705519384768948,0.309525645969919,0.3734579524057984,0.2869081917379369,0.3640389283364715,0.3676731471609083,0.0710056486921802,0.2766180440552618,0.2762732242916449,0.3348381388806968,0.2565322928245729,0.2290782876976474,0.2364329302874253,0.3191034686145958,0.2319230507474875,0.2306299766339238,0.088373675733309,0.088373675733309,0.088373675733309,0.0878020008620493,0.003407363716794,0.2701481363852906,0.3602958190603661,0.3628456704702706,0.3229055602186883,0.2960912864953154,0.2615049567841019,0.2953789614573172,0.3211723871962976,0.3363217712846804,0.3473242440053538,0.0736008711236133,0.3000748621855221,0.2840044463601098,0.0737823552097274,0.2830108209886345,0.3556407522515369,0.3555590844127855,0.3554320455525055,0.3554275084503527,0.3483587032962047
73064,7711,870531,0.1545148033080446,9.47529503306964,0.1055376108617102,970,5,4411,5,11.914636483083324,112.89469588898976,0.2046534545056388,0.1921520858425489,0.1718958721121208,0.1316954998357603,0.130578670754407,0.1936247673272746,0.1853881528522938,0.1300175188875506,0.1000930690901127,0.1061890944924996,0.1339893791744223,0.1291963210336143,0.1089264206722872,0.083181867951385,0.0633116172123069,0.2212772363954888,0.2401428884265848,0.2604456367020694,0.2582448264535202,0.2514973174203437,0.2040238694842877,0.1867622905945472,0.184947443337348,0.2187506843315449,0.2195527209022227,0.2019298149567502,0.2188328041169385,0.2021789116391109,0.2190052556662651,0.2086526880543085,0.2360368991569035,0.24677816708639,0.2052857768531697,0.2464496879448154,0.2053706339647432,0.2072128544837402,0.2086882732946457,0.2374876820321909,0.2101938026935289,0.2415307127997371,0.2466440381035803,0.2475062958502135,0.2489050695280849,0.2486723968028029,0.2475692543523485,0.147435125369539,0.0577384211102594,0.042743348297383,0.0431320486149129,0.0439943063615459,0.2575166976896966,0.257886236723968,0.2576973612175626,0.2576973612175626,0.2560221175955326,0.2245620278112339,0.2230838716741486,0.2193966933099748,0.2160872659586115,0.1176557538596298,0.2251313916566297,0.2242061754078615,0.2198812000437972,0.2178528413445745,0.1803268367458666,0.1543660352567611,0.2407861600788349,0.1304746523595751,0.2302118690463155,0.2342275265520639,0.0941120113872768,0.1364721340194897,0.1406575057483849,0.2075112230373371,0.1297957954669878,0.1270146720683236,0.12061754078616,0.144741596408628,0.1176612285119894,0.1009662761414649,0.0912569801817584,0.0912569801817584,0.0912569801817584,0.0911228511989488,0.0029918975145077,0.1822019051790211,0.2374849447060111,0.2406191831818679,0.2092056279426256,0.1994607467425818,0.1717398445198729,0.1816900251834008,0.1984670973393189,0.2137851746414102,0.2249397788240446,0.0751970874849446,0.2279727362312492,0.2387167414869155,0.0759635388152851,0.2382760319719697,0.2083762181101499,0.2083762181101499,0.2058195554582283,0.2058250301105879,0.2022227088579875
87271,13209,752937,0.0653158746238652,6.606934665758195,0.1513561205898866,565,5,6282,5,8.627573879066356,57.001816942993415,0.1683285398356842,0.162764263042706,0.1431999174983671,0.1020453529809443,0.0985527838571804,0.1696875250656002,0.1271395996379094,0.0806132621374797,0.0541210711461997,0.0653825440295172,0.0921520321756367,0.086972763002601,0.07348145432045,0.0673304992494642,0.0531677189444374,0.1668572607166183,0.1950499020293109,0.217352843441693,0.2122675344616195,0.2066688819882893,0.1766909970093158,0.1667587170996092,0.1300454904836658,0.1846226123225355,0.1847417813477558,0.1745963722198668,0.1840542677407157,0.1740692784544693,0.1839465572756127,0.1780820662075603,0.1667312165553276,0.1805456566327875,0.1358710224473192,0.1749905466879031,0.1361872787065577,0.1912823274627309,0.1916512930985092,0.1628100972831753,0.191802546092058,0.1708562981975684,0.1709777589348122,0.1708815070298265,0.1781370672961235,0.1793081321401152,0.1742801159606283,0.1074240011000217,0.0381845057350093,0.0321412611291264,0.0326523129103596,0.0328081493279553,0.2199310194680936,0.2197247653859815,0.2199860205566568,0.2199860205566568,0.2204122789930217,0.1839878080920351,0.1767826654902545,0.17499513011195,0.1687754236802603,0.1369229182660906,0.1793814669248661,0.1776718497553597,0.1741586552233845,0.1658855748186682,0.1212774002818805,0.1117140860079522,0.1878103837471783,0.0978675619621637,0.1756345177664974,0.1816181778597701,0.0875571495685851,0.1095186258894706,0.112105968763965,0.1567026847406354,0.104162894890628,0.0888519668618441,0.0883775824729864,0.1393612998590596,0.0876946522899932,0.0856664871492247,0.0819493302471611,0.0819493302471611,0.0819493302471611,0.0822037102817659,0.0012100239483906,0.1336801457528846,0.185145122663886,0.1879593450287036,0.1642790846902178,0.1607865155664538,0.1216028233892128,0.1336343115124152,0.1526921886995679,0.1632913568081034,0.1740142773659061,0.0680248879925748,0.1692750169013761,0.1795395950544854,0.068183016122194,0.1776283072269138,0.18315820833954,0.1820238108879238,0.1822071478498011,0.1819115169987739,0.179007917865041
2928,1835,20473,0.3810433138279656,1.5956403269754769,0.6267076502732241,51,5,169,5,6.992144808743169,11.156948228882834,0.0948770491803278,0.1306693989071038,0.1192622950819672,0.0918715846994535,0.0711748633879781,0.0066256830601092,0.0553961748633879,0.055191256830601,0.1443989071038251,0.103483606557377,0.0532786885245901,0.1139344262295081,0.1214480874316939,0.1145491803278688,0.092622950819672,0.1209699453551912,0.1572404371584699,0.1777322404371584,0.180191256830601,0.180122950819672,0.105191256830601,0.0981557377049179,0.1435109289617486,0.1434426229508196,0.1482923497267759,0.146243169398907,0.1502049180327868,0.1472677595628415,0.1438524590163934,0.1413934426229507,0.1451502732240436,0.1397540983606557,0.0394125683060108,0.1466530054644808,0.0394125683060108,0.1637978142076502,0.1634562841530054,0.1459699453551912,0.1634562841530054,0.1464480874316939,0.1527322404371584,0.1469262295081967,0.1529371584699453,0.1529371584699453,0.1469262295081967,0.0984972677595628,0.0642076502732239,0.0450819672131147,0.0469262295081966,0.0469945355191256,0.1403005464480874,0.1725409836065573,0.1706284153005464,0.1706284153005464,0.1657786885245901,0.1453551912568305,0.1476092896174863,0.1331284153005464,0.1189207650273223,0.1166666666666666,0.1362704918032786,0.1420081967213114,0.1440573770491802,0.1256147540983606,0.1218579234972677,0.1244535519125682,0.1683743169398906,0.1161202185792349,0.1357240437158469,0.1760928961748634,0.0596994535519125,0.099863387978142,0.1004098360655737,0.1181010928961748,0.0779371584699453,0.0997267759562841,0.1023907103825136,0.1040983606557376,0.1323087431693988,0.0524590163934426,0.0548497267759562,0.0545081967213114,0.0548497267759562,0.0493169398907103,0.0066939890710382,0.0862021857923497,0.1448087431693988,0.1508196721311475,0.1293032786885245,0.1214480874316939,0.1321721311475409,0.1358606557377049,0.1396857923497267,0.1469262295081966,0.1464480874316939,0.0478142076502731,0.1701502732240437,0.1530737704918032,0.0512978142076502,0.1565573770491803,0.1806010928961748,0.064071038251366,0.1806010928961748,0.1358606557377048,0.1806010928961748
5536,15429,200180,0.2343617997337796,0.3588048480134811,2.787030346820809,390,5,321,5,36.15968208092485,12.97426923326204,0.3930274566473988,0.4846820809248554,0.4796604046242774,0.3798410404624277,0.316871387283237,0.0645953757225433,0.0827312138728323,0.1380780346820809,0.4864161849710983,0.4039739884393064,0.2228323699421965,0.2418352601156069,0.2384031791907514,0.1470736994219652,0.0524205202312138,0.5563945086705202,0.6022398843930636,0.5996748554913294,0.5498554913294798,0.5261560693641618,0.4570447976878612,0.4158236994219653,0.3955563583815029,0.5016257225433526,0.5042268786127168,0.4659682080924855,0.4735549132947977,0.4697615606936415,0.5227962427745665,0.5196170520231214,0.4645953757225433,0.5263005780346821,0.5177745664739885,0.536307803468208,0.5297687861271676,0.5050427817221919,0.5140173410404624,0.5054913294797687,0.5141979768786127,0.5245303468208092,0.5303468208092486,0.5294075144508671,0.539956647398844,0.5423771676300578,0.5375361271676301,0.4072254335260116,0.360043352601156,0.3186416184971098,0.323157514450867,0.3273121387283236,0.5882947976878613,0.6010838150289017,0.6009031791907514,0.6009031791907514,0.602456647398844,0.42503612716763,0.5033959537572255,0.4817919075144508,0.4391979768786127,0.4155346820809248,0.4536849710982659,0.5018786127167629,0.4905346820809247,0.4755057803468207,0.4517702312138728,0.365028901734104,0.35003612716763,0.4238078034682081,0.4221098265895954,0.4766618497109826,0.007586705202312,0.313186416184971,0.320664739884393,0.3314306358381503,0.3604407514450867,0.3842846820809248,0.3711705202312138,0.464992774566474,0.4514450867052023,0.3990606936416184,0.0687499999999999,0.06882225433526,0.0687499999999999,0.0670158959537571,0.0041546242774565,0.4251083815028901,0.536813583815029,0.5446531791907515,0.476300578034682,0.4906791907514451,0.1661127167630057,0.2347904624277456,0.302528901734104,0.3533236994219653,0.4106936416184971,0.0584898843930635,0.4651372832369942,0.4940390173410405,0.0561416184971097,0.5029624277456647,0.530599710982659,0.4385476878612716,0.5088511560693642,0.4917630057803467,0.5073338150289017
24523,4305,291882,0.276477987457128,5.696399535423926,0.1755494841577294,810,5,3746,5,11.90237736002936,67.8006968641115,0.2546425804346939,0.2382824287403661,0.2218651877828976,0.1627451779961668,0.1505280756840516,0.1870081148309749,0.2673653305060555,0.2346858051625004,0.1055825143742608,0.1078416180728295,0.2166863760551319,0.1794478652693389,0.1748317905639603,0.1283121967132895,0.1239897239326346,0.2483709170982342,0.2799820576601557,0.3055825143742608,0.3045549076377278,0.2996696978346858,0.2290829017656893,0.2204053337682991,0.1726868653916731,0.2340252008318721,0.2393589691310197,0.2192798597235248,0.2297027280512172,0.2205032010765403,0.2248582962932757,0.2212535171063899,0.2447498266933083,0.2585409615463034,0.2218814990009378,0.2597724585083391,0.2232434857072952,0.2639236634995718,0.2648941809729641,0.2484850956245157,0.2664274354687436,0.2500999062104962,0.285674672756188,0.2690780084002772,0.2675039758593972,0.2643966888227377,0.259454389756555,0.1662194674387309,0.0626758553194959,0.0587530073808261,0.0594625453655751,0.0614443583574602,0.3074256820128043,0.310867349019288,0.3116013538310973,0.3116013538310973,0.3122211801166252,0.2608734657260531,0.2641846429882151,0.2555315418178852,0.2518778289768787,0.2320923214941075,0.2579619133058761,0.2603596623577865,0.2537373078334624,0.2503364188720792,0.2149573869428699,0.1492558006769155,0.2909758186192553,0.1141703706724299,0.2595359458467561,0.2863923663499571,0.1847163886963258,0.1391183786649267,0.1394772254618113,0.2072095583737715,0.1052726012314968,0.1644252334543081,0.1553317293968927,0.2434123068140112,0.1711780777229539,0.1320066875993964,0.1863475105003465,0.1863393548913264,0.1863475105003465,0.1865350895078089,0.0054968804795497,0.188826815642458,0.2789218284875422,0.2809117970884475,0.2347184275985809,0.2191249031521428,0.2448476940015495,0.2525792113526077,0.2569587733964033,0.266460057904824,0.2808057741711862,0.1535211841944296,0.2630102352893201,0.273473881662113,0.1583166822982506,0.2744770215715858,0.2758797863230436,0.2756922073155812,0.2770215715858581,0.2769889491497778,0.2724054968804795
147,453,2941,4.416512741962126,0.3245033112582781,3.0816326530612246,93,5,31,5,20.006802721088437,6.492273730684326,0.0952380952380951,0.2612244897959183,0.2829931972789115,0.2489795918367346,0.238095238095238,0.0789115646258502,0.2340136054421768,0.2829931972789115,0.2666666666666666,0.2666666666666666,0.2544217687074829,0.2530612244897959,0.25578231292517,0.2789115646258503,0.2802721088435374,0.2653061224489795,0.3156462585034013,0.3442176870748299,0.3251700680272108,0.3197278911564626,0.1387755102040816,0.1401360544217686,0.2108843537414965,0.25578231292517,0.2789115646258503,0.2231292517006802,0.2353741496598639,0.2299319727891156,0.1877551020408163,0.1945578231292516,0.2857142857142857,0.3006802721088435,0.2639455782312925,0.3006802721088435,0.2639455782312924,0.3224489795918367,0.3224489795918367,0.3047619047619047,0.3224489795918367,0.3006802721088435,0.3006802721088435,0.3006802721088435,0.3020408163265305,0.3020408163265305,0.3006802721088435,0.1006802721088434,0.2340136054421768,0.2054421768707482,0.2068027210884353,0.2149659863945578,0.2108843537414966,0.2802721088435373,0.2829931972789115,0.2829931972789115,0.2979591836734693,0.3061224489795918,0.2761904761904762,0.2911564625850339,0.2639455782312924,0.2897959183673469,0.2938775510204081,0.3006802721088435,0.3047619047619047,0.2965986394557823,0.2952380952380952,0.1659863945578231,0.3115646258503401,0.2870748299319728,0.219047619047619,0.3115646258503401,0.1659863945578231,0.1673469387755101,0.2068027210884353,0.25578231292517,0.2707482993197278,0.2625850340136054,0.2965986394557823,0.2326530612244897,0.3034013605442177,0.1972789115646258,0.2231292517006802,0.2231292517006802,0.2231292517006802,0.074829931972789,0.0721088435374149,0.2299319727891156,0.2761904761904762,0.2952380952380952,0.3034013605442176,0.2707482993197279,0.2843537414965986,0.3156462585034013,0.3156462585034013,0.3170068027210884,0.3292517006802721,0.1346938775510203,0.2653061224489795,0.2775510204081632,0.1809523809523809,0.2802721088435373,0.3414965986394557,0.1210884353741496,0.3414965986394557,0.327891156462585,0.3414965986394557
66519,28237,551682,0.0293713932950357,2.3557389241066686,0.4244952569942422,277,5,1064,5,8.293600324719254,19.53755710592485,0.0273034772020023,0.0226672078654218,0.0201145537365263,0.01374945504292,0.0122130519099805,0.017288293570258,0.0363865963108284,0.0260707467039492,0.0141162675325846,0.0130549166403583,0.0194260286534673,0.0153189314331243,0.0164975420556532,0.0166178084457072,0.0110284279679489,0.0387107442986214,0.0581006930350726,0.070406951397345,0.0673942783264931,0.0658067619777807,0.0377576331574436,0.0322945323892421,0.0333739232399765,0.0418617237180354,0.0414858912491167,0.0378478329499841,0.0410258723071603,0.0379109728047624,0.0446549106270388,0.0419398968715704,0.0378508396097354,0.0360227904809152,0.0171800538192095,0.0391076233857995,0.017219140395977,0.0482629023286579,0.0484553285527443,0.0359626572858882,0.0486327214780738,0.037691486642914,0.0398171950871179,0.0383770050662216,0.0417835505645002,0.041988003427592,0.0390414768712698,0.0256828875960251,0.0101174100632901,0.008782453133691,0.0088936995444909,0.0087373532374208,0.0642072189900629,0.0672138787414121,0.0675987311895848,0.0675566379530659,0.0678873705257143,0.0306739427832649,0.0295404320570062,0.0280220688825748,0.0270298711646296,0.0224477217035733,0.0304063500653948,0.0305596897127136,0.0280701754385964,0.0252018220358092,0.0230490536538432,0.0295314120777521,0.0358002976593153,0.031527834152648,0.0364166629083419,0.0450547963739682,0.0169154677610907,0.0301567973060328,0.0304634766006704,0.0165636885701829,0.0313053413310482,0.0123092650220237,0.0112809873870623,0.0178174656864955,0.0134818623250499,0.013947894586509,0.0173784933627985,0.0173784933627985,0.0173784933627985,0.0171890737984635,0.0005983252905184,0.0182624513296952,0.0303101369533516,0.0319277198995775,0.031200108239751,0.0273485770982726,0.0225770080728813,0.026233106330522,0.0299673777416978,0.0316150272854372,0.0338369488416842,0.0129015769930395,0.0484282686149821,0.0458305145898163,0.0130759632586178,0.0453674889881086,0.0643635652971331,0.0339782618499977,0.0643094454216088,0.0529773448187735,0.0643124520813601
36088,17932,347987,0.0537738926330377,2.012491635065804,0.4968964752826424,148,5,405,5,9.642734426956329,19.40592237341066,0.3179173132343161,0.3635612946131678,0.3553979162048326,0.258584571048548,0.1985258257592551,0.018521392152516,0.1371259144313899,0.3350144092219019,0.2140877854134338,0.1567224562181334,0.1013245400133007,0.1289736200399024,0.118482598093549,0.056018621148304,0.0119818222123697,0.3326923076923077,0.4062901795610729,0.433396142762137,0.4252438483706495,0.4211815561959653,0.3709432498337397,0.3692917313234316,0.2673631123919308,0.3633728663267568,0.3622145865661715,0.3474728441587231,0.3426900908889381,0.3474894701839947,0.3785801374418088,0.380608512524939,0.390733761915318,0.3888716470849035,0.1969518953668809,0.3934050099756151,0.1969629793837286,0.4158002660164043,0.4141210374639769,0.388023719796054,0.4136000886721347,0.391753491465307,0.397023941476391,0.3931888716470849,0.4012857459543338,0.4013023719796054,0.3934160939924628,0.3261139436931944,0.1994901352250055,0.1761361117268897,0.1785136333407226,0.1799988915983152,0.4479993349589891,0.4466914209709598,0.4452006207049434,0.4452006207049434,0.4455386832187985,0.3090002216803369,0.3033584571048547,0.2864331633784083,0.2960208379516736,0.2772999334958989,0.3135723786300154,0.3137718909332742,0.296685878962536,0.2843659942363112,0.2831024163156728,0.2924794945688317,0.2947018399467966,0.3424019064508977,0.367429616493017,0.3962591443138993,0.0170416759033473,0.2537851917534914,0.2547993792950565,0.0200731545111948,0.3031644868100199,0.2457659055641764,0.2255375748171137,0.3213699844823764,0.2927344269563289,0.2724839281755707,0.0184715140767013,0.0184604300598536,0.0184715140767013,0.0181500775881178,0.001125027710042,0.2531811128352915,0.3207936156062957,0.3259920195078696,0.3141210374639769,0.266903125692751,0.0836455331412103,0.1264132121480824,0.2119430281534027,0.2735590778097982,0.3282531589448015,0.0181168255375747,0.3295887829749501,0.332376413212148,0.0180392374196408,0.3275493238749722,0.4151075149634227,0.3410773664375969,0.4159055641764575,0.4035247173575703,0.4159388162270006
1090,3646,52551,1.3223238235190506,0.2989577619308831,3.3449541284403668,899,5,177,5,48.21192660550459,14.413329676357652,0.4328440366972477,0.4722935779816513,0.4499082568807339,0.3370642201834862,0.2774311926605504,0.2141284403669724,0.2686238532110091,0.3236697247706422,0.4104587155963302,0.3662385321100917,0.3666055045871559,0.4348623853211009,0.4198165137614678,0.3812844036697247,0.2713761467889908,0.3816513761467889,0.4537614678899082,0.4922935779816513,0.4844036697247706,0.474862385321101,0.2172477064220183,0.2227522935779816,0.4436697247706421,0.4177981651376147,0.4187155963302752,0.4034862385321101,0.4152293577981651,0.4111926605504586,0.4141284403669724,0.4165137614678899,0.3658715596330275,0.4203669724770642,0.4044036697247706,0.4363302752293577,0.4288073394495413,0.4295412844036697,0.426788990825688,0.4231192660550459,0.4282568807339449,0.4313761467889908,0.4618348623853211,0.4399999999999999,0.4511926605504587,0.4506422018348623,0.44348623853211,0.3603669724770642,0.2253211009174311,0.1803669724770641,0.1882568807339449,0.1833027522935779,0.3908256880733945,0.4706422018348624,0.4811009174311926,0.4811009174311926,0.4811009174311926,0.4368807339449541,0.4777981651376146,0.4475229357798165,0.3761467889908256,0.3664220183486238,0.4346788990825688,0.4823853211009174,0.4585321100917431,0.4110091743119266,0.4053211009174312,0.4526605504587156,0.4763302752293578,0.4148623853211008,0.4280733944954128,0.4961467889908256,0.2069724770642201,0.4170642201834862,0.4187155963302752,0.4306422018348623,0.378348623853211,0.3746788990825688,0.3939449541284404,0.4656880733944953,0.4324770642201835,0.2614678899082568,0.2499082568807339,0.2502752293577981,0.2499082568807339,0.2453211009174312,0.0231192660550458,0.3809174311926605,0.4598165137614678,0.4543119266055045,0.4392660550458715,0.4038532110091742,0.4240366972477064,0.4411009174311927,0.4576146788990825,0.4653211009174312,0.4726605504587155,0.2106422018348623,0.4990825688073393,0.4911926605504587,0.2099082568807339,0.4941284403669724,0.4629357798165137,0.4611009174311926,0.4368807339449541,0.436697247706422,0.4275229357798165
19445,7050,160792,0.1172917247957049,2.7581560283687945,0.3625610696837233,125,5,780,5,8.269066598097197,22.807375886524824,0.0555618410902545,0.0422833633324761,0.0390845975829261,0.0285523270763691,0.0239238878889174,0.0473026484957572,0.0458524042170223,0.0593571612239649,0.0330059141167394,0.0239444587297505,0.0518488043198765,0.0406068398045769,0.0411211108254049,0.0421599382874774,0.0347750064283877,0.0540807405502699,0.075700694265878,0.0911391103111339,0.0912933916173823,0.090038570326562,0.0544304448444329,0.0468706608382617,0.0606325533556183,0.0663923887888917,0.065847261506814,0.0632656209822576,0.067060941115968,0.0637593211622524,0.068089483157624,0.0663203908459757,0.0473952172795062,0.0547184366160966,0.039413731036256,0.0527950629982,0.0394960143995885,0.0753201337104653,0.0759681151967086,0.0439084597582925,0.07647210079712,0.050038570326562,0.0477346361532527,0.0507174080740549,0.0569606582669065,0.0576292105939829,0.0528156338390331,0.0494934430444844,0.0157058369760863,0.01375160709694,0.0144407302648495,0.0143893031627667,0.0852969915145281,0.0894008742607353,0.089781434816148,0.089781434816148,0.0909951144253021,0.0564258164052455,0.0595320133710465,0.0538750321419387,0.0487734636153252,0.0457289791720236,0.0531961943944458,0.0603857032656209,0.0561275392131653,0.0499254307019798,0.0465312419645152,0.0534430444844432,0.0750115710979685,0.0503059912573925,0.0656415530984828,0.0820776549241449,0.0473952172795062,0.0548830033427615,0.0551812805348418,0.0687991771663666,0.0481974800719979,0.0280380560555412,0.0279352018513756,0.0528156338390331,0.0313911031113396,0.0255181280534841,0.0461506814091025,0.0461506814091025,0.0461506814091025,0.0439393160195422,0.002170223707894,0.0329442015942401,0.0655181280534841,0.0671535098997171,0.0540910259706865,0.0415428130624839,0.0563743893031627,0.0605399845718693,0.0587914631010541,0.0618359475443558,0.0628130624839289,0.0354024170737978,0.0853278477757777,0.0715248135767548,0.0353921316533812,0.0709179737721778,0.0893700179994857,0.0672049370017999,0.0890614553869889,0.0840524556441244,0.0890305991257392
1208,406,31668,6.456953642384105,2.9753694581280787,0.3360927152317881,145,5,989,5,26.21523178807947,78.0,0.892384105960265,0.8973509933774835,0.8882450331125827,0.8403973509933774,0.7867549668874172,0.8763245033112582,0.8985099337748345,0.9061258278145696,0.8781456953642384,0.8293046357615894,0.8948675496688742,0.8862582781456954,0.8882450331125827,0.8632450331125827,0.7730132450331125,0.8943708609271523,0.91158940397351,0.9150662251655628,0.9130794701986756,0.9112582781456954,0.525,0.5215231788079471,0.8978476821192054,0.8870860927152318,0.8728476821192054,0.614569536423841,0.6711920529801325,0.6816225165562914,0.355794701986755,0.389569536423841,0.8718543046357616,0.8832781456953642,0.8451986754966887,0.8847682119205299,0.8471854304635762,0.9008278145695364,0.9009933774834435,0.885430463576159,0.9009933774834435,0.8852649006622517,0.8869205298013245,0.8852649006622517,0.8872516556291391,0.8872516556291391,0.8852649006622517,0.6221854304635761,0.3635761589403973,0.3577814569536423,0.3814569536423841,0.4021523178807946,0.889569536423841,0.9117549668874172,0.9135761589403972,0.9135761589403972,0.9140728476821192,0.9014900662251656,0.9129139072847682,0.9129139072847682,0.9086092715231788,0.9094370860927152,0.8945364238410596,0.9105960264900664,0.9102649006622516,0.9129139072847682,0.9061258278145696,0.2923841059602649,0.4738410596026489,0.5503311258278145,0.5533112582781456,0.879635761589404,0.891225165562914,0.105298013245033,0.4417218543046357,0.7745033112582782,0.5144039735099337,0.858774834437086,0.8622516556291391,0.8968543046357615,0.8908940397350993,0.6602649006622516,0.8948675496688742,0.8947019867549668,0.8948675496688742,0.7799668874172185,0.1311258278145695,0.9021523178807946,0.9100993377483444,0.9071192052980132,0.911092715231788,0.91158940397351,0.9081125827814568,0.9026490066225163,0.9089403973509936,0.9089403973509936,0.9094370860927152,0.7951986754966888,0.8932119205298014,0.8922185430463576,0.7963576158940397,0.8932119205298014,0.9077814569536424,0.9077814569536424,0.9081125827814572,0.9081125827814572,0.910430463576159
16638,10217,134476,0.0791079752799754,1.628462366643829,0.6140762110830629,142,5,504,5,8.08246183435509,13.161984927082312,0.0574227671595143,0.0475177304964538,0.0433345354008894,0.0290179108065872,0.0227070561365548,0.0324678446928717,0.0327803822574828,0.0355331169611731,0.0425171294626757,0.0270705613655487,0.0402812838081499,0.0401971390792161,0.0360860680370236,0.03808150018031,0.0199062387306166,0.060055295107585,0.0887125856473133,0.1035941819930279,0.1019593701166005,0.1012261089073205,0.0599591297030892,0.0508474576271185,0.0683495612453419,0.0798773891092679,0.0785310734463276,0.0737588652482269,0.0791681692511118,0.0733982449813679,0.083796129342469,0.0796730376247144,0.0602836879432623,0.0565572785190527,0.020483231157591,0.0609808871258564,0.0204952518331529,0.0784228873662699,0.0789397764154345,0.0580358216131746,0.0792042312777977,0.060055295107585,0.0636975598028608,0.0609568457747325,0.066522418559923,0.0665584805866089,0.061137155908162,0.0541771847577833,0.0189085226589733,0.0149296790479624,0.0146171414833513,0.0154946507993748,0.0965260247625916,0.1009135713427094,0.1008053852626517,0.1008053852626517,0.0995792763553311,0.0523981247746122,0.0568217333814159,0.0502223824978963,0.0461473734823896,0.0432744320230796,0.0515446568097126,0.0589253516047601,0.0562687823055655,0.0477821853588171,0.044224065392475,0.0628080298112753,0.0742637336218295,0.0616179829306406,0.0736386584926072,0.0882437793003966,0.0333213126577713,0.0540689986777256,0.0545378050246423,0.0454261329486716,0.0526505589614135,0.0272148094722923,0.0251232119245101,0.0483591777857915,0.0335016227912008,0.0253996874624353,0.0326842168529871,0.032696237528549,0.0326842168529871,0.0322394518571943,0.0015867291741795,0.0343430700805384,0.0594903233561725,0.0638297872340425,0.0580718836398605,0.0405337179949512,0.0440918379612933,0.0507392715470608,0.0612693833393436,0.0659334054573866,0.070128621228513,0.0236206274792642,0.0896261569900228,0.0707536963577352,0.0247145089554032,0.0717393917538165,0.1020675561966582,0.0382257482870536,0.1020194734944103,0.0743118163240773,0.1020194734944103
643,1339,9596,1.1145477753761135,0.4802091112770724,2.082426127527216,89,5,49,5,14.923794712286158,7.166542195668409,0.0771384136858475,0.2127527216174183,0.2164852255054432,0.1953343701399688,0.1794712286158631,0.0161741835147744,0.0709175738724727,0.075272161741835,0.1888024883359252,0.2342146189735614,0.0877138413685846,0.0961119751166406,0.1166407465007775,0.1060653188180403,0.0870917573872472,0.2547433903576983,0.2852255054432348,0.2898911353032659,0.2858475894245723,0.286158631415241,0.0674961119751165,0.0637636080870917,0.1614307931570761,0.1860031104199066,0.2108864696734058,0.2584758942457231,0.2653188180404354,0.2653188180404354,0.2734059097978226,0.2724727838258164,0.2594090202177294,0.2752721617418351,0.2090202177293934,0.2746500777604976,0.2096423017107309,0.2671850699844478,0.2702954898911353,0.2743390357698289,0.2696734059097977,0.2743390357698289,0.2715396578538102,0.2749611197511664,0.2727838258164851,0.2727838258164851,0.2749611197511664,0.0740279937791601,0.2024883359253499,0.1558320373250388,0.1632970451010886,0.1642301710730948,0.1110419906687402,0.2587869362363919,0.2830482115085536,0.2830482115085536,0.2827371695178849,0.1953343701399688,0.2317262830482115,0.2497667185069984,0.2326594090202177,0.2180404354587869,0.1909797822706064,0.2292379471228615,0.2444790046656298,0.2472783825816485,0.2441679626749611,0.2354587869362363,0.2407465007776049,0.2556765163297044,0.2413685847589424,0.2606531881804043,0.0534992223950232,0.190357698289269,0.1925349922239501,0.2034214618973561,0.1996889580093312,0.1810264385692067,0.2099533437013996,0.1483670295489891,0.2385692068429238,0.0911353032659408,0.0740279937791601,0.0734059097978226,0.0740279937791601,0.0594090202177293,0.0239502332814929,0.196267496111975,0.2342146189735614,0.2326594090202177,0.2637636080870917,0.2360808709175738,0.1667185069984447,0.1984447900466562,0.2211508553654743,0.2435458786936236,0.2721617418351477,0.0612752721617417,0.2671850699844479,0.2612752721617418,0.0755832037325038,0.2643856920684292,0.300466562986003,0.0161741835147744,0.300466562986003,0.1626749611197511,0.300466562986003
3527,6339,77546,0.3468432039803104,0.5563969080296577,1.797278140062376,1024,5,356,5,21.98639070031188,12.233159804385547,0.2783101786220583,0.3579812872129288,0.3482279557697759,0.264303941026368,0.2053303090445137,0.0967961440317549,0.1104054437198752,0.1406294301105755,0.3317833853132974,0.2902183158491636,0.1973915508931102,0.2662886305642188,0.2631698327190246,0.2081088743975049,0.1022965693223702,0.3402324922030053,0.4089594556280124,0.4125886022115111,0.381400623759569,0.3647859370569889,0.2659483980720158,0.2428125886022115,0.3488517153388148,0.3687553161326906,0.3762971363765239,0.3716472923164162,0.3815140345903033,0.3733484547774311,0.3941026368018145,0.3888857385880351,0.2931102920328891,0.3114261411964842,0.2544371987524808,0.3180039693790756,0.2627161893960873,0.3477001703577512,0.3478705281090289,0.2972742759795571,0.3463373083475298,0.3068710959681999,0.3494187694924865,0.3273603629146583,0.3341083073433513,0.332690671959172,0.3194216047632549,0.2869294017578678,0.1993195350155939,0.152650978168415,0.1578111709668272,0.1582648142897646,0.4009072866458746,0.4336830167280975,0.432151970513184,0.432151970513184,0.4244400340232491,0.3264530762687836,0.359058690104905,0.3512900481996031,0.3071165296285795,0.2959455628012475,0.3292316416217749,0.3644457045647858,0.3545222568755316,0.3341083073433512,0.3239013325772611,0.3176070314715055,0.3045080805216898,0.3374539268500142,0.3508931102920328,0.3689254323787921,0.070087893393819,0.2688813174332765,0.2713798977853492,0.2965360590573537,0.2737649063032367,0.2780266515452225,0.2871562234193365,0.3135809469804366,0.3376240430961156,0.2192231358094697,0.0996881202154805,0.0994045931386446,0.0996881202154805,0.0999716472923163,0.007825347320669,0.2763254890842074,0.3903600793875815,0.3987524808619223,0.3548624893677345,0.3380209810036858,0.1892259710802381,0.2310178622058406,0.2780266515452225,0.3091012191664303,0.3429543521406294,0.0877799829883753,0.3876382194499574,0.3899064360646441,0.0848313013892826,0.396654380493337,0.3705131840090728,0.3048483130138928,0.3540686135525942,0.3342784235894528,0.3529345052452509
27879,10429,194439,0.0668749575731001,2.6732189088119664,0.3740808493848416,152,5,837,5,6.974389325298612,18.644069421804584,0.098167079163528,0.0890060619103984,0.082771978908856,0.056558700096847,0.0456329136626133,0.040030130205531,0.0602747587790092,0.1071415760967035,0.0529717708669607,0.0425409806664514,0.0703468560565299,0.0666451450912873,0.0624269163169409,0.0460346497363606,0.0256250224183076,0.0912156103160084,0.1257720865167329,0.1460597582409699,0.1417195738728074,0.1397037196456113,0.1165823738297643,0.1034900821406793,0.0936547221923311,0.1333907242010114,0.1337996341332185,0.1276516374331933,0.1327092076473331,0.1274507693963197,0.1364754833387136,0.1328885541088273,0.0877506366799382,0.0982029484558269,0.0349940815667706,0.088704759855088,0.0350084292836902,0.1190573549983858,0.1197030022597653,0.0851967430682592,0.119997130456616,0.0876143333692025,0.0912730011836866,0.0882456329136625,0.0951038416012051,0.0951540586104235,0.0886473689874098,0.0912443057498475,0.0286380429714121,0.0252878510706983,0.0258832813228594,0.0259191506151583,0.1525090569963054,0.1532264428422826,0.1535277448975931,0.1535277448975931,0.1523440582517306,0.1034255174145413,0.1046378994942429,0.0974281717421714,0.0940062412568599,0.0867032533448114,0.1003264105599196,0.1087772158255317,0.1012087951504716,0.092585817281825,0.0901467054055023,0.0806843860970622,0.1144947810179704,0.0766957207934286,0.101194447433552,0.1292227124358836,0.0344201728899888,0.0774746540312039,0.0782495856911421,0.0850586349679311,0.0751504049667809,0.0568528282936977,0.0540263280605473,0.0857634778865812,0.0603106280713081,0.0514867821657878,0.0400803472147494,0.0400803472147494,0.0400803472147494,0.0398005667348182,0.0012984683812187,0.0650884178055166,0.1119337135478316,0.1158793357007065,0.099020768320241,0.0776498439685784,0.0773126726209691,0.0832095842749022,0.0910793070052727,0.0984109903511603,0.1033681265468631,0.0321460597582409,0.1366261343663689,0.1226514580867319,0.0325693174073675,0.1212884249793751,0.1377524301445532,0.0884178055166971,0.1376089529753577,0.1203916926719035,0.1375730836830589
5130,1685,37126,0.4294977470051654,3.0445103857566767,0.3284600389863548,123,5,455,5,7.237037037037037,22.033234421364984,0.2566861598440545,0.3045614035087719,0.3,0.2406237816764131,0.1795711500974658,0.1257309941520467,0.1299025341130603,0.1838596491228069,0.2969590643274853,0.2285380116959064,0.1273294346978556,0.2211695906432748,0.2240155945419102,0.1684990253411305,0.1133723196881091,0.3282261208576997,0.3733723196881091,0.3840155945419103,0.3623781676413255,0.3523976608187134,0.2407797270955165,0.2177777777777777,0.3002729044834308,0.3382066276803118,0.3373879142300194,0.3385575048732943,0.3428460038986354,0.337933723196881,0.3444444444444444,0.3417933723196881,0.3596101364522417,0.3518128654970759,0.1382066276803118,0.3635087719298245,0.1385185185185185,0.3576218323586744,0.3577777777777777,0.3604678362573099,0.3582846003898635,0.3630799220272904,0.3677582846003898,0.3636647173489278,0.3697855750487329,0.3697855750487329,0.3636647173489278,0.2715009746588694,0.1268226120857699,0.0844054580896685,0.0872124756335282,0.0913060428849902,0.303625730994152,0.3729044834307992,0.371578947368421,0.371578947368421,0.3638986354775828,0.2878752436647173,0.3133723196881091,0.3137621832358674,0.2735672514619883,0.1771539961013644,0.2812865497076023,0.3026900584795322,0.2984795321637427,0.2756335282651071,0.214970760233918,0.2215204678362572,0.3320467836257309,0.2098245614035087,0.3428460038986355,0.3557115009746588,0.1337621832358673,0.1570760233918128,0.1705653021442494,0.2734892787524366,0.1603508771929824,0.2404678362573099,0.2492007797270955,0.2460428849902533,0.3046003898635477,0.1290448343079921,0.1275243664717348,0.1271345029239766,0.1275243664717348,0.1295126705653021,0.0092007797270954,0.2975828460038986,0.3271345029239766,0.3288109161793372,0.3292787524366471,0.3086549707602338,0.2339961013645223,0.2473294346978557,0.2799220272904483,0.3200779727095516,0.349980506822612,0.1221832358674463,0.354307992202729,0.350682261208577,0.1229239766081871,0.3573099415204678,0.3364132553606238,0.2890448343079922,0.332943469785575,0.3199220272904483,0.3331384015594542
1807,2062,28059,0.7530527096639483,0.876333656644035,1.1411178749308246,460,5,202,5,15.527946873270617,13.607662463627548,0.1768677365799667,0.2090758162700608,0.1964582180409518,0.1513004980630879,0.1175428887659103,0.045268400664084,0.1240730492529053,0.1310459324847813,0.201770890979524,0.1729939125622578,0.1432208079690093,0.1945766463752075,0.1842833425567238,0.1764250138350857,0.1507470946319867,0.1765356945213059,0.2190370780298837,0.2411732152739346,0.2340896513558383,0.2278915329275041,0.0830105146651908,0.0854454897620364,0.183508577753182,0.1807415605976756,0.1885998893193137,0.1983397897066961,0.2004427227448809,0.1996679579413392,0.2028776978417266,0.2016602102933037,0.157387935805202,0.1686773657996679,0.1390149418926397,0.1716657443276147,0.1420033204205865,0.2167127836192584,0.2138350857775318,0.1519645821804094,0.2149418926397343,0.1659103486441616,0.1935805201992252,0.1721084670724958,0.1817376867736579,0.1817376867736579,0.1734366353071388,0.1762036524626452,0.098727172108467,0.0742667404537907,0.0814609850581073,0.0816823464305478,0.1808522412838959,0.2386275594908688,0.2451577199778638,0.2451577199778638,0.2399557277255118,0.2120641947980077,0.2035417819590481,0.2063087991145544,0.1756502490315439,0.1685666851134477,0.2127282789153292,0.2106253458771444,0.2109573879358051,0.1840619811842833,0.1819590481460984,0.1975650249031543,0.2235749861649141,0.1719977863862755,0.1970116214720531,0.2327614831211953,0.1044825677919202,0.1541781959048145,0.1489762036524626,0.1667957941339236,0.1221914775871609,0.1602656336469285,0.1676812396236856,0.1898173768677365,0.1930271167681239,0.0885445489762036,0.1245157719977863,0.1246264526840065,0.1245157719977863,0.1199778638627559,0.0158273381294963,0.1504150525733259,0.2170448256779191,0.2198118428334255,0.2061981184283342,0.1852794687327061,0.1808522412838959,0.1955727725511898,0.2071942446043165,0.2181516325401217,0.2260099612617598,0.1019369120088544,0.2452684006640841,0.2315439955727725,0.1051466519092417,0.2319867183176535,0.227448810182623,0.2009961261759822,0.2201438848920863,0.2159380188157166,0.2202545655783065
34151,23098,470966,0.0597051444695103,1.478526279331544,0.6763491552223947,3544,5,2544,5,13.79069426956751,20.38990388778249,0.0869315686217094,0.0649351409914789,0.0537202424526367,0.0358056865099118,0.0380545225615647,0.0556235542151034,0.06949137653363,0.0877514567655412,0.0412052355714327,0.0365670112148984,0.0741647389534713,0.0678398875581973,0.0633129337354689,0.0544932798453924,0.0323094492108576,0.0548797985417703,0.0821937864191384,0.0973265790167198,0.0968053644109981,0.0945096776082691,0.0764252876928932,0.0680097215308482,0.0568123920236596,0.0820766595414482,0.0709906005680653,0.0804720213170917,0.0875054903223916,0.0809288161400837,0.0870721208749377,0.0821352229802933,0.0143480425170565,0.0169716845773183,0.016591022224825,0.017961406693801,0.0178091417528036,0.0793183215718426,0.0797575473631811,0.0143831805803636,0.0800269391818687,0.0147579865889724,0.035009223741618,0.0295979619923281,0.0311674621533776,0.0288952007261866,0.0233785247869754,0.0637053087757312,0.0194372053526982,0.015964393429182,0.0160932329946414,0.0158414102076073,0.0882668150273783,0.0898480278761968,0.0900178618488477,0.0900178618488477,0.0905449327984538,0.0911305671869051,0.069286404497672,0.0654739246288541,0.0555591344323738,0.0432608122748967,0.0908846007437556,0.0751310356944159,0.0730168955521067,0.064501771544025,0.0434423589353166,0.0592603437673859,0.0777488214107932,0.0549383619806154,0.0782466106409767,0.0883253784662235,0.0519282012239758,0.0472987015196395,0.0494363843633381,0.0566867094498585,0.0467071505806168,0.0303827120728529,0.0367602705630874,0.0539076454569412,0.0389388304881262,0.039096951773008,0.0553775877719538,0.0553834441158384,0.0553775877719538,0.0555708471201428,0.0010834236186348,0.0407308717167871,0.0611402301543146,0.0647945887382506,0.0673245292963602,0.0593364762378846,0.0563321718251295,0.0634242042692746,0.0694620948142074,0.0740300430441275,0.0778249538812918,0.0478873239436619,0.1014260197358788,0.0841790869959883,0.0480103071652367,0.0845656056923661,0.0986208310151971,0.088354660185646,0.0954408362859066,0.0935258118356709,0.0940236010658545
39387,23033,278677,0.0307183380910067,1.710024747101984,0.5847868586081703,136,5,441,5,7.075354812501587,12.099031823904832,0.0281818874247847,0.02526722014878,0.0236880188894812,0.0146139589204559,0.0106177165054459,0.0110797979028613,0.0154365653642064,0.0348744509609769,0.0170106888059511,0.0122019955822986,0.0211643435651356,0.0207174956203823,0.0198644222713077,0.0182547541066849,0.0092162388605376,0.0336456191129052,0.0539162667885342,0.0670068804427856,0.0666920557544367,0.066483865234722,0.0462436844644171,0.0400030466905323,0.0400436692309644,0.0553025109807804,0.0547439510498387,0.0513519689237565,0.0548759743062431,0.0514941478152689,0.0579582095615303,0.056201284687841,0.0344377586513316,0.0375098382715108,0.0062507934089927,0.0346205600832761,0.0062507934089927,0.0436743087820854,0.0443750476045395,0.0338588874501738,0.0445375377662679,0.0341737121385228,0.0381394876482087,0.0347475055221265,0.0387996039302307,0.0387945261126767,0.0347678167923425,0.0284764008429176,0.0082971538832609,0.0069819991367709,0.0069312209612308,0.0070226216772031,0.0659811612968745,0.0679259654200624,0.0678244090689821,0.0678244090689821,0.0677583974407799,0.0323050752786452,0.0320867291238225,0.0300606799197704,0.0281260314316906,0.0243125904486251,0.0313656790311523,0.0348185949678827,0.0321679742046867,0.0270647675629014,0.0254703328509406,0.0344225251986695,0.0411049330997536,0.0374285931906466,0.0432833168304262,0.051854672861604,0.0104196816208393,0.0319547058674181,0.0329448802904511,0.0090842156041333,0.0344123695635615,0.0117906923604234,0.0113844669561022,0.017955162870998,0.0157260009647852,0.0128367227765505,0.0103993703506232,0.0104399928910553,0.0103993703506232,0.0101861020133546,0.0004976261202934,0.0179399294183359,0.0285525681062279,0.0293802523675323,0.0322949196435371,0.0244192246172594,0.0238048086932235,0.0257343793637494,0.0315383248279888,0.0351638865615557,0.0393276969558483,0.008677990199812,0.0577652524944778,0.0492700637266102,0.008693223652474,0.0461319724782288,0.0657831264122679,0.0134308274303704,0.0657729707771599,0.0321019625764845,0.0657729707771599
19412,11924,167597,0.0724059057180122,1.6279771888627976,0.6142592211003503,550,5,309,5,8.633680197815783,14.055434417980544,0.0873480321450648,0.092375849989697,0.0876880280239027,0.0616628889346795,0.0456418710076241,0.0184628065114361,0.0214918607047186,0.0303420564599216,0.0868122810632598,0.0611271378528744,0.0315062847723057,0.0459303523593653,0.0461879249948484,0.0330929322068822,0.0154543581289923,0.1079229342674633,0.1448382443849165,0.1568205233875952,0.1514939212858025,0.1494951576344528,0.1007727179064495,0.0919637337729239,0.0828765711930764,0.116731918400989,0.1158458685349268,0.109262311971976,0.1124562126519678,0.1093138264990726,0.1245827323305171,0.1226251803008447,0.1194827941479496,0.1115804656913249,0.0401813311353801,0.1207294457036884,0.0401504224191221,0.1299093344323099,0.1297960024726972,0.1162991963733772,0.1301875128786317,0.1190191634040799,0.1252627240881928,0.120688234082011,0.1263857407788995,0.1264166494951575,0.1208015660416236,0.0891510405934472,0.052483000206058,0.0398928497836389,0.0412940449206676,0.0415516175561507,0.1599938182567483,0.1634555944776426,0.1631877189367401,0.1631877189367401,0.1631155985988048,0.1006902946630949,0.1006593859468369,0.0940449206676282,0.084246857613847,0.0790541932825056,0.0986709252009066,0.1027096641252832,0.0960436843189779,0.0845559447764269,0.0798063053781165,0.0801669070677931,0.087008036266227,0.0917679785699566,0.1013393777045126,0.1195137028642076,0.0098392746754584,0.0692149186070471,0.069369462188337,0.027529363280445,0.0760560478054811,0.0587883783226869,0.052544817638574,0.0828044508551411,0.0754687821965793,0.0588914073768802,0.0193797650937563,0.0195240057696269,0.0193797650937563,0.0187615907685966,0.0014836183803831,0.0704924788790438,0.1076859674428188,0.1111992581908097,0.1037296517617968,0.0730372965176179,0.0468679167525241,0.0572326396043683,0.0685349268493714,0.0763342262518029,0.0898516381619616,0.0156604162373788,0.1283226869977333,0.1215639810426539,0.0161343498866679,0.1226869977333607,0.1536884401401194,0.0566659798063053,0.1534926849371522,0.1119719760972594,0.1534926849371522
610,3650,90274,4.054525039299349,0.1671232876712328,5.983606557377049,2132,12,329,5,147.99016393442622,24.732602739726023,0.7078688524590164,0.7721311475409836,0.759016393442623,0.6688524590163935,0.6485245901639345,0.6049180327868852,0.64,0.6967213114754098,0.78,0.740983606557377,0.7098360655737705,0.7498360655737705,0.7465573770491802,0.6737704918032786,0.6036065573770492,0.7921311475409836,0.8249180327868852,0.8465573770491803,0.8295081967213115,0.8173770491803278,0.1767213114754098,0.2059016393442622,0.6091803278688525,0.6324590163934426,0.6613114754098361,0.7042622950819671,0.740983606557377,0.72,0.7586885245901639,0.7662295081967213,0.7606557377049181,0.760327868852459,0.760327868852459,0.7481967213114754,0.7436065573770492,0.7245901639344263,0.7262295081967214,0.720983606557377,0.7272131147540983,0.7147540983606557,0.7937704918032786,0.7645901639344262,0.760655737704918,0.7531147540983606,0.7478688524590165,0.6278688524590164,0.5022950819672131,0.4652459016393442,0.4691803278688524,0.4642622950819671,0.7098360655737705,0.8114754098360656,0.819344262295082,0.819344262295082,0.8265573770491803,0.6691803278688525,0.7944262295081967,0.8042622950819673,0.780655737704918,0.7731147540983606,0.6734426229508197,0.800983606557377,0.801967213114754,0.7911475409836066,0.7927868852459017,0.8055737704918033,0.7813114754098361,0.7645901639344262,0.7518032786885246,0.8078688524590163,0.602295081967213,0.7688524590163934,0.7734426229508197,0.7852459016393443,0.7347540983606557,0.7170491803278688,0.6763934426229509,0.740327868852459,0.7498360655737705,0.6793442622950819,0.6131147540983607,0.6140983606557378,0.6131147540983607,0.5983606557377049,0.0809836065573769,0.802622950819672,0.721639344262295,0.7196721311475409,0.8350819672131147,0.821311475409836,0.7222950819672131,0.7544262295081967,0.7859016393442623,0.7957377049180329,0.800327868852459,0.5426229508196722,0.7963934426229509,0.7885245901639344,0.5439344262295082,0.7895081967213116,0.7927868852459017,0.7927868852459017,0.7793442622950819,0.7793442622950819,0.7632786885245901
38609,18534,346355,0.0484020492904037,2.0831444912053523,0.4800435131705043,292,5,1089,5,8.970835815483436,18.687547210532,0.0851718511227951,0.0803232406951746,0.0747908518739153,0.0538061073842885,0.044901447848947,0.0331580719521354,0.0697246755937734,0.0932943096169286,0.0518013934574839,0.040228962159082,0.0576653111968711,0.0568520293195886,0.0545416871713848,0.0390686109456343,0.0096091584863632,0.0912999559688155,0.1204071589525757,0.1350306923256235,0.1312699111606102,0.1285296174467092,0.096190007511202,0.0878085420497811,0.0854360382294283,0.1030744127017016,0.1025356782097438,0.0948483514206531,0.0993239918153797,0.0948846123960734,0.1067833924732574,0.1025408583490895,0.0932735890595456,0.0934186329612266,0.0458131523737988,0.0951902406174725,0.0460566189230489,0.1064363231370923,0.1069646973503586,0.0914449998704964,0.1070268590225076,0.0935429563055245,0.0977440493149265,0.0949623144862596,0.0995519179465927,0.0995933590613587,0.0951228988059778,0.0840063197700017,0.0378771788961122,0.0324432127224221,0.0341008573130616,0.0339506332720349,0.134999611489549,0.136646895801497,0.1374187365640135,0.1374187365640135,0.1380299930068118,0.0891242974436012,0.0859281514672744,0.0806703100313398,0.0797741459245253,0.0722370431764614,0.0891553782796756,0.0894920873371493,0.0845139734258851,0.0778005128337951,0.074179595431117,0.0807376518428345,0.0956616332979356,0.0801626563754564,0.094418399854956,0.1079023025719391,0.017477790152555,0.075003237587091,0.0735579787096272,0.0217928462275634,0.0749773368903623,0.0484394830220932,0.0469735035872464,0.0733611334144888,0.0566241031883757,0.0536144422284959,0.0272216322619078,0.0272268124012535,0.0272216322619078,0.0275376207619984,0.0009324250822346,0.0615089745914164,0.0876220570333341,0.090217306845554,0.0889844336812659,0.0712994379548809,0.0568882902950089,0.0630163951410292,0.0775000647517417,0.0833432619337459,0.0906990598047087,0.0218446476210209,0.105825066694294,0.1006242067911626,0.0226113082441917,0.0974436012328731,0.1290424512419384,0.0878240824678183,0.1274262477660648,0.1090522935066952,0.1260535108394415
1474,1021,15887,1.0556468835592316,1.443682664054848,0.6926729986431479,103,5,182,5,10.778154681139757,15.560235063663075,0.3219810040705563,0.3814111261872456,0.364314789687924,0.3025780189959294,0.2568521031207598,0.0294436906377204,0.1705563093622794,0.1758480325644504,0.3891451831750339,0.3232021709633649,0.2056987788331071,0.2195386702849389,0.2981004070556309,0.2671641791044776,0.2645861601085481,0.3123473541383988,0.3739484396200813,0.4119402985074626,0.4024423337856174,0.3959294436906377,0.2510176390773405,0.2383989145183174,0.3708276797829036,0.3578018995929443,0.3659430122116689,0.3337856173677069,0.3434192672998643,0.3366350067842605,0.3241519674355494,0.3241519674355494,0.3670284938941655,0.3865671641791044,0.3132971506105834,0.3862957937584803,0.3139755766621438,0.3960651289009497,0.3974219810040705,0.3862957937584803,0.3981004070556309,0.3862957937584803,0.3913161465400271,0.3862957937584803,0.3917232021709633,0.3917232021709633,0.3862957937584803,0.2914518317503392,0.212618724559023,0.1614654002713703,0.1645861601085481,0.1652645861601085,0.3332428765264586,0.4071913161465399,0.4035278154681139,0.4035278154681139,0.3938941655359566,0.3777476255088195,0.3781546811397557,0.3807327001356851,0.3542740841248303,0.3373134328358209,0.3782903663500678,0.3778833107191315,0.380325644504749,0.3609226594301221,0.3552238805970149,0.3101763907734057,0.3925373134328358,0.2659430122116689,0.3253731343283582,0.3986431478968791,0.1678426051560379,0.2610583446404341,0.2602442333785617,0.2724559023066485,0.1976933514246946,0.3317503392130257,0.3430122116689281,0.3415196743554952,0.3782903663500678,0.155495251017639,0.173270013568521,0.1724559023066486,0.173270013568521,0.1493894165535956,0.0253731343283581,0.2991858887381275,0.3919945725915875,0.3983717774762551,0.3647218453188602,0.3445047489823609,0.3202170963364993,0.3497964721845318,0.3647218453188602,0.3915875169606512,0.3968792401628222,0.1446404341926729,0.4028493894165535,0.3867028493894165,0.1531886024423337,0.3895522388059701,0.3991858887381275,0.343012211668928,0.3934871099050203,0.3854816824966078,0.3937584803256445
854,8870,450123,5.9422335108475535,0.0962795941375422,10.386416861826698,4085,22,730,5,527.076112412178,50.7466741826381,0.9355971896955504,0.9274004683840752,0.906088992974239,0.8505854800936768,0.8070257611241217,0.9039812646370023,0.9203747072599532,0.9334894613583138,0.9224824355971896,0.9304449648711944,0.9372365339578456,0.9276346604215456,0.9159250585480094,0.8875878220140516,0.54192037470726,0.9391100702576112,0.9482435597189696,0.9618266978922716,0.9660421545667448,0.9644028103044496,0.4695550351288056,0.5217798594847775,0.8992974238875877,0.8339578454332554,0.8142857142857143,0.6046838407494145,0.692271662763466,0.6046838407494145,0.7690866510538641,0.7063231850117095,0.9304449648711944,0.9255269320843093,0.9255269320843093,0.9220140515222482,0.9163934426229507,0.9173302107728338,0.9173302107728336,0.8695550351288055,0.9170960187353632,0.8892271662763467,0.946135831381733,0.9304449648711944,0.9271662763466044,0.923185011709602,0.918735362997658,0.8718969555035129,0.6121779859484777,0.537704918032787,0.5456674473067916,0.5487119437939111,0.9058548009367682,0.945433255269321,0.9526932084309132,0.9526932084309132,0.955503512880562,0.9096018735362998,0.9372365339578456,0.9433255269320844,0.9365339578454333,0.9131147540983606,0.9117096018735364,0.9379391100702577,0.94192037470726,0.928337236533958,0.9381733021077284,0.952927400468384,0.9016393442622952,0.9494145199063232,0.8934426229508198,0.915456674473068,0.9016393442622952,0.93864168618267,0.9423887587822016,0.9435597189695548,0.9388758782201408,0.7824355971896956,0.7747072599531616,0.8775175644028103,0.7601873536299766,0.8058548009367682,0.9035128805620608,0.9030444964871194,0.9035128805620608,0.9056206088992974,0.1152224824355971,0.943793911007026,0.9079625292740048,0.9070257611241216,0.9517564402810303,0.9456674473067916,0.9241217798594848,0.9332552693208432,0.9379391100702577,0.9440281030444964,0.947775175644028,0.7810304449648712,0.9192037470725996,0.9266978922716628,0.780327868852459,0.9266978922716628,0.9386416861826696,0.9386416861826696,0.9416861826697892,0.9416861826697892,0.9416861826697892
4898,13073,126702,0.1978743167782559,0.3746653407787042,2.66904859126174,554,5,183,5,25.868109432421395,9.691884035798974,0.0653327888934258,0.0503879134340546,0.0456921192323396,0.0314822376480195,0.029236423029808,0.0507962433646385,0.0553695385871784,0.0574111882400979,0.0655369538587178,0.0472846059616169,0.0563903634136381,0.0501837484687627,0.0489995916700693,0.048550428746427,0.0203756635361371,0.0889342588811759,0.1260106165781951,0.1247856267864434,0.1098815843201306,0.1026133115557369,0.0458962841976316,0.0384646794610044,0.0683135973866883,0.0721927317272355,0.0770110249081257,0.0745610453246222,0.0775826868109432,0.076316864026133,0.0906492445896283,0.0870559412004899,0.0710085749285422,0.0824009799918333,0.0729277256022866,0.0843201306655777,0.0768885259289505,0.0944058799510003,0.0968966925275622,0.0741527153940383,0.1004899959167006,0.0764393630053082,0.0846876276031032,0.0803184973458554,0.0844426296447529,0.0854634544712127,0.0837484687627602,0.0570845242956308,0.0300530828909758,0.0248264597795017,0.0260106165781951,0.0280114332380563,0.0702327480604328,0.0779501837484687,0.0778685177623519,0.0778685177623519,0.0762760310330747,0.0741527153940383,0.0672111065741118,0.0695794201714985,0.0571253572886892,0.0536953858717843,0.0730502245814617,0.0763985300122498,0.0815434871376071,0.0732543895467537,0.0629236423029807,0.0594528378930175,0.0630461412821559,0.0650061249489587,0.0632911392405063,0.0897100857492853,0.0477746018783176,0.0478562678644344,0.0493262556145365,0.0599836668027766,0.0476521028991424,0.0341772151898733,0.029971416904859,0.0570436913025724,0.0418946508779093,0.032053899550837,0.055124540628828,0.0551653736218864,0.055124540628828,0.0546753777051857,0.0046957942017149,0.0432829726418946,0.0765618619844834,0.0786851776235197,0.0655777868517762,0.062841976316864,0.0559820334830542,0.0592078399346671,0.0615353205389954,0.0658227848101265,0.0726827276439362,0.0411188240097998,0.1057166190281747,0.0993058391180073,0.0419354838709676,0.0987341772151898,0.1178440179665168,0.070681910984075,0.1132298897509187,0.0866067782768476,0.1130665577786851
1429,900,10261,0.7978384262499028,1.5877777777777775,0.6298110566829951,42,5,163,5,7.1805458362491255,11.401111111111112,0.056403079076277,0.1318404478656402,0.1231630510846745,0.0982505248425471,0.0832750174947515,0.0163750874737578,0.1202239328201539,0.1205038488453463,0.1550734779566129,0.1097270818754373,0.1179846046186143,0.115885234429671,0.1336599020293911,0.1258222533240027,0.1200839748075577,0.1205038488453463,0.1641707487753673,0.1944016794961511,0.1948215535339397,0.1925822253324002,0.0871938418474457,0.0871938418474457,0.1347795661301609,0.1235829251224632,0.1269419174247725,0.1227431770468859,0.1276417074877536,0.1237228831350594,0.1146256123163051,0.1160251924422673,0.1389783065080475,0.1430370888733379,0.0526242127361791,0.1428971308607417,0.0526242127361791,0.1783065080475857,0.1780265920223932,0.1414975507347795,0.1781665500349894,0.142477256822953,0.1517144856543036,0.1428971308607417,0.1539538138558432,0.1539538138558432,0.1428971308607417,0.043107067879636,0.0668999300209936,0.0509447165850244,0.0530440867739677,0.0545836249125262,0.1189643107067879,0.1711686494051784,0.1736878936319104,0.1736878936319104,0.1727081875437368,0.1615115465360391,0.1605318404478656,0.1560531840447865,0.1290412876137158,0.1207837648705388,0.1573128061581525,0.1531140657802658,0.1564730580825752,0.1332400279916024,0.1298810356892931,0.1111266620013995,0.1925822253324002,0.0953114065780265,0.1135059482155353,0.1931420573827851,0.1254023792862141,0.0773967809657102,0.0775367389783064,0.0825752274317704,0.061441567529741,0.1132260321903428,0.118404478656403,0.1308607417774667,0.1461161651504548,0.0438068579426171,0.1199440167949614,0.1199440167949614,0.1199440167949614,0.0908327501749474,0.0160951714485654,0.0954513645906227,0.1574527641707487,0.1559132260321903,0.1296011196641007,0.1298810356892931,0.1431770468859342,0.1526941917424772,0.1627711686494051,0.1609517144856543,0.1622113365990202,0.1174247725682295,0.1708887333799859,0.1480755773268019,0.1132260321903428,0.1533939818054583,0.1920223932820153,0.0916724982505248,0.1917424772568229,0.1545136459062281,0.1917424772568229
19856,8510,157836,0.0934081438057894,2.3332549941245597,0.4285858178887993,147,5,520,5,7.949033037872684,18.54712103407756,0.100644641418211,0.0924053182917001,0.085354552780016,0.0590753424657533,0.0484689766317485,0.0388195004029008,0.0516821112006446,0.0888799355358581,0.0645245769540692,0.0459911361804995,0.0688759065269943,0.0693090249798548,0.0659750201450442,0.0669218372280418,0.033188960515713,0.1009871071716357,0.1389302981466558,0.1557715551974214,0.1497481869460112,0.147008460918614,0.1058319903303786,0.0937751813053988,0.1056607574536663,0.1260878323932312,0.1270547945205479,0.1174556809024979,0.1240834004834809,0.117475825946817,0.1304693795326349,0.1255539887187751,0.1069298952457695,0.1117949234488315,0.057453666398066,0.1107675261885575,0.0575342465753424,0.1306607574536664,0.1309024979854955,0.1022763900080579,0.1309629331184528,0.107655116841257,0.1108078162771957,0.1101631748589846,0.1189464141821111,0.1191176470588234,0.1108178887993553,0.0946615632554391,0.0338134568896051,0.0272663174858984,0.0278807413376309,0.0283037872683319,0.1570205479452054,0.1583299758259468,0.1575342465753424,0.1575342465753424,0.156114020950846,0.0997280419016921,0.104865028203062,0.095265914585012,0.0892022562449637,0.082967365028203,0.0977538275584206,0.1062248186946011,0.0985999194198226,0.0896253021756647,0.086694198227236,0.0950745366639806,0.1246172441579371,0.0953767123287671,0.1175161160354552,0.1401289282836421,0.0326450443190974,0.0874294923448831,0.0901692183722803,0.1014907332796131,0.0852538275584205,0.0601430298146655,0.0579170024174052,0.0938759065269943,0.0674556809024979,0.0572824335213537,0.0370870265914584,0.0372683319903303,0.0370870265914584,0.0376611603545527,0.0017324738114422,0.067163577759871,0.1130237711522964,0.1173549556809024,0.1008863819500402,0.0762288477034649,0.0812449637389201,0.0902800161160354,0.0987812248186945,0.1059931506849314,0.1138799355358581,0.0298348106365833,0.1382453666398065,0.1240632554391619,0.0305398871877517,0.1246273166800966,0.1439766317485898,0.1043311845286059,0.1427880741337631,0.1307111200644641,0.1428485092667203
14681,8713,151254,0.1182451988461481,1.6849535177321244,0.5934881820039507,204,5,742,5,10.302704175464887,17.359577642603007,0.1243103330835773,0.1298004223145562,0.1254138001498535,0.0920918193583543,0.0779102240991757,0.0616715482596552,0.091696750902527,0.1155915809549757,0.1101559839248007,0.0824603228662897,0.1029902595191063,0.112812478713984,0.1084258565492813,0.0823377154144812,0.0498058715346365,0.1350452966419181,0.1749199645800694,0.1910360329677814,0.1851781213813772,0.179320209794973,0.1330972004631836,0.1169538859750698,0.1372249846740685,0.1629180573530413,0.1611879299775219,0.1523193242967099,0.1599073632586335,0.1521558476942987,0.1660104897486546,0.1614603909815407,0.1444860704311695,0.1472787957223622,0.0993937742660581,0.1484912471902459,0.0995981200190722,0.1497854369593351,0.1508071657244056,0.1439820175737347,0.1518970097404808,0.1465976432123152,0.1534772835637899,0.1487773312444656,0.1552891492405149,0.1551256726381036,0.1487228390436618,0.1273891424289898,0.0530481574824602,0.0432804304883862,0.0452285266671207,0.0472583611470607,0.189537497445678,0.1967304679517743,0.1971391594578025,0.1971391594578025,0.1969620598051903,0.1438321640215244,0.1434779647162999,0.1345821129350861,0.1260949526599005,0.1201553027722907,0.1416116068387712,0.1453443225938287,0.1392956883046114,0.1276479803828077,0.1256317689530685,0.1172263469790886,0.1538178598188134,0.1101423608745998,0.150262243716368,0.1698658129555207,0.0604182276411688,0.1046250255432191,0.1046795177440228,0.141652475989374,0.0906886451876574,0.0871875212860159,0.086479122675567,0.122117022001226,0.1035488045773448,0.0852666712076833,0.0611947415026223,0.0611811184524214,0.0611947415026223,0.0611811184524214,0.0024112798855662,0.0996934813704788,0.1520059941420884,0.1557659559975477,0.1412846536339486,0.1132892854710169,0.1119133574007219,0.125304815748246,0.1294462230093317,0.1368571623186431,0.146638512362918,0.0549826306109937,0.1567604386622164,0.1452489612424222,0.0553913221170219,0.1484367549894421,0.177944281724678,0.1329882160615761,0.1759689394455418,0.1561474014031741,0.1713915945780259
1761,443,10730,1.3754241318356208,3.975169300225734,0.2515616127200454,10,5,565,5,6.0931289040318,24.221218961625283,0.2306643952299829,0.2544009085746734,0.21396933560477,0.1562748438387279,0.1269733106189664,0.0516751845542305,0.3254968767745599,0.3252697331061897,0.2304372515616126,0.1551391254968767,0.311641113003975,0.3052810902896081,0.2506530380465644,0.2396365701306075,0.2709823963657012,0.2365701306076092,0.2882453151618398,0.3273140261215218,0.3362862010221465,0.3350369108461102,0.2342986939239068,0.2272572402044292,0.1608177172061328,0.2013628620102214,0.2021578648495173,0.1025553662691652,0.1143668370244179,0.1101646791595683,0.0723452583759227,0.0749574105621805,0.3027825099375354,0.3085746734809767,0.1434412265758091,0.3027825099375354,0.1434412265758091,0.3300397501419648,0.3299261783077797,0.3036910846110164,0.3300397501419648,0.3027825099375354,0.3074389551391254,0.3027825099375354,0.3082339579784213,0.3082339579784213,0.3027825099375354,0.0863145939806927,0.0402044293015331,0.0347529812606473,0.0375922771152753,0.0392958546280521,0.2957410562180579,0.2966496308915388,0.3078932424758659,0.3078932424758659,0.3184554230550823,0.3043725156161271,0.3201590005678592,0.317206132879046,0.2818852924474729,0.2779102782509937,0.2963089153889834,0.3187961385576376,0.3181147075525269,0.2963089153889834,0.2898353208404315,0.0607609312890402,0.335831913685406,0.0382737081203861,0.212152186257808,0.3416240772288472,0.3225440090857467,0.0533787620670073,0.0513344690516751,0.0544009085746734,0.0258943781942077,0.2195343554798409,0.217717206132879,0.3268597387847813,0.2738216922203293,0.0648495173197046,0.3248154457694491,0.3249290176036342,0.3248154457694491,0.1775127768313458,0.0308915388983531,0.1710391822827938,0.3176604202157864,0.3176604202157865,0.2356615559341283,0.2709823963657012,0.3140261215218626,0.3052810902896081,0.2992617830777966,0.302328222600795,0.3119818285065303,0.3102782509937535,0.2581487791027824,0.2578080636002271,0.3149346961953435,0.263259511641113,0.3336740488358887,0.3148211243611584,0.3336740488358887,0.3310618966496308,0.3336740488358887
25587,15254,546349,0.139980339125212,1.6773960928281106,0.596162113573299,1214,5,8026,5,21.35260093015985,35.81676937196801,0.4335482862391058,0.4691913862508305,0.4365810763278227,0.3302536444288114,0.3284245906124203,0.3245398053699144,0.4311642631023566,0.4752569664282643,0.3666940243092195,0.2862312893266111,0.403665924102083,0.3810294290069175,0.343416578731387,0.2692148356587329,0.2258256145698987,0.4745691171297925,0.541454644936882,0.5488724743033572,0.5160589361785282,0.4970414663696408,0.4489389142924141,0.4195724391292453,0.3031070465470746,0.4664087231797397,0.4718020869973033,0.4219486457966936,0.4497049282838941,0.4241685230781256,0.4702622425450424,0.4580529174971665,0.437761363192246,0.4658772032672841,0.4107867276351272,0.4701684449134325,0.4175870559268378,0.4717356781786205,0.4722437508216111,0.4515450805214671,0.4729003513511204,0.459650956848643,0.480900457263454,0.4775002931175988,0.4808691913862508,0.4806737796537303,0.4754054793449798,0.2811115019345761,0.1341149802634149,0.1135732989408683,0.1147223199280884,0.1159416891390158,0.5452690819556806,0.5463868370656975,0.5455348419119084,0.5455348419119084,0.5453785125258921,0.5322155782233166,0.5328252628287802,0.5190213780435378,0.4996990659319185,0.4688630945401962,0.5334974791886504,0.5347012154609763,0.5317778559424708,0.5141439011998281,0.4065111189275804,0.2876695196779614,0.4462578653222339,0.2676515417985695,0.4621878297572986,0.4897565169812795,0.3079454410442802,0.2068810779500922,0.2143940235879899,0.4227819610149739,0.2006662652260079,0.305311290889905,0.2657521397584711,0.393895337476062,0.3237347090319302,0.3105952241372572,0.3162387149724469,0.3162934302575526,0.3162387149724469,0.3163481455426583,0.0025169031148629,0.4138117012545432,0.5414780943447844,0.5488490248954547,0.5247508500410365,0.4560050025403525,0.3825380075819752,0.3986946496267635,0.4208777895024816,0.4325086958220971,0.4410130144213858,0.2947668738031031,0.4198303826161722,0.4347832883886348,0.2969085863915269,0.4335482862391058,0.5119005745104935,0.5060773048813851,0.4833626450932113,0.4817680853558448,0.4656896080040645
23421,11888,802784,0.2883264452539774,1.9701379542395692,0.5075786687161095,2389,5,2629,5,34.276247811792835,67.52893674293405,0.3546646172238589,0.3807523162973399,0.3537167499252807,0.2722940950429102,0.2649331796251227,0.20072584432774,0.3999829213099355,0.4283335468169591,0.3682677938602109,0.324025447248196,0.364544639426156,0.3419409931258272,0.316246103923829,0.192007173049827,0.0940608855300798,0.3750565731608385,0.4272234319627684,0.461073395670552,0.4663848682806028,0.4627129499167413,0.3613509243840997,0.3219333077152982,0.4099995730327483,0.3753810682720635,0.3849536740532001,0.3171854318773749,0.3623671064429358,0.314871269373639,0.3753383715469023,0.3415481832543444,0.4105546304598437,0.4163699244267964,0.3909824516459587,0.4160625080056359,0.3904188548738311,0.3442380769394987,0.3505315742282567,0.4009649459886427,0.3539814696212801,0.4041672003757311,0.4305537765253405,0.4234148840783911,0.4213910593057512,0.4198027411297553,0.4186755475855001,0.3657828444558302,0.1278083770974765,0.0853934503223602,0.0887750309551257,0.0913966098800221,0.4618077793433243,0.4641560992271892,0.463609581145126,0.463609581145126,0.4611758678109388,0.4398445839204132,0.4062849579437257,0.3895393023355108,0.389291661329576,0.3598821570385551,0.4353016523632637,0.4091114811493958,0.403945177404893,0.396345160326203,0.3503180906024507,0.4218351052474275,0.4281969172964433,0.384048503479783,0.4423466120148583,0.4552410230135348,0.1515989923572861,0.3322146791341104,0.3334614235088168,0.4007770803979334,0.2929678493659536,0.273737244353358,0.266137227274668,0.3206011698902694,0.2807736646599206,0.2275906237991545,0.1736561205755518,0.1736048845053584,0.1736561205755518,0.1743648862132273,0.0057042824815336,0.358609794628752,0.4319542291106272,0.4362922163870031,0.4090687844242346,0.3761154519448358,0.37597882242432,0.3969429144784594,0.411758678109389,0.4249519661841936,0.435677383544682,0.1412407668331838,0.3621877801972589,0.3690448742581443,0.1404039110200247,0.3687118398018871,0.4295461338115366,0.4294692797062465,0.4318346782801758,0.4318261389351437,0.4276162418342513
22178,17803,240938,0.0610224626172515,1.2457450991405945,0.802732437550726,2767,5,300,5,10.863829019749302,13.533561759254058,0.2550545585715574,0.2990260618631075,0.2932726124988727,0.208386689512129,0.1458382180539272,0.0171791865812967,0.0234015691225538,0.0777166561457299,0.3186130399494994,0.2356569573451167,0.0877355938317251,0.1267923167102533,0.1198484985120389,0.0579673550365226,0.0053386238614843,0.3273604472901072,0.3902966904139237,0.4031472630534763,0.3849219947695914,0.3713139146902335,0.3258724862476327,0.3295968978266751,0.1633961583551266,0.3047975471187663,0.302984940030661,0.2852556587609342,0.2742537649923347,0.2847416358553521,0.3146271079448101,0.3242853278023266,0.2981513211290468,0.3003787537199026,0.1551627739201009,0.3017134096852737,0.1553250969429163,0.3102263504373703,0.3075299846694923,0.2814410677247722,0.3054919289385878,0.2844260077554333,0.3410677247722968,0.321453692848769,0.328523762286951,0.3245558661736856,0.308954820091983,0.2534854360176751,0.1850843177924068,0.1470105509964829,0.1529984669492289,0.1559292993056181,0.4196861754892235,0.4201641266119577,0.4207863648660835,0.4207863648660835,0.4182162503381729,0.3174226711155198,0.3315447741004599,0.3153395256560555,0.2963206781495175,0.2106862656686806,0.3245829200108215,0.3394805663269907,0.3325006763459283,0.2946974479213635,0.2139958517449725,0.1272251781044278,0.1005951844169897,0.1968888087293714,0.1910722337451527,0.2829741184958066,0.0093966994318693,0.1167914149156821,0.1154297051131751,0.0398142303183334,0.1640364325006763,0.1888808729371449,0.1598250518531878,0.264667688700514,0.2468121561908197,0.2159888177473171,0.0190549192893858,0.0191090269636576,0.0190549192893858,0.0191901884750653,0.0012084047254035,0.2665434214086031,0.3566146631797276,0.3607539002615204,0.3103706375687618,0.2785012174226711,0.0254396248534583,0.0394805663269906,0.0780593380827846,0.1319956713860582,0.1954729912525926,0.0176571377040309,0.2770763820001803,0.313562990350798,0.0180719632067814,0.3162232843358282,0.3907295518080981,0.2120389575254756,0.3892415907656236,0.3296870772837947,0.3890702497970962
5541,3568,64706,0.3272891118227514,1.5529708520179373,0.6439270889731096,578,5,272,5,11.677675509835767,18.135089686098656,0.2381519581303013,0.3063345966432051,0.3034831257895686,0.2318715033387474,0.1800036094567767,0.0615051434759068,0.0708175419599349,0.1026890452986825,0.3124706731636889,0.2446489803284605,0.0890092041147806,0.2136076520483666,0.2207904710341093,0.1651687421043132,0.0836672080851831,0.2972387655657823,0.3514528063526439,0.3621007038440714,0.3400830175058653,0.3305179570474643,0.2457679119292546,0.2206460927630391,0.3097635805811225,0.3289658906334596,0.3268363111351741,0.327161162245082,0.3370149792456235,0.3283161884136437,0.3471936473560729,0.3440534199602959,0.3067677314564158,0.309402634903447,0.2148348673524634,0.3122180111893159,0.2168200685796787,0.3153221440173254,0.3152138603140227,0.2941707273055404,0.3156109005594658,0.3061541238043674,0.3219274499187872,0.311893160079408,0.3212777476989712,0.3211694639956686,0.3133730373578776,0.2518317993142032,0.1702941707273055,0.1283161884136437,0.1315286049449557,0.1319978343259339,0.360043313481321,0.3791373398303555,0.3789929615592853,0.3789929615592853,0.3741201949106659,0.2963364013715935,0.3170185887024003,0.3031943692474282,0.2671358960476447,0.2601335499007399,0.2974914275401552,0.3128316188413643,0.3046020573903627,0.2773145641580942,0.2728749323226854,0.2975997112434578,0.2929796065692113,0.3082476087348854,0.3316368886482584,0.3375563977621367,0.0632376827287492,0.2394874571377007,0.2398123082476086,0.2643205197617758,0.2429525356433856,0.241797509474824,0.2434939541598989,0.2565601876917524,0.2911026890452987,0.1730734524454069,0.0658364916080129,0.0660891535823857,0.0658364916080129,0.0649341274138241,0.0059556036816458,0.2441797509474824,0.3388558022017686,0.3408410034289839,0.3124345785959213,0.2773506587258617,0.1812308247608734,0.2247608734885399,0.262696264212236,0.2913553510196715,0.3178848583288214,0.0530229200505323,0.335932142212597,0.3463273777296517,0.0506406785778739,0.3486013354990073,0.331348132106118,0.2839559646273235,0.3234795163327918,0.3100884316910305,0.3229020032485111
43536,8655,714773,0.1896935404733409,5.030155979202773,0.1988009922822491,419,5,3790,5,16.41797592796766,82.58497978047372,0.2923649393605291,0.30404263138552,0.2733783535464902,0.2087330025725836,0.2111769570011024,0.2274623300257258,0.3165288496876148,0.2767548695332598,0.1729051819184123,0.1787256523337008,0.2704612274898934,0.2586227489893421,0.247758177140757,0.0831909224549797,0.0609564498346196,0.2919836457184858,0.3229557148107313,0.3504685777287761,0.3528574053656744,0.3473814773980154,0.2916345093715545,0.2631477398015435,0.2963065049614112,0.3076212789415656,0.3100238882763689,0.2768237780227857,0.3021177875780962,0.276313855200294,0.3036108048511576,0.2878123851525174,0.3259141859610437,0.3321067622197721,0.3031100698272693,0.3329152884968761,0.3039369717015803,0.3131523337008453,0.3138368246968026,0.3264884233737596,0.3143697170158029,0.3303427048879088,0.3349641675854465,0.3335216832047041,0.3331955163542815,0.3332506431459022,0.3332092980521867,0.2649669239250276,0.1217842704887908,0.0928105475927967,0.0951212789415655,0.0955209481808158,0.3523474825431826,0.3524715178243293,0.3536751194413818,0.3536751194413818,0.3549705990444689,0.3167585446527011,0.3085722160970231,0.2982451304667401,0.2978868063212053,0.2830301359794193,0.3176451672179345,0.313409592061742,0.3071389195148842,0.2957184858507901,0.2927737963983829,0.2824513046674016,0.3504777655273796,0.2585492466005145,0.3388414185961043,0.3402149944873208,0.0975606394707827,0.2471977214259463,0.2473998529952223,0.3054667401690554,0.2233829474457919,0.2156284454244762,0.2130972069092245,0.2779309077545019,0.2183158765159867,0.19457460492466,0.0950661521499448,0.0950661521499448,0.0950661521499448,0.0966097023153252,0.0038450937155457,0.2514792355751561,0.3370176405733186,0.3397326350606394,0.2961503123851524,0.2748024623300257,0.2693862550532891,0.2890022050716648,0.3083379272326351,0.3140619257625873,0.3197262036016171,0.0857726938625504,0.2815784638000734,0.2759325615582506,0.0861585814038956,0.2759830944505696,0.3260887541345093,0.3259968761484748,0.3268880926130099,0.3268834987137081,0.3203739434031606
26039,15483,709356,0.1759482011686537,1.6817800167926114,0.5946080878681977,1009,5,5427,5,27.242059986942664,45.81515210230575,0.1861976266369675,0.1465110027266792,0.1256269441990859,0.0928837512961326,0.1045969507277544,0.1652828449633241,0.2233956757171934,0.2395944544721379,0.172664080801874,0.1508122431737009,0.1689926648488804,0.1562271976650408,0.1487077076692652,0.1476477591305349,0.1412112600330273,0.2500096009831406,0.3249356734129575,0.3614501324935673,0.3494911478935443,0.3347133146434194,0.1615576635047428,0.1240984676830907,0.2264987134682591,0.1898997657360113,0.1938937747225315,0.1516264065440301,0.1845923422558469,0.1507584776681131,0.2040784976381581,0.180844118437728,0.3433772418295633,0.3192902953262414,0.3004032412919082,0.3102576903874956,0.289696224893429,0.2103844233649525,0.2114136487576327,0.2985675333154114,0.2132109528015668,0.2995429932025039,0.325926494873075,0.3155036675755597,0.319128998809478,0.3192902953262413,0.3167786781366412,0.1439456200314912,0.0389799915511347,0.023518568301394,0.0238257997618955,0.0242866469526479,0.3048580974691808,0.3140135949921271,0.3125312031952071,0.3125312031952071,0.2987211490456622,0.2309689312185567,0.2081416337032911,0.1970813011252352,0.1921502361841852,0.1795998310226967,0.2319904758247243,0.2154998271823034,0.2046238334805483,0.1971811513498982,0.1835400745036291,0.2211221629094819,0.286232190176274,0.2287952686355082,0.3051576481431698,0.3279158185798225,0.1637082837282537,0.1915511348362072,0.1986097776412304,0.2726525596221053,0.1941472406774453,0.0743116095088136,0.0339721187449594,0.0705096201851069,0.0616997580552248,0.0752947501824186,0.1652674833902991,0.1652674833902991,0.1652674833902991,0.1659817965359653,0.0035254810092552,0.183624563155267,0.2504397250278428,0.2558623603056952,0.2297246438035254,0.2008832904489419,0.2242098390875225,0.2361073773954452,0.2583355735627328,0.2734590422059219,0.2958331733169476,0.1418794884596182,0.2101232766235262,0.2101002342639886,0.1431237758746495,0.2102538499942393,0.2861861054571988,0.2858635124236722,0.2803794308537194,0.2803103037751066,0.2714159529935865
32987,7604,459769,0.1832967467282274,4.3381115202524985,0.2305150513838785,396,5,3309,5,13.937884621214415,60.4640978432404,0.3046957892503107,0.3107527207687877,0.2824809773547154,0.2065601600630551,0.1960529905720435,0.1028101979567708,0.3260981598811652,0.3042835056234274,0.1658895928699184,0.1501621851032224,0.2638493952162973,0.2517719101464212,0.2435929305483978,0.1343256434352926,0.0323339497377754,0.2847727892806256,0.3224603631733713,0.3546002970867311,0.3518598235668596,0.3428865916876345,0.302695001061024,0.2775335738321156,0.2985175978415739,0.315985085033498,0.3193318580046684,0.2918786188498499,0.3148694940431079,0.2925698002243307,0.3194652438839542,0.3042168126837845,0.3103283111528784,0.3219571346287931,0.2794252281201685,0.3225998120471701,0.2801527874617273,0.3043441355685573,0.3050413799375511,0.3159002031103162,0.3060781519992724,0.3192166611089216,0.3253706005396065,0.324430836390093,0.325000757874314,0.3248976869675933,0.3231394185588262,0.2765756206990632,0.1249280019401582,0.1062115378785581,0.1077939794464485,0.1083032709855397,0.3593779367629672,0.3594264407190711,0.3600145511868312,0.3600145511868312,0.3610816382211174,0.321411465122624,0.3083578379361566,0.2950677539636826,0.294831297177676,0.2764301088307515,0.322636190014248,0.3140328008003152,0.3037014581501803,0.2927638160487464,0.2885197198896535,0.2878527904932245,0.3463121835874738,0.2767453845454269,0.3390911571225027,0.3486888774365659,0.0891866492860823,0.2508200200078819,0.2523782095977203,0.3000636614423863,0.2405553702973898,0.2025585836844817,0.208439688362082,0.292976020856701,0.2209173310698153,0.2067177979203928,0.0961712189650467,0.0963955497620274,0.0961712189650467,0.0950980689362475,0.0036681116803588,0.237396550156122,0.3352896595628581,0.3389092672871131,0.2931942886591687,0.2603207324097371,0.2161396913935792,0.2505229332767453,0.28516688392397,0.3045563403765119,0.3201321732803831,0.0791523933670839,0.3062600418346621,0.3041198047715766,0.0791766453451359,0.304459332464304,0.3302331221390244,0.3300209173310698,0.3236972140540212,0.3236729620759693,0.3117046109073271
6040,3416,999611,4.84480415496999,1.7681498829039812,0.5655629139072847,2277,18,3428,5,165.49850993377484,292.6261709601874,0.8833774834437087,0.8694039735099338,0.847317880794702,0.7829470198675497,0.764271523178808,0.7602317880794702,0.879271523178808,0.9027483443708608,0.9224172185430464,0.908841059602649,0.8842052980132451,0.879205298013245,0.8544039735099338,0.6072847682119205,0.4091721854304636,0.8401986754966888,0.8865894039735099,0.9209602649006624,0.930132450331126,0.9299006622516556,0.6711258278145695,0.6528807947019868,0.8932781456953643,0.8021854304635762,0.8077152317880796,0.6055298013245033,0.7352317880794702,0.6012582781456954,0.7610264900662251,0.6565562913907285,0.7695695364238411,0.8208940397350993,0.8208940397350993,0.8383112582781458,0.8429470198675496,0.7479470198675496,0.7513907284768212,0.8162913907284768,0.7517880794701987,0.8255960264900661,0.8882781456953642,0.8663576158940398,0.8552317880794702,0.8488079470198675,0.8467549668874172,0.8489735099337749,0.5819205298013246,0.5238410596026489,0.5348675496688742,0.5321523178807948,0.8948344370860927,0.904271523178808,0.9044701986754968,0.9044701986754968,0.9044370860927152,0.8805960264900662,0.9234437086092716,0.920364238410596,0.898841059602649,0.9009602649006622,0.8813907284768213,0.9188079470198676,0.9132781456953644,0.9012251655629138,0.8981456953642384,0.9255629139072848,0.876225165562914,0.9188079470198676,0.8741059602649006,0.8903311258278146,0.662317880794702,0.8648013245033113,0.865,0.8741059602649006,0.811523178807947,0.7569536423841059,0.7992052980132451,0.8300662251655628,0.790364238410596,0.7325496688741723,0.6648675496688742,0.665,0.6648675496688742,0.6659602649006622,0.095298013245033,0.9092384105960264,0.9187748344370862,0.9177483443708608,0.9302980132450333,0.9233774834437088,0.81341059602649,0.8511920529801325,0.8820529801324503,0.889933774834437,0.8867549668874173,0.5892384105960266,0.8898675496688743,0.8979470198675497,0.5916887417218544,0.8983774834437087,0.9073509933774836,0.9073509933774836,0.9125165562913906,0.9125165562913906,0.9105298013245032
7025,9432,118668,0.1790950168880678,0.74480491942324,1.342633451957295,2499,5,380,5,16.892241992882564,12.58142493638677,0.1167259786476867,0.1219928825622775,0.1139928825622775,0.0815658362989323,0.0659644128113878,0.0526690391459074,0.0574519572953736,0.061153024911032,0.1267188612099644,0.0897651245551601,0.067103202846975,0.0806832740213522,0.0806832740213522,0.0614377224199287,0.0199288256227757,0.1442846975088967,0.1934519572953736,0.2056939501779359,0.1954163701067615,0.1891530249110319,0.094747330960854,0.0795729537366547,0.1431174377224199,0.1312740213523131,0.1337793594306049,0.1291672597864768,0.1336939501779359,0.1294804270462633,0.1494661921708184,0.1460213523131672,0.120085409252669,0.109153024911032,0.0779217081850533,0.1113736654804269,0.0783487544483985,0.1661494661921707,0.1616227758007117,0.10044128113879,0.1567829181494661,0.1003274021352312,0.1547046263345195,0.14044128113879,0.1446263345195729,0.1243558718861209,0.1090676156583629,0.1242989323843416,0.0644555160142348,0.0513594306049821,0.0514733096085408,0.051017793594306,0.1856512455516013,0.2009395017793593,0.2000284697508896,0.2000284697508896,0.2023629893238434,0.1389323843416369,0.1210249110320284,0.1164982206405693,0.0997580071174376,0.0857508896797152,0.137508896797153,0.1247829181494661,0.118035587188612,0.1017224199288255,0.0935231316725978,0.1487544483985764,0.1482989323843415,0.1528256227758006,0.16088256227758,0.1792170818505337,0.0501352313167259,0.1269750889679714,0.1300213523131672,0.142661921708185,0.1302206405693949,0.0801138790035586,0.0741067615658362,0.1090676156583629,0.0989039145907472,0.0773807829181494,0.0573950177935942,0.0574234875444839,0.0573950177935942,0.0566832740213522,0.0034448398576511,0.0826761565836298,0.1408967971530248,0.1453950177935942,0.1320142348754447,0.1101779359430604,0.0895088967971529,0.1059928825622775,0.1342633451957295,0.1461352313167259,0.1588042704626334,0.0446405693950177,0.1859928825622775,0.1800142348754447,0.0469181494661921,0.1828042704626334,0.186220640569395,0.14844128113879,0.1821779359430604,0.1708185053380782,0.181864768683274
936,2028,20050,1.0562593772652944,0.4615384615384615,2.1666666666666665,440,5,87,5,21.42094017094017,9.886587771203155,0.1508547008547008,0.198076923076923,0.1871794871794871,0.1602564102564102,0.1356837606837606,0.0207264957264956,0.1341880341880341,0.1386752136752136,0.1886752136752136,0.1993589743589743,0.14508547008547,0.1442307692307692,0.1568376068376068,0.1303418803418803,0.0997863247863247,0.211111111111111,0.2423076923076922,0.2587606837606837,0.2408119658119657,0.2358974358974358,0.042094017094017,0.0452991452991452,0.1337606837606837,0.1632478632478632,0.1737179487179486,0.2091880341880341,0.2115384615384615,0.2068376068376068,0.2102564102564102,0.2087606837606837,0.1615384615384615,0.1905982905982905,0.1574786324786324,0.1959401709401709,0.1621794871794871,0.2305446933019674,0.2286324786324785,0.1814102564102563,0.229059829059829,0.1957264957264957,0.19508547008547,0.1965811965811965,0.2032051282051281,0.2032051282051281,0.1965811965811965,0.1435897435897435,0.1425213675213675,0.1209401709401709,0.1188034188034187,0.1168803418803418,0.1373931623931623,0.2173076923076922,0.2297008547008547,0.2297008547008547,0.2378205128205127,0.1649572649572649,0.1976495726495726,0.2098290598290598,0.2014957264957264,0.1908119658119657,0.166025641025641,0.1974358974358973,0.205128205128205,0.214102564102564,0.2042735042735042,0.2087606837606837,0.2299145299145299,0.1982905982905982,0.2102564102564102,0.2288461538461538,0.0143162393162392,0.1715811965811965,0.1732905982905982,0.1865384615384615,0.1638888888888888,0.1628205128205128,0.1707264957264956,0.1720085470085469,0.2064102564102563,0.0970085470085469,0.132051282051282,0.1318376068376067,0.132051282051282,0.1232905982905982,0.0202991452991452,0.1762820512820512,0.1993589743589743,0.2087606837606837,0.2232905982905982,0.2066239316239316,0.1455128205128205,0.1683760683760683,0.1905982905982905,0.2207264957264957,0.2318376068376068,0.1006410256410255,0.2309829059829059,0.2232905982905982,0.0995726495726495,0.2267094017094017,0.2487179487179486,0.1529914529914529,0.2461538461538461,0.1914529914529914,0.2461538461538461
4911,3166,42380,0.2725712888402831,1.551168667087808,0.6446752188963552,359,5,152,5,8.629607004683363,13.385975994946303,0.0332315210751374,0.0294848299735287,0.026756261453879,0.0218692730604764,0.0175931582162492,0.0153125636326613,0.0410507025045815,0.0415394013439217,0.0445937690897983,0.0251272653227448,0.0395846059865607,0.0418652005701485,0.0335573203013642,0.042598248829159,0.0406841783750763,0.0281001832620646,0.0370596619833027,0.0481775605782935,0.0499694563225411,0.050295255548768,0.031358175524333,0.0303807778456525,0.0404805538586845,0.0357971899816737,0.0399104052127875,0.0397475055996741,0.0412136021176949,0.0392180818570555,0.0381185094685399,0.0366931378537975,0.0166157605375686,0.0196701282834452,0.010344125432702,0.0185705558949297,0.0104663001425371,0.0333129708816941,0.0355121156587252,0.0154347383424963,0.0377927102423131,0.0187334555080431,0.019873752799837,0.0185705558949297,0.0206068010588474,0.0206068010588474,0.0185705558949297,0.0278965587456729,0.0129505192425167,0.0126247200162899,0.0127061698228466,0.0116880472408877,0.0383221339849317,0.0461413154143758,0.0474445123192831,0.0474445123192831,0.0466300142537161,0.0361229892079006,0.0426389737324373,0.0358786397882304,0.0309509264915495,0.0285074322948482,0.0353899409488902,0.0392995316636122,0.0381185094685399,0.0327020973325187,0.0329464467521889,0.0378741600488698,0.0517613520667888,0.0324170230095703,0.0410099776013031,0.0515984524536753,0.0150682142129912,0.0252494400325798,0.0262675626145387,0.0329464467521889,0.0218692730604764,0.0224394217063734,0.0210954998981877,0.0453268173488087,0.0253716147424149,0.0158012624720015,0.0413765017308083,0.0412543270209732,0.0413765017308083,0.0399918550193442,0.0062309102015882,0.0229281205457136,0.0399104052127875,0.0426796986357157,0.0304215027489309,0.0309916513948278,0.0480961107717368,0.0474037874160048,0.0415394013439217,0.0401547546324577,0.0360008144980655,0.0305029525554876,0.0463042150274892,0.0390959071472204,0.0323355732030136,0.0391366320504988,0.0524129505192424,0.0069232335573202,0.0523315007126857,0.0324170230095703,0.0523315007126857
2287,7055,128530,0.7966018760088839,0.3241672572643515,3.084827284652383,348,5,1274,5,56.20026235242676,18.218284904323173,0.6001749016178399,0.6257105378224749,0.5879317883690425,0.4712724092697857,0.4411018801923917,0.5492785308264102,0.5519895059029296,0.5696545693047661,0.6270222999562746,0.5723655443812856,0.5745518146042852,0.5860078705728029,0.5745518146042852,0.5287275907302142,0.3162221250546567,0.6163533012680367,0.6711849584608658,0.7067774376912986,0.6810668998688237,0.6535198950590293,0.559947529514648,0.55024048972453,0.680192391779624,0.535198950590293,0.5693047660690861,0.4747704416265851,0.5231307389593354,0.4715347616965457,0.5996501967643201,0.5845212068211632,0.6236117184083952,0.6473983384346306,0.6472234368167905,0.6488850021862703,0.6489724529951901,0.6074333187581985,0.6067337122868387,0.6533449934411892,0.6058592041976387,0.6501967643200699,0.674682990817665,0.6717971141233056,0.6682116309575863,0.665413205072147,0.6624398775688676,0.5429820725841714,0.2080454744206383,0.1770878880629645,0.1844337560122431,0.1889811980760821,0.654831657192829,0.689899431569742,0.6872759073021426,0.6872759073021426,0.6689986882378662,0.6156536947966769,0.6411893310013117,0.6268473983384346,0.5710537822474858,0.5535636204634893,0.614604285089637,0.6545693047660691,0.644599912549191,0.5939658941845212,0.5895059029296021,0.6561434193266288,0.680192391779624,0.5826847398338435,0.7005684302579799,0.6919108001749017,0.5484914735461304,0.4780061215566243,0.4799300393528639,0.6044599912549191,0.4376912986445124,0.414167031045037,0.2560559685177087,0.625185832968955,0.4935723655443812,0.504853519895059,0.5491036292085701,0.5491910800174902,0.5491036292085701,0.5477918670747705,0.0149540883253169,0.5818976825535637,0.6945343244425011,0.6975951027547005,0.6620900743331876,0.6384783559247923,0.6013992129427197,0.6221250546567556,0.6439877568867513,0.6504591167468299,0.6414516834280717,0.5326628771316135,0.6717971141233056,0.6767818102317447,0.5311762133799738,0.675120244862265,0.6467861827721906,0.6466112811543507,0.624311324879755,0.624311324879755,0.6014866637516396
9983,7814,545591,0.6994114207103189,1.277578704888661,0.7827306420915556,663,5,3846,5,54.65200841430432,69.82224212951114,0.6391265150756286,0.5750175298006611,0.5027346489031352,0.3682460182309927,0.3672643493939697,0.5492537313432836,0.6317940498848043,0.6818391265150756,0.5999198637684062,0.5441450465791846,0.6056696383852549,0.5762195732745667,0.5654412501252128,0.50764299308825,0.275247921466493,0.5211058799959931,0.6406290694180107,0.7171792046479014,0.7157167184213162,0.7027346489031353,0.5824100971651808,0.5490934588800961,0.6420715215866973,0.4885305018531503,0.5174596814584794,0.3477311429430031,0.4410698186917759,0.3406190523890613,0.4900731243113292,0.4245016528097766,0.6410297505759791,0.6549133526995894,0.6547530802364019,0.6566763497946508,0.6560152258840029,0.5911649804667936,0.5919463087248322,0.6536111389361915,0.5914053891615747,0.6551938295101672,0.681758990283482,0.6738856055294,0.6698587598918161,0.6677551838124812,0.6673545026545127,0.463668236001202,0.1605529399979965,0.1011719923870579,0.1006511068816988,0.1044375438245016,0.6773915656616248,0.681718922167685,0.68420314534709,0.68420314534709,0.6792747671040769,0.6783331663828508,0.6280076129420014,0.6048682760693178,0.5795452268857056,0.5647200240408695,0.6783131323249524,0.6408294099969949,0.6248221977361514,0.6017629970950616,0.5842532304918361,0.5296604227186217,0.6980066112391065,0.4638886106380847,0.7085044575778824,0.715376139437043,0.5474907342482219,0.4305719723530001,0.434458579585295,0.5411399378944205,0.3950115195832916,0.2944004808173895,0.1790644094961433,0.3548231994390464,0.2431533607132124,0.305158769908845,0.5468496443954722,0.5468496443954722,0.5468496443954722,0.5477712110588,0.0149053390764299,0.5933086246619252,0.6837824301312231,0.6909946909746569,0.6486827606931784,0.6099368927176199,0.6168686767504757,0.6328959230692177,0.655554442552339,0.6496644295302013,0.6367825303015126,0.4978062706601222,0.6104177101071822,0.6356205549434037,0.4968045677652008,0.6342582390063107,0.6521286186517079,0.6521286186517079,0.6482219773615145,0.6482219773615145,0.6358008614644897
4905,2420,53258,0.4486735579312726,2.0268595041322315,0.4933741080530071,94,5,311,5,10.8579001019368,22.007438016528926,0.11420998980632,0.1215086646279306,0.1105810397553516,0.082854230377166,0.0692354740061161,0.0756371049949031,0.0758817533129459,0.0898267074413862,0.1199592252803261,0.0910907237512741,0.0921916411824668,0.116901121304791,0.1049133537206931,0.1060550458715595,0.0888888888888888,0.135249745158002,0.168032619775739,0.1846687054026503,0.1798165137614678,0.1735779816513761,0.1028338430173292,0.0950866462793067,0.1297859327217125,0.128848114169215,0.1349235474006115,0.1286850152905198,0.1325993883792048,0.128440366972477,0.1398572884811416,0.1382262996941895,0.1733741080530071,0.1649745158002038,0.1139245667686034,0.174638124362895,0.1138837920489296,0.1547808358817532,0.1538430173292558,0.1712538226299694,0.1549031600407747,0.1733741080530071,0.1748012232415902,0.174638124362895,0.1774923547400611,0.1774923547400611,0.1745565749235473,0.118328236493374,0.0596534148827726,0.0500713557594291,0.0497859327217125,0.0500713557594291,0.1573496432212028,0.182670744138634,0.1840978593272171,0.1840978593272171,0.1817737003058103,0.1370030581039754,0.1340672782874617,0.1312130479102956,0.1154332313965341,0.1085015290519877,0.1328032619775738,0.1314576962283384,0.1278695208970438,0.1155147808358817,0.1142507645259938,0.1198369011213047,0.1568603465851172,0.1141692150866462,0.142670744138634,0.1712538226299693,0.0769418960244647,0.1134760448521915,0.1136391437308868,0.1196330275229357,0.1058103975535167,0.089051987767584,0.0883180428134556,0.1339449541284403,0.1100509683995922,0.0656880733944953,0.073394495412844,0.0732313965341487,0.073394495412844,0.0734760448521916,0.0087257900101936,0.0901529051987767,0.1466666666666666,0.1515596330275229,0.1286850152905198,0.1100101936799184,0.1087869520897043,0.1161671763506625,0.1272171253822629,0.1423445463812436,0.1505402650356778,0.0661365953109072,0.1734556574923547,0.1617125382262996,0.0658919469928643,0.1677879714576962,0.1726809378185524,0.1326809378185524,0.1682772680937818,0.1473190621814474,0.1669317023445463
