num_users,num_items,num_interactions,density,user_item_ratio,item_user_ratio,highest_num_rating_by_single_user,lowest_num_rating_by_single_user,highest_num_rating_on_single_item,lowest_num_rating_on_single_item,mean_num_ratings_by_user,mean_num_ratings_on_item,BPR_0,BPR_1,BPR_2,BPR_3,BPR_4,CDAE_0,CDAE_1,CDAE_2,CDAE_3,CDAE_4,DMF_0,DMF_1,DMF_2,DMF_3,DMF_4,EASE_0,EASE_1,EASE_2,EASE_3,EASE_4,ENMF_0,ENMF_1,ENMF_2,ENMF_3,ENMF_4,ImplicitMF_0,ImplicitMF_1,ImplicitMF_2,ImplicitMF_3,ImplicitMF_4,ItemItem_0,ItemItem_1,ItemItem_2,ItemItem_3,ItemItem_4,ItemKNNRP_0,ItemKNNRP_1,ItemKNNRP_2,ItemKNNRP_3,ItemKNNRP_4,ItemKNN_0,ItemKNN_1,ItemKNN_2,ItemKNN_3,ItemKNN_4,LINE_0,LINE_1,LINE_2,LINE_3,LINE_4,MacridVAE_0,MacridVAE_1,MacridVAE_2,MacridVAE_3,MacridVAE_4,MultiDAE_0,MultiDAE_1,MultiDAE_2,MultiDAE_3,MultiDAE_4,MultiVAE_0,MultiVAE_1,MultiVAE_2,MultiVAE_3,MultiVAE_4,NCEPLRec_0,NCEPLRec_1,NCEPLRec_2,NCEPLRec_3,NCEPLRec_4,NMF_0,NMF_1,NMF_2,NMF_3,NMF_4,NeuMF_0,NeuMF_1,NeuMF_2,NeuMF_3,NeuMF_4,PopScore_0,PopScore_1,PopScore_2,Pop_0,Random_0,RecVAE_0,RecVAE_1,RecVAE_2,RecVAE_3,RecVAE_4,SVD_0,SVD_1,SVD_2,SVD_3,SVD_4,SimpleX_0,SimpleX_1,SimpleX_2,SimpleX_3,SimpleX_4,UserUser_0,UserUser_1,UserUser_2,UserUser_3,UserUser_4
22363,12101,198502,0.0733522706417427,1.8480290885050823,0.5411170236551447,204,5,431,5,8.876358270357287,16.403768283612923,0.0685328444305325,0.0705182667799489,0.0685507311183651,0.0511917005768456,0.0409068550731117,0.0157850020122523,0.0377945713902427,0.0614228860170817,0.0583732057416267,0.0418101328086571,0.0432142378035147,0.0515941510530787,0.049850198989402,0.0324375083843848,0.0146223673031345,0.0907570540625139,0.1165854312927603,0.1235522962035505,0.1165228278853462,0.112972320350579,0.0807226221884362,0.0717077315208155,0.0821803872467915,0.0913204847292402,0.0918660287081339,0.0847113535751016,0.088449671332111,0.0843089030988686,0.0952913294280731,0.0926709296606,0.0918481420203013,0.0883512945490318,0.0525779188838706,0.0920270088986271,0.0523990520055448,0.097796363578453,0.0978858162144904,0.088504108069157,0.0980557389490301,0.0902122971554754,0.0949335956714215,0.0920001788668783,0.0962303805392835,0.0962393238831998,0.0920717256182086,0.0683092608326253,0.03801815498815,0.031212270267853,0.0311764968921879,0.0324553950722174,0.1239726333676161,0.1245450073782587,0.1256271519921298,0.1256271519921298,0.12483119438358,0.0816080132361489,0.0798372311407234,0.0722264454679604,0.0700084961767204,0.0644725662925367,0.0801591915217098,0.0816080132361489,0.0766534007065241,0.0687385413406072,0.0650449403031793,0.0780127889818002,0.0869919062737557,0.080409605151366,0.0944148817242766,0.1035639225506416,0.0091490408263649,0.0672125055836398,0.0675434773096368,0.0500135672183236,0.0700475836057153,0.0470867057192683,0.045074453338103,0.0650181102714304,0.0553145821222554,0.0509949470106872,0.0159549255466618,0.0159549255466618,0.0159549255466618,0.0156419085095916,0.0005634306667262,0.0578992085140633,0.0849796538925904,0.0886553682421857,0.0815096364530697,0.0613513392657514,0.0516925278361578,0.058721996154362,0.0699995528328041,0.0801681348656262,0.0867683226758484,0.0116084604033447,0.0927514197558466,0.0831283817019183,0.0121629477261547,0.0825291776595268,0.1137325045834637,0.0789697267808433,0.1101819970486964,0.0962214371953672,0.1084201582971872
1819,14868,984499,3.640240086741704,0.1223432875975248,8.173721825178669,7025,15,1541,5,541.2308960967565,66.21596717783159,0.8736668499175371,0.8447498625618473,0.8147333699835073,0.6869708631115998,0.6356239692138538,0.8263881253435954,0.8591533809785596,0.8745464540956569,0.8845519516217702,0.8847718526663002,0.8663001649257834,0.8526663001649257,0.8432105552501374,0.822319956019791,0.2494777350192413,0.8500274876305662,0.8921385376580538,0.9288620120945577,0.9342495876855414,0.9349092908191312,0.8139637163276525,0.8094557449147883,0.8365035733919737,0.6356239692138537,0.6082462891698736,0.3632765255634964,0.4778449697636063,0.3608576140736668,0.5134689389774602,0.4214403518416712,0.8559648158328752,0.85673446948873,0.85673446948873,0.8557449147883454,0.851456844420011,0.8428807036833424,0.8425508521165476,0.7694337548103354,0.8442001099505223,0.7930731170973062,0.8867509620670699,0.8711379879054425,0.863111599780099,0.85673446948873,0.8542056074766355,0.7901044529961517,0.2686091258933479,0.1932930181418361,0.1999999999999999,0.1991203958218801,0.8764156129741616,0.9162177020340848,0.920945574491479,0.920945574491479,0.9159978009895546,0.840021990104453,0.8827927432655305,0.8899395272127542,0.8526663001649257,0.852006597031336,0.8473886750962067,0.8792743265530512,0.8645409565695438,0.8498075865860363,0.8404617921935129,0.9064321055525012,0.8335349092908192,0.9099505222649809,0.8096756459593182,0.8258383727322706,0.8233095107201759,0.8935678944474986,0.8974161627267729,0.9014843320505772,0.9008246289169872,0.4908191313908741,0.5620670698185817,0.6361737218251786,0.5417262231995602,0.4738867509620671,0.8314458493677845,0.8314458493677845,0.8314458493677845,0.8282572842221001,0.0372732270478284,0.9054425508521168,0.8549752611324903,0.8547553600879605,0.9174271577789994,0.9052226498075866,0.8554150632215503,0.8639912039582187,0.8756459593183068,0.885321605277625,0.8953271028037383,0.6531061022539857,0.800109950522265,0.8046179219351292,0.656624518966465,0.8086860912589335,0.8676195711929632,0.8676195711929632,0.8851017042330952,0.8851017042330952,0.8923584387025839
9930,24780,206241,0.0838155222148258,0.400726392251816,2.495468277945619,1747,5,218,5,20.76948640483384,8.322881355932203,0.0315005035246726,0.028378650553877,0.0262034239677743,0.0175629405840885,0.0141389728096676,0.0119234642497482,0.0168781470292043,0.0170795568982879,0.031520644511581,0.0236052366565961,0.0249949647532728,0.0231218529707955,0.0247532729103725,0.0181268882175225,0.0020745216515608,0.0405840886203423,0.0558509566968781,0.058489425981873,0.053152064451158,0.0506344410876132,0.0275931520644511,0.0233434038267874,0.0295669687814702,0.0387512588116817,0.0391742195367572,0.0369385699899294,0.0380261832829808,0.0362537764350452,0.043766364551863,0.0429405840886202,0.0266263846928499,0.0313393756294057,0.0267875125881167,0.0318429003021147,0.0274924471299093,0.0367975830815709,0.0385699899295065,0.0301510574018126,0.0405438066465256,0.030513595166163,0.0393554884189324,0.0358106747230613,0.0334944612286001,0.0326082578046324,0.0319838872104732,0.030513595166163,0.0161732124874118,0.013434038267875,0.0140181268882174,0.0144209466263846,0.042477341389728,0.043262839879154,0.0439879154078549,0.0439879154078549,0.043826787512588,0.0383081570996978,0.0386908358509566,0.0376233635448136,0.0298892245720039,0.0231621349446122,0.0379859013091641,0.0409869083585095,0.0411077542799596,0.0343806646525679,0.0197381671701913,0.0240281973816716,0.0232829808660623,0.0283987915407854,0.0275730110775427,0.0363343403826787,0.0059415911379656,0.0216515609264853,0.0209869083585095,0.0130513595166162,0.0242900302114803,0.0165156092648539,0.0141792547834843,0.0281973816717018,0.0230010070493453,0.0186908358509566,0.0158912386706948,0.015790533736153,0.0158912386706948,0.0154279959718025,0.000845921450151,0.0265659617321247,0.0392950654582074,0.0403826787512587,0.0315609264853977,0.0317019133937562,0.009667673716012,0.0118630412890231,0.0188721047331318,0.0263645518630412,0.0308358509566968,0.0089627391742194,0.0473716012084591,0.045176233635448,0.0092447129909365,0.0467673716012084,0.0580060422960724,0.0209264853977844,0.0577240684793554,0.0373011077542799,0.0577240684793554
576,550,13116,4.140151515151516,1.0472727272727274,0.9548611111111112,146,5,352,5,22.77083333333333,23.847272727272728,0.5243055555555556,0.6586805555555555,0.648611111111111,0.5364583333333334,0.4399305555555555,0.3204861111111111,0.6,0.6288194444444445,0.6204861111111111,0.4836805555555555,0.5555555555555556,0.6354166666666667,0.6378472222222222,0.61875,0.6059027777777778,0.5857638888888889,0.6548611111111111,0.6899305555555555,0.6725694444444444,0.653125,0.1249999999999999,0.1326388888888889,0.4472222222222222,0.5847222222222223,0.6072916666666667,0.3954861111111111,0.4305555555555555,0.4065972222222222,0.3555555555555555,0.3631944444444445,0.6,0.6309027777777778,0.5944444444444444,0.632986111111111,0.5972222222222222,0.6309027777777778,0.6354166666666667,0.6322916666666666,0.6354166666666667,0.6336805555555556,0.6375,0.6336805555555556,0.6375,0.6375,0.6336805555555556,0.2958333333333333,0.2788194444444444,0.2315972222222221,0.2246527777777777,0.2211805555555555,0.6024305555555556,0.6725694444444444,0.6725694444444444,0.6725694444444444,0.6631944444444444,0.648263888888889,0.66875,0.663888888888889,0.6399305555555556,0.6298611111111111,0.6402777777777777,0.6645833333333333,0.6659722222222222,0.6517361111111111,0.6399305555555556,0.39375,0.6364583333333333,0.3569444444444444,0.5253472222222222,0.6444444444444445,0.553125,0.3065972222222222,0.3121527777777778,0.3322916666666666,0.2763888888888889,0.6086805555555556,0.6211805555555555,0.6201388888888889,0.6583333333333333,0.2534722222222222,0.559375,0.559375,0.559375,0.2177083333333333,0.0364583333333332,0.501736111111111,0.66875,0.675,0.6427083333333333,0.6520833333333333,0.640625,0.6666666666666666,0.6746527777777778,0.6704861111111111,0.6666666666666666,0.4552083333333334,0.6840277777777778,0.675,0.4538194444444444,0.6822916666666667,0.6881944444444444,0.6881944444444444,0.642361111111111,0.642361111111111,0.6222222222222222
24303,10672,231780,0.0893655752052377,2.277267616191904,0.4391227420483068,773,5,802,5,9.537094185902976,21.718515742128936,0.1044480105336789,0.1094432786075792,0.1030901534789943,0.0669793852610788,0.0553923383944368,0.0224992799242891,0.0379377031642183,0.0990330411883306,0.0676295107599884,0.0454923260502818,0.0548985721927333,0.0705674196601242,0.0689791383779779,0.0367938114636052,0.0156194708472204,0.1075258198576307,0.143751800189277,0.1529029337941817,0.1442537958276755,0.1397687528288688,0.1191293255976627,0.1064313047771879,0.1100769452330987,0.1317532814878821,0.1326420606509483,0.1228161132370488,0.1306752252808295,0.1240752170513928,0.1360079002592272,0.1312265975393984,0.104892400115212,0.112241287083899,0.0749866271653705,0.1134674731514627,0.0760893716825082,0.1309797144385466,0.1318273464181376,0.1019627206517713,0.1318520347282228,0.1086779409949388,0.1198205982800476,0.1111961486236266,0.1197547627864872,0.120717606879809,0.1135991441385836,0.1062255688598114,0.0427190058840472,0.0346047813027197,0.0355758548327366,0.0354688721557008,0.1565403448133975,0.1580792494753733,0.158449574126651,0.158449574126651,0.1585483273669917,0.1179772044603546,0.1068839237954161,0.0958811669341233,0.0922108381681273,0.0801217956630868,0.1157964037361642,0.1114101139776981,0.103756737851294,0.0948195696004608,0.0885405094021314,0.1032876599596757,0.1182240875612063,0.1049417767353824,0.1269637493313582,0.1366086491379664,0.0200386783524667,0.0820310249763403,0.0812492284903097,0.081290375673785,0.0805332674978397,0.0647903551001933,0.0646257663662922,0.0993622186561329,0.0794634407274821,0.0658684113072459,0.0227214747150557,0.0227132452783606,0.0227214747150557,0.0228366868287865,0.0009052380364563,0.0726988437641442,0.1178043862897584,0.1210467843476113,0.1063654692836275,0.0790931160762045,0.06149858042217,0.078739250298317,0.0934205653623009,0.1022836686828786,0.1143233345677487,0.01626959634613,0.1315393161338106,0.128494424556639,0.0172242110027568,0.1275480393367073,0.1367156318150022,0.1204871826523474,0.1351602682796361,0.132592684030778,0.1344607661605563
1062,3895,40825,0.986947871262834,0.2726572528883184,3.667608286252354,318,5,273,5,38.44161958568738,10.481386392811295,0.2461393596986817,0.2250470809792843,0.1969868173258003,0.1227871939736346,0.1011299435028248,0.2178907721280602,0.227306967984934,0.2278719397363465,0.2033898305084745,0.1696798493408662,0.2261770244821092,0.2129943502824858,0.1992467043314501,0.2216572504708097,0.19924670433145,0.2606403013182674,0.3009416195856874,0.315819209039548,0.2941619585687382,0.2819209039548022,0.1322033898305084,0.1340866290018831,0.2576271186440678,0.1998116760828625,0.2180790960451977,0.2037664783427494,0.2171374764595103,0.2128060263653483,0.2225988700564971,0.2152542372881355,0.1734463276836158,0.2836158192090395,0.2824858757062146,0.3148775894538606,0.3141242937853107,0.284180790960452,0.2830508474576271,0.2333333333333333,0.2832391713747645,0.3035781544256121,0.231261770244821,0.2741996233521657,0.3065913370998117,0.31939736346516,0.3129943502824859,0.1813559322033897,0.0642184557438794,0.0548022598870056,0.0531073446327683,0.0548022598870056,0.1843691148775894,0.2677966101694915,0.2696798493408663,0.2696798493408663,0.2683615819209039,0.2401129943502825,0.2103578154425611,0.1875706214689265,0.155367231638418,0.1384180790960451,0.2408662900188323,0.2062146892655366,0.1870056497175141,0.1653483992467043,0.1487758945386063,0.2523540489642184,0.2860640301318267,0.2163841807909604,0.2544256120527307,0.2919020715630885,0.2212806026365348,0.1854990583804143,0.1832391713747645,0.1887005649717514,0.1661016949152542,0.1610169491525423,0.1288135593220338,0.2689265536723164,0.2067796610169491,0.0998116760828624,0.2265536723163841,0.2267419962335216,0.2265536723163841,0.2220338983050847,0.0101694915254237,0.1564971751412429,0.2521657250470809,0.2500941619585687,0.2169491525423728,0.1726930320150659,0.2617702448210923,0.2661016949152542,0.2858757062146893,0.3001883239171374,0.307532956685499,0.195291902071563,0.3175141242937853,0.2932203389830509,0.1988700564971751,0.2849340866290019,0.2984934086629002,0.2952919020715631,0.2772128060263653,0.2772128060263653,0.2677966101694915
23724,29794,687070,0.0972040269729623,0.7962677049070283,1.255859045692126,1763,5,1340,5,28.9609677963244,23.060683359065585,0.092623503625021,0.1147277019052435,0.1050328780981284,0.073866127128646,0.0713791940650817,0.053566009104704,0.0716321025122238,0.1131090878435339,0.1211094250547967,0.0950092733097284,0.0711178553363681,0.0711684370257966,0.0623335019389647,0.0490136570561456,0.0384083628393187,0.1729135053110773,0.2440145000843028,0.2463412577980104,0.2202916877423705,0.2064913168099814,0.1190440060698026,0.1008936098465688,0.1305260495700556,0.1415107064575956,0.144166245152588,0.1203591299949417,0.1356095093576125,0.1189934243803742,0.1470578317315798,0.1362333501938964,0.1885853987523182,0.1889563311414601,0.161296577305682,0.1910217501264541,0.1631175181251053,0.1189849940988028,0.119010284943517,0.1676614398920923,0.119634125779801,0.1757460799190692,0.2116422188501095,0.1943264205024447,0.1997808126791434,0.1982465014331478,0.1921261170123081,0.1042910133198448,0.0452959028831562,0.0328443770021918,0.0329455403810486,0.0329624009441915,0.2464930028662957,0.2503625021075704,0.2506154105547125,0.2506154105547125,0.2506491316809981,0.1304670375990557,0.1303827347833417,0.109652672399258,0.1104282583038273,0.0841257798010453,0.1266987017366379,0.1369414938458944,0.125012645422357,0.1215646602596526,0.0868319001854661,0.132119372787051,0.1225257123587927,0.1422525712358792,0.143331647277019,0.1770106221547799,0.0485331310065755,0.1052857865452705,0.1077811498904063,0.1007334344967121,0.1167341089192378,0.063007924464677,0.0442674085314449,0.0871269600404653,0.073031529253077,0.0724751306693643,0.0535322879784184,0.0535407182599898,0.0535322879784184,0.0534058337548473,0.000918900691283,0.1139605462822457,0.1664559096273815,0.1710841342100825,0.1555977069634125,0.1238492665655032,0.0865452706120384,0.0984151070645759,0.1181251053785195,0.131326926319339,0.1472348676445793,0.0403979092901702,0.1541055471252739,0.1705193053447984,0.0405496543584555,0.1721463496880795,0.1705361659079413,0.1638678131849603,0.1627465857359635,0.1606980273141122,0.1513066936435676
35598,18357,296337,0.0453480454569589,1.93920575257395,0.5156750379234788,296,5,1042,5,8.324540704533963,16.142997221768262,0.0429967975728973,0.0378504410360132,0.0338783077700993,0.02114725546379,0.0179335917748187,0.0182145064329456,0.0269846620596662,0.0507668970166862,0.0195123321534917,0.0133827743131636,0.0309343221529298,0.0283330524186751,0.028018428001573,0.0216360469689307,0.0132591718635877,0.0461149502781054,0.0712961402325973,0.0801505702567559,0.0761615821113545,0.0743075453677172,0.0536097533569301,0.047103769874712,0.0473959211191639,0.0591774818810045,0.06000898926906,0.0555593010843305,0.0592673745716051,0.0547558851620877,0.0615540198887577,0.0588291477049271,0.0434013146805999,0.044699140401146,0.0255351424237316,0.0460419124669924,0.0255519973032192,0.0636271700657339,0.0634305298050451,0.0407607168942075,0.0632956907691442,0.0437777403224899,0.0466992527670093,0.0451766953199617,0.0511714141243889,0.051486038541491,0.0460082027080172,0.039564020450587,0.013000730378111,0.0104219338165064,0.0105230630934321,0.0109949997190853,0.0785381201191077,0.0788527445362098,0.079105567728524,0.079105567728524,0.0801505702567559,0.0412214169335355,0.0392381594471599,0.0365750884881173,0.0349907298162817,0.0299342659699982,0.0407719534805325,0.0423169841002303,0.0385414910950053,0.0332097308837574,0.0301140513511994,0.042586662172032,0.0536097533569301,0.0441710208438676,0.052991741109051,0.0636833529973593,0.0177313332209674,0.0399235912129894,0.0391595033428843,0.0183830552278217,0.0393673801898982,0.0188999381987751,0.0201191078150457,0.0337266138547108,0.0239058374065958,0.0208326310466879,0.0180403393449069,0.0180403393449069,0.0180403393449069,0.0180459576380695,0.0004944097983032,0.024169897185235,0.0389066801505702,0.0404011461318051,0.0425248609472441,0.02907466711613,0.0287768975785156,0.0325917186358783,0.0408843193437833,0.0466936344738467,0.0504635091859092,0.0130850047755491,0.0638631383785605,0.0575706500365188,0.0129951120849485,0.0536827911680431,0.0732063599078599,0.0482274285072194,0.072695095230069,0.0641889993819877,0.0726445305916062
4096,136,97879,17.570764878216913,30.11764705882353,0.033203125,130,5,4094,163,23.896240234375,719.6985294117648,0.9166015625,0.87578125,0.81630859375,0.653857421875,0.55390625,0.893994140625,0.923046875,0.918359375,0.70546875,0.678076171875,0.839892578125,0.44453125,0.45146484375,0.57724609375,0.14453125,0.929345703125,0.928955078125,0.93466796875,0.9326171875,0.929443359375,0.870751953125,0.86533203125,0.91484375,0.875244140625,0.871826171875,0.543359375,0.453466796875,0.469921875,0.242431640625,0.2955078125,0.88251953125,0.848095703125,0.738818359375,0.84375,0.733740234375,0.88505859375,0.88505859375,0.843017578125,0.88505859375,0.843017578125,0.843408203125,0.843017578125,0.843408203125,0.843408203125,0.843017578125,0.629248046875,0.21708984375,0.29599609375,0.270849609375,0.25830078125,0.906640625,0.920703125,0.9201171875,0.9201171875,0.91142578125,0.9193359375,0.928857421875,0.922314453125,0.902880859375,0.84228515625,0.918212890625,0.927099609375,0.924658203125,0.910595703125,0.81494140625,0.31396484375,0.718212890625,0.676025390625,0.8640625,0.84892578125,0.874853515625,0.26005859375,0.41142578125,0.702978515625,0.86982421875,0.572900390625,0.650146484375,0.9123046875,0.53525390625,0.4,0.8765625,0.876611328125,0.8765625,0.21416015625,0.196044921875,0.91376953125,0.912548828125,0.908642578125,0.91484375,0.880908203125,0.918994140625,0.9185546875,0.904931640625,0.903564453125,0.903466796875,0.803076171875,0.92099609375,0.92802734375,0.81796875,0.923486328125,0.910400390625,0.910400390625,0.92119140625,0.92119140625,0.915966796875
132,294,2027,5.223149866007009,0.4489795918367347,2.227272727272727,66,5,29,5,15.356060606060606,6.894557823129252,0.0545454545454544,0.1606060606060605,0.2242424242424242,0.2257575757575757,0.2227272727272726,0.062121212121212,0.1242424242424242,0.1772727272727272,0.2651515151515151,0.2378787878787878,0.1409090909090908,0.1393939393939393,0.1378787878787878,0.1424242424242424,0.1227272727272726,0.2242424242424242,0.2757575757575757,0.2696969696969696,0.2666666666666666,0.2666666666666666,0.0863636363636363,0.0818181818181818,0.1318181818181817,0.1848484848484848,0.206060606060606,0.209090909090909,0.206060606060606,0.212121212121212,0.1924242424242423,0.1924242424242424,0.2318181818181817,0.2409090909090908,0.2272727272727272,0.2378787878787878,0.2272727272727272,0.2606060606060606,0.2621212121212121,0.2378787878787878,0.2621212121212121,0.2378787878787878,0.2454545454545454,0.2378787878787878,0.2454545454545454,0.2454545454545454,0.2378787878787878,0.0681818181818181,0.2196969696969696,0.2212121212121212,0.2030303030303029,0.209090909090909,0.1378787878787878,0.253030303030303,0.2636363636363636,0.2636363636363636,0.2636363636363635,0.2575757575757575,0.253030303030303,0.2606060606060605,0.2333333333333333,0.2303030303030303,0.25,0.2590909090909091,0.2499999999999999,0.2575757575757575,0.2378787878787878,0.1439393939393939,0.2469696969696969,0.2666666666666666,0.2227272727272727,0.2484848484848484,0.0818181818181817,0.1181818181818181,0.1666666666666666,0.2393939393939393,0.2575757575757575,0.2257575757575757,0.2257575757575757,0.1181818181818181,0.2515151515151514,0.1818181818181818,0.115151515151515,0.1166666666666666,0.115151515151515,0.062121212121212,0.0681818181818181,0.1999999999999999,0.2348484848484848,0.2439393939393939,0.2666666666666666,0.2303030303030303,0.2333333333333333,0.2545454545454545,0.2712121212121212,0.2681818181818182,0.2636363636363635,0.0984848484848484,0.2272727272727272,0.2454545454545454,0.1166666666666666,0.2454545454545454,0.2757575757575757,0.0348484848484847,0.2757575757575757,0.2303030303030303,0.2757575757575757
547,547,4524,1.5119866046810089,1.0,1.0,40,5,50,5,8.270566727605118,8.270566727605118,0.013162705667276,0.0234003656307129,0.0266910420475319,0.0270566727605118,0.026325411334552,0.0157221206581352,0.0435100548446069,0.0526508226691041,0.0416819012797074,0.0277879341864716,0.0376599634369286,0.0343692870201096,0.0369287020109688,0.0340036563071297,0.0369287020109688,0.0358318098720291,0.0391224862888482,0.046435100548446,0.0460694698354661,0.0457038391224862,0.0190127970749542,0.0190127970749542,0.0343692870201096,0.0347349177330895,0.0332723948811699,0.0277879341864716,0.0288848263254112,0.0274223034734917,0.0274223034734917,0.0292504570383911,0.0285191956124314,0.0310786106032906,0.0113345521023765,0.0310786106032906,0.0113345521023765,0.0416819012797074,0.0413162705667275,0.0310786106032906,0.0413162705667275,0.0310786106032906,0.0310786106032906,0.0310786106032906,0.0310786106032906,0.0310786106032906,0.0310786106032906,0.0142595978062156,0.0215722120658134,0.0219378427787933,0.0215722120658134,0.0226691042047531,0.0226691042047531,0.0299817184643509,0.0303473491773308,0.0303473491773308,0.0336380255941498,0.043144424131627,0.0318098720292504,0.0347349177330895,0.0310786106032906,0.0307129798903107,0.0427787934186471,0.0303473491773308,0.0288848263254112,0.0332723948811699,0.0288848263254112,0.0244972577696526,0.0522851919561242,0.0281535648994515,0.0255941499085922,0.0508226691042046,0.0504570383912248,0.0252285191956123,0.0201096892138939,0.0248628884826324,0.023034734917733,0.026325411334552,0.0314442413162705,0.0570383912248628,0.0343692870201096,0.026325411334552,0.0533820840950639,0.0570383912248628,0.0533820840950639,0.026325411334552,0.0157221206581352,0.0234003656307129,0.0292504570383911,0.0358318098720292,0.0252285191956123,0.0244972577696526,0.0500914076782449,0.0500914076782449,0.0354661791590493,0.0321755027422302,0.029616087751371,0.0387568555758683,0.0343692870201096,0.0307129798903107,0.0405850091407677,0.0303473491773308,0.0508226691042047,0.0010968921389396,0.0508226691042047,0.0234003656307129,0.0508226691042047
1686,962,13272,0.8182833805609605,1.7525987525987523,0.5705812574139977,66,5,296,5,7.871886120996441,13.796257796257796,0.0858837485172004,0.1227758007117437,0.1149466192170818,0.0945432977461446,0.0774614472123368,0.0113879003558718,0.0956109134045076,0.0937129300118623,0.1212336892052194,0.1033214709371292,0.1007117437722419,0.1011862396204033,0.0953736654804269,0.087900355871886,0.093594306049822,0.122894424673784,0.1483985765124554,0.163226571767497,0.1629893238434163,0.160023724792408,0.0774614472123368,0.0756820877817318,0.1245551601423487,0.1215895610913404,0.1295373665480426,0.1223013048635824,0.122182680901542,0.1223013048635824,0.1217081850533807,0.1186239620403321,0.1437722419928825,0.1438908659549228,0.0812574139976274,0.1495848161328588,0.0811387900355871,0.155753262158956,0.154685646500593,0.1486358244365361,0.1549228944246737,0.1486358244365361,0.1512455516014234,0.1498220640569394,0.1531435349940688,0.1531435349940688,0.1498220640569394,0.0776986951364175,0.0703440094899169,0.0531435349940687,0.0518386714116251,0.0516014234875444,0.119691577698695,0.157532621589561,0.159311981020166,0.159311981020166,0.159311981020166,0.1334519572953736,0.1376037959667853,0.1348754448398576,0.1177935943060497,0.1155397390272834,0.1327402135231316,0.1344009489916963,0.1364175563463819,0.1237247924080663,0.1187425860023724,0.1053380782918149,0.1481613285883748,0.1037959667852905,0.1278766310794779,0.1507710557532621,0.0973902728351126,0.0934756820877816,0.091103202846975,0.0988137603795966,0.0795966785290628,0.1042704626334519,0.1097271648873072,0.1173190984578884,0.1325029655990509,0.0443653618030842,0.0931198102016606,0.093238434163701,0.0931198102016606,0.0632265717674969,0.0078291814946618,0.0868327402135231,0.1402135231316725,0.1396204033214708,0.1188612099644127,0.125385527876631,0.1021352313167259,0.1118623962040332,0.1219454329774613,0.1413997627520758,0.1558718861209964,0.0830367734282324,0.1498220640569394,0.1393831553973902,0.0855278766310794,0.1461447212336891,0.1637010676156583,0.1053380782918149,0.1627520759193356,0.1347568208778173,0.1626334519572953
241,1594,20539,5.346553725849529,0.1511919698870765,6.614107883817427,702,5,77,5,85.2240663900415,12.885194479297365,0.5004149377593361,0.6058091286307054,0.6265560165975104,0.6066390041493775,0.5377593360995852,0.3203319502074688,0.3950207468879668,0.4605809128630705,0.6224066390041494,0.5419087136929461,0.3402489626556016,0.4771784232365145,0.5078838174273859,0.4282157676348547,0.3253112033195021,0.6904564315352697,0.7360995850622407,0.7269709543568464,0.6995850622406639,0.6763485477178424,0.141908713692946,0.141908713692946,0.3701244813278008,0.4614107883817427,0.5244813278008299,0.6390041493775933,0.6639004149377594,0.6506224066390042,0.6107883817427385,0.6008298755186722,0.6157676348547718,0.595850622406639,0.5883817427385892,0.575103734439834,0.5701244813278008,0.5302904564315353,0.5311203319502075,0.5427385892116183,0.5360995850622408,0.5443983402489627,0.6406639004149378,0.6016597510373444,0.595850622406639,0.595850622406639,0.5858921161825725,0.3286307053941908,0.4008298755186722,0.3319502074688796,0.3269709543568465,0.3377593360995851,0.4821576763485476,0.678838174273859,0.6912863070539419,0.6912863070539419,0.7095435684647302,0.5103734439834025,0.6514522821576764,0.6605809128630705,0.6174273858921162,0.5966804979253112,0.4946058091286307,0.6464730290456432,0.6672199170124481,0.649792531120332,0.6556016597510373,0.5618257261410788,0.6473029045643154,0.6730290456431536,0.35850622406639,0.6514522821576764,0.2506224066390041,0.5004149377593361,0.5452282157676349,0.6082987551867219,0.5037344398340249,0.5701244813278008,0.5908713692946058,0.4796680497925311,0.6448132780082988,0.3535269709543568,0.31701244813278,0.3136929460580912,0.31701244813278,0.2946058091286306,0.0539419087136929,0.6323651452282157,0.6240663900414938,0.6141078838174273,0.7037344398340248,0.6605809128630705,0.5369294605809128,0.5900414937759336,0.6622406639004149,0.6970954356846473,0.6904564315352697,0.2489626556016597,0.670539419087137,0.6796680497925311,0.2406639004149377,0.6721991701244814,0.6614107883817428,0.6323651452282159,0.6082987551867219,0.5950207468879668,0.6074688796680497
4353,8342,58664,0.1615521787045125,0.5218173099976025,1.916379508385022,489,5,78,5,13.47668274753044,7.0323663390074325,0.0417183551573627,0.0492993337927865,0.0477831380657017,0.036296806799908,0.0251320928095565,0.0073971973351711,0.0126809097174362,0.0133241442683206,0.045761543762922,0.0494831150930392,0.0146106133700895,0.0261888352860096,0.0284401562141051,0.02026188835286,0.0106593154146565,0.0742935906271536,0.0901906730990121,0.0873420629450952,0.0826096944635882,0.0816448426372616,0.0384102917528141,0.0341373765219388,0.0457155984378589,0.0639099471628761,0.066253158741098,0.0661153227659085,0.0651045256145186,0.0658396508155294,0.0753043877785435,0.075717895704112,0.0745233172524695,0.0776935446818286,0.0514128187456925,0.0774638180565127,0.0517803813461979,0.0691017688950148,0.0713990351481736,0.0759935676544911,0.0730990121755111,0.0766827475304387,0.0766368022053755,0.07728003675626,0.0765908568803123,0.0765908568803123,0.07728003675626,0.0435102228348265,0.0397886515047093,0.0283023202389156,0.0282104295887892,0.0301860785665058,0.0645072363886974,0.0790259591086606,0.0807259361359981,0.0807259361359981,0.0798529749597978,0.0468642315644382,0.0581208362049161,0.0616126809097174,0.0542614288996094,0.0509074201699976,0.0484723179416494,0.0608316103836433,0.0646450723638869,0.0613829542844015,0.0547208821502411,0.0363427521249712,0.0368481507006661,0.0449804732368481,0.044704801286469,0.0557776246266941,0.0043648058810015,0.032621180794854,0.0327130714449804,0.0352860096485182,0.0397427061796461,0.0333103606708016,0.0321157822191591,0.0482425913163335,0.0489777165173443,0.024994256834367,0.0128646910176889,0.0128646910176889,0.0128646910176889,0.0121295658166781,0.0018837583275901,0.0553181713760624,0.0712611991729841,0.0723638869745003,0.0648747989892028,0.0611991729841488,0.0169997702733746,0.0226510452561451,0.0310130944176429,0.0395589248793934,0.049161497817597,0.0077647599356765,0.0696531127957729,0.0719044337238685,0.0083161038364345,0.0755800597289225,0.0900987824488857,0.0059728922582126,0.0900987824488857,0.0311968757178956,0.0900987824488857
6459,3905,46115,0.18283354931203,1.6540332906530089,0.6045827527481035,38,5,124,5,7.139650100634773,11.80921895006402,0.2506270320483046,0.2942870413376683,0.2897042885895649,0.2374361356247097,0.1853537699334261,0.0098776900448985,0.012354853692522,0.0126644991484749,0.2885895649481343,0.2507199256850905,0.0141198327914537,0.0785570521752592,0.1131134850596067,0.0626103111936832,0.0318934819631521,0.2600712184548691,0.3030809722867317,0.313144449605202,0.3098622077721009,0.3082830159467409,0.2914692676884966,0.2829540176497909,0.2488930174949682,0.2811271094596686,0.2782164421737111,0.2651494039324973,0.2629509211952314,0.2639417866542808,0.2878773803994426,0.2849357485678897,0.3103886050472209,0.3117820095990091,0.1434277751973989,0.3135469886979408,0.1434277751973989,0.3110078959591267,0.311348505960675,0.3125561232388915,0.311348505960675,0.3125561232388915,0.3164576559838984,0.3135469886979408,0.3164576559838984,0.3164576559838984,0.3135469886979408,0.2538163802446199,0.2329153119677968,0.1694070289518501,0.1695928162254218,0.1732156680600712,0.3224647778293853,0.3247871187490324,0.3235795014708159,0.3235795014708159,0.3129896268772255,0.284966713113485,0.2877225576714661,0.2756154203437064,0.2610001548227279,0.2468803220312741,0.2834494503793156,0.2899829694999226,0.2768540021675181,0.2636631057439231,0.2581204520823656,0.2526397275119987,0.2493265211333023,0.2840377767456262,0.2994890849976775,0.2949063322495742,0.0121690664189502,0.2191980182690818,0.2201579191825359,0.2258553955720699,0.2425143211023377,0.2486453011302059,0.2632605666511843,0.2742529803375135,0.2933271404242142,0.1716674407803065,0.0117045982350208,0.0117045982350208,0.0117045982350208,0.0103421582288279,0.0015482272797646,0.2422046756463848,0.3017185322805387,0.3041337668369716,0.2712184548691748,0.2649016875677349,0.0692057594054806,0.1174175568973524,0.1891624090416472,0.2375290292614955,0.271559064870723,0.0243690973834958,0.2430097538318624,0.2539712029725963,0.0112710945966867,0.2546833875212881,0.3053104195695928,0.161480105279455,0.3053723486607834,0.2768540021675181,0.3053723486607834
5199,8640,751531,1.673067024997685,0.6017361111111111,1.6618580496249278,636,50,1424,10,144.55299095979996,86.98275462962962,0.6971725331794576,0.7834968263127524,0.7667628390075014,0.6751298326601269,0.6577803423735333,0.2827466820542411,0.6701673398730524,0.8305058665127909,0.8885170225043277,0.8604731679169071,0.6318138103481439,0.6212348528563185,0.5914598961338718,0.3378341988844008,0.1555299095979995,0.8627428351606078,0.9445662627428352,0.9653010194268128,0.9567609155606848,0.9457203308328526,0.4268513175610694,0.3731486824389305,0.8532794768224659,0.524831698403539,0.564800923254472,0.3252548567032121,0.4533564146951336,0.3207539911521446,0.5014041161761877,0.407693787266782,0.9155222158107328,0.8905558761300251,0.8905558761300251,0.8307366801307945,0.7865743412194652,0.5143681477207155,0.5186381996537796,0.7303712252356223,0.5226774379688401,0.743796884016157,0.8744758607424504,0.8266205039430659,0.8081169455664551,0.7994614348913253,0.7962685131756106,0.7248316984035392,0.4650509713406424,0.3540296210809771,0.3556837853433352,0.354068090017311,0.94087324485478,0.9491825351029044,0.945912675514522,0.945912675514522,0.9456433929601846,0.6610117330255818,0.828813233314099,0.8010001923446817,0.7194845162531256,0.7489901904212349,0.665704943258319,0.7718407386035776,0.7426812848624735,0.6912098480477015,0.7295249086362763,0.9249086362762068,0.8243893056356992,0.9542219657626466,0.9099057511059818,0.927832275437584,0.2577034045008655,0.9054818234275824,0.9058665127909212,0.90732833237161,0.936487786112714,0.6153875745335642,0.5039430659742258,0.674283516060781,0.5827659165224082,0.6140026928255434,0.274206578188113,0.2738603577611078,0.274206578188113,0.2718984420080784,0.0175033660319291,0.8573956530101942,0.7856895556837854,0.7880361608001538,0.90821311790729,0.87378341988844,0.5612617811117523,0.6910944412386997,0.821042508174649,0.8740527024427773,0.8976726293517985,0.2199269090209655,0.7871898442008078,0.8145412579342182,0.2206578188113098,0.8151952298518946,0.8390075014425851,0.8390075014425851,0.839084439315253,0.839084439315253,0.8117330255818427
2067,967,11267,0.5636913150912878,2.1375387797311274,0.4678277697145622,16,5,49,5,5.450895016932753,11.651499482936918,0.0111272375423318,0.0174165457184324,0.0169327527818093,0.0142235123367198,0.0127721335268504,0.0070633768746975,0.01673923560716,0.015965166908563,0.0218674407353652,0.0163522012578615,0.0179970972423802,0.0205128205128204,0.0209966134494435,0.0185776487663279,0.0208030962747943,0.0160619254958877,0.0155781325592645,0.0156748911465892,0.0152878567972907,0.0151910982099661,0.0147073052733429,0.0145137880986937,0.0180938558297048,0.0135462022254474,0.0152878567972907,0.0157716497339138,0.0145137880986937,0.0153846153846153,0.0153846153846153,0.0148040638606675,0.0122883405902273,0.0129656507014997,0.0003870343492984,0.0122883405902273,0.0003870343492984,0.0164489598451862,0.0165457184325108,0.0121915820029027,0.0165457184325108,0.0121915820029027,0.0119013062409288,0.0119980648282534,0.0119013062409288,0.0119013062409288,0.0119980648282534,0.0095791001451378,0.0092888243831639,0.0087082728592162,0.0083212385099177,0.0085147556845669,0.0137397194000967,0.0145137880986937,0.0141267537493952,0.0141267537493952,0.0123850991775519,0.0218674407353652,0.0188679245283018,0.0188679245283018,0.0154813739719399,0.0131591678761489,0.0203193033381712,0.0145137880986937,0.0144170295113691,0.0140299951620705,0.0144170295113691,0.0173197871311078,0.0215771649733913,0.0137397194000967,0.0145137880986937,0.0201257861635219,0.0166424770198354,0.0157716497339138,0.0152878567972907,0.0143202709240444,0.0130624092888243,0.0138364779874213,0.0121915820029027,0.0174165457184324,0.0154813739719399,0.0092888243831639,0.0170295113691339,0.0163522012578615,0.0170295113691339,0.015191098209966,0.0061925495887759,0.0141267537493952,0.015965166908563,0.018287373004354,0.0152878567972907,0.0153846153846153,0.0223512336719883,0.0208030962747943,0.0191582002902757,0.0158684083212384,0.0140299951620705,0.0225447508466375,0.0164489598451862,0.0138364779874213,0.0215771649733913,0.0152878567972907,0.0173197871311078,0.0,0.0173197871311078,0.0007740686985969,0.0173197871311078
763,2628,39652,1.9774941102074444,0.2903348554033486,3.444298820445609,595,5,243,5,51.96854521625164,15.0882800608828,0.2862385321100917,0.2558322411533421,0.2175622542595019,0.1693315858453473,0.1381389252948885,0.2676277850589777,0.3022280471821755,0.3072083879423329,0.2799475753604193,0.2070773263433813,0.274967234600262,0.2794233289646133,0.2442988204456094,0.2893840104849278,0.2678899082568807,0.2183486238532109,0.2495412844036696,0.2699868938401049,0.2844036697247706,0.2825688073394495,0.0859764089121886,0.0964613368283092,0.2644823066841415,0.1334207077326342,0.1315858453473131,0.1748361730013106,0.1756225425950196,0.1795543905635648,0.1677588466579292,0.1709043250327653,0.2445609436435123,0.2348623853211008,0.2309305373525557,0.2322411533420707,0.2275229357798164,0.2684141546526867,0.2684141546526867,0.2249017038007864,0.2681520314547837,0.2340760157273918,0.2427260812581913,0.2230668414154652,0.2256880733944954,0.2283093053735255,0.2306684141546526,0.2041939711664482,0.0783748361730012,0.0636959370904324,0.0639580602883354,0.056880733944954,0.2325032765399737,0.2490170380078637,0.2595019659239842,0.2595019659239842,0.2595019659239843,0.3038007863695937,0.2256880733944953,0.2115334207077326,0.2183486238532109,0.2112712975098295,0.3009174311926605,0.2340760157273918,0.2214941022280471,0.2225425950196592,0.2264744429882044,0.1876802096985582,0.2846657929226736,0.1043250327653997,0.182699868938401,0.2872870249017037,0.2699868938401048,0.1798165137614678,0.1808650065530799,0.2503276539973788,0.1200524246395805,0.184010484927916,0.1425950196592398,0.2977719528178243,0.2031454783748361,0.1360419397116644,0.2893840104849278,0.2899082568807339,0.2893840104849278,0.2815203145478374,0.019397116644823,0.1868938401048492,0.2859764089121887,0.2891218872870248,0.2207077326343381,0.2204456094364351,0.2961992136304062,0.2933158584534731,0.2807339449541284,0.2634338138925295,0.2644823066841415,0.2382699868938401,0.2901703800786369,0.274442988204456,0.2458715596330274,0.2828309305373525,0.27391874180865,0.274180865006553,0.2846657929226736,0.2846657929226736,0.2854521625163826
9906,12381,123518,0.100710836617455,0.8000969227041435,1.24984857662023,509,5,529,5,12.469008681607107,9.976415475325094,0.0917423783565515,0.0952554007672117,0.0890369473046638,0.0622451039773873,0.0442358166767615,0.02521704017767,0.0266908944074297,0.0283868362608519,0.1058146577831616,0.0846355743993538,0.0340803553401978,0.0562689279224711,0.0518877448011306,0.0374722390470421,0.0119523521098323,0.1247728649303452,0.1541086210377548,0.1531798909751665,0.1415707651928123,0.1376539471027659,0.0969311528366646,0.0864122753886532,0.0799111649505349,0.116010498687664,0.1173632142136078,0.1085200888350494,0.1103573591762567,0.1090652130022208,0.1266505148394912,0.1262669089440742,0.1023622047244094,0.1125580456289117,0.0865132243084998,0.1112457096709064,0.0873611952352109,0.134484151019584,0.1374116696951342,0.1051685846961437,0.138562487381385,0.1089844538663436,0.1129820310922672,0.1109226731273975,0.1156067030082777,0.1157682212800322,0.1112860892388451,0.0918029477084594,0.0592772057338985,0.0439733494851604,0.0444780940843932,0.0469816272965878,0.1319402382394508,0.1416919038966282,0.1425398748233393,0.1425398748233393,0.1409448818897637,0.1070260448213203,0.1226327478295981,0.1168584696143751,0.0993539269129819,0.0866747425802543,0.1087623662426811,0.12463153644256,0.1252574197456087,0.1093882495457298,0.0991520290732888,0.0679184332727639,0.0685039370078739,0.0836260852008883,0.088532202705431,0.1094286291136684,0.0238845144356954,0.0566121542499494,0.0576620230163536,0.0535385474246432,0.0646476882697354,0.0572178477690288,0.0556026650514839,0.0970724813244498,0.0812436906925095,0.0588734100545123,0.0260852008883504,0.0260852008883504,0.0260852008883504,0.0253785584494245,0.0009489198465576,0.0890369473046638,0.1254593175853018,0.126771653543307,0.1055320008075913,0.1001009489198465,0.0371693922875024,0.0481122551988693,0.0622047244094487,0.0728043609933373,0.0874217645871188,0.0234201494044013,0.1281243690692509,0.1180294770845951,0.0244700181708055,0.1210175651120532,0.1455279628507974,0.0543710882293559,0.1447203714920249,0.1043609933373712,0.1447203714920249
57728,10291,890388,0.149877074903027,5.609561752988048,0.1782670454545454,417,5,4686,5,15.42384977827051,86.52103780001943,0.208765243902439,0.209683342572062,0.1825526607538802,0.1326739190687361,0.1400291019955653,0.1660788525498891,0.2105598669623059,0.1650741407982261,0.1025533536585365,0.1047533259423502,0.1619733924611973,0.157580376940133,0.1396722560975609,0.0536065687361418,0.033300997782705,0.2185975609756097,0.2426725332594234,0.2611245842572062,0.2577050997782705,0.2509042405764966,0.1967121674057649,0.1732919900221729,0.1947373891352549,0.2052002494456762,0.2075006929046562,0.1754919623059866,0.2001628325942349,0.1747436252771618,0.2049577328159645,0.188057788248337,0.2223427106430155,0.2279794900221729,0.2030314578713968,0.2284402716186252,0.2036897172949002,0.2120669345898004,0.2124757483370288,0.2230702605321507,0.2129226718403547,0.2248544900221729,0.2344789356984478,0.2312465354767183,0.2307892184035476,0.2300997782705099,0.2289079822616407,0.1720066518847006,0.0639550997782704,0.0437603935698447,0.0438019678492239,0.0442142461197338,0.2559243348115299,0.2564959811529933,0.2568008592017738,0.2568008592017738,0.2572062084257206,0.2229663248337028,0.2139966740576496,0.2076254157427937,0.2068181818181818,0.1793999445676274,0.2224882206208425,0.2200145509977826,0.2131062915742793,0.2047706485587582,0.1990715077605321,0.1802418237250554,0.249570399113082,0.1673745842572061,0.2459118625277161,0.2492967017738359,0.0577293514412416,0.1572581762749445,0.159666019955654,0.2133384146341463,0.14366338691796,0.1240126108647449,0.1239294623059866,0.1751593680709534,0.1342537416851441,0.1047602549889134,0.0702917128603103,0.0702917128603103,0.0702917128603103,0.0686564578713968,0.0015694290465631,0.1714869733924611,0.2392807649667405,0.2420454545454545,0.2056506374722838,0.1911585365853658,0.1664356984478935,0.192350332594235,0.204351441241685,0.2179115853658536,0.2234790742793791,0.0583841463414633,0.184357677383592,0.1792752217294899,0.058695953436807,0.1790188470066518,0.2316934589800443,0.231627633037694,0.2314855875831485,0.2314890521064301,0.2260497505543236
943,1349,99287,7.804925214624242,0.6990363232023721,1.4305408271474018,648,19,583,5,105.288441145281,73.6004447739066,0.8025450689289502,0.825662778366914,0.7879109225874867,0.6659597030752916,0.6265111346765642,0.6061505832449628,0.7628844114528102,0.8053022269353128,0.8428419936373277,0.7953340402969247,0.7980911983032873,0.8099681866383882,0.8110286320254506,0.7378579003181336,0.5874867444326617,0.7073170731707317,0.8008483563096501,0.8587486744432662,0.8742311770943797,0.8716861081654294,0.145493107104984,0.1597030752916224,0.6646871686108164,0.664050901378579,0.6288441145281018,0.5813361611876988,0.6114528101802758,0.5762460233297986,0.6829268292682926,0.662778366914104,0.7387062566277838,0.7796394485683986,0.7796394485683986,0.7951219512195122,0.8016967126193002,0.7700954400848357,0.7724284199363732,0.7879109225874867,0.7730646871686109,0.7989395546129374,0.8279957582184517,0.8050901378579003,0.8019088016967126,0.8019088016967126,0.8036055143160127,0.7158006362672322,0.4634146341463414,0.4509013785790031,0.4534464475079532,0.4559915164369035,0.7234358430540827,0.8377518557794273,0.8511134676564158,0.8511134676564158,0.8386002120890774,0.752067868504772,0.8589607635206787,0.8585365853658538,0.8180275715800637,0.8165429480381761,0.752067868504772,0.8581124072110287,0.8581124072110287,0.8201484623541887,0.8209968186638388,0.8354188759278897,0.8551431601272534,0.7482502651113467,0.7828207847295865,0.8606574761399788,0.543796394485684,0.7698833510074231,0.7696712619300106,0.7722163308589607,0.7077412513255568,0.6956521739130435,0.6825026511134678,0.8205726405090138,0.742099681866384,0.5919406150583245,0.631813361611877,0.631813361611877,0.631813361611877,0.613997879109226,0.0803817603393424,0.8292682926829269,0.8110286320254507,0.8131495227995759,0.8663838812301167,0.8672322375397667,0.823966065747614,0.8441145281018028,0.8472958642629905,0.8447507953340402,0.84050901378579,0.5071049840933192,0.8349946977730646,0.8369034994697774,0.5056203605514316,0.8364793213149524,0.8231177094379639,0.8231177094379639,0.8419936373276776,0.8419936373276776,0.8343584305408271
42382,8738,678297,0.1831582176772596,4.850308995193408,0.2061724316926997,433,5,4152,5,16.00436506063895,77.62611581597619,0.2215091312349582,0.2167901467604171,0.1894530696994006,0.135279127931669,0.1369685243735547,0.1360577603699683,0.2343919588504553,0.1948799018451228,0.1060922089566324,0.1031758765513661,0.1815959605492897,0.1733330187343683,0.1442121655419753,0.092544004530225,0.0370676230475201,0.2218488981171251,0.2478835354631683,0.2690245859091124,0.2661035345193714,0.259402576565523,0.1974989382284932,0.1747675900146288,0.2085036100231229,0.207073757727337,0.2096314473125383,0.175022415176254,0.1997357368694256,0.1748053418904251,0.2077532914916709,0.191619083573215,0.230107120947572,0.2381435515077155,0.2146996366381954,0.2387051106601859,0.215289509697513,0.2218158652258033,0.2226039356330517,0.2340899438440847,0.2232315605681656,0.2365579727242697,0.2472228776367325,0.2421499693266008,0.2411967344627436,0.2404558539002406,0.239464867160587,0.1820442640743711,0.0663772356188947,0.0452314661884761,0.0461422301920626,0.0464112123071114,0.2658392713887971,0.2657732056061535,0.2651833325468359,0.2651833325468359,0.2659100561559152,0.2298098249256759,0.2228823557170496,0.2146194139021282,0.2126374404228209,0.1963003161719597,0.2313765277712235,0.2291869189750365,0.2214949742815345,0.2120994761927233,0.205058751356708,0.1880043414657165,0.2615544334859138,0.1690764947383322,0.2543202302864423,0.2610495021471379,0.0753904959652682,0.1524609504034731,0.1524987022792694,0.2181209003822377,0.1449436081355291,0.1268463026756641,0.120574772308999,0.1897314897833985,0.1335850125053088,0.11557736775046,0.0734321174083336,0.0734321174083336,0.0734321174083336,0.0718795715162096,0.00190175074324,0.1754990326081827,0.2504695389552168,0.2527865603322164,0.2147421074984662,0.1975980369024585,0.1853333962531262,0.2027511679486574,0.2173517059128875,0.228153461375112,0.2357699023170213,0.0589542730404416,0.1985418337973667,0.1979849936293709,0.0598744750129771,0.1968335614175828,0.2448397904770893,0.244750129772073,0.2449577650889528,0.244915294228682,0.2403142843660043
44081,8254,606353,0.1666516538460183,5.340562151684032,0.1872462058483247,381,5,3023,5,13.755427508450351,73.46171553186333,0.2291100474127174,0.2325718563553457,0.2064835189764297,0.1487988022050316,0.1492479753181642,0.1369977995054558,0.2420906966720355,0.1935709262494044,0.1011773780086658,0.0977201061681903,0.2002994487420883,0.1929311948458519,0.1813252875388489,0.0981647421791701,0.0109344161883804,0.2260747260724574,0.2517320387468523,0.2748122773984255,0.2745355141671014,0.26857376193825,0.2163335677502778,0.1920736825389623,0.2289875456545903,0.2240738640230484,0.2245774823620153,0.1967287493477915,0.2197454685692247,0.1959438306753476,0.2252489734806378,0.2098137519566252,0.2403711349561035,0.2479798552664413,0.2182572990630883,0.2486059753635353,0.2190785145527551,0.2495224699984119,0.2496631201651505,0.2442367459903359,0.2498945123749461,0.246736689276559,0.2490324629659036,0.2480252262879698,0.2489644064336108,0.2492457067670878,0.2485878269549238,0.2043737664753521,0.0807604183208184,0.0617953313218846,0.0621991334134887,0.0628570132256527,0.2736916131666704,0.2740092103173702,0.2747124611510628,0.2747124611510628,0.2761824822485878,0.2363966334702025,0.2297044077947415,0.2187790658106667,0.2175948821487715,0.1927905446791134,0.2384564778475986,0.2353848596901158,0.2256890723894648,0.2152537374378983,0.1729770195775957,0.2167509811483405,0.2710328713050974,0.2012068691726594,0.2646537056781833,0.2683106100133844,0.043828406796579,0.1886844672307796,0.187296113972006,0.2344229940337106,0.1745967650461649,0.1415666613733807,0.1507452190286063,0.2193053696603978,0.1522969079648828,0.1467480320319411,0.0558608017059503,0.0558608017059503,0.0558608017059503,0.0561239536308159,0.0016106712642634,0.1797373017853496,0.2551666250765635,0.2582926884598806,0.222240874753295,0.1991061908758875,0.1860166511649009,0.2071776956058165,0.2258932419863432,0.2380209160409246,0.2471223429595517,0.0450398130713912,0.1970690320092556,0.1820920578026814,0.0443048025226287,0.1803180508609151,0.2530704838819446,0.2530341870647217,0.2544089290170367,0.2544089290170367,0.2494135795467434
73064,7711,870531,0.1545148033080446,9.47529503306964,0.1055376108617102,970,5,4411,5,11.914636483083324,112.89469588898976,0.1335924668783532,0.1260785065148362,0.1115761524143216,0.0816599145954231,0.0827247344793605,0.1283422752655206,0.1231386181977444,0.0834829738311616,0.0605168071827438,0.0628517464141026,0.0820267163035146,0.0745154932661775,0.0651100405124274,0.0414540676667031,0.0343534435563341,0.1595258951056607,0.1733959268586444,0.1850678856892587,0.1800284681922697,0.1736559728457242,0.1335842548998138,0.1173546479798532,0.1286269571882185,0.1444815504215482,0.1441777072155917,0.1292757034928281,0.1438191174860396,0.1290430307675462,0.1467343698675134,0.1371756268476951,0.1630132486587101,0.1724406000218986,0.1444815504215482,0.1721668674039198,0.1445554582284024,0.1390862805211868,0.1402879667141136,0.1659941968684987,0.1410982152633307,0.1689012372714332,0.1733712909230263,0.1733904522062848,0.1741131063177488,0.1739488667469615,0.1727855031205518,0.1014617321800065,0.0340933975692543,0.0217863790649293,0.0220765356399868,0.02242143873864,0.1793058140808058,0.1797602102266505,0.1794262564327164,0.1794262564327164,0.177666155699113,0.1497919632103361,0.1487599912405561,0.1452343151209897,0.1442844629366035,0.0696457899923354,0.1525265520639439,0.1500218986094383,0.1465728676229059,0.1447032738421109,0.1153947224351253,0.1047684222051899,0.1678610533231139,0.0912350815723201,0.1644667688601773,0.1671986203876053,0.0533340632869812,0.0887276907916346,0.0913281506624328,0.1381802255556771,0.0839565312602649,0.0762044235191065,0.0693118361984013,0.0908710171904083,0.0714496879448154,0.0589373699770064,0.0491131063177487,0.0491131063177487,0.0491131063177487,0.0489242308113434,0.0015055293988831,0.1199277345888535,0.161275046534545,0.1635333406328697,0.1384539581736559,0.1287528741924887,0.1115104565860067,0.1216631993868389,0.1326645133034051,0.1443200481769407,0.1548204314026058,0.0404877915252381,0.1516560823387714,0.1587539691229606,0.0416840030658052,0.1577137851746413,0.1408600678856892,0.1408819664951275,0.1391957735683783,0.1392121975254571,0.1366555348735355
87271,13209,752937,0.0653158746238652,6.606934665758195,0.1513561205898866,565,5,6282,5,8.627573879066356,57.001816942993415,0.1113153281158689,0.1079488031533957,0.0932108031304785,0.0645827365333271,0.0625614465286291,0.115417492637875,0.0821464174811792,0.0495445222353358,0.0297395469285329,0.0357232070218056,0.0543502423485464,0.0523793700083646,0.0409689358435218,0.0392501518259214,0.0333742021977517,0.119533407432022,0.1391573374889711,0.1516517514409139,0.146137892312452,0.1410755004526131,0.117370031281869,0.1080106793780293,0.088262996871813,0.1233376493909775,0.1225584673029986,0.113400786057224,0.1212269826173642,0.1126009785610339,0.1234178593117988,0.1178581659428675,0.1146222685657319,0.1243253772730918,0.0952137594389888,0.1209863528549001,0.0954681394735937,0.1303640384549277,0.1305405002807346,0.1138705870220347,0.1307077952584478,0.1183760928601711,0.1194554892232241,0.1185663049581189,0.1240114127258768,0.1244697551305702,0.1206105120830516,0.0715770416289488,0.0239988083097477,0.0190051678106128,0.0187278706557733,0.0186934949754213,0.1519725911241992,0.1519244651717065,0.1516930022573363,0.1516930022573363,0.1522109291746399,0.1229068075305656,0.1173287804654466,0.1155641622073769,0.1119936748748152,0.0861592052342702,0.1191713169323142,0.1172508622566488,0.1145030995405117,0.108411728982136,0.0729864445233811,0.0761100480113668,0.1315901043874826,0.0679675951919881,0.127240434966942,0.1284321252191448,0.0478417802018997,0.0708345269333454,0.0730666544442025,0.1071375370970883,0.0678759267110494,0.0520172795086569,0.0499753640957476,0.0900528239621408,0.0528881300775744,0.0517560243379816,0.0491847234476515,0.0491847234476515,0.0491847234476515,0.0488111743878263,0.000588969990031,0.0868260934330991,0.1246691340766119,0.1258562409047678,0.1089777818519324,0.1048229079533865,0.0784040517468574,0.0869246370501082,0.0992792565686195,0.1087898614660081,0.1185067204455087,0.0383724261209335,0.1081619323715781,0.1143472631229159,0.0382670073678541,0.1124245167352269,0.1238464094601872,0.1233055654226489,0.1236286968179578,0.1234568184161977,0.1214240698513824
2928,1835,20473,0.3810433138279656,1.5956403269754769,0.6267076502732241,51,5,169,5,6.992144808743169,11.156948228882834,0.0643442622950819,0.0841530054644808,0.0788934426229507,0.0578551912568305,0.0448770491803278,0.0023907103825136,0.0370901639344262,0.0372267759562841,0.0961065573770491,0.0646857923497267,0.0318306010928961,0.0711065573770491,0.0778005464480874,0.0672131147540983,0.0557377049180327,0.0838797814207649,0.1108606557377048,0.1256147540983606,0.1258879781420764,0.1254781420765027,0.0668032786885245,0.0619535519125682,0.1000683060109289,0.0970628415300545,0.0967896174863387,0.0942622950819671,0.0983606557377048,0.0956284153005464,0.0943306010928961,0.0924863387978141,0.0987704918032786,0.0941256830601092,0.0314207650273223,0.1003415300546447,0.0314207650273223,0.1138661202185792,0.1135245901639343,0.1004781420765026,0.1133879781420764,0.1004781420765026,0.1062841530054644,0.1003415300546447,0.1064207650273223,0.1064207650273223,0.1003415300546447,0.0661202185792349,0.0402322404371584,0.0275956284153005,0.028483606557377,0.0297131147540983,0.0985655737704917,0.115846994535519,0.1140710382513661,0.1140710382513661,0.1102459016393442,0.0942622950819671,0.0947404371584699,0.0866120218579234,0.0754781420765026,0.0709699453551912,0.0892759562841529,0.0959699453551912,0.0949453551912567,0.0797131147540983,0.0741803278688524,0.0810792349726775,0.1182377049180327,0.0774590163934425,0.0955601092896174,0.1218579234972677,0.0360655737704917,0.0651639344262294,0.0662568306010928,0.0754781420765026,0.0519808743169398,0.0633196721311475,0.0637978142076502,0.0644808743169398,0.0880464480874316,0.0335382513661201,0.0362021857923496,0.0361338797814207,0.0362021857923496,0.0294398907103824,0.003415300546448,0.0543715846994535,0.0961065573770491,0.099863387978142,0.081967213114754,0.0743852459016393,0.0896174863387977,0.0926229508196721,0.0947404371584699,0.0969945355191256,0.1023907103825136,0.0267759562841529,0.1122267759562841,0.1019125683060108,0.0278005464480873,0.103415300546448,0.1244535519125682,0.0579234972677595,0.1244535519125682,0.1029371584699453,0.1244535519125682
5536,15429,200180,0.2343617997337796,0.3588048480134811,2.787030346820809,390,5,321,5,36.15968208092485,12.97426923326204,0.2883309248554913,0.3652095375722543,0.3616329479768786,0.2785043352601156,0.2274205202312138,0.0452312138728323,0.0554190751445086,0.0983381502890172,0.3787572254335259,0.3075867052023121,0.151914739884393,0.1628973988439305,0.1601878612716762,0.0953395953757225,0.0297326589595375,0.4567196531791907,0.4970014450867052,0.4845736994219652,0.431900289017341,0.4090679190751444,0.3407514450867052,0.3033598265895953,0.2970375722543352,0.3667991329479768,0.3691473988439306,0.3288294797687861,0.3383670520231213,0.3307442196531792,0.3863439306358381,0.3845736994219653,0.3483381502890174,0.4109104046242774,0.4045881502890173,0.4223627167630058,0.4191112716763006,0.3887857272892773,0.3976878612716762,0.3939667630057803,0.3989161849710982,0.4118497109826589,0.4205563583815028,0.4166184971098265,0.4284682080924855,0.4302023121387283,0.425,0.301914739884393,0.2717485549132947,0.2352601156069363,0.2409320809248554,0.2457369942196531,0.4740606936416185,0.4815390173410405,0.4829841040462427,0.4829841040462427,0.4832008670520231,0.3165462427745664,0.3946531791907514,0.3683887283236994,0.3277817919075144,0.3084898843930636,0.340715317919075,0.3903540462427745,0.377565028901734,0.3585982658959537,0.3390534682080924,0.2727962427745664,0.2604046242774566,0.3240606936416185,0.3217124277456647,0.3672687861271676,0.0054190751445086,0.2352962427745664,0.2367774566473988,0.2489523121387283,0.2710260115606936,0.2753251445086705,0.2582731213872832,0.3451589595375722,0.3375,0.2982297687861271,0.0436054913294797,0.0434971098265895,0.0436054913294797,0.0441835260115606,0.0021676300578034,0.3276372832369941,0.4278901734104046,0.4372832369942195,0.372471098265896,0.3820447976878612,0.1234465317919074,0.169400289017341,0.2260476878612716,0.2654624277456647,0.3121748554913294,0.0345736994219652,0.3512283236994219,0.3662210982658959,0.0341040462427745,0.375686416184971,0.4223627167630057,0.356864161849711,0.3922687861271676,0.3803106936416184,0.3879335260115606
24523,4305,291882,0.276477987457128,5.696399535423926,0.1755494841577294,810,5,3746,5,11.90237736002936,67.8006968641115,0.1657219752885046,0.1567834278024711,0.143082004648697,0.1037311911266973,0.0941646617461158,0.1200342535578844,0.1783142356155445,0.1532765159238265,0.0647881580557027,0.064967581454145,0.1388003099131427,0.1080781307344125,0.1037556579537576,0.0757492965787219,0.0792072748032458,0.1756555070749907,0.2000570892631406,0.2155119683562369,0.2114504750642253,0.2070219793663091,0.1454634424825673,0.1342087020348244,0.1135260775598417,0.1527708681645801,0.1580883252456877,0.1415324389348774,0.1510663458793784,0.1430330709945764,0.149533091383599,0.1458059780614117,0.1709334094523508,0.1805651837050931,0.155282795742772,0.1810545202462993,0.1558373771561391,0.1753700607592871,0.1766423357664233,0.1727357990457937,0.1774660522774537,0.1744810993760958,0.1981568323614565,0.1868776250866533,0.1869510255678342,0.1849529013579088,0.1811116095094401,0.1075072381030052,0.0399217061534069,0.0345145373730782,0.0349549402601638,0.0358683684704154,0.2142233821310605,0.2169555111527953,0.2174774701300819,0.2174774701300819,0.2168005545814133,0.1724095746849895,0.1743506096317742,0.1684459487012192,0.1650124373037556,0.14882355339885,0.1703543612119234,0.171267789422175,0.1671002732129021,0.1632752925824735,0.135831668229825,0.0995065856542836,0.1998613546466582,0.0806508175998042,0.180711984667455,0.1993883293234922,0.1178567059495167,0.0904375484239285,0.0914651551604615,0.1292256249235411,0.0715165354972882,0.0974595277902377,0.0863108102597561,0.1524364881947559,0.1078334624638094,0.082763120336011,0.1197406516331606,0.1197406516331606,0.1197406516331606,0.1169595889573053,0.0027484402397748,0.1197161848061003,0.1880030991314276,0.1883782571463523,0.1526322228112384,0.1399828732210577,0.1593850670798841,0.1641234759205643,0.1695714227459935,0.1802797373893895,0.1927904416262284,0.0908861069200342,0.1724014190759694,0.180238959344289,0.093552991069608,0.1809240305019777,0.1876279411165028,0.1875300738082616,0.1900012233413529,0.1899767565142927,0.1873017167556986
147,453,2941,4.416512741962126,0.3245033112582781,3.0816326530612246,93,5,31,5,20.006802721088437,6.492273730684326,0.05578231292517,0.1551020408163265,0.1768707482993197,0.1632653061224489,0.1523809523809523,0.0367346938775509,0.1673469387755101,0.202721088435374,0.1659863945578231,0.1755102040816326,0.1632653061224489,0.1687074829931972,0.1673469387755101,0.1809523809523809,0.2027210884353741,0.1768707482993196,0.2081632653061224,0.2312925170068027,0.2272108843537414,0.2258503401360543,0.0789115646258503,0.0775510204081632,0.1156462585034013,0.1564625850340135,0.164625850340136,0.1346938775510203,0.1306122448979591,0.1401360544217686,0.1020408163265305,0.1129251700680271,0.182312925170068,0.2027210884353741,0.1863945578231292,0.1918367346938775,0.1755102040816326,0.220408163265306,0.219047619047619,0.1891156462585033,0.219047619047619,0.1918367346938775,0.1904761904761904,0.1918367346938775,0.1904761904761904,0.1904761904761904,0.1918367346938775,0.0503401360544217,0.1333333333333333,0.1183673469387754,0.1129251700680271,0.1210884353741496,0.1197278911564625,0.164625850340136,0.1659863945578231,0.1659863945578231,0.1877551020408162,0.2081632653061224,0.1673469387755101,0.182312925170068,0.1482993197278911,0.1755102040816326,0.2108843537414965,0.1659863945578231,0.1904761904761904,0.1972789115646258,0.1891156462585033,0.1061224489795918,0.2108843537414966,0.164625850340136,0.1224489795918366,0.2136054421768707,0.1115646258503401,0.0897959183673468,0.11156462585034,0.1482993197278911,0.1537414965986394,0.1768707482993196,0.1809523809523809,0.1564625850340135,0.1999999999999999,0.1156462585034013,0.1551020408163264,0.1523809523809523,0.1551020408163264,0.0476190476190475,0.0353741496598638,0.127891156462585,0.1782312925170067,0.183673469387755,0.1782312925170067,0.1591836734693877,0.2204081632653061,0.2149659863945577,0.1959183673469387,0.2108843537414965,0.2176870748299319,0.0938775510204081,0.1741496598639455,0.1755102040816326,0.1265306122448979,0.1700680272108843,0.2462585034013605,0.1183673469387754,0.2462585034013605,0.2435374149659863,0.2462585034013605
66519,28237,551682,0.0293713932950357,2.3557389241066686,0.4244952569942422,277,5,1064,5,8.293600324719254,19.53755710592485,0.0180730317653602,0.0153790646281513,0.0132172762669311,0.0088906928847396,0.007645935747681,0.009660397781085,0.0248229829071392,0.017597979524647,0.0085479336730858,0.0074715494821028,0.011734993009516,0.0091853455403718,0.0098077241089011,0.0087343465776694,0.0057818067018445,0.0297268449615898,0.0461552338429621,0.0533080773914219,0.0497812655030893,0.0483921886979659,0.0243118507494099,0.0205896059772395,0.0227303477202002,0.0273215171605104,0.0269607179903485,0.0238879117244696,0.0264014792765976,0.0237977119319292,0.0293269592146603,0.0270930110194079,0.0286414407913528,0.0262902328657977,0.0127963439017422,0.0295344187375035,0.0128414437980125,0.0372495076594656,0.0371653211864278,0.027171184172943,0.0370270148378658,0.0284430012477637,0.030701002721027,0.0288729535922067,0.0320750462273936,0.0322674724514799,0.0294772922022279,0.0171980937777176,0.0065905981749575,0.0054961740254663,0.0055683338594987,0.0054991806852177,0.0482598956689065,0.0506201235737157,0.0508606563538236,0.0508456230550669,0.0508937296110885,0.0206948390685367,0.0194049820352079,0.0182744779687006,0.0178174656864955,0.0142966671176655,0.0204061997324072,0.0201175603962777,0.0183045445662141,0.0161337362257399,0.0146213863708112,0.0200724605000074,0.0240713179693019,0.0223545152512815,0.026302259504803,0.033214570273155,0.0103038229678737,0.0207970655000826,0.0208511853756069,0.0101474766608036,0.0218283497947954,0.0069423773658653,0.0066507313699844,0.0114643936318946,0.0085118537560696,0.0085268870548263,0.0097415775943714,0.0097415775943714,0.0097415775943714,0.0097475909138741,0.0002946526556321,0.0120416723041536,0.0207730122220718,0.0218704430313142,0.0212901576993039,0.0179798253130684,0.0142245072836332,0.0170056675536312,0.020439272989672,0.0218584163923089,0.0237526120356589,0.0072219967227408,0.032526045190096,0.0307461026172972,0.0072400366812489,0.0304935431981839,0.0472797245899667,0.0278506892767479,0.0471263849426479,0.0408695260000901,0.0471143583036425
36088,17932,347987,0.0537738926330377,2.012491635065804,0.4968964752826424,148,5,405,5,9.642734426956329,19.40592237341066,0.2236699179782753,0.2520782531589448,0.2421358900465528,0.175110840168477,0.1335734870317002,0.0098426069607625,0.0982487253380624,0.2406173797384171,0.1364109953447128,0.0942640212813123,0.0608734205275991,0.0781201507426291,0.071569496785635,0.0330636222567057,0.0067224562181334,0.2447350919973398,0.2952449567723342,0.3085014409221902,0.3012912879627577,0.2993626690312568,0.2563234316116159,0.2523498115717135,0.1906672578142318,0.249922411882066,0.2491964087785413,0.2358457104854799,0.2357071602748835,0.2350642872977166,0.2597761028596763,0.2580469962314342,0.2701230325870095,0.2705220571935269,0.1500443360673908,0.2725171802261139,0.1500609620926623,0.298342939481268,0.2976003103524717,0.2684604300598536,0.297888494790512,0.2712757703391709,0.2750609620926624,0.2722677898470405,0.2787851917534915,0.2787907337619152,0.2725615162935047,0.2316393260917756,0.1317501662602526,0.115168477056085,0.1171026379960097,0.1169197517180225,0.3090888938151185,0.3075038794058966,0.3078419419197516,0.3078419419197516,0.3071214808246508,0.2127854134338283,0.2045998669917978,0.1904843715362447,0.1972511638217689,0.1813788516958545,0.215772555974285,0.2126357792063843,0.1994014630902238,0.1881123919308357,0.1868155619596541,0.210540900022168,0.2115107514963422,0.2440645089780536,0.2606074041232542,0.2815284859232986,0.0091886499667479,0.1797827532697849,0.1806861006428729,0.0121757925072045,0.2126967412990467,0.1549600975393482,0.1402626911992906,0.2182609177565949,0.1927011749057858,0.1820549767235645,0.0093937042784304,0.0094491243626689,0.0093937042784304,0.0095100864553313,0.0005098647749944,0.1722068277543781,0.2194801596098425,0.222472844158723,0.2156284637552648,0.1816337840833518,0.06031367767679,0.0888383950343603,0.1517900687209044,0.1972844158723121,0.2358290844602083,0.0098814010197295,0.2281534027931722,0.2096652626911992,0.0100753713145643,0.205530924407005,0.2940700509864775,0.2579694081135003,0.2949290622921746,0.2903181112835291,0.2949678563511416
1090,3646,52551,1.3223238235190506,0.2989577619308831,3.3449541284403668,899,5,177,5,48.21192660550459,14.413329676357652,0.3282568807339449,0.3572477064220183,0.3286238532110092,0.2326605504587156,0.1880733944954128,0.1407339449541284,0.1838532110091743,0.2365137614678898,0.3056880733944954,0.2625688073394495,0.2620183486238532,0.3179816513761467,0.3023853211009174,0.2752293577981651,0.1869724770642201,0.2902752293577981,0.3510091743119266,0.3862385321100917,0.3820183486238532,0.368440366972477,0.1420183486238531,0.1431192660550458,0.3396330275229358,0.295045871559633,0.2937614678899082,0.2910091743119266,0.301651376146789,0.3034862385321101,0.3042201834862384,0.3007339449541284,0.2469724770642201,0.2932110091743119,0.2842201834862384,0.3110091743119266,0.3137614678899082,0.3176146788990825,0.3168807339449541,0.305137614678899,0.3205504587155963,0.311743119266055,0.3462385321100917,0.318348623853211,0.3321100917431193,0.3365137614678899,0.324954128440367,0.2823853211009174,0.148440366972477,0.1113761467889908,0.1166972477064219,0.1165137614678898,0.2915596330275229,0.3543119266055046,0.3653211009174312,0.3653211009174312,0.3710091743119266,0.3341284403669725,0.3603669724770642,0.3322935779816514,0.2574311926605504,0.2453211009174311,0.3330275229357798,0.3653211009174312,0.3370642201834862,0.2860550458715596,0.2866055045871559,0.3405504587155963,0.3691743119266055,0.2999999999999999,0.3190825688073394,0.3855045871559633,0.1387155963302752,0.3029357798165137,0.3099082568807339,0.3264220183486238,0.2719266055045871,0.2708256880733944,0.2873394495412844,0.3427522935779816,0.3154128440366972,0.1759633027522935,0.156697247706422,0.1572477064220183,0.156697247706422,0.1508256880733944,0.0095412844036696,0.2724770642201834,0.3535779816513761,0.3513761467889907,0.3211009174311926,0.3005504587155963,0.3255045871559633,0.3352293577981651,0.3511926605504586,0.3511926605504586,0.3601834862385321,0.1144954128440366,0.3856880733944954,0.3807339449541284,0.1124770642201834,0.3761467889908256,0.3576146788990825,0.3568807339449541,0.3368807339449541,0.3368807339449541,0.3233027522935779
19445,7050,160792,0.1172917247957049,2.7581560283687945,0.3625610696837233,125,5,780,5,8.269066598097197,22.807375886524824,0.0348470043713036,0.0260426844947286,0.023512471072255,0.0170120853689893,0.013659038313191,0.0288917459501156,0.0292825919259449,0.0379943430187708,0.0199434301877089,0.0136693237336075,0.0314836718950886,0.0242221650809976,0.0244073026484957,0.0264232450501413,0.019634867575212,0.0381383389046026,0.0535664695294419,0.063419902288506,0.0620210851118539,0.0609925430701979,0.0336641810233993,0.028531756235536,0.0391874517870917,0.0419748007199793,0.0421187966058112,0.0393623039341732,0.0421187966058112,0.0392491643095911,0.0435381846232964,0.0415119568012342,0.0321316533813319,0.0359784006171251,0.0273797891488814,0.0358138338904602,0.0274312162509642,0.051766520956544,0.0519208022627924,0.0301568526613524,0.0518693751607096,0.0341167395217279,0.0336744664438158,0.0344355875546412,0.0391977372075083,0.0395062998200051,0.0357932630496271,0.0304448444330161,0.0096374389303162,0.008053484186166,0.0081871946515813,0.0080843404474157,0.0575983543327333,0.0598508614039598,0.0600874260735407,0.0600874260735407,0.0601285677552069,0.0348778606325533,0.0375109282591925,0.0337464643867317,0.0300128567755206,0.0265878117768063,0.0324813576754949,0.0382309076883517,0.0343121625096425,0.0298585754692722,0.0276266392388788,0.0350321419388017,0.0493803034199022,0.0336641810233992,0.0452558498328618,0.0568063769606582,0.028881460529699,0.0354538441758806,0.0356904088454615,0.0443095911545384,0.031802519928002,0.01599382874775,0.0160966829519156,0.0314013885317562,0.0189971715093854,0.0149755721265106,0.0292003085626124,0.0293237336076111,0.0292003085626124,0.0290768835176137,0.0010182566212393,0.0196657238364617,0.0423347904345589,0.0430959115453843,0.0336333247621496,0.024283877603497,0.0356492671637952,0.0373155052712779,0.0360812548212907,0.0391771663666751,0.0417073797891488,0.0199228593468757,0.0538853175623553,0.0443610182566211,0.0197685780406273,0.0442787348932887,0.0595628696322961,0.0477552069940858,0.0591925944973,0.0568783749035741,0.0591720236564669
1208,406,31668,6.456953642384105,2.9753694581280787,0.3360927152317881,145,5,989,5,26.21523178807947,78.0,0.8048013245033113,0.8137417218543046,0.8038079470198676,0.7089403973509933,0.6518211920529802,0.7889072847682119,0.8246688741721855,0.8346026490066226,0.7655629139072848,0.6908940397350993,0.8029801324503311,0.7912251655629139,0.7950331125827814,0.746523178807947,0.5938741721854305,0.8163907284768213,0.8400662251655628,0.8473509933774835,0.8428807947019867,0.8425496688741723,0.4049668874172185,0.3998344370860927,0.8059602649006623,0.7859271523178808,0.7541390728476821,0.5182119205298014,0.5665562913907285,0.5763245033112583,0.3052980132450331,0.3210264900662251,0.7466887417218543,0.7776490066225165,0.74817880794702,0.7814569536423841,0.752317880794702,0.8188741721854305,0.8188741721854305,0.7827814569536424,0.8188741721854305,0.7817880794701987,0.7829470198675497,0.7817880794701987,0.7850993377483444,0.7850993377483444,0.7817880794701987,0.5480132450331127,0.2327814569536423,0.2357615894039734,0.2417218543046357,0.2375827814569536,0.8112582781456954,0.840728476821192,0.8417218543046359,0.8417218543046359,0.8311258278145696,0.8158940397350992,0.8382450331125828,0.8385761589403973,0.830794701986755,0.8289735099337749,0.8140728476821192,0.8389072847682119,0.8423841059602649,0.8397350993377483,0.8397350993377483,0.2231788079470198,0.3908940397350993,0.4461920529801325,0.4665562913907284,0.795364238410596,0.8009933774834437,0.0713576158940396,0.3125827814569536,0.6975165562913908,0.3425496688741721,0.7564569536423841,0.7629139072847682,0.810430463576159,0.8026490066225165,0.5362582781456954,0.8039735099337749,0.8038079470198676,0.8039735099337749,0.527317880794702,0.0650662251655628,0.8231788079470199,0.8377483443708609,0.8377483443708609,0.8443708609271523,0.8428807947019867,0.8355960264900663,0.8271523178807947,0.8379139072847682,0.8405629139072847,0.8403973509933774,0.6566225165562913,0.7960264900662252,0.7985099337748345,0.6539735099337748,0.7951986754966887,0.8180463576158941,0.8182119205298013,0.8273178807947019,0.8273178807947019,0.8341059602649006
16638,10217,134476,0.0791079752799754,1.628462366643829,0.6140762110830629,142,5,504,5,8.08246183435509,13.161984927082312,0.0376487558600792,0.0310974876788075,0.0283086909484312,0.0189325640100973,0.0145931001322273,0.0197139079216251,0.0202187762952277,0.0237768962615698,0.0279480706815722,0.0164563048443322,0.0236446688303882,0.0248587570621468,0.0225628080298112,0.022646952758745,0.0128981848779901,0.0439115278278638,0.0674119485515085,0.0758985454982569,0.0738189686260367,0.0730977280923187,0.0384180790960451,0.0323716792883759,0.047084986176223,0.0525183315302319,0.0519894218055054,0.0472292342829666,0.0512681812717874,0.0476739992787594,0.0548263012381295,0.053203510037264,0.0431662459430219,0.0394278158432503,0.0155307128260607,0.043851424450054,0.0155547541771846,0.0583243178266618,0.0581319870176703,0.0420002404135112,0.0580478422887365,0.0430821012140882,0.0469287173939174,0.0438153624233681,0.0488279841327082,0.0488520254838321,0.0439355691789878,0.0358095924990984,0.0124293785310734,0.0092799615338381,0.0096285611251352,0.0097848299074407,0.0700084144728933,0.0715951436470729,0.0713547301358336,0.0713547301358336,0.0698040629883399,0.0338862844091837,0.0363745642505108,0.0328765476619785,0.0292823656689505,0.0269984373121769,0.034126697920423,0.0389710301718956,0.0361822334415193,0.030171895660536,0.0278278639259525,0.0431542252674599,0.0504627960091356,0.0435869695876907,0.0525784349080418,0.0620867892775573,0.0198581560283687,0.0375525904555835,0.0375405697800216,0.0304483711984613,0.0371318668109147,0.01650438754658,0.0160355811996633,0.0306527226830147,0.0214569058781103,0.0155547541771847,0.0201947349441038,0.0200264454862362,0.0201947349441038,0.0200625075129222,0.0008654886404615,0.022262291140762,0.0396321673278037,0.0423247986536843,0.0389469888207716,0.0257723284048563,0.0285250631085466,0.0316985214569058,0.0414112273109748,0.0459790840245221,0.0496453900709219,0.0138838802740713,0.0595023440317345,0.0456785671354729,0.0149416997235244,0.0465560764514965,0.0729174179588892,0.0323836999639379,0.0729294386344512,0.0574107464839523,0.0729294386344512
643,1339,9596,1.1145477753761135,0.4802091112770724,2.082426127527216,89,5,49,5,14.923794712286158,7.166542195668409,0.0516329704510108,0.1365474339035769,0.1409020217729393,0.1321928460342145,0.1213063763608086,0.0080870917573872,0.0413685847589424,0.0444790046656298,0.1262830482115085,0.1654743390357697,0.0606531881804043,0.0628304821150854,0.0783825816485224,0.0727838258164851,0.0566096423017106,0.180715396578538,0.2024883359253499,0.2027993779160186,0.196267496111975,0.1959564541213063,0.0419906687402798,0.0398133748055987,0.1073094867807153,0.1219284603421461,0.1440124416796267,0.1804043545878693,0.1866251944012441,0.1869362363919128,0.1937791601866251,0.1897356143079315,0.1698289269051321,0.1884914463452565,0.1586314152410575,0.1866251944012441,0.15800933125972,0.1841368584758941,0.190357698289269,0.1856920684292378,0.1894245723172627,0.1856920684292378,0.1900466562986002,0.1860031104199066,0.1900466562986002,0.1900466562986002,0.1860031104199066,0.044167962674961,0.1365474339035769,0.1054432348367029,0.1110419906687402,0.1107309486780715,0.075272161741835,0.1782270606531881,0.2055987558320372,0.2055987558320372,0.196267496111975,0.1303265940902021,0.1614307931570761,0.1713841368584758,0.1545878693623638,0.1474339035769828,0.1281493001555209,0.1552099533437013,0.1676516329704509,0.1667185069984447,0.1642301710730948,0.1632970451010886,0.1642301710730948,0.1813374805598755,0.1720062208398133,0.1769828926905131,0.03701399688958,0.1381026438569206,0.1368584758942456,0.1446345256609641,0.1427682737169517,0.1169517884914463,0.1409020217729393,0.1045101088646967,0.1676516329704509,0.0606531881804043,0.0435458786936236,0.0447900466562985,0.0435458786936236,0.0401244167962674,0.0124416796267495,0.1318818040435458,0.1632970451010886,0.1648522550544323,0.1881804043545878,0.165163297045101,0.1057542768273716,0.1374805598755832,0.1533437013996889,0.1732503888024882,0.1944012441679626,0.0357698289269051,0.1850699844479004,0.1897356143079315,0.0466562986003109,0.1937791601866251,0.2018662519440123,0.0161741835147744,0.2018662519440123,0.1228615863141524,0.2018662519440123
3527,6339,77546,0.3468432039803104,0.5563969080296577,1.797278140062376,1024,5,356,5,21.98639070031188,12.233159804385547,0.2055004252906151,0.2623192514885171,0.2535866175219733,0.1818542670825063,0.1394953218032321,0.0607314998582364,0.0779699461298553,0.0992344768925431,0.2426424723561099,0.2080521689821378,0.139098383895662,0.1877516302806917,0.1824780266515452,0.1412531896796143,0.0669690955486248,0.2586333994896512,0.3123901332577261,0.3130705982421321,0.2840941309895095,0.2726396370853416,0.1893393819109724,0.1693790757017294,0.2606747944428692,0.2629430110575559,0.2738871562234193,0.2615820810887439,0.2709384746243266,0.2650411114261412,0.2871562234193365,0.285625177204423,0.2053870144598809,0.220357244116813,0.1828749645591154,0.2254607314998581,0.1893393819109725,0.2568427030096535,0.2561612720045428,0.2111300397501419,0.2557637705848948,0.2206700738216921,0.25585483413666,0.2347604196200737,0.2437765806634533,0.2420187127870711,0.2276722426991777,0.2112843776580663,0.1384746243266231,0.1050184292599942,0.1053586617521972,0.1077402891976183,0.3019563368301672,0.3254323787921745,0.3276438899914941,0.3276438899914941,0.3187411397788488,0.2392401474340799,0.2619790189963141,0.2482563084774595,0.214233059257159,0.2023816274454209,0.2395803799262829,0.2611851431811737,0.2519988658916926,0.2324354975900198,0.2200737170399772,0.2370286362347604,0.2243266231925148,0.2527927417068329,0.2612418485965409,0.2744542103770909,0.0483697193081938,0.1962521294718909,0.1982964224872231,0.2178307779670641,0.19778534923339,0.1910972497873546,0.2010774028919761,0.2251772044230223,0.2408278990643606,0.1508931102920328,0.0694641338247802,0.0694641338247802,0.0694641338247802,0.0674794442869293,0.0041394953218031,0.1918344201871278,0.2875531613269066,0.2919194783101786,0.2559682449673943,0.2446838673093279,0.1405727246952083,0.1707967110859086,0.2052168982137793,0.2339665438049333,0.2584632832435497,0.0533597958605046,0.290048199603062,0.2803515735752764,0.0544939041678479,0.2835270768358378,0.2755316132690671,0.2378225120499007,0.2612985540119081,0.2525092146299971,0.2605046781967677
27879,10429,194439,0.0668749575731001,2.6732189088119664,0.3740808493848416,152,5,837,5,6.974389325298612,18.644069421804584,0.0665734065066896,0.0604038882312851,0.0553463180171454,0.0373758025754151,0.0303167258509989,0.0227052620251801,0.0388536174181283,0.073847698984899,0.0331790953764481,0.0263854514150435,0.0437318411707736,0.0411922952760141,0.0396140464148641,0.0277700060977796,0.0137451128089242,0.0670899243157932,0.0926862513002618,0.1041213816851393,0.0996664155816205,0.0980307758527923,0.0772768033286702,0.0690053445245525,0.0652390688331718,0.0888984540335018,0.0893145378241686,0.0839341439793392,0.0879658524337314,0.0835969726317299,0.0911797410237095,0.0879873740091107,0.0608056243050324,0.0659205853868503,0.027913483266975,0.0613580114064349,0.0278776139746762,0.0864162990064205,0.0864736898740987,0.0585028157394454,0.0867462964955701,0.0603823666559058,0.0637971232827576,0.0611786649449406,0.0663940600451952,0.0664371031959538,0.0613723591233544,0.0623049607231248,0.019491373435202,0.0162416155529251,0.0167079163528103,0.0164927005990171,0.1059722371677606,0.1060439757523583,0.1069335342013701,0.1069335342013701,0.1058215861401054,0.0693209942967824,0.0694859930413572,0.0640553821873094,0.0603321496466874,0.055927400552387,0.0670684027404138,0.0726640123390365,0.0665231894974711,0.0611571433695612,0.0579002116288245,0.054664801463467,0.0808350371247174,0.0520104738333512,0.0723914057175651,0.0912730011836866,0.0202589762903977,0.0508079861805623,0.0510807045074933,0.0598050496756752,0.0488997470370667,0.035517773234334,0.0356899458373685,0.0566447863983643,0.0405036048638759,0.0343484343053911,0.0218013558592488,0.0217439649915706,0.0218013558592488,0.0236378636249506,0.000659994978299,0.0429355428817389,0.0752609491014742,0.0782667957961188,0.066336669177517,0.0511496108181785,0.0516661286272821,0.0568528282936977,0.0622332221385271,0.06719035833423,0.0712866315147601,0.0183435560816384,0.0923203845188134,0.078008536891567,0.018135514186305,0.0768463718210839,0.0953979697980558,0.067692528426414,0.0952616664873201,0.086875425947846,0.0953190573549983
5130,1685,37126,0.4294977470051654,3.0445103857566767,0.3284600389863548,123,5,455,5,7.237037037037037,22.033234421364984,0.1909941520467835,0.2267056530214424,0.2256140350877192,0.1763742690058479,0.1285380116959064,0.0739961013645223,0.082923976608187,0.1297855750487329,0.2216374269005847,0.1660818713450292,0.072475633528265,0.1447173489278752,0.147719298245614,0.1053411306042884,0.0633138401559453,0.2615594541910331,0.2980896686159843,0.295438596491228,0.2757115009746588,0.2672904483430799,0.1698245614035087,0.1534892787524366,0.2357504873294346,0.2547368421052631,0.2534502923976608,0.2534502923976608,0.2612865497076023,0.2549317738791422,0.2645614035087719,0.2612865497076023,0.2822222222222222,0.2774269005847952,0.1098245614035087,0.2843664717348927,0.1100584795321637,0.2685380116959064,0.2689668615984405,0.2821832358674464,0.2691617933723196,0.2836647173489278,0.28682261208577,0.2843664717348927,0.2886939571150096,0.2886939571150096,0.2843664717348927,0.2050292397660818,0.0881481481481481,0.0580506822612085,0.0580506822612085,0.0620662768031188,0.2353996101364522,0.2851072124756335,0.2840545808966861,0.2840545808966861,0.2777777777777777,0.2139571150097465,0.2330214424951266,0.2327875243664717,0.1961793372319687,0.1150877192982455,0.2088109161793371,0.2219883040935672,0.2162573099415204,0.2007407407407407,0.1491617933723196,0.1648343079922027,0.2504093567251462,0.164522417153996,0.270448343079922,0.2679142300194931,0.0750097465886938,0.1163352826510721,0.1222222222222221,0.2053021442495126,0.1177777777777777,0.1744249512670564,0.1834307992202728,0.1564912280701754,0.2307212475633528,0.089980506822612,0.075204678362573,0.0754775828460038,0.075204678362573,0.074074074074074,0.0049512670565301,0.2227680311890837,0.2464327485380116,0.2457699805068225,0.2436647173489278,0.2259649122807017,0.1802339181286549,0.1881481481481481,0.212943469785575,0.2482261208576997,0.2745808966861598,0.0731773879142299,0.2669785575048732,0.265692007797271,0.0703313840155944,0.268849902534113,0.2557894736842104,0.2270565302144249,0.2557115009746588,0.2486939571150097,0.2542690058479532
1807,2062,28059,0.7530527096639483,0.876333656644035,1.1411178749308246,460,5,202,5,15.527946873270617,13.607662463627548,0.1151079136690647,0.1360265633646928,0.13049252905368,0.0941892639734366,0.0705035971223021,0.0311012728278915,0.0745987825124515,0.0855561704482567,0.134366353071389,0.1121195351411178,0.0905368013281681,0.1207526286662977,0.1167681239623685,0.1116768123962368,0.092197011621472,0.1256225788599889,0.1563918096292196,0.1705589374654122,0.1615938018815716,0.1538461538461538,0.0442722744881017,0.0469286109573878,0.1232982844493635,0.1176535694521305,0.1238516878804648,0.1325954620918649,0.1371333702268953,0.1341449916989485,0.1382401770890979,0.1355838406198118,0.1091311566131709,0.1136690647482014,0.0936358605423353,0.1159933591588267,0.0961815163254012,0.1439955727725511,0.1428887659103486,0.1031543995572772,0.1446596568898726,0.1135583840619811,0.1312672938572218,0.1172108467072495,0.1266187050359712,0.1266187050359712,0.1172108467072495,0.1107913669064747,0.0615384615384615,0.0453790813503043,0.0479247371333701,0.0493635860542334,0.1200885445489761,0.1669064748201438,0.1690094078583287,0.1690094078583287,0.1676812396236856,0.1373547315993359,0.1353624792473713,0.136137244050913,0.1124515771997785,0.1086884338682899,0.13912562257886,0.140453790813503,0.1420033204205865,0.116104039845047,0.1152185943552849,0.1340343110127282,0.1464305478693967,0.1179856115107913,0.1358052019922523,0.1577199778638627,0.063087991145545,0.1043718871057,0.099612617598229,0.1149972329828444,0.0827891532927503,0.1006087437742113,0.1034864416159379,0.1236303265080243,0.1272827891532927,0.057000553403431,0.0780298837852794,0.0772551189817376,0.0780298837852794,0.0718317653569451,0.0077476480354177,0.0990592141671277,0.1463198671831765,0.1522966242390702,0.1380188157166574,0.1267293857221914,0.1193137797454343,0.1281682346430547,0.1407858328721637,0.1497509684560043,0.161372440509131,0.0675152185943552,0.1654676258992805,0.1583840619811842,0.0686220254565577,0.1619258439402323,0.1541781959048146,0.1383508577753181,0.1491975650249031,0.1458771444382955,0.1485334809075816
34151,23098,470966,0.0597051444695103,1.478526279331544,0.6763491552223947,3544,5,2544,5,13.79069426956751,20.38990388778249,0.0606600099557845,0.0437293197856577,0.0348628151445052,0.0222951011683405,0.0256742115897044,0.0402213697988345,0.0497086468917454,0.0602559222277531,0.0266873590817252,0.0221194108518051,0.0501244473075458,0.0441509765453427,0.0417791572721149,0.0392609294017744,0.0242511200257678,0.0399402652923779,0.0601329390061784,0.071090158414102,0.0701589997364644,0.0685192234488008,0.0513015724283329,0.0441216948259201,0.0361804925185206,0.0544347164065473,0.0470850048314836,0.0525548300196187,0.0580187988638692,0.052912066996574,0.0578196831717958,0.0551550467043424,0.0096571110655617,0.0112383239143802,0.0106409768381598,0.0118942344294456,0.011396445199262,0.0586571403472811,0.0586864220667037,0.0093877192468741,0.0589733829170448,0.009580978595063,0.0242804017451904,0.0203039442476061,0.0209891364820941,0.0192849404117009,0.01568914526661,0.0422300957512224,0.01160141723522,0.0093877192468741,0.0093935755907586,0.0090539076454568,0.0614213346607712,0.0623876314017158,0.0625867470937893,0.0625867470937893,0.0638458610289595,0.0624520511844455,0.0462534039998828,0.0431905361482825,0.0353196099674972,0.0253345436444027,0.0624403384966764,0.0502708559046586,0.0484612456443441,0.0414336329829287,0.0252584111739041,0.0376445784896488,0.055196041111534,0.0355245820034552,0.0555884161517963,0.0631021053556264,0.0395068958449239,0.0304138571120463,0.0317784191998842,0.0426599816157594,0.0302380664510327,0.0169072647945887,0.0226757635208338,0.0335099997071827,0.022951011683406,0.022084272788498,0.0402623642060261,0.0402623642060261,0.0402623642060261,0.040010541418992,0.0005622090129131,0.0258440455623553,0.0407133026851336,0.0430441275511697,0.0451816930690169,0.0388158472665514,0.0416913121138472,0.0462885420631899,0.0489941729378348,0.0521390296038183,0.0549032239173084,0.0348979532078123,0.0670375684460191,0.0533278674123744,0.0353371789991508,0.0536851043893297,0.0693098298732101,0.0643143685397206,0.0665632045913735,0.0656847530086966,0.0654856373166231
39387,23033,278677,0.0307183380910067,1.710024747101984,0.5847868586081703,136,5,441,5,7.075354812501587,12.099031823904832,0.0179907075938761,0.0166806306649401,0.0151725188513976,0.0094193515626983,0.0067738086170563,0.0064437504760453,0.0092517835834158,0.0233427272958082,0.0100693122096122,0.0070632442176352,0.0127046995201462,0.0127097773377002,0.0122832406631629,0.0111001091730773,0.0053621753370401,0.0240028435778302,0.0406479295198922,0.048198644222713,0.0474775941300428,0.0473151039683143,0.0299185010282579,0.0254449437631705,0.0276334831289511,0.0361896057074669,0.0354533221621346,0.0327113006829664,0.035585345418539,0.0326859115951963,0.0377078731561174,0.0361134384441566,0.0238403534161017,0.0249930180008631,0.0049508721151648,0.0239266763145199,0.0049508721151648,0.0325234214334678,0.0328839464798029,0.0233681163835783,0.0328737908446949,0.023622007261279,0.0263487952877852,0.0240586995709243,0.0267448650569984,0.0267448650569984,0.0240637773884783,0.0186609795110061,0.0051285957295554,0.0044430903597633,0.0043720009140071,0.0043110671033589,0.0454413892908827,0.0459999492218244,0.0461065833904587,0.0461065833904587,0.0465585091527661,0.0208190519714626,0.0200878462436844,0.0190468936451113,0.0177418945337293,0.0146748927311041,0.0198542666361997,0.0222662299743569,0.0205346941884377,0.0168329651915606,0.0158326351334196,0.0240180770304922,0.0280447863508263,0.025632823012669,0.0304059715134434,0.036590753294234,0.0067027191713001,0.0215096351588086,0.021946327468454,0.0059613578084139,0.022946657526595,0.0070327773123111,0.0066417853606519,0.0114657120369664,0.0099322111356538,0.0082565313428288,0.0059410465381978,0.0059410465381978,0.0059410465381978,0.0061746261456825,0.0002437352425926,0.0111711986188335,0.0182547541066849,0.0188183918551806,0.0211998882880137,0.0154721100870845,0.0150760403178713,0.0168431208266686,0.0211541879300276,0.0241145555640185,0.0273237362581562,0.0050270393784751,0.0382968999923832,0.03124888922741,0.0048848604869626,0.0285373346535658,0.0466600655038463,0.0109680859166729,0.0466600655038463,0.0261609160382866,0.0466600655038463
19412,11924,167597,0.0724059057180122,1.6279771888627976,0.6142592211003503,550,5,309,5,8.633680197815783,14.055434417980544,0.0590459509581701,0.0637234700185451,0.0609519884607458,0.0426128168143416,0.0303008448382443,0.0107768390686173,0.0121059138677106,0.019997939418916,0.0603338141355861,0.040397692149186,0.0189985575932412,0.026931794766124,0.0275808778075416,0.019369462188337,0.008695652173913,0.081578405110241,0.1106222954873273,0.1157428394807335,0.1104368431897794,0.108510199876365,0.0675355450236966,0.0616319802184215,0.0570677931176591,0.076869977333608,0.0772305790232845,0.0702555120543992,0.073573047599423,0.0711724706367195,0.0830414176797856,0.0815990109210797,0.0886565011333195,0.0827014218009478,0.030259633216567,0.0892231609313826,0.0303832680815989,0.0964454976303317,0.095765505872656,0.0852874510611992,0.0958376262105913,0.0873480321450648,0.0931485678961466,0.0891510405934472,0.0937049247887904,0.0937049247887904,0.0892643725530599,0.0612816814341644,0.0362147125489387,0.0271893674016072,0.0277766330105089,0.027591180712961,0.1159488975891201,0.11732948691531,0.118050690294663,0.118050690294663,0.1172161549556974,0.0692973418504017,0.0689985575932412,0.0637852874510611,0.0560168967648876,0.052544817638574,0.0680712961055017,0.0694518854316916,0.0644549763033175,0.0558005357510817,0.0528126931794765,0.0543375231815371,0.0586338347413969,0.0647022460333813,0.0710076241500102,0.0846795796414588,0.0063981042654028,0.047146095198846,0.0473727591180712,0.0192252215124664,0.0537399546672161,0.0386565011333195,0.0345250360601689,0.0560684112919843,0.0521842159488975,0.0392128580259632,0.0112507727179063,0.0112507727179063,0.0112507727179063,0.0110653204203585,0.0008036266227075,0.048433958376262,0.0753966618586441,0.0769627034823819,0.0723160931382649,0.0490418297960024,0.0321141561920461,0.0388419534308674,0.0466927673603955,0.0523799711518647,0.0629507521120955,0.0093550381207499,0.0865959200494539,0.0825262724088192,0.0094477642695239,0.0820420358541108,0.1110550175149391,0.0480218421594889,0.1106944158252626,0.0876468164022253,0.1106944158252626
610,3650,90274,4.054525039299349,0.1671232876712328,5.983606557377049,2132,12,329,5,147.99016393442622,24.732602739726023,0.6065573770491803,0.6695081967213115,0.6409836065573771,0.539672131147541,0.4950819672131147,0.5022950819672131,0.5518032786885245,0.6075409836065574,0.6747540983606557,0.620327868852459,0.599344262295082,0.6426229508196721,0.6259016393442622,0.5580327868852459,0.4950819672131148,0.6760655737704917,0.7370491803278688,0.7659016393442623,0.7504918032786885,0.739016393442623,0.1147540983606557,0.1268852459016393,0.4842622950819672,0.4685245901639344,0.4954098360655738,0.5331147540983607,0.5701639344262295,0.5429508196721311,0.6242622950819673,0.6232786885245901,0.6383606557377048,0.660655737704918,0.660655737704918,0.6472131147540984,0.639016393442623,0.6134426229508196,0.6190163934426229,0.600983606557377,0.6170491803278688,0.5901639344262295,0.6895081967213115,0.6642622950819672,0.6511475409836065,0.6416393442622951,0.6409836065573771,0.5534426229508196,0.3524590163934425,0.321639344262295,0.3180327868852458,0.3154098360655737,0.5944262295081967,0.7170491803278688,0.7239344262295082,0.7239344262295082,0.7360655737704918,0.5681967213114755,0.7026229508196721,0.6931147540983607,0.6675409836065574,0.6534426229508197,0.5704918032786885,0.7042622950819671,0.6921311475409836,0.6714754098360656,0.6786885245901639,0.7019672131147541,0.6872131147540983,0.6422950819672131,0.638032786885246,0.7157377049180328,0.4947540983606557,0.6622950819672131,0.6655737704918032,0.697377049180328,0.6344262295081967,0.5734426229508196,0.5334426229508197,0.6301639344262295,0.620983606557377,0.5285245901639344,0.5088524590163934,0.5078688524590164,0.5088524590163934,0.4885245901639344,0.0406557377049179,0.6908196721311476,0.6104918032786886,0.6081967213114754,0.7350819672131148,0.7245901639344263,0.6367213114754098,0.6524590163934426,0.698688524590164,0.7170491803278688,0.719344262295082,0.4272131147540984,0.6960655737704917,0.6777049180327869,0.4301639344262294,0.6918032786885246,0.697377049180328,0.697377049180328,0.6967213114754098,0.6967213114754098,0.6816393442622951
38609,18534,346355,0.0484020492904037,2.0831444912053523,0.4800435131705043,292,5,1089,5,8.970835815483436,18.687547210532,0.059623403869564,0.0575876091066849,0.0530808878758838,0.0374316869123779,0.0302571939185163,0.0220414929161594,0.0490403791862,0.0669170400683778,0.0351265249035198,0.0260094796550026,0.0366132248957496,0.0354217928462275,0.0344893677639928,0.0238079204330596,0.0054650470097645,0.0713823201844129,0.0939625475925302,0.1024424357015203,0.09763008624932,0.0950866378305576,0.0651091714367116,0.0591261104923721,0.0626019839933693,0.069978502421715,0.069196301380507,0.0632909425263539,0.0668600585355745,0.0624206791162682,0.0728120386438394,0.0698179181019969,0.0697453961511564,0.0694397679297572,0.0355461161905254,0.0714548421352533,0.0356548991167861,0.0812453054987178,0.0812556657774094,0.0686264860524747,0.0812194048019891,0.0701287264627418,0.0736149602424305,0.0713097982335724,0.0750602191198942,0.075086119816623,0.0713978606024501,0.0593436763448936,0.026351368851822,0.0220570333341966,0.0233365277525965,0.0228703152114791,0.0999093475614493,0.1015203708979771,0.1018985210702167,0.1018985210702167,0.1020228444145147,0.0637934160428915,0.0599652930663834,0.0559403247947369,0.055505193089694,0.0484446631614389,0.0633997254526146,0.0626952265015928,0.0588463829677017,0.0532829133103679,0.0503664948587116,0.0594939003859203,0.0688233313476131,0.059706286099096,0.0705534978890931,0.0811209821544199,0.0121111657903597,0.0543137610401719,0.0529203035561656,0.015934108627522,0.0541117356056877,0.0316351109844854,0.0301380507135641,0.0509932917195471,0.0393586987489963,0.0362298945841642,0.0181304877101193,0.0180631458986246,0.0181304877101193,0.0170167577507834,0.0004869330985003,0.044305731824186,0.0638244968789659,0.0640835038462534,0.0639436400839182,0.0501282084488072,0.0394105001424537,0.0435287109223237,0.0558833432619337,0.0608821777305809,0.0671397860602449,0.0132456163070786,0.0724390686109455,0.0682276153228521,0.0134942629956745,0.0655339428630629,0.0949674946256054,0.0692118417985443,0.0937864228547747,0.0833018208189799,0.0930612033463699
1474,1021,15887,1.0556468835592316,1.443682664054848,0.6926729986431479,103,5,182,5,10.778154681139757,15.560235063663075,0.2222523744911804,0.2663500678426051,0.2488466757123473,0.1925373134328357,0.1580732700135684,0.0172320217096336,0.1146540027137041,0.1166892808683853,0.2729986431478968,0.2119402985074626,0.132428765264586,0.1462686567164179,0.2008141112618724,0.176933514246947,0.1701492537313432,0.2185888738127543,0.2672998643147896,0.2884667571234735,0.280461329715061,0.2757123473541384,0.1534599728629578,0.1484396200814111,0.2621438263229307,0.2409769335142469,0.2522388059701492,0.2156037991858887,0.228629579375848,0.2226594301221166,0.2154681139755766,0.2142469470827679,0.2461329715061058,0.2683853459972862,0.2282225237449117,0.2683853459972863,0.2284938941655359,0.2777476255088195,0.2781546811397557,0.2693351424694708,0.2777476255088195,0.2687924016282225,0.2721845318860244,0.2686567164179104,0.2747625508819538,0.2747625508819538,0.2686567164179104,0.1970149253731343,0.1284938941655359,0.0987788331071912,0.0979647218453188,0.0976933514246946,0.2280868385345996,0.2796472184531886,0.2814111261872455,0.2814111261872455,0.2708276797829036,0.2633649932157395,0.2579375848032564,0.2586160108548167,0.2337856173677069,0.216146540027137,0.2667571234735413,0.2556309362279511,0.259023066485753,0.2370420624151967,0.2364993215739484,0.2096336499321573,0.276933514246947,0.185753052917232,0.22876526458616,0.2740841248303934,0.1123473541383988,0.1793758480325644,0.1729986431478968,0.1827679782903663,0.126865671641791,0.2230664857530528,0.2331071913161465,0.2327001356852103,0.2573948439620081,0.0943012211668927,0.1153324287652645,0.1154681139755766,0.1153324287652645,0.0848032564450474,0.012618724559023,0.1964721845318859,0.2713704206241519,0.2758480325644504,0.242876526458616,0.2301221166892808,0.2280868385345996,0.2458616010854816,0.25359565807327,0.2803256445047489,0.2830393487109904,0.0872455902306648,0.2857530529172319,0.262686567164179,0.0947082767978289,0.2659430122116689,0.2782903663500678,0.2525101763907734,0.2710990502035278,0.2682496607869742,0.2701492537313432
854,8870,450123,5.9422335108475535,0.0962795941375422,10.386416861826698,4085,22,730,5,527.076112412178,50.7466741826381,0.8737704918032787,0.8475409836065573,0.8203747072599532,0.7187353629976581,0.6690866510538641,0.8269320843091336,0.8524590163934427,0.8707259953161592,0.8594847775175645,0.8672131147540985,0.8728337236533958,0.85807962529274,0.8437939110070257,0.7992974238875878,0.3957845433255268,0.8714285714285713,0.8943793911007025,0.9255269320843093,0.9330210772833724,0.931615925058548,0.3199063231850116,0.3669789227166276,0.8114754098360656,0.6782201405152225,0.6227166276346605,0.3936768149882904,0.4667447306791569,0.4053864168618267,0.5641686182669788,0.5086651053864168,0.8618266978922715,0.8587822014051522,0.8587822014051522,0.8482435597189696,0.8400468384074941,0.8459016393442622,0.8470725995316158,0.7585480093676815,0.8501170960187354,0.7822014051522248,0.8887587822014051,0.8686182669789227,0.8503512880562061,0.8494145199063231,0.8444964871194379,0.7997658079625293,0.4222482435597189,0.3648711943793911,0.3716627634660421,0.365807962529274,0.8098360655737705,0.8847775175644028,0.901873536299766,0.901873536299766,0.904449648711944,0.8325526932084311,0.8690866510538642,0.8728337236533956,0.8548009367681498,0.815456674473068,0.8355971896955504,0.8789227166276345,0.876112412177986,0.846135831381733,0.8721311475409836,0.9007025761124122,0.8348946135831381,0.8833723653395784,0.8096018735362998,0.8489461358313817,0.8208430913348946,0.8814988290398127,0.8868852459016393,0.8946135831381733,0.8747072599531617,0.5887587822014051,0.5857142857142857,0.7522248243559719,0.5775175644028103,0.6613583138173302,0.8281030444964872,0.8285714285714286,0.8281030444964872,0.8168618266978923,0.0632318501170959,0.8885245901639344,0.8337236533957846,0.8334894613583138,0.9016393442622952,0.892271662763466,0.8686182669789227,0.8763466042154567,0.8843091334894613,0.8920374707259953,0.8988290398126464,0.6597189695550352,0.8388758782201405,0.847775175644028,0.65807962529274,0.8466042154566745,0.8594847775175645,0.8594847775175645,0.8903981264637002,0.8903981264637002,0.8943793911007025
4898,13073,126702,0.1978743167782559,0.3746653407787042,2.66904859126174,554,5,183,5,25.868109432421395,9.691884035798974,0.0416496529195589,0.0304205798285014,0.0268272764393629,0.0182931808901591,0.0182931808901592,0.0287872601061657,0.0329522253981216,0.0332788893425887,0.041976316864026,0.0305430788076765,0.0329113924050632,0.0305839118007349,0.0290730910575744,0.0291955900367496,0.0114332380563494,0.0591670069416087,0.084973458554512,0.0845242956308697,0.0721927317272355,0.0659452837893017,0.029032258064516,0.0227848101265822,0.043323805634953,0.0463862801143323,0.0474887709269088,0.0439771335238872,0.047611269906084,0.0456104532462229,0.055859534503879,0.0561045324622294,0.0505104124132298,0.0563495304205797,0.0492854226214781,0.0591261739485503,0.0531645569620252,0.0628011433238055,0.065046957942017,0.0522253981216822,0.0649652919559003,0.0539403838301347,0.0595345038791343,0.0561861984483462,0.0583911800734993,0.0590853409554919,0.0582686810943241,0.0355247039608002,0.0174765210289913,0.0145773785218456,0.0150265414454879,0.0163740302164148,0.0469171090240914,0.0515312372396896,0.0520620661494487,0.0520620661494487,0.0511229073091057,0.0463862801143323,0.0428746427113106,0.0429971416904858,0.0347080440996324,0.0298897509187423,0.0463046141282155,0.0474479379338505,0.0512045732952225,0.0443037974683543,0.0382196815026541,0.0383421804818292,0.0393221723152306,0.0419354838709676,0.0407513270722743,0.0576970191915066,0.0272764393630052,0.0309922417313188,0.0321355655369538,0.0386688444262964,0.0304614128215597,0.0182931808901591,0.0168231931400571,0.0343813801551653,0.0258064516129031,0.0199265006124948,0.0315230706410779,0.0315230706410779,0.0315230706410779,0.0319722335647202,0.0017966516945691,0.0255206206614944,0.0481420988158431,0.0503879134340546,0.0422213148223764,0.0390771743568803,0.0342180481829317,0.037484687627603,0.0396896692527561,0.0429154757043691,0.0477337688852592,0.0239281339322171,0.0701102490812576,0.0655777868517762,0.0252347897100857,0.066394446712944,0.0799510004083298,0.0494487545937116,0.0741527153940383,0.058146182115149,0.0736218864842792
1429,900,10261,0.7978384262499028,1.5877777777777775,0.6298110566829951,42,5,163,5,7.1805458362491255,11.401111111111112,0.036109167249825,0.086773967809657,0.0803358992302309,0.0625612316305107,0.0526242127361791,0.0083974807557732,0.0890132960111966,0.0888733379986003,0.0999300209937018,0.0692792162351294,0.0821553533939817,0.0818754373687893,0.0906927921623512,0.075997200839748,0.0761371588523442,0.0820153953813855,0.1144856543037088,0.1347795661301609,0.1321203638908327,0.1315605318404478,0.0547235829251224,0.051924422673198,0.0922323303009096,0.0804758572428271,0.0838348495451364,0.0839748075577326,0.0866340097970608,0.0862141357592722,0.0762771168649404,0.0758572428271518,0.0926522043386983,0.0940517844646605,0.0394681595521343,0.0965710286913925,0.0394681595521343,0.1256822953114065,0.1240027991602518,0.0958712386284114,0.1241427571728481,0.0968509447165849,0.1030090972708187,0.0964310706787963,0.1048285514345695,0.1048285514345695,0.0964310706787963,0.0279916025192441,0.0410076976906927,0.0320503848845346,0.0326102169349195,0.0328901329601119,0.0754373687893631,0.1107067879636108,0.1175647305808257,0.1175647305808257,0.1144856543037088,0.1007697690692792,0.1027291812456262,0.0996501049685094,0.0817354793561931,0.0723582925122462,0.1027291812456263,0.0969909027291811,0.1024492652204338,0.084254723582925,0.0803358992302308,0.0743177046885933,0.1287613715885234,0.0631210636808956,0.079776067179846,0.1303009097270818,0.0877536738978305,0.0522043386983904,0.0526242127361791,0.0541637508747375,0.0424072778166549,0.0692792162351294,0.07221833449965,0.0887333799860041,0.0983904828551434,0.0261721483554933,0.0876137158852344,0.0878936319104268,0.0876137158852344,0.0475857242827151,0.0092372288313505,0.0596221133659901,0.1049685094471658,0.1006298110566829,0.0857942617214835,0.0778166550034989,0.089293212036389,0.0979706088173547,0.1129461161651504,0.1122463261021693,0.1123862841147655,0.0792162351294611,0.1191042687193841,0.0972708187543736,0.0765570328901329,0.1018894331700489,0.1276417074877536,0.0715185444366689,0.1280615815255423,0.112106368089573,0.1280615815255423
19856,8510,157836,0.0934081438057894,2.3332549941245597,0.4285858178887993,147,5,520,5,7.949033037872684,18.54712103407756,0.0656426269137791,0.0618654311039483,0.0573025785656728,0.0387389202256244,0.0311643835616437,0.0217667203867848,0.0315370668815471,0.056516921837228,0.0414282836422239,0.0269540692989523,0.0415088638195003,0.042274375503626,0.0405620467365027,0.0392224012892827,0.0202356970185334,0.0746071716357775,0.1022562449637388,0.110646655922643,0.1041901692183722,0.1015511684125704,0.0697824335213537,0.0595084609186139,0.0748589846897662,0.0832896857373085,0.0839746172441578,0.0754331184528605,0.0805701047542304,0.0752417405318291,0.0864323126510877,0.0826450443190974,0.0762792103142626,0.0781023368251409,0.0431204673650281,0.0787167606768734,0.0431607574536663,0.0924556809024979,0.0924959709911361,0.0730962933118452,0.092274375503626,0.0764302981466558,0.0804190169218371,0.0783944399677678,0.0856869460112811,0.085757453666398,0.0787671232876712,0.0636381950040289,0.0223710717163577,0.0169923448831587,0.0173045930701046,0.0182111200644641,0.1094681708299758,0.1099415793714746,0.1095688960515713,0.1095688960515713,0.1084911361804995,0.0665592264302981,0.0692888799355358,0.0625604351329572,0.0584206285253827,0.0535656728444802,0.0641518936341659,0.0703968573730861,0.0645547945205479,0.0578867848509266,0.0555801772763899,0.0677780016116035,0.0855157131345688,0.0678887993553585,0.0859286865431103,0.0997280419016921,0.0169117647058823,0.0606869460112811,0.0614826752618855,0.0694198227236099,0.0587429492344882,0.0367445608380338,0.0371071716357775,0.0587530217566478,0.04464141821112,0.0370467365028202,0.019127719580983,0.019127719580983,0.019127719580983,0.0180902497985495,0.0007554391619661,0.0438658340048347,0.0767425463336019,0.0800765511684125,0.0680600322320708,0.0500805801772763,0.0523972602739725,0.0593170829975825,0.0675664786462529,0.0742143432715551,0.0808118452860596,0.0163879935535857,0.0913074133763093,0.0799153908138597,0.0167103142626913,0.079260676873489,0.0985394842868654,0.0769540692989524,0.0975825946817082,0.09196212731668,0.0971394037066881
14681,8713,151254,0.1182451988461481,1.6849535177321244,0.5934881820039507,204,5,742,5,10.302704175464887,17.359577642603007,0.0829643757237245,0.0879367890470676,0.0855255091615012,0.0599959130849396,0.049683264082828,0.0409372658538246,0.0591512839724813,0.0762890811252639,0.0736734554866834,0.0528438117294461,0.0642463047476329,0.07217491996458,0.0684013350589196,0.0512090457053333,0.0306927321027177,0.0980314692459641,0.1276479803828077,0.1370206389210544,0.1308493971800285,0.1260813296096996,0.085334786458688,0.0731285334786458,0.0968598869286833,0.1075267352360193,0.1049928478986444,0.0983992916013895,0.1047748790954294,0.0986308834548055,0.1108780055854505,0.1070907976295892,0.1015053470472038,0.1036986581295551,0.0716163749063414,0.1046795177440228,0.0719160820107621,0.1049247326476397,0.1052244397520604,0.1019004155030311,0.1055650160070839,0.1035351815271438,0.1093386009127443,0.1047748790954294,0.1096519310673659,0.1094339622641509,0.1047067638444247,0.086015938968735,0.0355016688236495,0.0281860908657447,0.0294666575846331,0.0300115795926707,0.13550848034875,0.1392548191540085,0.1393365574552142,0.1393365574552142,0.140276547919079,0.0973366936857162,0.0964375723724541,0.0888086642599277,0.0816156937538314,0.0788229684626387,0.0965329337238607,0.0983720455009876,0.0918874736053401,0.0836319051835705,0.0818881547578502,0.0826919147197056,0.1066548600231591,0.0775832708943532,0.10826237994687,0.1201689258224916,0.0389074313738845,0.0720250664123696,0.0715482596553367,0.0996798583202778,0.0622437163680947,0.0544785777535589,0.0544785777535589,0.0800626660309242,0.0674613445950547,0.0548191540085824,0.0400108984401606,0.0400517675907634,0.0400108984401606,0.0402697363939785,0.0011170901164769,0.0646141271030583,0.1036850350793542,0.1075403582862202,0.0959743886656222,0.0743409849465294,0.0724882501192016,0.0833730672297527,0.0917648661535317,0.0966691642258701,0.1024317144608677,0.0338805258497376,0.1024589605612696,0.0936312240310605,0.0350657312172194,0.0965465567740616,0.1245419249369933,0.0965601798242626,0.1233703426197125,0.1124310333083577,0.1195967577140521
1761,443,10730,1.3754241318356208,3.975169300225734,0.2515616127200454,10,5,565,5,6.0931289040318,24.221218961625283,0.1603634298693923,0.1785349233390119,0.1467348097671777,0.0984667802385007,0.0737081203861442,0.0295286768881317,0.2340715502555366,0.2327086882453151,0.1538898353208403,0.0929017603634298,0.225212947189097,0.2180579216354344,0.1776263486655309,0.1734241908006814,0.191709256104486,0.1754684838160136,0.2144236229415105,0.2427030096536058,0.2445201590005678,0.2425894378194207,0.1550255536626916,0.1505962521294718,0.1109596819988642,0.1443498012492901,0.1460533787620669,0.0625780806360022,0.0720045428733673,0.0675752413401476,0.0437251561612719,0.0436115843270868,0.2203293583191368,0.2239636570130607,0.1166382737081203,0.2213515048268029,0.1166382737081203,0.2441794434980124,0.2441794434980124,0.2206700738216921,0.2441794434980124,0.2213515048268029,0.2265758091993185,0.2213515048268029,0.227030096536059,0.227030096536059,0.2213515048268029,0.0545144804088585,0.021465076660988,0.0194207836456558,0.0190800681431004,0.0195343554798409,0.2136286201022146,0.2131743327654741,0.2229415105053946,0.2229415105053946,0.2293015332197615,0.2154457694491765,0.2310051107325383,0.2286201022146507,0.2020442930153321,0.1938671209540033,0.2087450312322543,0.2277115275411697,0.2308915388983531,0.2123793299261783,0.2055650198750709,0.0380465644520158,0.2446337308347529,0.0238500851788755,0.1701306076093128,0.2441794434980124,0.2312322544009085,0.0361158432708687,0.0331629755820555,0.0322544009085746,0.0152186257808063,0.1520726859738784,0.1520726859738784,0.2398637137989778,0.1982964224872231,0.0373651334469051,0.2348665530948324,0.2347529812606473,0.2348665530948324,0.0639409426462236,0.0171493469619533,0.1122089721749005,0.2290743895513912,0.2305508233957978,0.1559341283361726,0.1827370812038614,0.2174900624645087,0.214991482112436,0.2163543441226575,0.2222600795002839,0.229869392390687,0.2157864849517319,0.1910278250993753,0.1875070982396365,0.2218057921635434,0.1938671209540033,0.2406587166382737,0.2338444065871663,0.2411130039750141,0.2404315729699034,0.2403180011357183
25587,15254,546349,0.139980339125212,1.6773960928281106,0.596162113573299,1214,5,8026,5,21.35260093015985,35.81676937196801,0.3408371438621174,0.3686950404502286,0.333943017938797,0.2369171845077578,0.2449759643568999,0.253761675851018,0.3436198069332082,0.373799194903662,0.2686676828076758,0.1985539531793488,0.3034587876656114,0.2844960331418298,0.2530581936139445,0.2067690624145073,0.1707585883456442,0.3878844725837339,0.4472036581076327,0.4483761285027553,0.4156876538867393,0.398335092038926,0.3284011412045179,0.3029741665689608,0.2232383632313284,0.337014890374018,0.3450893031617618,0.2934224410833626,0.3195841638331965,0.2934693398991675,0.3483565873295032,0.3316215265564544,0.3493023801149021,0.3734240043772227,0.3310509242974948,0.376699105014265,0.3365771680931723,0.3707443542255134,0.3714009575047187,0.3627400296706792,0.3716510887993394,0.3684540251489436,0.3894321335052956,0.3857662094032125,0.3895337476062063,0.3886739359831164,0.383358736858561,0.2161410091061867,0.0934224410833625,0.0748114276781177,0.0770703873060538,0.0768437096963301,0.4445382420760542,0.4444366279751436,0.4442881150584281,0.4442881150584281,0.4425684918122483,0.4296869504045023,0.4214093094149372,0.4032282018212373,0.3837651932622034,0.350584281080236,0.4293664751631688,0.424363934810646,0.4183999687341228,0.4009536092546996,0.293961777465119,0.2115996404424121,0.3569937859069058,0.1998436706139836,0.3716496658459373,0.3961855629812014,0.2383006995740024,0.1452640670075476,0.1506427941338303,0.3333429974921383,0.1407689798993882,0.1988040801969749,0.1672177277523742,0.2754367452221831,0.2185719310587407,0.211216633446672,0.2497596435689998,0.2497440106303982,0.2497596435689998,0.2497283776917966,0.0012819009653339,0.3106655723609645,0.4338687614804392,0.4410599132371907,0.4183921522648219,0.3477781686012428,0.3010356821823582,0.3166764372532926,0.3354437800445539,0.343627623402509,0.3505530152030328,0.2229257044592957,0.3022316019853832,0.3169656466174229,0.2251924805565325,0.315550865673975,0.4188533239535701,0.4142650564739906,0.3924180247782076,0.3911361238128737,0.3751748935006057
23421,11888,802784,0.2883264452539774,1.9701379542395692,0.5075786687161095,2389,5,2629,5,34.276247811792835,67.52893674293405,0.2522522522522522,0.2675718372400836,0.2432688612783399,0.1739464583066478,0.1720848810896204,0.1326843431108833,0.2977840399641347,0.3203876862644635,0.265086887835703,0.2292814141155373,0.2552581017035993,0.2376499722471286,0.2128944109986763,0.1198497075274326,0.0526962981939284,0.2844968190939755,0.3294906280688271,0.357021476452756,0.3587976602194611,0.3552367533410187,0.2408522266342171,0.208795525383203,0.3108150804833269,0.249784381537936,0.2584347380555911,0.1983604457538106,0.2390931215575765,0.1968831390632338,0.2500064045087741,0.2206054395627855,0.3085179966696554,0.3145894709875752,0.2961103283378165,0.3150249775842192,0.2965970710046539,0.2517655095854147,0.2571452969557234,0.2998078647367747,0.2604329447931343,0.3047948422356005,0.3261346654711583,0.3211391486273002,0.3185602664275649,0.3179198155501472,0.316246103923829,0.2709021818026557,0.0736860082831646,0.0447290892788522,0.04609538448401,0.0485717945433584,0.3535288843345715,0.3545365270483754,0.355646641902566,0.355646641902566,0.354271807352376,0.3246573587805815,0.292984928056018,0.2737799410785192,0.2749071346227744,0.2451218991503351,0.3214465650484607,0.295008752828658,0.2882968276333205,0.2805431023440502,0.2402203151018316,0.3201827419836898,0.3201400452585287,0.2878100849664831,0.3344349088424917,0.3495410102045173,0.0995943811109687,0.2421331283890525,0.2434054907988557,0.288570086674352,0.2111011485419068,0.1675761069125997,0.1633491311216429,0.2074036121429486,0.1746808419794202,0.1329832201870116,0.0986123564322616,0.098663592502455,0.0986123564322616,0.1001921352632252,0.0029204560010246,0.2575381068272063,0.321890610990137,0.3236924127919388,0.2975961743734255,0.2689466717902736,0.2796550104606976,0.2990905597540668,0.309226762307331,0.3210366764869134,0.3316169249818539,0.0817642286836599,0.2516886554801246,0.2562145083472097,0.0814568122624994,0.2565560821484992,0.3210879125571068,0.3210708338670424,0.3264591605823833,0.3264591605823833,0.3247256735408393
22178,17803,240938,0.0610224626172515,1.2457450991405945,0.802732437550726,2767,5,300,5,10.863829019749302,13.533561759254058,0.175786815763369,0.2051763008386689,0.2000360717828478,0.1390296690413923,0.0966272883037243,0.0102443863287942,0.01572729732167,0.0547208945802145,0.2226079898999007,0.1566687708539994,0.0540896383803769,0.0792136351339164,0.0741184958066552,0.0350798088195508,0.0032103886734601,0.2404003967896112,0.2873838939489584,0.2936152944359275,0.2794120299395797,0.2701596176391018,0.2256109658219856,0.2305347641807196,0.1123726215168184,0.2074127513752366,0.2049688880872936,0.1913247362250879,0.183406979889981,0.1904229416538912,0.2141852286049237,0.2191090269636576,0.2196861754892235,0.223094958968347,0.1220488772657588,0.2234286229596897,0.1219136080800793,0.2261430246189917,0.2248534583821805,0.2096492019118044,0.223879520245288,0.2114527910541978,0.2496347731986653,0.2361799981964107,0.2424294345748038,0.2401118225268284,0.2278203625214176,0.1768328974659572,0.1261069528361438,0.0992515105059067,0.1028496708449814,0.1037604833618901,0.2996573180629452,0.3004508972855982,0.3008296510055009,0.3008296510055009,0.3000721435656957,0.2209667237803227,0.2285598340697988,0.2139597799621246,0.2009468842997565,0.1352872215709261,0.2269907115159166,0.2368743800162322,0.2292722517810442,0.1986022184146451,0.1388132383443051,0.0857516457750924,0.0688339796194426,0.1357651726936603,0.1295518080981152,0.1984489133375416,0.0060330056813057,0.0790062223825412,0.0781495175399043,0.027973667598521,0.110027955631707,0.1221300387771665,0.1013617098025069,0.1801154297051131,0.1640364325006763,0.1425286319776354,0.0109568040400396,0.0111371629542789,0.0109568040400396,0.0106772477229686,0.0006132203084137,0.184489133375417,0.252980431057805,0.2557128686085309,0.2153214897646315,0.1940481558301019,0.0169807917756334,0.0282802777527278,0.0537469564433221,0.0905491928938587,0.1363783930020741,0.0103435837316258,0.1882496167373072,0.2061863107584091,0.0108034989629362,0.2081522229236179,0.2793759581567318,0.1699882766705744,0.2779962124628009,0.2483001172332942,0.2776805843628821
5541,3568,64706,0.3272891118227514,1.5529708520179373,0.6439270889731096,578,5,272,5,11.677675509835767,18.135089686098656,0.1647356072911026,0.218480418696986,0.2194910665944775,0.1612705287854177,0.1248872044757263,0.0390182277567225,0.0441797509474823,0.0670637069121097,0.2270709258256632,0.1713048186247969,0.0534921494315105,0.1378090597365096,0.1439812308247608,0.1001985201227215,0.0480057751308427,0.2288034650785056,0.2725139866450098,0.2747157552788305,0.2545388918967695,0.2449738314383685,0.1695361848041869,0.1475545930337484,0.2305720988991156,0.2347590687601515,0.2333874751849846,0.230138964085905,0.238657282079047,0.2313661793900017,0.2519400830175058,0.2501714491968958,0.2276845334777115,0.2291644107561811,0.1609095831077422,0.2312218011189315,0.1628225951994224,0.2323046381519581,0.2323768272874931,0.2178668110449376,0.2329182458040064,0.2266377910124525,0.2393430788666305,0.2317271250676772,0.2394152680021656,0.2394152680021656,0.2323046381519581,0.1763219635444865,0.120086626962642,0.0878902725139866,0.0904890813932503,0.0912470673163688,0.2712867713409131,0.2851831799314203,0.282548276484389,0.282548276484389,0.2788305360043313,0.2084822234253744,0.2302472477892077,0.2155928532755819,0.1858509294351199,0.1767550983576971,0.2103591409492871,0.223786320158816,0.2172532033928893,0.1898935210250856,0.189460386211875,0.2227756722613246,0.2109366540335679,0.2325573001263309,0.2489442338927991,0.250640678577874,0.0393430788666305,0.177801840822956,0.1783071647717018,0.1916982494134632,0.1818083378451542,0.1657823497563616,0.1679119292546471,0.1757083558924381,0.206099981952716,0.119689586717199,0.0416892257715213,0.0412199963905431,0.0416892257715213,0.0398484028153762,0.0029597545569391,0.1723154665222884,0.2469229380978162,0.2517957047464356,0.2277928171810142,0.1966071106298502,0.1208085183179931,0.1577693557119653,0.1940083017505865,0.2190940263490344,0.2418336040425916,0.0309691391445586,0.2473199783432593,0.2504963003068038,0.0287312759429705,0.2545027973290019,0.2457679119292546,0.2174697707994946,0.2386933766468146,0.2321602598808879,0.2375022559104854
43536,8655,714773,0.1896935404733409,5.030155979202773,0.1988009922822491,419,5,3790,5,16.41797592796766,82.58497978047372,0.2049568173465637,0.2109977949283351,0.1835492466005144,0.1344174935685409,0.1388552002940095,0.1562522969496508,0.2223631018008084,0.1864112458654906,0.1081909224549797,0.1107175670709297,0.1851295479603086,0.1749862183020948,0.1644661889011392,0.0490858140389562,0.0399347666299154,0.2105521866960676,0.2353959941198088,0.2575385887541345,0.2563257993384785,0.2506753031973539,0.1894937522969496,0.1645718485850789,0.2097712238147739,0.2028482175670709,0.2043366409408305,0.1721701580301359,0.1976525174568172,0.171747519294377,0.2029125321572951,0.1874724366041896,0.2303978316795295,0.2350330760749724,0.2166345093715545,0.2355338110988606,0.2171765894891583,0.2178151414920984,0.2181504961411245,0.2315509004042631,0.2184950385887541,0.2344680264608599,0.2397280411613377,0.2363285556780595,0.2363285556780595,0.2361953325983094,0.2359059169423005,0.1853454612274898,0.074880558618155,0.0508820286659316,0.0514332965821388,0.0516767732451304,0.2553840499816243,0.2544193311282616,0.2558847850055126,0.2558847850055126,0.2565417126056596,0.2197583608967291,0.2119349503858875,0.202407203234105,0.2011484748254318,0.1869395442851892,0.2210538404998162,0.2156468210216831,0.2084711503123851,0.1974182285924292,0.1949972436604189,0.1991409408305769,0.2547730613744946,0.1799568173465637,0.2479373392135244,0.2498759647188533,0.0656192576258728,0.1677783902976846,0.1672776552737963,0.2118798235942668,0.1493660418963615,0.1338616317530319,0.1284270488790885,0.1861539875045938,0.1406422271223814,0.1153711870635795,0.0624540610069826,0.0624494671076809,0.0624540610069826,0.0621324880558617,0.002053472987872,0.1671306504961411,0.2383958103638367,0.2409086732818816,0.2029676589489158,0.1850192943770672,0.1878904814406468,0.2035924292539506,0.2213846012495405,0.2253215729511208,0.2274715178243292,0.0525771775082689,0.1845644983461962,0.1785740536567437,0.0522096655641307,0.1783994854832781,0.2328050349136346,0.2327774715178243,0.2338065049614112,0.2338065049614112,0.2291666666666666
26039,15483,709356,0.1759482011686537,1.6817800167926114,0.5946080878681977,1009,5,5427,5,27.242059986942664,45.81515210230575,0.133253965206037,0.0965014017435385,0.0788816774837743,0.0558316371596451,0.0674373055800913,0.118245708360536,0.163170628672376,0.1720726602404085,0.1195360804946426,0.0997887783709051,0.116947655439917,0.1075386919620568,0.103521640615999,0.1056722608395099,0.100572218595184,0.1886631591074926,0.2514919927800606,0.2806713007411959,0.2657552133338453,0.2515073543530857,0.1021775029763047,0.0761396366987979,0.1660816467606282,0.1187603210568761,0.1222089942010061,0.0912016590498866,0.1150274588117823,0.0915472944429509,0.1313644917239525,0.1135834709474249,0.263911824570836,0.2427435769422788,0.2287338223434079,0.2352394485195283,0.2198548331349129,0.1500057605898843,0.1508736894658012,0.2266984139175851,0.1517032144091554,0.2260225047044817,0.2508928914320826,0.2401397903145281,0.2422212834594262,0.2419217327854372,0.240009216943815,0.0991512730903644,0.0206382733591919,0.0122815776335496,0.0121433234763239,0.0120895579707361,0.2340566073965973,0.2387879718883213,0.2397557509889011,0.2397557509889011,0.2306002534659549,0.1625024002457851,0.1451054187948845,0.1339990014977533,0.1293598064441798,0.118330197012174,0.1630554168746879,0.1496217212642573,0.1407273704827374,0.1338223434079649,0.1234840047620875,0.1682553093436768,0.2124659165098505,0.1808133952916778,0.2346633895310879,0.2517377779484618,0.1177234148776834,0.1455432236260992,0.1490763854218671,0.2018817926955719,0.1448519528399707,0.0403010868312915,0.0166519451591842,0.0394715618879373,0.0326433426782902,0.0413149506509466,0.1192979761127539,0.1192979761127539,0.1192979761127539,0.1196052075732554,0.0016590498867083,0.1263105341987019,0.1801682092246245,0.1849917431544989,0.1638926226045547,0.1381543070010368,0.1698375513652597,0.1779715042820384,0.1957294826990283,0.210591804600791,0.226967241445524,0.1033449825262106,0.1329467337455355,0.1332616459925495,0.1059103652213986,0.1326855870041092,0.2122047697684242,0.2120204308921232,0.2078804869618649,0.2078344022427896,0.2009293751680171
32987,7604,459769,0.1832967467282274,4.3381115202524985,0.2305150513838785,396,5,3309,5,13.937884621214415,60.4640978432404,0.2148907145239033,0.2177160699669566,0.1939855094431139,0.1360960378330857,0.1300209173310697,0.0706945160214629,0.2349834783399521,0.2116106344923757,0.1036044502379724,0.0907023979143298,0.1795252675296328,0.1693333737532966,0.1611301421772213,0.0860884590899444,0.0215903234607571,0.2099069330342255,0.239852062933883,0.2614605753781792,0.2555855336950919,0.2476490738775881,0.2025888986570466,0.1803922757449904,0.2133992178737077,0.2133203989450389,0.2173341013126382,0.1888804680631763,0.2118652802619213,0.1909540121866189,0.218073786643223,0.2038439385212356,0.222299693818777,0.2324552096280353,0.2037226786309758,0.2333222178433928,0.204777639676236,0.214466304907994,0.2149755964470851,0.2285021372055657,0.215660714827053,0.2311092248461514,0.2365416679297904,0.2348258404826143,0.2351896201533937,0.234977415345439,0.2335829266074513,0.1913117288628853,0.0791887713341619,0.0625822293630823,0.0631945918088943,0.0626489223027252,0.2614727013672052,0.2629823870009397,0.2624003395276927,0.2624003395276927,0.2635644344741867,0.2260830023948828,0.2143814229848121,0.2019886622002606,0.2006184254403249,0.1847879467669081,0.2260830023948828,0.219262133567769,0.2090702397914329,0.1994785824718828,0.1950768484554521,0.2051353563525024,0.2520932488556097,0.1979688968381483,0.2483523812410949,0.256792069603177,0.063406796616849,0.172795343620214,0.1718919574377784,0.2105677994361414,0.1638827416861187,0.1246915451541515,0.1312153272501288,0.2009276381604873,0.1463849395216297,0.1337011550004547,0.0685724679419164,0.0685542789583775,0.0685724679419164,0.0693485312395792,0.0019340952496437,0.1581835268439081,0.2385848970806681,0.2432897808227483,0.2037772455815927,0.1760693606572285,0.1561463606875435,0.1775426683238851,0.2036681116803588,0.2185709521932882,0.2304241064661836,0.050110649649862,0.2091793736926667,0.2032679540425016,0.0512383666292781,0.2031345681632158,0.2371297783975505,0.2370206444963166,0.2339406432837178,0.2339345802892047,0.2245248128050444
6040,3416,999611,4.84480415496999,1.7681498829039812,0.5655629139072847,2277,18,3428,5,165.49850993377484,292.6261709601874,0.7916225165562913,0.7540728476821192,0.7136423841059603,0.6197019867549669,0.6012251655629139,0.6562251655629139,0.7902649006622516,0.8171854304635762,0.8348344370860927,0.8128476821192052,0.7835099337748345,0.7753311258278146,0.7432450331125828,0.4679470198675496,0.259205298013245,0.7250331125827815,0.7896688741721855,0.8422185430463577,0.8574503311258278,0.8559602649006622,0.5199006622516557,0.5028145695364239,0.8014900662251655,0.596953642384106,0.6094370860927152,0.3810596026490065,0.5120529801324503,0.3822847682119205,0.539205298013245,0.428476821192053,0.6540066225165563,0.7110264900662251,0.7110264900662251,0.7352980132450331,0.7440397350993377,0.6390066225165563,0.6407947019867549,0.708841059602649,0.6414238410596027,0.7266556291390728,0.7962582781456954,0.7731125827814569,0.7617218543046358,0.750794701986755,0.7479470198675496,0.7386423841059603,0.3931456953642384,0.334569536423841,0.3427483443708609,0.3423509933774834,0.8036092715231788,0.8174503311258278,0.8184437086092716,0.8184437086092716,0.8135761589403974,0.7868543046357616,0.8277814569536425,0.8197350993377484,0.7758278145695364,0.7774834437086092,0.7883443708609271,0.8185761589403974,0.8043708609271523,0.7746688741721854,0.7767549668874173,0.8475165562913908,0.7844370860927152,0.8345033112582781,0.782317880794702,0.7986754966887417,0.5362913907284768,0.7647682119205298,0.7624834437086092,0.7782781456953642,0.7006291390728476,0.5519205298013246,0.6524834437086093,0.683112582781457,0.615,0.5235099337748345,0.536523178807947,0.53658940397351,0.536523178807947,0.536158940397351,0.0505960264900661,0.8173841059602649,0.8349337748344372,0.8339735099337748,0.8467549668874172,0.8363576158940397,0.7181788079470198,0.7631788079470199,0.7990728476821192,0.8058609271523178,0.8035761589403974,0.4414238410596026,0.7928807947019868,0.8040728476821192,0.4391390728476821,0.8029139072847682,0.803112582781457,0.8030794701986755,0.824205298013245,0.824205298013245,0.8264569536423843
7025,9432,118668,0.1790950168880678,0.74480491942324,1.342633451957295,2499,5,380,5,16.892241992882564,12.58142493638677,0.0763558718861209,0.0834448398576511,0.0784626334519572,0.0559999999999999,0.0440142348754447,0.0326548042704625,0.0348754448398576,0.0366975088967971,0.0893380782918149,0.0612099644128113,0.0403985765124555,0.0480284697508896,0.0483701067615658,0.0360427046263344,0.0119572953736654,0.1103202846975088,0.1520569395017793,0.1549893238434163,0.1447971530249109,0.1386761565836298,0.0616654804270462,0.0507046263345195,0.1009537366548042,0.0870604982206405,0.0898790035587188,0.0834448398576512,0.0880284697508896,0.0839572953736654,0.1021494661921707,0.0979644128113878,0.0967117437722419,0.0855516014234875,0.0614946619217081,0.0869466192170818,0.0616654804270462,0.1199999999999999,0.1166975088967971,0.0788896797153024,0.1135088967971529,0.0790035587188612,0.1197437722419928,0.10844128113879,0.1119999999999999,0.0977935943060498,0.0858362989323843,0.0860925266903914,0.0429323843416369,0.0347615658362988,0.0346761565836298,0.0342775800711743,0.1405836298932384,0.1530818505338078,0.1515444839857651,0.1515444839857651,0.1527686832740213,0.0937224199288256,0.0845551601423487,0.0780925266903914,0.06488256227758,0.0551743772241992,0.0929822064056939,0.0862064056939501,0.0794306049822063,0.0683558718861209,0.0604128113879003,0.1081850533807828,0.10576512455516,0.1139928825622775,0.1185765124555159,0.1302491103202846,0.0325124555160141,0.0936654804270462,0.0952313167259786,0.1033167259786476,0.0992740213523131,0.0507615658362988,0.0462348754448398,0.0708042704626334,0.0675017793594305,0.0512170818505337,0.0338220640569394,0.0337935943060497,0.0338220640569394,0.0343345195729537,0.001679715302491,0.0555729537366547,0.1003558718861209,0.1046832740213522,0.0922419928825622,0.075814946619217,0.0576512455516013,0.0708042704626334,0.0937793594306049,0.1073024911032028,0.1192597864768683,0.0271601423487544,0.1329252669039145,0.1299928825622775,0.0275302491103202,0.1313594306049821,0.1366548042704626,0.1136227758007117,0.1324128113879003,0.125238434163701,0.1316156583629892
936,2028,20050,1.0562593772652944,0.4615384615384615,2.1666666666666665,440,5,87,5,21.42094017094017,9.886587771203155,0.1055555555555554,0.135042735042735,0.1267094017094016,0.108119658119658,0.0918803418803418,0.0091880341880341,0.0912393162393162,0.0925213675213674,0.1224358974358973,0.1371794871794871,0.0910256410256409,0.0908119658119657,0.0987179487179486,0.0801282051282051,0.0632478632478631,0.1549145299145299,0.1779914529914529,0.183119658119658,0.1717948717948717,0.1630341880341879,0.0292735042735042,0.0271367521367521,0.0888888888888888,0.1027777777777777,0.1115384615384615,0.1412393162393162,0.1433760683760683,0.1431623931623931,0.1461538461538461,0.1487179487179487,0.1115384615384614,0.1309829059829059,0.1128205128205127,0.1348290598290597,0.1164529914529914,0.162325825914439,0.1589743589743589,0.1264957264957264,0.1602564102564102,0.1348290598290598,0.1363247863247862,0.1354700854700854,0.1433760683760683,0.1433760683760683,0.1354700854700854,0.0985042735042734,0.1014957264957264,0.0833333333333332,0.0826923076923076,0.0782051282051281,0.0970085470085469,0.155128205128205,0.1647435897435896,0.1647435897435896,0.17008547008547,0.1119658119658119,0.1326923076923076,0.1423076923076923,0.1384615384615384,0.1331196581196581,0.1134615384615384,0.1410256410256409,0.1401709401709401,0.1532051282051281,0.1403846153846153,0.1425213675213675,0.1598290598290598,0.1365384615384615,0.1457264957264956,0.1621794871794871,0.0126068376068375,0.1239316239316239,0.1222222222222221,0.1358974358974358,0.1202991452991452,0.1123931623931623,0.1183760683760683,0.1153846153846153,0.1440170940170939,0.0579059829059828,0.0846153846153845,0.0848290598290597,0.0846153846153845,0.0805555555555555,0.0102564102564102,0.1190170940170939,0.1440170940170939,0.14508547008547,0.1602564102564102,0.1418803418803418,0.1044871794871794,0.1202991452991452,0.1384615384615384,0.1589743589743589,0.1696581196581196,0.0576923076923076,0.1645299145299144,0.1596153846153846,0.0613247863247862,0.1634615384615384,0.1747863247863247,0.1076923076923076,0.1681623931623931,0.1348290598290598,0.1681623931623931
4911,3166,42380,0.2725712888402831,1.551168667087808,0.6446752188963552,359,5,152,5,8.629607004683363,13.385975994946303,0.0192221543473833,0.017226634086744,0.0146202402769292,0.0134799429851353,0.0100590511097535,0.0075341071064955,0.0250050906129097,0.0252494400325798,0.0257788637751984,0.0145387904703725,0.0234982691916106,0.0245163917735694,0.0183262064752596,0.0245978415801261,0.0236204439014457,0.0176338831195275,0.0237833435145591,0.0296477295866421,0.0311545510079413,0.0310731012013846,0.0176338831195275,0.0169008348605171,0.0247200162899612,0.0210140500916309,0.0233353695784972,0.0232539197719405,0.0249643657096314,0.0231317450621054,0.0228059458358786,0.0216249236408063,0.0090409285277946,0.0100183262064752,0.0066788841376501,0.0101405009163102,0.0068010588474852,0.0199144777031154,0.0208104255752392,0.0086744043982895,0.022398696803095,0.0099368763999185,0.0107106495622072,0.0101405009163102,0.0113215231113825,0.0113215231113825,0.0101405009163102,0.0165750356342903,0.0069232335573202,0.0062716351048665,0.0063530849114233,0.006556709427815,0.0216249236408063,0.0261046630014253,0.0276114844227244,0.0276114844227244,0.0269191610669924,0.0206475259621258,0.0247200162899612,0.0208918753817959,0.0175524333129708,0.0151903889228262,0.0206882508654041,0.0226837711260435,0.0222357971899816,0.0181225819588678,0.0190999796375483,0.0221543473834249,0.0336387701079209,0.0195479535736102,0.0238240684178374,0.0335165953980859,0.0094074526572999,0.0161677866015067,0.0155161881490531,0.0184076562818162,0.0127468947261249,0.0116473223376094,0.0116473223376093,0.0265119120342088,0.0137650173080838,0.0092445530441864,0.0252087151293015,0.0250865404194664,0.0252087151293015,0.0245978415801261,0.003339442068825,0.012298920790063,0.0241905925473426,0.0248421909997963,0.0162492364080635,0.0175117084096924,0.0293626552636937,0.0289961311341885,0.0243127672571777,0.0237833435145591,0.0217878232539197,0.0187334555080431,0.0288739564243534,0.0231724699653837,0.0225615964162084,0.0219099979637547,0.033760944817756,0.0062716351048665,0.033760944817756,0.0237426186112807,0.033760944817756
2287,7055,128530,0.7966018760088839,0.3241672572643515,3.084827284652383,348,5,1274,5,56.20026235242676,18.218284904323173,0.5038915609969392,0.5135986007870572,0.4554438128552688,0.3385220813292522,0.3175338871884564,0.469873196327066,0.4716222125054656,0.4773065150852645,0.5055531263664188,0.4521206821163095,0.4801923917796239,0.4629645824223874,0.454919108001749,0.4477481416703104,0.2468736335811106,0.4981198076082204,0.5575863576738085,0.5984258854394403,0.5682553563620464,0.5407958023611718,0.4515085264538697,0.4459991254919108,0.5721031919545256,0.3540883253170092,0.3854831657192828,0.2941845212068211,0.3357236554438128,0.2929602098819414,0.4233493659816353,0.39947529514648,0.5162221250546567,0.5376475732400525,0.5374726716222125,0.5392216878006122,0.5379973764757324,0.49986882378662,0.49925666812418,0.5393091386095321,0.4979449059903803,0.5365107127240927,0.5630957586357674,0.559860078705728,0.5559247923043288,0.5537385220813292,0.5527765631832094,0.434980323567993,0.1321381722780935,0.1111499781372977,0.109750765194578,0.1130738959335373,0.5448185395714911,0.575251421075645,0.5685177087888063,0.5685177087888063,0.5587232181897683,0.5162221250546567,0.5180585920419765,0.5010056843025799,0.4365544381285526,0.4034105815478793,0.5170966331438567,0.5334499344118934,0.5213817227809356,0.4668124180148666,0.4515959772627896,0.5284652383034543,0.565544381285527,0.4473108876257105,0.5919545255793616,0.5813729777000438,0.469610843900306,0.3522518583296895,0.3580236117184083,0.4501967643200699,0.3185832968954962,0.2363795365107127,0.1455181460428508,0.5008307826847398,0.3219938784433755,0.3477918670747704,0.469873196327066,0.469873196327066,0.469873196327066,0.4702229995627459,0.0075207695671184,0.454744206383909,0.5857455181460429,0.5909051158723218,0.5470922606034107,0.5220813292522956,0.5103629208570178,0.5280279842588544,0.5361609094884128,0.5314385658067338,0.5222562308701356,0.4334062090074333,0.5354613030170529,0.5345867949278531,0.4329689549628333,0.5340620900743331,0.540183646698732,0.540183646698732,0.524704853519895,0.524704853519895,0.5105378224748579
9983,7814,545591,0.6994114207103189,1.277578704888661,0.7827306420915556,663,5,3846,5,54.65200841430432,69.82224212951114,0.4874486627266353,0.4090353601121906,0.3327657016928779,0.2211359310828407,0.2254232194731042,0.39681458479415,0.4877291395372133,0.5291996393869578,0.4480016027246318,0.3955123710307522,0.4460983672242812,0.412240809375939,0.4046879695482319,0.3605128718821997,0.1805068616648301,0.375999198637684,0.4904137032956025,0.5664028849043374,0.567464689972954,0.554242211759992,0.4150656115396173,0.3899829710507863,0.4958830011018731,0.2985274967444655,0.3213462886907743,0.1938495442251827,0.2578383251527597,0.1890013022137633,0.2968045677652008,0.2503255534408494,0.4910347590904537,0.5074827206250626,0.5072823800460784,0.5089852749674446,0.5089652409095462,0.4474606831613743,0.4475207853350696,0.5057998597615947,0.4475207853350696,0.5078834017830312,0.5353100270459782,0.5246719423019133,0.5214063908644696,0.5190223379745568,0.5174997495742762,0.3359310828408294,0.0909746569167584,0.0513272563357707,0.0532304918361213,0.0553541019733546,0.5265551437443654,0.5276770509866774,0.5295402183712311,0.5295402183712311,0.5232294901332265,0.5277171191024742,0.4648903135330061,0.4379044375438244,0.4072923970750275,0.3936692377040969,0.5264349393969748,0.4738054692978062,0.4592807773214464,0.4317740158269057,0.4133026144445557,0.3915656616247621,0.5476510067114094,0.3396574176099368,0.556966843634178,0.5649003305619553,0.3903636181508564,0.3017529800661123,0.3074226184513673,0.3704497645998196,0.2777922468195933,0.1572673545026544,0.0935189822698587,0.2172292897926474,0.1308223980767303,0.1679054392467194,0.3943103275568466,0.3943103275568466,0.3943103275568466,0.3918060703195432,0.007693078232996,0.4342782730642091,0.5247120104177101,0.5355304016828609,0.4920164279274767,0.449884804167084,0.4758689772613443,0.4963838525493338,0.5088049684463588,0.4996293699288791,0.4887308424321346,0.3361915255935089,0.4358809976960833,0.4603025142742661,0.3330461785034558,0.4577982570369628,0.5022938996293699,0.5022938996293699,0.5052789742562356,0.5052789742562356,0.4987078032655514
4905,2420,53258,0.4486735579312726,2.0268595041322315,0.4933741080530071,94,5,311,5,10.8579001019368,22.007438016528926,0.0713557594291538,0.077920489296636,0.070703363914373,0.0510091743119265,0.0407747196738022,0.0453007135575942,0.0451783893985728,0.0537003058103975,0.0775942915392456,0.0570438328236493,0.0515800203873598,0.0673190621814474,0.063282364933741,0.0604689092762486,0.0510091743119265,0.0959021406727828,0.121223241590214,0.1302752293577981,0.1245667686034658,0.1188175331294596,0.0607543323139653,0.0551681957186544,0.0883588175331294,0.081834862385321,0.0877471967380223,0.0841590214067277,0.0848521916411824,0.0831396534148827,0.0912130479102955,0.0906422018348623,0.1223649337410804,0.1139653414882772,0.0772273190621814,0.1221610601427114,0.0777573904179408,0.1015290519877675,0.1013251783893985,0.1197961264016309,0.1012028542303771,0.1211824668705402,0.1237920489296635,0.1219571865443424,0.1239959225280325,0.1239959225280325,0.1219571865443424,0.0741692150866462,0.0372273190621814,0.0312334352701324,0.0298470948012232,0.030091743119266,0.1093170234454637,0.1269317023445463,0.1271355759429153,0.1271355759429153,0.124729867482161,0.0895412844036696,0.0866870540265035,0.084322120285423,0.0713149847094801,0.0643832823649336,0.0844852191641181,0.0833435270132517,0.081223241590214,0.0697655453618756,0.0685830784913353,0.0822018348623852,0.1043017329255861,0.0827319062181447,0.1014067278287461,0.1157186544342507,0.0462385321100917,0.0804892966360855,0.0795922528032619,0.0804077471967379,0.0769826707441386,0.0546381243628949,0.0548827726809377,0.0872986748216105,0.0712334352701324,0.0392660550458715,0.0427319062181447,0.0427726809378185,0.0427319062181447,0.0430581039755351,0.0042405708460754,0.0554943934760448,0.0979408766564729,0.1005096839959224,0.0829765545361875,0.0689500509683995,0.070091743119266,0.0741284403669724,0.0824464831804281,0.0985932721712538,0.1080530071355758,0.0373904179408766,0.1182059123343526,0.1090316004077471,0.0396738022426095,0.1128644240570845,0.1173904179408766,0.0899898063200815,0.1145361875637104,0.1021814475025483,0.1129051987767583
