num_users,num_items,num_interactions,density,user_item_ratio,item_user_ratio,highest_num_rating_by_single_user,lowest_num_rating_by_single_user,highest_num_rating_on_single_item,lowest_num_rating_on_single_item,mean_num_ratings_by_user,mean_num_ratings_on_item,BPR_0,BPR_1,BPR_2,BPR_3,BPR_4,CDAE_0,CDAE_1,CDAE_2,CDAE_3,CDAE_4,DMF_0,DMF_1,DMF_2,DMF_3,DMF_4,EASE_0,EASE_1,EASE_2,EASE_3,EASE_4,ENMF_0,ENMF_1,ENMF_2,ENMF_3,ENMF_4,ImplicitMF_0,ImplicitMF_1,ImplicitMF_2,ImplicitMF_3,ImplicitMF_4,ItemItem_0,ItemItem_1,ItemItem_2,ItemItem_3,ItemItem_4,ItemKNNRP_0,ItemKNNRP_1,ItemKNNRP_2,ItemKNNRP_3,ItemKNNRP_4,ItemKNN_0,ItemKNN_1,ItemKNN_2,ItemKNN_3,ItemKNN_4,LINE_0,LINE_1,LINE_2,LINE_3,LINE_4,MacridVAE_0,MacridVAE_1,MacridVAE_2,MacridVAE_3,MacridVAE_4,MultiDAE_0,MultiDAE_1,MultiDAE_2,MultiDAE_3,MultiDAE_4,MultiVAE_0,MultiVAE_1,MultiVAE_2,MultiVAE_3,MultiVAE_4,NCEPLRec_0,NCEPLRec_1,NCEPLRec_2,NCEPLRec_3,NCEPLRec_4,NMF_0,NMF_1,NMF_2,NMF_3,NMF_4,NeuMF_0,NeuMF_1,NeuMF_2,NeuMF_3,NeuMF_4,PopScore_0,PopScore_1,PopScore_2,Pop_0,Random_0,RecVAE_0,RecVAE_1,RecVAE_2,RecVAE_3,RecVAE_4,SVD_0,SVD_1,SVD_2,SVD_3,SVD_4,SimpleX_0,SimpleX_1,SimpleX_2,SimpleX_3,SimpleX_4,UserUser_0,UserUser_1,UserUser_2,UserUser_3,UserUser_4
22363,12101,198502,0.0733522706417427,1.8480290885050823,0.5411170236551447,204,5,431,5,8.876358270357287,16.403768283612923,0.0440757799341173,0.045619401094069,0.0442036697521202,0.0320691916707656,0.0242378035147341,0.0102217949291239,0.0210424957891755,0.0358404507445333,0.0387158848693526,0.0264238548793393,0.0246225163588665,0.0306516716600336,0.0295410574013623,0.0187947353515478,0.0082521724872929,0.058411065897539,0.0764879488440727,0.081709073022403,0.076998315670229,0.0749321051141021,0.0527403896316832,0.0473532173679738,0.0501732027605121,0.0595201895988909,0.0598718120705331,0.0551919092548703,0.0573955491958442,0.0553245688562953,0.0622981412750226,0.0610644069817704,0.0601186483626227,0.0572959799669095,0.0262642161904335,0.0602680022060247,0.0260960813248073,0.0649566132105565,0.0648809059166125,0.0578100576622251,0.0649749579171515,0.0588920595060076,0.0622440340443291,0.0602733682123745,0.0631738437001594,0.0631783153721175,0.0603043718046176,0.043951169342217,0.0225737453233763,0.0176826305355571,0.0176574401168596,0.0184994559465783,0.0826093696433096,0.0829185112313493,0.0833415313985899,0.0833415313985899,0.0831750361460149,0.0533787953315744,0.0526205488232049,0.0475478841538851,0.0455785598235179,0.0418067045268225,0.0521778532993485,0.0538477246642519,0.0502507117411199,0.0448779978834085,0.0424109764640998,0.0469142482374159,0.0534478081354618,0.0489777757903679,0.0592098555649956,0.0656510009092399,0.0034151649301673,0.0400872468839768,0.0404172781415064,0.0297638136726229,0.0421798492048,0.0292791664803469,0.0278597087450997,0.0412489379779098,0.034893648735262,0.0317915008421648,0.0103006454113192,0.0103006454113192,0.0103006454113192,0.0101840838289435,0.0003195754892754,0.0381123582107349,0.0569632875732235,0.0593504151202134,0.0534710608296441,0.0394963406817808,0.0303820298409575,0.0343582405461401,0.0419094039261279,0.0488671764372698,0.0536530578783406,0.0066814231841285,0.0612850094650389,0.0545299527493329,0.007186424003935,0.0541841434512363,0.0752934162083202,0.0473123760974227,0.0734346912310512,0.0615695568573089,0.0727307010091072
1819,14868,984499,3.640240086741704,0.1223432875975248,8.173721825178669,7025,15,1541,5,541.2308960967565,66.21596717783159,0.5349349459409932,0.4472897196261682,0.39529045262965,0.2879237676378963,0.2498259116730804,0.4486641011544804,0.5206102253985707,0.5438812534359538,0.5255891515484699,0.5309290819131391,0.5006193879420927,0.492134872640645,0.4880996884735202,0.4420029320139271,0.1074656404617921,0.4218728238959134,0.4891167308044712,0.5888180318856515,0.6401905809052593,0.6476177386842588,0.4091515484698552,0.4006193879420927,0.4674638079530878,0.2313523914238592,0.2088070368334249,0.100392156862745,0.141509987172439,0.0985724757192596,0.1515942825728422,0.1172457394172622,0.4937566428440535,0.4890049477735019,0.4890049477735019,0.4913798790544256,0.4848708081363386,0.4824720542422576,0.4831977276892065,0.3880593732820231,0.4835770569910207,0.3936833424958769,0.560558915154847,0.5172237493128092,0.4994355873190397,0.4890507604911123,0.4784167124793843,0.419472237493128,0.077993402968664,0.0529301814183617,0.0545995968480849,0.0544035184167124,0.4957778999450247,0.5635294117647058,0.568367234744365,0.568367234744365,0.5562561847168774,0.467416162726773,0.5224445666116914,0.5087080813633864,0.4012735935495694,0.4314953271028037,0.481236943375481,0.4897177936595199,0.4375022906358805,0.3931684075499358,0.3898039215686274,0.5827341029869892,0.5190654205607477,0.556223199560198,0.475880520432472,0.5200971229613341,0.4537859629833242,0.5698204141469672,0.576056441268096,0.5963899578522998,0.562658970130108,0.1593219717793659,0.2137529778266446,0.2263203225215319,0.1878211471504489,0.1561480667033168,0.4495547003848267,0.4496646509070918,0.4495547003848267,0.4483947223749313,0.0078284771852665,0.5637035000916255,0.5027102803738318,0.5031519149715962,0.6102492211838006,0.5886384460326186,0.5137273227047828,0.5288180318856515,0.5410848451530145,0.55152281473337,0.5567344694887301,0.2586677661718893,0.4369708631115997,0.4498259116730804,0.26014110317024,0.451870991387209,0.4448964632582005,0.4448744731537474,0.4975902510536925,0.4975902510536925,0.5246307494960601
9930,24780,206241,0.0838155222148258,0.400726392251816,2.495468277945619,1747,5,218,5,20.76948640483384,8.322881355932203,0.0118136958710976,0.0116404833836857,0.0109419268210808,0.0066337697213829,0.0049358845250083,0.0043672373279623,0.006561597851628,0.0066421617992614,0.0150151057401812,0.0115129237999328,0.0098606915072171,0.0092406847935548,0.0096643168848606,0.0069248069822087,0.0007123195703255,0.0208831822759314,0.0262024169184289,0.0265639476334339,0.024137630077207,0.0231406512252433,0.0110140986908358,0.0092286002014098,0.0108056394763343,0.0155122524337025,0.0155941591137965,0.0149556898288015,0.0149976502181939,0.0145673044645853,0.0178187311178247,0.0180738502853306,0.012624370594159,0.0159540114132258,0.0124424303457535,0.0163561597851627,0.0130023497818059,0.0164454514937898,0.0181339375629405,0.014780798925814,0.0191960389392413,0.015494125545485,0.0181419939577038,0.0173437395099026,0.0169499832158442,0.0167546156428331,0.0165216515609264,0.0112440416247062,0.0063531386371265,0.0049321920107418,0.0048912386706948,0.005231621349446,0.0188851963746223,0.0192040953340046,0.0194175897952332,0.0194175897952332,0.0196609600537092,0.0150657938905672,0.0190409533400469,0.0190379321920107,0.0151067472306142,0.0111738838536421,0.0156189996643168,0.0197633434038267,0.0202286002014098,0.0173739509902651,0.0079177576367908,0.0088536421617992,0.0083145350788854,0.0102823094998321,0.0097210473313191,0.0139969788519637,0.0021336018798253,0.0079063444108761,0.0079566968781469,0.0046861362873447,0.0093051359516615,0.0057982544478012,0.0052675394427659,0.0123635448136958,0.0097025847599865,0.0072554548506209,0.0060167841557569,0.005990600872776,0.0060167841557569,0.005898959382343,0.0002299429338703,0.0142561262168512,0.0198808324941255,0.0203333333333332,0.016694192682108,0.0154179254783483,0.0035041960389391,0.0041510574018126,0.0066831151393084,0.009756965424639,0.0113219201074185,0.0030258475998656,0.0187539442766028,0.0191604565290365,0.0031336018798253,0.019559248069822,0.0267562940584088,0.0057371601208458,0.0266032225579052,0.0124501510574017,0.0265508559919435
576,550,13116,4.140151515151516,1.0472727272727274,0.9548611111111112,146,5,352,5,22.77083333333333,23.847272727272728,0.2600636574074074,0.3608449074074074,0.3563715277777777,0.2530150462962963,0.1925810185185184,0.1362847222222221,0.309386574074074,0.3525347222222222,0.3454629629629629,0.2409953703703703,0.2767592592592592,0.3539525462962963,0.3523032407407407,0.336105324074074,0.3289525462962962,0.2892650462962963,0.3714351851851851,0.4013599537037037,0.3758333333333333,0.3578125,0.0381539351851851,0.041099537037037,0.2264062499999999,0.2899363425925926,0.3035069444444443,0.1875636574074073,0.2020891203703703,0.1930208333333332,0.1710937499999999,0.1745949074074073,0.3439409722222222,0.3668576388888888,0.3330034722222222,0.3678298611111111,0.3333506944444444,0.3338194444444444,0.335486111111111,0.3646238425925926,0.3359722222222222,0.3670659722222222,0.3706076388888888,0.3671354166666666,0.3683912037037037,0.3683912037037037,0.3671354166666666,0.1380208333333333,0.1027314814814814,0.0740972222222222,0.0715162037037036,0.0702662037037036,0.2970833333333333,0.3805902777777777,0.3833680555555555,0.3833680555555555,0.3757060185185185,0.3581018518518518,0.3702199074074073,0.3616550925925925,0.3324942129629629,0.323443287037037,0.3516435185185185,0.3675694444444444,0.3630092592592592,0.3473668981481481,0.3435011574074074,0.194704861111111,0.3485706018518518,0.1789004629629629,0.2502893518518518,0.3537037037037037,0.2748726851851851,0.1533854166666666,0.1587731481481481,0.1740219907407407,0.111261574074074,0.3042650462962962,0.3145891203703703,0.3296643518518518,0.3579166666666666,0.0960763888888888,0.2784143518518518,0.2784143518518518,0.2784143518518518,0.0690682870370369,0.0111226851851851,0.2496180555555555,0.3735011574074073,0.3836516203703703,0.3629398148148147,0.356574074074074,0.3502835648148147,0.3732175925925926,0.3803067129629629,0.3739583333333333,0.3700231481481481,0.2067766203703703,0.4011574074074073,0.3943402777777777,0.2038368055555555,0.3986689814814814,0.3977604166666666,0.3977604166666666,0.3657696759259259,0.3657696759259259,0.3297974537037036
24303,10672,231780,0.0893655752052377,2.277267616191904,0.4391227420483068,773,5,802,5,9.537094185902976,21.718515742128936,0.0651018392791013,0.0691446872128269,0.0654493958221892,0.0421808007241903,0.0337869124525092,0.0134596551866024,0.0206402501748754,0.059693453483109,0.0441457158924138,0.0285565568036867,0.0325490680162942,0.0424003895266701,0.0411957371517919,0.0207883800353865,0.0094763335116377,0.0667287989137143,0.0904341027856642,0.0971814179319425,0.0919874089618565,0.0893198370571534,0.0758869275398098,0.0675865805318958,0.0672430015498772,0.083967685745244,0.0840604040653416,0.07834848921258,0.0833172859317779,0.0791935152038842,0.0867411430687569,0.0838755160542593,0.0690564950829115,0.0714645654171638,0.0377807952378992,0.0720306135045055,0.0381264315790917,0.0828494424556638,0.0833966999958852,0.0659552318643788,0.0835161639852418,0.0695454607798762,0.0757966780507207,0.070676596853612,0.0761399827181828,0.0765685992127171,0.0720650399813465,0.0665583124168483,0.024674868671906,0.0193790890013578,0.0203880179401719,0.0200474564182747,0.1005085791877545,0.1013571712682933,0.101491996872814,0.101491996872814,0.1015989795498497,0.0749825124470229,0.0677377278525284,0.0607133550041832,0.0586828786569558,0.0511037046180855,0.0733056275631266,0.0703446762402446,0.0658256182364316,0.0602575813685552,0.0563359804688035,0.0625647039460148,0.0726457638974611,0.0637480969427642,0.0790157593712709,0.0855113909119587,0.0119448902055987,0.0494265454196326,0.0488145496440768,0.049697842516013,0.0481176535132836,0.040265673647972,0.0395815331440562,0.0622956013660864,0.0491918693165452,0.0407206243399305,0.013800491023056,0.0138018625958385,0.013800491023056,0.0142048306793399,0.000535050542457,0.0457881742994691,0.0756027376592738,0.0778953215652388,0.0670467294847,0.0501939403914468,0.0368994225678585,0.047752815153136,0.0568726768985996,0.0626512501885912,0.0704212100015087,0.0092261586361079,0.0829487443251175,0.0808229436695057,0.0098713464730005,0.0803815715480941,0.0872873033507523,0.0741461273642485,0.0866750332606399,0.0843998683290128,0.0863727386193747
1062,3895,40825,0.986947871262834,0.2726572528883184,3.667608286252354,318,5,273,5,38.44161958568738,10.481386392811295,0.0624733207784055,0.0583929692404268,0.0506497175141242,0.0306716886377902,0.0254017576898932,0.0522473320778405,0.054742623979912,0.0551255492780916,0.0526553672316383,0.0426930320150658,0.055065913370998,0.0539767733835529,0.0506591337099811,0.054742623979912,0.048374136848713,0.0681763967357187,0.0810169491525423,0.0851726302573759,0.0772598870056496,0.0730006277463904,0.0304143126177024,0.0310075329566854,0.065593220338983,0.0511644695543,0.056089139987445,0.0527746390458254,0.0565881983678593,0.0556497175141242,0.0587005649717513,0.0569993722536094,0.0472944130571248,0.0755116133082234,0.0741650973006904,0.0848148148148147,0.0835059635907093,0.073998744507219,0.0734400502197112,0.0623509102322661,0.0734023854362837,0.0819805398618957,0.062975517890772,0.0734588826114249,0.0824356559949779,0.0859573132454487,0.0841964846202134,0.044946641556811,0.0167922159447582,0.0132485875706214,0.0128939108600125,0.0134808537350909,0.0446484620213433,0.0706057752667921,0.0720998116760828,0.0720998116760828,0.0712868801004393,0.0591525423728813,0.0559196484620212,0.0485404896421845,0.0390395480225988,0.0347175141242937,0.0594507219083489,0.0541964846202133,0.0481355932203389,0.0421060891399874,0.0377118644067796,0.0650941619585686,0.0736911487758944,0.0585718769617074,0.0672410546139359,0.0764783427495291,0.0532831136220966,0.0479284369114876,0.0471029504080351,0.047608286252354,0.0426647834274952,0.0392655367231638,0.0322033898305084,0.0685624607658505,0.0529033270558694,0.0238983050847457,0.0546547394852479,0.054720652856246,0.0546547394852479,0.0538826114249842,0.0020715630885121,0.0393063402385435,0.0635561833019459,0.0632956685499058,0.0572473320778404,0.0434400502197111,0.0652824858757061,0.0670495919648461,0.0736472065285624,0.078622096672944,0.0821217827997488,0.0456967984934086,0.0851883239171374,0.078028876333961,0.0461581920903954,0.076337099811676,0.0770966729441305,0.0755116133082234,0.0709447583176396,0.0709447583176396,0.0679252981795354
23724,29794,687070,0.0972040269729623,0.7962677049070283,1.255859045692126,1763,5,1340,5,28.9609677963244,23.060683359065585,0.0316617490024166,0.0452082279548136,0.042537233743607,0.0287114314618108,0.0253487326476703,0.0176206935311638,0.0234611926038329,0.03798446018097,0.0501350250098352,0.0370527735626369,0.0246179677401224,0.0242381835553307,0.0209389928623615,0.0163352160962175,0.0124940988028999,0.0703432529646489,0.1035006744225256,0.1047510256842578,0.0922142134547293,0.0858553925701117,0.0476877142696565,0.0409676558197043,0.0474956443545213,0.0561236160287753,0.0572574889001292,0.048232591468555,0.0535570168043612,0.0474506828528072,0.0591649806103523,0.0553823132692631,0.0828152925307704,0.0823337829483504,0.0601454223571067,0.0833615747765975,0.0606090878435339,0.0501367110661495,0.0499994379812285,0.0739071544989602,0.0503241443264204,0.0773169223852076,0.0917681110549091,0.0841550047771595,0.0871560445118866,0.0865126735232956,0.0834947732254256,0.0349536334513572,0.0166347721013881,0.0121688304389366,0.0123933569381216,0.0123510650255718,0.1056598100376552,0.1082043500252908,0.1085397347271398,0.1085397347271398,0.1080950373742482,0.0499613612094643,0.0545694936210868,0.0459742595402686,0.0456467431012195,0.0339618108244815,0.0487844939020963,0.0569909514977799,0.0523672230652503,0.0504959815657842,0.0357677176417691,0.0479720957679985,0.0438335300399032,0.0531402798853481,0.0532713707637834,0.0691787500702523,0.0153678412858989,0.0376924914292136,0.038617995841061,0.0352891586578991,0.0429029674591131,0.0249810318664642,0.0176261732141852,0.0355288596639127,0.0290078963637385,0.0294960096667228,0.0178123419322204,0.017815714044849,0.0178123419322204,0.0177349238464564,0.0002446186702635,0.0451660765469566,0.071265104254482,0.0728359467206204,0.0645062665093013,0.0501046759961782,0.0298252121620861,0.0345717416961726,0.0422917720451862,0.0475554993536783,0.0543168661833304,0.0128772551003203,0.062178244253358,0.0707324509638621,0.0127184847973922,0.0714660259652672,0.0704132243016916,0.0652703310290563,0.0663333895352104,0.0645009273309728,0.0615107064575956
35598,18357,296337,0.0453480454569589,1.93920575257395,0.5156750379234788,296,5,1042,5,8.324540704533963,16.142997221768262,0.0276587636009513,0.0250478491301008,0.022600614266719,0.0136898140344962,0.0111509073543457,0.0107945202914021,0.015440755098601,0.0328046519467385,0.013531190890874,0.0090879637432814,0.0188402906530329,0.0172395452928066,0.0170400958855365,0.0131380040077157,0.0077945390190459,0.0298329494166338,0.0464615053280146,0.0528983838043335,0.0503429031593534,0.0491480794801205,0.0352233271532108,0.0310676629773207,0.0297268573140812,0.0388807423638031,0.0393067962619622,0.0366118883083318,0.0388348596363091,0.0360186901885873,0.0405070509579189,0.0389770960915406,0.029160907916175,0.0286009513643088,0.0114909077288985,0.0299662902410247,0.0114931550461635,0.0416624529467947,0.0414621607955502,0.027317171376669,0.0413255426334812,0.0287762421109799,0.0309949060808659,0.0295983856770979,0.0332824877802123,0.0334312789108001,0.029953649081409,0.0257763544768432,0.0084415791149315,0.0066220948742438,0.0066372642657826,0.0070663145869617,0.0520015169391538,0.0522615502743599,0.0526185928048391,0.0526185928048391,0.0533166657302844,0.0273549075790774,0.0260265557990148,0.0240179223551884,0.0233453190254133,0.0197983969136842,0.0269717399853923,0.0279850927954753,0.0254346686143415,0.0221809277674775,0.0204416914807947,0.0266895143921942,0.0337444051163922,0.0283137629454837,0.0339830889375806,0.0408337547053204,0.0106047156207277,0.0251534730415565,0.0246341554768994,0.0109555780287281,0.0250180721763394,0.0123938610783377,0.012881809839504,0.0218663033503754,0.015310878888327,0.0136726782403505,0.0107264453059159,0.0107264453059159,0.0107264453059159,0.010728692623181,0.0002842856340243,0.0162395827480943,0.0268810045508174,0.0278429499784631,0.028328276869487,0.0192814203045114,0.017543026761803,0.0197165571099499,0.0252513249808041,0.0291934940165177,0.0322599584246305,0.0073280334101166,0.0417287488061126,0.0377882652583477,0.007357810363878,0.0352128396726407,0.0485445811562447,0.0289260632619809,0.0482952225780474,0.0411566192857276,0.0482848287356967
4096,136,97879,17.570764878216913,30.11764705882353,0.033203125,130,5,4094,163,23.896240234375,719.6985294117648,0.6739029947916667,0.5658170572916668,0.4969588216145834,0.3576310221354166,0.2777750651041666,0.6285758463541666,0.67558837890625,0.657841796875,0.4304557291666667,0.39188232421875,0.57068115234375,0.21995361328125,0.2267390950520832,0.3797509765624999,0.0446769205729166,0.6884944661458333,0.6899405924479167,0.704267578125,0.7097851562499999,0.7068701171875,0.58158935546875,0.5725024414062501,0.6701204427083334,0.5846923828125,0.5858105468750001,0.2864811197916667,0.2123266601562499,0.2233894856770833,0.0863256835937499,0.1231062825520833,0.6201090494791667,0.5875528971354167,0.4799845377604166,0.5683634440104166,0.4567032877604166,0.6297745768229167,0.6298136393229167,0.5642521158854167,0.6298136393229167,0.5642521158854167,0.5647762044270833,0.5642521158854167,0.5647762044270833,0.5647762044270833,0.5642521158854167,0.3641699218749999,0.0730314127604166,0.1121183268229166,0.0986653645833333,0.0938655598958332,0.6503743489583333,0.6792773437499999,0.6764111328125,0.6764111328125,0.6561303710937499,0.67562744140625,0.6911336263020834,0.6717220052083334,0.61336181640625,0.5527213541666667,0.6731640625,0.6929361979166667,0.68125732421875,0.652509765625,0.5187784830729167,0.1622306315104166,0.4917765299479166,0.4089143880208333,0.61955078125,0.61822265625,0.6123006184895833,0.1492317708333333,0.2526228841145833,0.4724283854166667,0.5867919921875,0.2961433919270833,0.3564314778645833,0.635634765625,0.2804947916666666,0.1742569986979166,0.6072265625,0.6071240234374999,0.6072265625,0.0752970377604166,0.0709440104166666,0.6592301432291666,0.6526944986979167,0.64469970703125,0.6569441731770833,0.6025675455729166,0.6798185221354166,0.6791560872395833,0.6607137044270834,0.65758056640625,0.6576000976562499,0.5148347981770833,0.6424275716145833,0.6557161458333333,0.5326456705729167,0.6530094401041666,0.6523860677083333,0.6523860677083333,0.6704370117187499,0.6704370117187499,0.6706949869791667
132,294,2027,5.223149866007009,0.4489795918367347,2.227272727272727,66,5,29,5,15.356060606060606,6.894557823129252,0.0187121212121211,0.0614646464646464,0.1034343434343433,0.1219949494949494,0.1204292929292929,0.0230555555555555,0.0624747474747474,0.0799242424242424,0.14510101010101,0.1274747474747474,0.0634090909090908,0.0609848484848484,0.0647979797979797,0.068611111111111,0.0600757575757575,0.1202020202020201,0.1471969696969696,0.1456060606060605,0.1384595959595959,0.1355050505050505,0.0317171717171716,0.0294949494949494,0.0568686868686868,0.0883838383838383,0.1044444444444444,0.1191919191919191,0.1141666666666666,0.1202525252525252,0.1036616161616161,0.0998484848484848,0.0994696969696969,0.1228282828282827,0.1102020202020201,0.1243434343434342,0.1147474747474746,0.1323232323232323,0.1341414141414141,0.1243434343434342,0.1341414141414141,0.1243434343434342,0.1280050505050504,0.1243434343434342,0.1280050505050504,0.1280050505050504,0.1243434343434342,0.0276515151515151,0.1133838383838383,0.1115656565656565,0.1046969696969696,0.1084848484848484,0.052550505050505,0.1210858585858585,0.1331313131313131,0.1331313131313131,0.1423484848484848,0.1199494949494949,0.1413383838383837,0.1458585858585858,0.1208838383838383,0.1300757575757575,0.1109343434343433,0.1446464646464646,0.1409848484848484,0.139090909090909,0.1243434343434342,0.0597727272727272,0.1194949494949494,0.1433838383838383,0.1114141414141413,0.1194949494949494,0.028611111111111,0.0689646464646464,0.0959595959595959,0.1290909090909091,0.1374242424242424,0.1063383838383837,0.1158838383838383,0.0604545454545454,0.1272727272727272,0.0737626262626262,0.0623989898989898,0.0605555555555554,0.0623989898989898,0.0223232323232322,0.0236616161616161,0.1132323232323231,0.1233585858585858,0.1359595959595959,0.1411868686868686,0.1257323232323232,0.1197222222222221,0.1382575757575757,0.1416919191919191,0.1436616161616161,0.1375757575757575,0.0485353535353534,0.1159090909090908,0.1119191919191918,0.053611111111111,0.1177272727272727,0.1374999999999999,0.0084090909090908,0.1374999999999999,0.0967424242424242,0.1374999999999999
547,547,4524,1.5119866046810089,1.0,1.0,40,5,50,5,8.270566727605118,8.270566727605118,0.0080377818403412,0.0135770871419865,0.0151432053625837,0.0151005484460694,0.0149969530773918,0.0093601462522851,0.0256855575868372,0.0317001828153564,0.0248750761730651,0.0179219987812309,0.0231383302864106,0.0206703229737964,0.0226873857404021,0.0201401584399755,0.0240036563071297,0.019616087751371,0.0224375380865325,0.0265996343692869,0.0263863497867153,0.0262035344302254,0.010773918342474,0.010773918342474,0.0200426569165142,0.0198964046313223,0.0188787324801949,0.0142230347349177,0.0158561852528945,0.0148811700182815,0.0147227300426568,0.0153443022547227,0.0161304082876294,0.0174588665447897,0.004174283973187,0.0170932358318098,0.004174283973187,0.0243936624009749,0.024028031687995,0.0170932358318098,0.024028031687995,0.0170932358318098,0.0171541742839731,0.0170932358318098,0.0171541742839731,0.0171541742839731,0.0170932358318098,0.008659354052407,0.0128762949421084,0.0136502132845825,0.0122790981109079,0.0135892748324192,0.0134613040828762,0.0181352833638024,0.0165447897623399,0.0165447897623399,0.0189762340036562,0.0271297989031078,0.0197745277269956,0.0212187690432662,0.0190737355271175,0.0187568555758683,0.0259597806215721,0.017410115783059,0.0170262035344301,0.0184704448507007,0.0157343083485679,0.0144850700792199,0.0313711151736745,0.0154052407068859,0.0140524070688603,0.0305484460694697,0.0314381474710542,0.0157221206581352,0.0122364411943936,0.0156916514320536,0.0134795856185252,0.0139488117001827,0.0171358927483241,0.0344850700792199,0.0207800121876904,0.016416819012797,0.0321084704448506,0.0346069469835465,0.0321084704448506,0.0152346130408286,0.0086654478976233,0.0138391224862888,0.0184582571602681,0.0211822059719682,0.014210847044485,0.0143997562461913,0.0298537477148079,0.0290310786106032,0.0220658135283363,0.0188604509445459,0.0157160268129189,0.0215478366849481,0.0195917123705057,0.0179280926264472,0.0227605118829981,0.0166422912858013,0.0291773308957951,0.0003290676416818,0.0291773308957951,0.0112126751980499,0.0291773308957951
1686,962,13272,0.8182833805609605,1.7525987525987523,0.5705812574139977,66,5,296,5,7.871886120996441,13.796257796257796,0.0528548833531039,0.0812257809410833,0.0779616449189402,0.0633056544088572,0.051820877817319,0.0079122182680901,0.0548695136417556,0.0540865954922894,0.078956109134045,0.0726275207591932,0.0599406880189798,0.0606188216686436,0.0565618821668643,0.0505654408857255,0.0560083036773427,0.0809727164887306,0.100041518386714,0.1098675365757215,0.1101838671411624,0.1079537366548042,0.0500632661130881,0.048258204824041,0.0810695927243969,0.0817437722419928,0.0883372874654012,0.0867160933175167,0.0857769869513641,0.0858956109134044,0.0870423092131276,0.0847568208778172,0.0998161328588374,0.0968722815342031,0.0403618030842229,0.1021312771846579,0.0403618030842229,0.1036259391063661,0.1030209568999604,0.1016982997232107,0.1031198102016606,0.1016172400158164,0.1033017002767892,0.1023092131277183,0.1041775405298536,0.1041775405298536,0.1023092131277183,0.0478094108343218,0.0506563859232897,0.0391874258600236,0.0380268880980624,0.037544483985765,0.0774752866745748,0.1076512455516014,0.1081039936733886,0.1081039936733886,0.1088473705021747,0.0895709766706207,0.0936397785686041,0.0910715697904309,0.0792684855674179,0.0765875840253064,0.086459074733096,0.0904744958481612,0.0933194938710952,0.0831455120601027,0.0797093712930011,0.0741656781336496,0.0976393831553973,0.0731731909845788,0.0877718465796757,0.0993594306049821,0.056445235270858,0.0639402926057729,0.0619790431000395,0.0679300118623961,0.0555199683669433,0.0678568604191379,0.0723843416370106,0.0736259391063661,0.0893357058125741,0.0313621984974297,0.0542032423882957,0.05433372874654,0.0542032423882957,0.0361368129695531,0.0049169632265717,0.0603440094899168,0.0971470937129299,0.0953163305654408,0.0830308422301304,0.0859035191775404,0.0609608540925266,0.0697014630288651,0.0777342823250296,0.0926215895610913,0.1040213523131672,0.0473052589956504,0.1031949387109529,0.0958936338473704,0.0502313167259786,0.1003756425464609,0.1110715697904309,0.0603697113483589,0.1104646105179912,0.0852273625939105,0.1104349545274811
241,1594,20539,5.346553725849529,0.1511919698870765,6.614107883817427,702,5,77,5,85.2240663900415,12.885194479297365,0.2147994467496541,0.2791839557399723,0.2780497925311203,0.2489349930843706,0.201908713692946,0.1156293222683263,0.1604979253112033,0.1936791147994467,0.2608713692946058,0.2128077455048408,0.1346196403872752,0.2040248962655601,0.2082157676348547,0.163997233748271,0.1176625172890732,0.3348409405255879,0.3715352697095436,0.3746749654218534,0.3471369294605809,0.3333748271092669,0.0408852005532503,0.0413001383125864,0.1365145228215767,0.1721853388658367,0.2094744121715075,0.2744398340248962,0.283789764868603,0.2823789764868603,0.2550760719225449,0.2501106500691563,0.288298755186722,0.2699308437067773,0.2643706777316735,0.256984785615491,0.2477731673582296,0.2234854771784232,0.2265006915629321,0.2403042876901798,0.2339834024896265,0.2415352697095435,0.3056569847856155,0.2728769017980636,0.2726694329183955,0.2720055325034577,0.265283540802213,0.1369571230982019,0.1481742738589211,0.1109405255878284,0.1112586445366528,0.1109543568464729,0.1929460580912862,0.3239419087136929,0.3366666666666666,0.3366666666666666,0.3413554633471646,0.2087690179806362,0.3011894882434301,0.2968741355463347,0.2717289073305671,0.2595435684647302,0.2049930843706777,0.2999585062240664,0.3114799446749655,0.2933333333333333,0.2973167358229599,0.2386721991701244,0.3128215767634855,0.3095988934993084,0.1256154910096818,0.319225449515906,0.0916044260027662,0.2007468879668049,0.2412863070539418,0.2913831258644537,0.2322268326417703,0.2243706777316735,0.2505532503457814,0.1953665283540802,0.2882295988934992,0.1102489626556016,0.1158921161825725,0.1133056708160442,0.1158921161825725,0.098893499308437,0.013070539419087,0.2758782849239281,0.279045643153527,0.273402489626556,0.3368879668049792,0.3124896265560165,0.2389626556016597,0.2715491009681881,0.314536652835408,0.3390179806362379,0.3407192254495159,0.0720193637621023,0.3169986168741355,0.3226970954356846,0.0724619640387274,0.321521438450899,0.3126002766251728,0.2889626556016597,0.2786030428769018,0.2643568464730291,0.2778838174273859
4353,8342,58664,0.1615521787045125,0.5218173099976025,1.916379508385022,489,5,78,5,13.47668274753044,7.0323663390074325,0.0185129029787885,0.0239084156520407,0.0236894096025728,0.0166429282487173,0.0105107588636189,0.0029397350486254,0.0055969063481123,0.0057653725400106,0.0201531510835438,0.0280052071368404,0.0067080174592234,0.0117137606248563,0.0124795160425759,0.0088245654338004,0.0045952982617351,0.0432131097327513,0.0501707634581514,0.0470196799142353,0.0446450723638869,0.0442790412742169,0.018418715062409,0.0160387472241365,0.0198292365418484,0.0333042346274599,0.0349620951068228,0.0341557546519641,0.0328378895780687,0.0343671031472547,0.0404977410215176,0.0409571942721494,0.0393873956658242,0.0414511065165785,0.0235776093115858,0.0412788115475916,0.023724634351788,0.0368772494065395,0.0381836281491691,0.0403836434642774,0.0390619496132934,0.040728999157669,0.0408239528294662,0.0411555249253388,0.0411455701049084,0.0411455701049084,0.0411784975878704,0.019166858105521,0.0189807795390152,0.0118362814916915,0.0119473160272608,0.0125484340301707,0.0325201010797151,0.041288766368022,0.0423983459682976,0.0423983459682976,0.042225285243893,0.0211861551420475,0.0325469025193352,0.0352201546825943,0.0318186691170839,0.0290336166628378,0.0219610996247797,0.0336250861474844,0.0369247262424381,0.0354414579983153,0.0303415269163029,0.0162248257906424,0.0165586951527681,0.0200367562600504,0.0196623018607856,0.0251627230262653,0.001897541925109,0.0148502948158357,0.0148801592771268,0.0159101003139596,0.0175028715828164,0.0141840876024197,0.0134757638410291,0.0222666360364498,0.0245524159583428,0.0104663450493911,0.0057454628991499,0.0057454628991499,0.0057454628991499,0.0055938433264414,0.0007665211731372,0.0324749215100696,0.0407466115322765,0.0413469637797686,0.0373719274063863,0.0337920208285473,0.007309901217551,0.0096155907803047,0.0132965770732827,0.0179255685733976,0.0216800673864766,0.003421395206371,0.0340722873114327,0.0351397503637337,0.0037728769431043,0.0376728692855501,0.0491415881767363,0.001569798606325,0.0491415881767363,0.0103407611608851,0.0491415881767363
6459,3905,46115,0.18283354931203,1.6540332906530089,0.6045827527481035,38,5,124,5,7.139650100634773,11.80921895006402,0.1940542911699437,0.2314011456881869,0.2279052484904783,0.1858270114052743,0.1432213448934303,0.007282345048253,0.0090142952985498,0.0092578830572327,0.226045311451721,0.2000381896062341,0.0098911080146564,0.0575197398978169,0.082256283222377,0.045887392269185,0.0222908602982917,0.2009242916860195,0.238163802446199,0.2465825463177994,0.2441987923827217,0.2430298807864994,0.2296330701346957,0.2221917737523868,0.1898395004386643,0.2198467254993032,0.2174944521855807,0.2061645249522629,0.2037869639263043,0.2054471796459719,0.2251421788718583,0.2229560819528306,0.2471497135779531,0.2479842080817463,0.0974516178975073,0.2494390256489652,0.0974640037157454,0.2453501574031067,0.2455746503586726,0.2485936935542137,0.2455746503586726,0.2485627290086184,0.2514537854156989,0.249433864891366,0.2514537854156989,0.2514537854156989,0.249433864891366,0.1966486040150694,0.1845904938845022,0.1312143262630954,0.131953346751303,0.1349956133560406,0.2562135521494554,0.258170511431078,0.2573179542756876,0.2573179542756876,0.2485338287660628,0.2272508644268978,0.2277839706868968,0.2170955256231614,0.2057387624503276,0.1923816896320379,0.2247711204004747,0.2293925788305723,0.2180414924910977,0.2073530474273623,0.2024916137689012,0.1938267017598183,0.191368116839552,0.2205279455023997,0.2348846570676575,0.2306961862001341,0.0089239820405635,0.1668999329101511,0.1677277184290653,0.1713629560819528,0.1870903648655622,0.1949574237498064,0.2075274810342157,0.2140047478969912,0.2317696237807709,0.1327646178458997,0.0083950043866439,0.0083950043866439,0.0083950043866439,0.0069974712287763,0.001019249625845,0.1914651390824172,0.2383129483408164,0.2410920163079939,0.2146261031119368,0.2080543943850957,0.0495881715435825,0.0862770294679258,0.1417221448108581,0.1811730402023016,0.2098843990297775,0.0170274036228518,0.1878428033235278,0.1972911183361717,0.0079362130360736,0.1980368478092583,0.2404262785776951,0.1181994116736336,0.2404577591990503,0.2143985137018114,0.2404577591990503
5199,8640,751531,1.673067024997685,0.6017361111111111,1.6618580496249278,636,50,1424,10,144.55299095979996,86.98275462962962,0.2640353914214272,0.3211925370263512,0.3009424889401808,0.2326678207347566,0.2227274475860742,0.0754145027889978,0.2537026351221388,0.3872129255626081,0.4356376226197345,0.4073244854779765,0.2283054433544912,0.2247739949990382,0.2051086747451432,0.0952721677245623,0.0400307751490671,0.3860588574725909,0.5524293133294864,0.6326062704366224,0.6062935179842277,0.5696018465089441,0.1271706097326408,0.1044662435083669,0.4058703596845546,0.1556068474706674,0.1740719369109443,0.0819157530294286,0.128116945566455,0.0801307943835352,0.1421888824773994,0.1076283900750143,0.559823042892864,0.5053971917676476,0.5053971917676476,0.3945835737641854,0.3389497980380843,0.1667320638584342,0.1681015579919215,0.2932794768224658,0.1696787843816118,0.3025735718407386,0.436399307559146,0.3755491440661666,0.3574610502019619,0.3494902865935756,0.3456126178111175,0.2825004808617041,0.134718215041354,0.0941873437199461,0.0946643585304865,0.0946258895941526,0.5486439699942297,0.560461627236007,0.5573379496056934,0.5573379496056934,0.5572225427966917,0.2450932871706096,0.3583612233121754,0.3218926716676283,0.2506328140026929,0.2761838815156761,0.2469013271783035,0.3064281592613964,0.2703827659165224,0.2367686093479514,0.2638430467397576,0.5431736872475476,0.3819195999230621,0.6062627428351606,0.4971802269667243,0.5254548951721485,0.0754837468743988,0.5211925370263513,0.5244470090402,0.5238391998461243,0.571863819965378,0.1999923062127331,0.1564608578572802,0.2416080015387574,0.1849432583189074,0.1997537988074629,0.0716214656664742,0.0715291402192729,0.0716214656664742,0.0717060973264089,0.0035237545681861,0.3878361223312175,0.3345720330832852,0.3362646662819773,0.4582573571840738,0.4062858241969609,0.1916984035391421,0.2690517407193691,0.369286401231006,0.4233198692056165,0.4527947682246586,0.0517484131563761,0.3313175610694364,0.3546758992113868,0.0520869397961146,0.3576841700326986,0.3730409694171956,0.3730409694171956,0.3763954606655126,0.3763954606655126,0.3529294095018273
2067,967,11267,0.5636913150912878,2.1375387797311274,0.4678277697145622,16,5,49,5,5.450895016932753,11.651499482936918,0.0099661344944363,0.015965166908563,0.0155781325592645,0.0124657313336558,0.0113368811482018,0.0065795839380744,0.0157232704402515,0.0150459603289791,0.0196742460893403,0.014562167392356,0.0162070633768746,0.0182873730043541,0.0189163038219641,0.0167876149008224,0.018432510885341,0.0144009030801483,0.0140622480245121,0.0139654894371875,0.0136268343815512,0.0135300757942266,0.0138364779874213,0.013642960812772,0.0166263505886146,0.0123850991775519,0.0135623286566682,0.0139332365747459,0.0129172714078374,0.0134978229317851,0.0134978229317851,0.012868892114175,0.0107724560554748,0.0114497661667472,0.0002902757619738,0.0107724560554748,0.0002902757619738,0.0146911788421221,0.0147879374294468,0.0107724560554748,0.0147879374294468,0.0107724560554748,0.0103854217061763,0.0105305595871633,0.0103854217061763,0.0103854217061763,0.0105305595871633,0.0088534107402031,0.0081761006289307,0.0079342041606192,0.0076923076923076,0.0078858248669569,0.0121673923560715,0.0129011449766166,0.0127076278019673,0.0127076278019673,0.0109175939364618,0.0195613610707949,0.0165457184325108,0.0170295113691339,0.0137397194000967,0.0121915820029027,0.0185937751975487,0.0129172714078374,0.0129495242702789,0.0128205128205127,0.0130462828576035,0.0148363167231091,0.018996935978068,0.0123205934526688,0.0129495242702789,0.0181261086921463,0.0155781325592645,0.0138203515562005,0.0135300757942266,0.0129011449766166,0.011111111111111,0.011885179809708,0.0106676342525398,0.0158361554587969,0.0138687308498629,0.0083534913723592,0.01611030478955,0.0153846153846153,0.01611030478955,0.0144654088050313,0.0056119980648282,0.0127721335268504,0.0142718916303821,0.0165940977261731,0.0136268343815513,0.0136752136752136,0.0196903725205611,0.0186744073536526,0.0169488792130301,0.0139816158684082,0.0122722141590065,0.0202870504757296,0.0148524431543299,0.0119819383970327,0.019625866795678,0.0133526850507982,0.0156103854217061,0.0,0.0156103854217061,0.0005321722302854,0.0156103854217061
763,2628,39652,1.9774941102074444,0.2903348554033486,3.444298820445609,595,5,243,5,51.96854521625164,15.0882800608828,0.1248929663608562,0.0879903888160768,0.0703757099169942,0.0516906946264743,0.0385714285714285,0.120961118392311,0.1336085626911314,0.1361686325906509,0.0993840104849278,0.0754696373962428,0.1176059414591524,0.1120401922236784,0.0939842726081257,0.1253604193971166,0.1153342070773263,0.0737046745303625,0.094185233726518,0.1153473132372214,0.1264962865880296,0.1263783311489733,0.0231017911751856,0.0266797728265617,0.1061336828309305,0.0404718217562253,0.0400611620795106,0.0518654434250764,0.0523110528615115,0.0548492791612057,0.0499868938401047,0.0502752293577981,0.1066011358671908,0.1046570554827435,0.1020358235037133,0.0996767147225862,0.0946963739624289,0.1229183049366535,0.1227522935779816,0.0911708169506334,0.1224552206203582,0.0946832678025338,0.1050327653997378,0.0934338138925294,0.0930013106159894,0.094879860200961,0.0966448230668413,0.0890345128877238,0.0198514635211882,0.0165006553079947,0.0163171690694626,0.0142900830056793,0.0864525993883791,0.0951419833988641,0.1017649628658802,0.1017649628658802,0.0994713848842288,0.1294408038444735,0.0745609436435124,0.0710921799912625,0.0750152905198776,0.0721275666229794,0.1273219746614242,0.0789908256880733,0.0778025338575796,0.0784359982525119,0.0771865443425076,0.0539667977282655,0.12608999563128,0.0291218872870248,0.0521756225425949,0.1277282656181738,0.1226911314984709,0.0528047182175622,0.0550633464394931,0.1042900830056793,0.0510048055919615,0.0579423328964612,0.0421581476627347,0.1145915246832677,0.0694145915246832,0.0376452599388378,0.1184272608125818,0.1184709480122323,0.1184272608125818,0.1128484054172127,0.0046657929226735,0.0595063346439493,0.1207470511140235,0.1220882481432939,0.0787680209698557,0.0795194408038444,0.1331061598951506,0.130091743119266,0.1230668414154652,0.120262123197903,0.121830493665356,0.0835648754914809,0.1254172127566622,0.1190301441677588,0.0849847094801223,0.1214809960681519,0.1112712975098295,0.1115334207077326,0.1255089558759283,0.1255089558759283,0.1287243337702052
9906,12381,123518,0.100710836617455,0.8000969227041435,1.24984857662023,509,5,529,5,12.469008681607107,9.976415475325094,0.0482340668954841,0.0517363214213607,0.0483794333400632,0.0329103573591762,0.0224537317450702,0.0111437512618614,0.0118103506292482,0.0126495726495725,0.0581684500975839,0.0502739080691836,0.0153893263342081,0.0263930950938824,0.0235692173093747,0.0170694528568543,0.0048516050878255,0.0710535702267985,0.086947977656639,0.0852261255804562,0.0785389326334207,0.0764328016690221,0.0536849720707987,0.0488552392489399,0.0371996769634564,0.06231576822128,0.0634450501379634,0.0596372568813513,0.0590342553334678,0.0598260313614643,0.0685463355542095,0.0698428561814387,0.0589491217443973,0.0643330641362137,0.0417686250757116,0.06297361868228,0.0419866747425802,0.0742539874823338,0.076125580456289,0.0599222693317181,0.0768305404132175,0.0618904367723264,0.0638976377952755,0.0628036880005383,0.065524934383202,0.0655649774547411,0.0629578033515041,0.0475610740965071,0.0325264149673598,0.0229312201359445,0.0234995625546806,0.0245972138098121,0.0729110303519752,0.0779359310855373,0.0782522377010565,0.0782522377010565,0.077711151490679,0.0566094622787535,0.0701958409045022,0.0680294770845951,0.05810518877448,0.0501393095093882,0.0579561208695066,0.0709411804293694,0.0718369338448078,0.0636193552728985,0.0569954236489669,0.0299761087556362,0.0299263072885119,0.0401160912578234,0.0419102900598963,0.0533858267716534,0.0105740628575273,0.0257076519281242,0.0260020862776767,0.0233137513655453,0.0309973753280839,0.030142674473383,0.0297092671108418,0.0509818964937074,0.0438088027458105,0.0312191264553468,0.0116198936671377,0.0116198936671377,0.0116198936671377,0.0112995490948246,0.0003583686654552,0.0543515714381855,0.072887475604011,0.0737489063867015,0.0621909280570697,0.0568369338448078,0.0158796015882629,0.0205023891244363,0.0273389864728446,0.032416380644727,0.0410737600107678,0.0114937075173295,0.0678390201224846,0.062724947843058,0.0118228009960293,0.0644878524799784,0.0813305067635775,0.0204138905713708,0.080935459990578,0.0505555555555555,0.080935459990578
57728,10291,890388,0.149877074903027,5.609561752988048,0.1782670454545454,417,5,4686,5,15.42384977827051,86.52103780001943,0.1021573009053953,0.1039836243532889,0.0897321923503325,0.0632415234663709,0.0645497274575018,0.0755822708795269,0.1051455677198817,0.0798741800628232,0.0443113105136732,0.0448880958980043,0.0746008291759053,0.0720403732446414,0.0629866500369548,0.0247736511456023,0.0144582063008129,0.1076843703806356,0.1205931263858093,0.1320097122135993,0.1299313446969696,0.1262019586104951,0.099244329730229,0.08845066518847,0.0915570145048041,0.1034511271249075,0.1040944890983,0.0905626385809311,0.1011718749999999,0.0903193713045084,0.1029027508314855,0.0952757183111603,0.1122381975240206,0.1149014920546931,0.0917391329453066,0.1150453852549888,0.0920453968033998,0.1053983046932741,0.1057139805062822,0.111281411677753,0.1059022196045823,0.112741130820399,0.1171916574279378,0.1164051529009607,0.1162873591093865,0.1158960412047301,0.1151778455284552,0.0768601602919438,0.0255611950295638,0.0183494433665927,0.0183474801367331,0.018606164541759,0.1290236395971914,0.1296972006651884,0.1299324995380635,0.1299324995380635,0.13036614236881,0.1109190225424981,0.1066910915558018,0.103295165835181,0.1034024505728011,0.0896316634331115,0.110105783444198,0.1089856453252032,0.1058354697893569,0.1020673965262379,0.0993294415188469,0.0839422233000738,0.1239677452882482,0.0776755935883222,0.1219079707132298,0.1246257737435328,0.0233409552845528,0.0724870657797486,0.0734477203436806,0.1035084072431633,0.0651359247967479,0.0598733139320029,0.0585908628972653,0.086624803677014,0.0621486395971913,0.0486104374538063,0.0338900244826311,0.0338900244826311,0.0338900244826311,0.0324196230598669,0.0005770163525498,0.0858643985587582,0.1206563539356983,0.121918652993348,0.1031979859571322,0.0950196322985956,0.0789060190317811,0.0917691588137472,0.0980558827605321,0.1057722422394678,0.1094997805801921,0.0263822870473022,0.0873603797117516,0.0831461335920177,0.0259972630266074,0.0832521480044345,0.1145499006836658,0.1144990876755358,0.1147346752586843,0.1147364075203251,0.1120162948078344
943,1349,99287,7.804925214624242,0.6990363232023721,1.4305408271474018,648,19,583,5,105.288441145281,73.6004447739066,0.3717921527041357,0.372859667727112,0.3217037822552138,0.232916224814422,0.212152704135737,0.2383457051961823,0.3354082714740191,0.3769989395546129,0.3810816542948038,0.3316755037115588,0.3634641215977377,0.3656309650053022,0.3674195828914811,0.3182361258395192,0.2144008483563096,0.2504842700600919,0.3430328738069989,0.4292541534110993,0.4473029338989042,0.4393814068575468,0.0365429480381759,0.0403923647932131,0.2707423117709437,0.2258960763520678,0.2029586426299045,0.1751078119476846,0.1864369034994697,0.1698515376458112,0.2270484270060092,0.2164439731353835,0.3147684694238246,0.337536231884058,0.337536231884058,0.3513644397313539,0.3587875574407918,0.3341887592788971,0.335662778366914,0.3532096147048427,0.3354294803817603,0.3624991162955108,0.4020325203252032,0.3673453517143867,0.3635277483209614,0.3635277483209614,0.3638352774832096,0.3453870625662779,0.1489183457051961,0.1417921527041357,0.1445917285259808,0.1447189819724283,0.290367621067515,0.3878437610463061,0.4044644750795334,0.4044644750795334,0.3947048427006009,0.3222269353128314,0.4106539413220219,0.3944079179922234,0.3335630965005302,0.3293920113114175,0.3226086956521738,0.4174832096147048,0.4033262636974196,0.3384057971014492,0.3396394485683987,0.3576422764227642,0.4242594556380347,0.2664793213149523,0.3313149522799575,0.4346836337928597,0.2307847295864262,0.3273241428066454,0.3266560622127961,0.3442735949098621,0.2708483563096501,0.2590137857900317,0.2497667020148462,0.3902191587133262,0.2838564863909509,0.1875715800636267,0.2155461293743372,0.2155461293743372,0.2155461293743372,0.202407211028632,0.017476139978791,0.3952598091198303,0.3682608695652173,0.3687451396253093,0.440876634853305,0.4357334747260516,0.3870060091905267,0.4058819370802403,0.4095934959349594,0.4023824673029339,0.3970484270060092,0.1593637327677624,0.407334747260516,0.4118522446094026,0.1578685047720042,0.4126475786496996,0.3727112053729232,0.3727112053729232,0.3987875574407918,0.3987875574407918,0.3981194768469424
42382,8738,678297,0.1831582176772596,4.850308995193408,0.2061724316926997,433,5,4152,5,16.00436506063895,77.62611581597619,0.1068429207367907,0.1068209774589841,0.0930997436018435,0.0640446415931291,0.0629075236342471,0.0586205621883503,0.1162934736444716,0.0975989806993534,0.0459297185912258,0.043294323061677,0.0855748509587403,0.0802343762289022,0.067349267770909,0.0402648923285041,0.0142445692353671,0.1082778066160162,0.1221109590549446,0.1345562581599106,0.1325988233998709,0.128687965016595,0.0989424755792553,0.0883096597612193,0.0992567599452597,0.1034062416434649,0.1044787881647869,0.089685872933478,0.1004035518223144,0.0896968838972519,0.1035889449923709,0.0960898494643952,0.1149907979802746,0.1183265694555864,0.0963803816085444,0.1186567410693218,0.0967814952888804,0.1099207997105689,0.1103963946958614,0.1159157975870259,0.1107391502681955,0.1176634734871721,0.1220949145077312,0.120022100577289,0.1198534755320654,0.1196478851084579,0.11888073553238,0.0818494486653138,0.0264942664338633,0.0191931323045946,0.0196258631809101,0.0197045129221524,0.1324945338429836,0.1327042927028769,0.1321342393783524,0.1321342393783524,0.1326492378840073,0.1128791310776587,0.111027165620625,0.1064255265600175,0.1060108851241879,0.0973401444009248,0.1132272348323973,0.1130670253094866,0.1092502320167366,0.105058436757743,0.1019766252969027,0.0883955452786559,0.1288429836565837,0.0783097384109606,0.1251572994824847,0.1296739181728091,0.0286663363377534,0.069652132194485,0.0696249980337564,0.1041431897189057,0.0659594481934154,0.0600285498560709,0.056420807575543,0.0939825869472889,0.059829330061504,0.0535053403174302,0.0290583266481052,0.0290583266481052,0.0290583266481052,0.0286605162569014,0.000662388120743,0.0872180013527755,0.1253288345681342,0.1266594308904723,0.1075794755635253,0.0980884966888458,0.0859137526937535,0.095741273811209,0.1025000393248705,0.1088396017177102,0.1139833734447013,0.0224784106460289,0.0929138942632878,0.0906225913516744,0.0230733959385273,0.0903440926179352,0.1202924983876802,0.1202075566671385,0.1202465669387947,0.120207399367656,0.1174869834678243
44081,8254,606353,0.1666516538460183,5.340562151684032,0.1872462058483247,381,5,3023,5,13.755427508450351,73.46171553186333,0.1161988914347072,0.1193015887419371,0.1051012908055624,0.0730638294654537,0.0716641334512979,0.0616865164885853,0.1262928850676405,0.1006457052547204,0.0468191889173717,0.0443730859100292,0.0993840127643806,0.0950891162481189,0.0890957555409359,0.0454913303539695,0.0045662908433716,0.1153248187049597,0.1299692233237297,0.1445012590458473,0.1444361516299539,0.1406850268067118,0.1126514824981284,0.099698963272158,0.1151185317937433,0.1165415938839862,0.116996816466656,0.1037763057401903,0.1146959007282048,0.1031629651474936,0.1168498143569035,0.1091994283251287,0.1256244186837866,0.1293195859138101,0.1014846910611525,0.1295550615155432,0.1019039193000763,0.1295558933176047,0.1296932918944669,0.1268299267258002,0.1298384791633583,0.1284041499361024,0.1291714495285194,0.1291166262108391,0.1299017717383906,0.1300179971718729,0.1295212601045045,0.09840823332804,0.0332405495943074,0.0260604342006759,0.0263849882413435,0.0267580136566774,0.1439644442427954,0.1437022753567296,0.1439887177393132,0.1439887177393132,0.145367618701935,0.1215342210929878,0.1187247718215708,0.1123793319873263,0.1123025037242046,0.0983164326278139,0.1224951037105933,0.1208213667264051,0.1160326066408051,0.1109729815566797,0.0887584976142404,0.1093076382114743,0.1411904599865398,0.1012337893120996,0.1373232609665539,0.1401798204819914,0.0179091520912259,0.0937965714631397,0.0929412520889574,0.1187817124535891,0.0859603154798363,0.0693136876810114,0.07322875312871,0.1126985927421489,0.0730471934242266,0.0713026020280846,0.0276416899193151,0.0276416899193151,0.0276416899193151,0.0276008559999394,0.0006516791058883,0.0925370719055072,0.1332754096625151,0.135324894323329,0.1144925629333877,0.1022717270479344,0.0904307222310443,0.1020494846608137,0.1131511686818962,0.1206581066672715,0.1268756002208056,0.0198978395831915,0.0972856030186852,0.0881409980112368,0.0195360056865013,0.0873484418835023,0.130274948390463,0.1302386515732401,0.1308819370401457,0.1308819370401457,0.1279492298269095
73064,7711,870531,0.1545148033080446,9.47529503306964,0.1055376108617102,970,5,4411,5,11.914636483083324,112.89469588898976,0.0727224989963137,0.0717058560531406,0.0635693820942369,0.0453640643819117,0.0444806379794882,0.0691515201284717,0.0700525566626518,0.0445248914193948,0.030809974816599,0.0323734899083907,0.0434432369794517,0.0383278586809737,0.0338856801343114,0.020179340486879,0.0165037501368662,0.0909282273075659,0.0982618891200408,0.1053788459432825,0.1024184276798423,0.0989004160735792,0.0762172433300485,0.0672087941165735,0.070242663965838,0.0829356454615131,0.0821098853972772,0.075436238548852,0.0833416821781816,0.0752335395452388,0.0845685973940654,0.0797511314281542,0.0947336581627066,0.0983373024562939,0.0720920927771085,0.0981421767217781,0.0722158199204349,0.0796397222526369,0.0803707252089492,0.0943228767473265,0.0809238475856782,0.0963608160881783,0.0974549253622394,0.0980339154713675,0.0989107266688564,0.0989749625898755,0.0982329190846381,0.0515085860797839,0.0155424924267308,0.0106914029709112,0.0107277181648964,0.0109702908865286,0.1012336216650242,0.1013841746049125,0.1013855888901054,0.1013855888901054,0.1004402076718128,0.0839920708784991,0.0847696540019708,0.0827342238767837,0.0824958483886273,0.0376648326581262,0.085154430818643,0.0846719314573524,0.0832941439468593,0.0829308551406985,0.0658068268914923,0.0550303386984925,0.0936650516442205,0.0466334993977882,0.0925433866199495,0.0950876856819591,0.0281626610460235,0.0463409704733749,0.0483581517573633,0.0774518230592356,0.0440413883718383,0.0426233165443993,0.0386114456731997,0.0506785831599693,0.0379683565093616,0.031764434833388,0.0258970674112193,0.0258970674112193,0.0258970674112193,0.0259436019562757,0.0006985656410817,0.0695060494908572,0.0921294572794627,0.0929269316398408,0.0808947406839665,0.0745248001751888,0.0621002135114419,0.0692688145552757,0.0737665152012846,0.0800730866090003,0.0861218018905799,0.0207173619475162,0.0824311562465783,0.08658450125917,0.0211890944924996,0.0858811452972735,0.0775931147122157,0.0776122759954742,0.076867221431439,0.0768836453885177,0.0760662341691302
87271,13209,752937,0.0653158746238652,6.606934665758195,0.1513561205898866,565,5,6282,5,8.627573879066356,57.001816942993415,0.0744374801862397,0.0739603457429538,0.0638635973003631,0.0435737721197953,0.0413173142662892,0.0773026549483791,0.0562286441085812,0.0326131628299587,0.0187944066948546,0.0226627783952668,0.0350324468227322,0.0342018157998265,0.0267377861297949,0.0255273802294003,0.021530672655674,0.0816399109287926,0.093726667506961,0.1026404723982384,0.0992810517430379,0.0960110078567527,0.0797176610787087,0.0735541397867943,0.0580406626103363,0.0836969898362571,0.0831020613949651,0.0774003582709796,0.082319441738951,0.0768416006844579,0.0838364787080855,0.0802426159128843,0.0789569272725188,0.0841492210088879,0.055108608052312,0.0814426327187725,0.0551966097940132,0.0892844511158727,0.0894188982212494,0.077300401431556,0.089553039765023,0.0800538934277518,0.0805600562233349,0.0800504558597166,0.0835571190124248,0.0839259700626019,0.0812278993021736,0.0471391031003043,0.0146223067609323,0.0116429283496235,0.0115024845977853,0.0115412527261823,0.1033911990619258,0.1033704590681134,0.1032843288912314,0.1032843288912314,0.1035465771371169,0.0839380015507251,0.0802677865499421,0.0792144775087562,0.0772455913189948,0.0579299347244024,0.0805895811132372,0.0801305893901371,0.0783510750039149,0.0741033867684186,0.0490942390179249,0.0499555407867447,0.088251767482898,0.0446021014999255,0.0852606631450691,0.0864526589588751,0.0318090392761245,0.0467483280051028,0.0483272030036705,0.0716110735524973,0.0447952164331029,0.0353592449572786,0.0336591765878699,0.0609848250468845,0.0345428225489184,0.0349392123385774,0.0327453946137128,0.0327453946137128,0.0327453946137128,0.0323396469999579,0.0003461631011446,0.0614548551828976,0.0861125688945926,0.0867432862386512,0.0760572240492259,0.0728206009632829,0.0523313968366734,0.0578480060195635,0.0658074274386679,0.0722963336427144,0.0791852963756573,0.0246117648856244,0.071347373888997,0.0756654940740146,0.0244882416075595,0.0742937516471679,0.0831425101121792,0.082703036136479,0.0832734814543204,0.0831199749439484,0.0821356082394686
2928,1835,20473,0.3810433138279656,1.5956403269754769,0.6267076502732241,51,5,169,5,6.992144808743169,11.156948228882834,0.0493328779599271,0.0641757741347904,0.0605088797814207,0.0444410291438979,0.0342634335154826,0.0015721766848815,0.0269102914389799,0.0269581056466301,0.0728028233151183,0.0509710837887067,0.022889344262295,0.0536737249544626,0.0579098360655737,0.0505270947176684,0.0415676229508196,0.0623292349726775,0.0837443078324225,0.0958640710382513,0.0964685792349726,0.095979052823315,0.0504895264116575,0.0470400728597449,0.0763456284153005,0.0737329234972677,0.0740596539162112,0.0721061020036429,0.0755566939890709,0.0731215846994535,0.0724578779599271,0.0706454918032786,0.0753301457194899,0.0709039162112932,0.017823315118397,0.0759528688524589,0.017823315118397,0.0863012295081966,0.0860883424408014,0.0760006830601092,0.0860200364298724,0.0760268670309653,0.0802948542805099,0.0759984061930782,0.0804314663023678,0.0804314663023678,0.0759984061930782,0.0502447632058287,0.0313888888888888,0.0214993169398906,0.0218237704918032,0.0227459016393442,0.0743055555555555,0.0889719945355191,0.0879030054644808,0.0879030054644808,0.0837204007285974,0.0712898451730418,0.0720935792349726,0.0651878415300546,0.0570821948998178,0.0528039617486338,0.0685894808743168,0.0731443533697631,0.0725751366120218,0.0595787795992713,0.0556170309653915,0.0620252732240436,0.0906284153005464,0.0596482240437158,0.0738012295081966,0.0929895264116575,0.026276183970856,0.048809198542805,0.0496573315118396,0.0564093806921675,0.0389458105646629,0.0474032331511839,0.0480179872495445,0.0470366575591984,0.0681454918032786,0.0251787340619307,0.0259562841530053,0.0259517304189434,0.0259562841530053,0.0207991803278688,0.0025375683060108,0.042559198542805,0.0733105646630236,0.0766962659380691,0.0625671675774134,0.0578301457194899,0.0679360200364298,0.0702311020036429,0.0722017304189434,0.0733709016393442,0.0773372040072859,0.0185302823315118,0.0855806010928961,0.0772017304189434,0.0191108834244079,0.0790972222222221,0.0949043715846994,0.0411122495446265,0.0948907103825136,0.0766074681238615,0.0948907103825136
5536,15429,200180,0.2343617997337796,0.3588048480134811,2.787030346820809,390,5,321,5,36.15968208092485,12.97426923326204,0.0999199181117533,0.137240486512524,0.1371977360308284,0.0976643786127167,0.0728167148362234,0.0115077071290943,0.0142130298651251,0.0334326830443159,0.1511927986512523,0.1151673892100192,0.0428010597302504,0.0472266377649325,0.0474789258188824,0.0260729768786126,0.0072958815028901,0.2086669075144508,0.2291738921001926,0.2145767100192677,0.1779028179190751,0.1631785886319845,0.1247531310211945,0.1101071772639691,0.1042551782273602,0.12914679672447,0.1294382225433525,0.111614282273603,0.1143695809248554,0.1121850915221579,0.1365077071290943,0.1373663294797687,0.1382568641618496,0.1735314306358381,0.1697748073217725,0.1826529383429672,0.1809886801541425,0.1481788943503852,0.1581256021194604,0.1691991811175336,0.1596441473988439,0.1785308285163776,0.1815167389210019,0.1818184007707128,0.1860266136801541,0.1868984826589595,0.18471158477842,0.1058032273603082,0.0991377649325625,0.0794177504816955,0.0829184730250481,0.0838987235067437,0.1955973025048169,0.199736873795761,0.2005455202312138,0.2005455202312138,0.200668352601156,0.1151138005780346,0.1688132225433525,0.1567816714836223,0.13471158477842,0.1215895953757225,0.1277324181117533,0.1652829961464354,0.1588981213872832,0.1496929190751444,0.1396507707129094,0.0988120183044315,0.0933821050096338,0.1236428227360307,0.1226764210019267,0.1454901252408477,0.0015829720616569,0.0849963872832369,0.0855599710982658,0.0895995905587668,0.1016413776493256,0.0968900529865124,0.0895971820809248,0.1304690510597302,0.1276318641618496,0.1076174132947976,0.0109465317919074,0.0109248554913294,0.0109465317919074,0.0112012283236993,0.0005196290944122,0.1433507947976878,0.1836247591522157,0.1880166184971097,0.1609441233140654,0.1576794315992292,0.0415932080924855,0.0565059007707128,0.078171965317919,0.095025289017341,0.1171712427745664,0.0084314788053949,0.1280087909441232,0.1408471820809248,0.0083682562620423,0.1454461705202311,0.1700776734104045,0.1298621146435452,0.1518322495183044,0.1411386078998073,0.1486530587668593
24523,4305,291882,0.276477987457128,5.696399535423926,0.1755494841577294,810,5,3746,5,11.90237736002936,67.8006968641115,0.0906546235506802,0.0883325857358397,0.0810679770011825,0.0574137204529081,0.0507450148839864,0.066303334284821,0.0989567616795117,0.0876798651605974,0.035759083309546,0.0344313501610732,0.0746473378732889,0.0577520423004253,0.0552682515733528,0.0380910437820277,0.0399416873955062,0.09772689583928,0.110795715586728,0.1205121722464624,0.1188189318870719,0.1162939553344479,0.0818309342250132,0.0764718835379031,0.0586868110209462,0.0862796830186627,0.0887576288926042,0.080008291535837,0.0849932716225583,0.0810721907325095,0.0836891897402438,0.081736193233563,0.0983976946811836,0.1018880234881539,0.078431132678166,0.1020647283502561,0.07859098261496,0.0992268482648941,0.1001156737212684,0.0973415433130801,0.1006669928910274,0.0986811020946322,0.1099521537604153,0.1043869020919136,0.1050011553779444,0.1040844649240848,0.1020454267422419,0.055361497369816,0.0187224238470007,0.0164339599559596,0.016854517527763,0.0172621620519511,0.1206225448218678,0.1223448735200967,0.1227918008943984,0.1227918008943984,0.1223043673286302,0.0968696054044501,0.0989275374138563,0.0954813848224115,0.0933185173102801,0.0833686743057537,0.0944256412347591,0.0961070559610705,0.0944520110372574,0.0915458956897606,0.0754842392855685,0.0508510378012477,0.1106048743356576,0.0405541736329159,0.098830077886066,0.1105881553371664,0.065125392488684,0.0461754271500223,0.0465363128491619,0.0698234310647147,0.0352194538460492,0.0539706941782543,0.0493479590588426,0.0868111568731394,0.0595837920863406,0.0441264663105383,0.0658607565686634,0.0658607565686634,0.0658607565686634,0.0643779309219915,0.0012362544006306,0.0692415283611303,0.1065629545052943,0.1070280960730742,0.0862629640201714,0.0798114695048185,0.0858598050809443,0.0886446737076757,0.0921797224374396,0.0982432818170696,0.1064442903940518,0.0472985904389076,0.0936855197161847,0.0982888173007652,0.0484115592165177,0.0988137666680259,0.1044475254522964,0.1043578137530752,0.1062809063600157,0.1062564395329554,0.105045195666653
147,453,2941,4.416512741962126,0.3245033112582781,3.0816326530612246,93,5,31,5,20.006802721088437,6.492273730684326,0.0190022675736961,0.0583900226757369,0.0638548752834466,0.0596825396825396,0.0569160997732426,0.0117687074829931,0.0650566893424035,0.0828798185941042,0.0597959183673469,0.0646712018140589,0.05578231292517,0.0575283446712017,0.0593650793650793,0.0723356009070294,0.0771201814058956,0.0643310657596371,0.0792743764172335,0.0917687074829931,0.0926530612244897,0.0918367346938775,0.0253061224489795,0.0247845804988661,0.0407029478458049,0.0644217687074829,0.0696598639455781,0.0484580498866212,0.0486848072562358,0.0497052154195011,0.0363265306122448,0.040204081632653,0.0708163265306121,0.0768253968253967,0.0654875283446711,0.0760090702947845,0.0646712018140589,0.0884580498866212,0.0893197278911564,0.0754648526077097,0.0897278911564625,0.0760090702947845,0.0775283446712017,0.0760090702947845,0.0775283446712017,0.0775283446712017,0.0760090702947845,0.0167573696145124,0.0467346938775509,0.0371655328798185,0.0375056689342403,0.0399319727891156,0.0436281179138321,0.0672108843537414,0.0646712018140589,0.0646712018140589,0.0731519274376416,0.085328798185941,0.0652380952380951,0.0677777777777777,0.0584580498866212,0.0679591836734693,0.0871201814058956,0.0677551020408162,0.0726530612244897,0.070657596371882,0.069705215419501,0.0398866213151927,0.0889342403628117,0.0645351473922902,0.0408843537414965,0.0905668934240362,0.0375283446712017,0.0354875283446711,0.0459637188208616,0.0514512471655328,0.0545351473922902,0.0697732426303854,0.0703401360544217,0.0619501133786847,0.0784126984126983,0.0400453514739228,0.0587301587301586,0.0589569160997732,0.0587301587301586,0.0131746031746031,0.0102267573696144,0.0446712018140589,0.0736281179138321,0.0698866213151927,0.0662131519274376,0.0536961451247165,0.088344671201814,0.0886848072562357,0.0749206349206348,0.0850113378684806,0.0869841269841269,0.0382086167800453,0.0658730158730158,0.0685941043083899,0.0516553287981858,0.0639682539682539,0.0954421768707482,0.0343083900226756,0.0954421768707482,0.093015873015873,0.0954421768707482
66519,28237,551682,0.0293713932950357,2.3557389241066686,0.4244952569942422,277,5,1064,5,8.293600324719254,19.53755710592485,0.0108151054585907,0.0097411767064046,0.0084096273245237,0.0053665368791873,0.004350386105223,0.005854968755794,0.0158134768512254,0.0119185495873359,0.005242913052411,0.0044089658593784,0.0063431500774214,0.004766056815847,0.0052695219912105,0.0050864164123532,0.0036447731725772,0.0195148754491197,0.0300061636524902,0.0349871465295629,0.0326472636890712,0.0318205324794419,0.0153646326613448,0.0130251005978241,0.0135212996787884,0.0173902694468246,0.0170147376438811,0.0151223459963819,0.0165177367869831,0.0150903751810259,0.0187345971326487,0.0172528149851921,0.0188969567592216,0.0164916289581422,0.005437544160315,0.0191372389843502,0.0054621987702761,0.0243009766633091,0.0241991511197301,0.0179291630962581,0.0240446088085108,0.0184834408214194,0.0202274538101895,0.0188558657426198,0.0208732843247793,0.0209560175789373,0.0191079741627704,0.0105056199481851,0.0039468422555961,0.0031683679349758,0.0032001383063485,0.0032192305957695,0.0320168172502091,0.0334676308022268,0.0336051353748552,0.0335803304319066,0.0338595990118111,0.0134280431155007,0.0127420235822345,0.0119814889981308,0.0118599698331804,0.0094207669989025,0.0131152502793687,0.0131412578862179,0.0118667849286168,0.0106016326162449,0.0096685157624136,0.0120849682045731,0.0142628923064587,0.0138337417379495,0.0162483400732622,0.0205511708434181,0.0057366065835825,0.0123312136382086,0.0124519310272252,0.0058641390680356,0.0131559905189995,0.004107447997314,0.0037468993821313,0.0069184744208421,0.0051012993781224,0.0052449174922452,0.0059240718190792,0.0059240718190792,0.0059240718190792,0.0059498288709491,0.000194931773879,0.0079174371232279,0.0140616465471017,0.0148513457307936,0.0139287521860921,0.0115190647283733,0.0077693591304739,0.0095384777281678,0.0117855550043345,0.0129341992513416,0.0143864660222392,0.0042037613313489,0.020672489564385,0.0200647434066456,0.0042359827016841,0.0200045601006228,0.0311129151069618,0.0161485690805133,0.0309772646411801,0.0257934825638789,0.0309688459938763
36088,17932,347987,0.0537738926330377,2.012491635065804,0.4968964752826424,148,5,405,5,9.642734426956329,19.40592237341066,0.148754433606739,0.1692170065765166,0.1632562070494347,0.1185071676642281,0.0894587305106036,0.0053791657429985,0.0592900687209044,0.1574398692086011,0.0948344786817409,0.0645703096135372,0.0374507684918347,0.0496524237050173,0.0450005542008423,0.0188327606591294,0.0033205867139584,0.1599821732062365,0.1947074743220275,0.2054837249685952,0.2011259513781126,0.1997382324687799,0.1723437153624472,0.1719776657060518,0.1208600273405748,0.1674708120889677,0.1668190718983225,0.1601586861745362,0.1579573080617748,0.1597738860563067,0.1742401906450897,0.1749861449789403,0.1789480344343456,0.1782882583314859,0.0790197110766274,0.1799407005098647,0.0790197110766274,0.198555937338358,0.1980674092957954,0.1774533547624325,0.1981278171876154,0.1791855094953077,0.1821818887164708,0.1798087083425699,0.1842790770708637,0.1842864664154289,0.1799702578881253,0.1548542451784526,0.0881982006945983,0.075983983595655,0.0773860193600827,0.0772794280647306,0.2072530111579102,0.2063941845858271,0.206379498263504,0.206379498263504,0.2060770893371757,0.1447944838542821,0.1382994347151407,0.1279677455109731,0.1330852360895588,0.1227728515480676,0.1470752050543116,0.143984611689943,0.1349836510751496,0.127595045444469,0.1277328567206088,0.1339014815635852,0.1343891783048843,0.1574149301706938,0.1695501736495972,0.1847089521909406,0.0049631456439813,0.1134295795462942,0.1142688243552796,0.0073242259661567,0.1352865218355131,0.1065819663045887,0.0971583351806694,0.1480478275326978,0.131401204463164,0.1233107958324096,0.005145477721126,0.005179930540161,0.005145477721126,0.0051878740855685,0.0002718355131899,0.116596744993719,0.1496585199142835,0.15153347373088,0.1441133710189906,0.1215544409960836,0.0357568536170841,0.0534361375895957,0.0947148636665927,0.1251478792581097,0.1514008349959358,0.0056622700066503,0.1517687319884725,0.1368401315303332,0.0057587933200324,0.134361468262765,0.1967215325500627,0.1670062994162417,0.1972664043449345,0.1931511859898027,0.1973444542969038
1090,3646,52551,1.3223238235190506,0.2989577619308831,3.3449541284403668,899,5,177,5,48.21192660550459,14.413329676357652,0.1252568807339449,0.1382079510703363,0.1211773700305809,0.0794648318042813,0.061400611620795,0.043223241590214,0.0628012232415901,0.0856146788990825,0.1101957186544342,0.0935351681957186,0.0950550458715596,0.1184801223241589,0.1110550458715595,0.0981131498470947,0.0630397553516819,0.1055351681957186,0.138223241590214,0.1535382262996941,0.15048623853211,0.1437186544342507,0.0407461773700305,0.0413608562691131,0.1307064220183486,0.1035596330275228,0.1034617737003057,0.101051987767584,0.1071896024464831,0.1063639143730886,0.1108593272171253,0.1086269113149846,0.0876085626911314,0.1052507645259938,0.0968103975535167,0.1138012232415901,0.1114525993883791,0.1200275229357797,0.119874617737003,0.1124250764525993,0.1210122324159021,0.114920489296636,0.1327217125382262,0.1198654434250764,0.1282538226299693,0.129703363914373,0.1225076452599388,0.1014709480122323,0.0435229357798164,0.030223241590214,0.0318776758409785,0.0330795107033638,0.1092813455657492,0.1413211009174311,0.1456207951070336,0.1456207951070336,0.1463211009174311,0.1291009174311926,0.1395382262996941,0.1227951070336391,0.0903027522935779,0.0853761467889907,0.1267370030581039,0.1411314984709479,0.1268990825688073,0.1023058103975534,0.1024709480122323,0.1254495412844036,0.1458409785932721,0.1071559633027522,0.1164189602446482,0.1549938837920489,0.0419999999999999,0.1089541284403669,0.1121529051987767,0.1230183486238531,0.0943822629969418,0.0956972477064219,0.1030581039755351,0.1318012232415902,0.1143394495412843,0.0553577981651375,0.0522415902140672,0.0523455657492354,0.0522415902140672,0.0494373088685014,0.0024892966360855,0.0950672782874617,0.1383516819571864,0.1362874617737002,0.1203241590214066,0.1087675840978592,0.1257370030581039,0.1302415902140672,0.1355688073394495,0.1362966360856268,0.1409938837920488,0.0350122324159021,0.1543455657492354,0.1526880733944953,0.0355351681957186,0.1504984709480122,0.1397155963302751,0.1393792048929663,0.1305626911314984,0.1305626911314984,0.1230244648318042
19445,7050,160792,0.1172917247957049,2.7581560283687945,0.3625610696837233,125,5,780,5,8.269066598097197,22.807375886524824,0.0209790005999828,0.016105254135596,0.0147878632039083,0.0104037027513499,0.0082423930744835,0.0172023656466957,0.0174099597154366,0.0223620467986628,0.0132832776206393,0.0087532356218393,0.0181403959886859,0.0147738064626724,0.015156595525842,0.0155345847261506,0.0116436101825661,0.02431061969658,0.0341088540327418,0.0404693580183423,0.039729664866718,0.0390173995028712,0.0208274620725121,0.0177138938887459,0.024512899631439,0.0266051255678408,0.0267208365475271,0.0249514013885316,0.0266536384674723,0.0246325533556183,0.0278129767720921,0.0264628439187451,0.0213105339847432,0.0224709008314047,0.0127635210422558,0.0224486157538355,0.0127820347990056,0.0326988943173051,0.0327026656381245,0.019692808776892,0.0326622096511527,0.0215880689123167,0.0219965715265277,0.0219530299134309,0.0247011228250621,0.0248079197737207,0.0224335304705579,0.0185034713293905,0.0056113825319276,0.0048271192251649,0.0047690065998113,0.0048411759664009,0.0369702579926287,0.0385123853604182,0.0385420416559526,0.0385420416559526,0.0387580354847004,0.0220781691951657,0.0238925173566469,0.0214120167995199,0.0188535184709007,0.0172393931601953,0.0203963315333847,0.0242645067283791,0.0217509214022455,0.0188979172023656,0.0178225764978143,0.0219660581126253,0.0304407302648495,0.0213434473300762,0.0287484357589782,0.035710808262621,0.0172171080826261,0.0224105596982942,0.0224770720836547,0.0274248735750406,0.0198110911116824,0.0100514271020827,0.0101539384589011,0.0194579583440472,0.0119074312162509,0.0093069340875974,0.0173652181366246,0.017432587640353,0.0173652181366246,0.0172644210165423,0.0005999828576325,0.0125718693751606,0.0276268106625524,0.0274927573497899,0.0215440130281991,0.0157528070626552,0.0210989971715093,0.0227288934601867,0.0222885060426844,0.0243289620296562,0.0262182223365046,0.0115657838347475,0.0340975400702836,0.0284064455301276,0.0113225336418959,0.0282012513928172,0.0380378846318676,0.0284955858404044,0.0378873746464386,0.0359177166366674,0.0378791463101053
1208,406,31668,6.456953642384105,2.9753694581280787,0.3360927152317881,145,5,989,5,26.21523178807947,78.0,0.5496523178807947,0.562626931567329,0.5477593818984547,0.4507450331125827,0.4070557395143487,0.5371385209713024,0.5700220750551876,0.5790728476821193,0.4955932671081677,0.4445722958057395,0.5518818984547462,0.5404635761589404,0.5467328918322295,0.504174944812362,0.356037527593819,0.5738300220750552,0.5938051876379691,0.6037913907284768,0.6026848785871964,0.5999972406181016,0.2778863134657836,0.2769950331125827,0.5528449227373069,0.5226076158940398,0.4965976821192052,0.3267908388520971,0.3572075055187638,0.361644591611479,0.1450469094922736,0.1616915011037527,0.4825883002207505,0.5100551876379691,0.4819922737306842,0.5214459161147903,0.4935816777041942,0.5679939293598234,0.5679525386313466,0.5213383002207506,0.567985651214128,0.5216445916114789,0.5225386313465783,0.5216445916114789,0.5235099337748345,0.5235099337748345,0.5216445916114789,0.3507367549668874,0.0801269315673289,0.0800220750551876,0.0800993377483443,0.0761451434878586,0.5625027593818984,0.5915783664459161,0.5943349889624724,0.5943349889624724,0.581371412803532,0.5633940397350993,0.5902952538631346,0.5902980132450331,0.5833443708609272,0.5758995584988963,0.5606263796909492,0.5953228476821193,0.5933692052980132,0.5870722958057395,0.5859740618101545,0.0648785871964679,0.1881236203090507,0.2806760485651213,0.2369232891832229,0.5304221854304636,0.5493708609271524,0.0197157836644591,0.1418653421633554,0.4822295805739514,0.1369398454746136,0.4902455849889625,0.4954690949227373,0.5575,0.5435099337748344,0.3047875275938189,0.551710816777042,0.5515038631346578,0.551710816777042,0.3405905077262693,0.0174862030905076,0.5792798013245033,0.5902483443708609,0.5909630242825606,0.6035844370860927,0.5987472406181015,0.591098233995585,0.5798399558498897,0.5905132450331125,0.5912086092715232,0.5910816777041943,0.4210596026490066,0.5418239514348786,0.5421688741721854,0.4200055187637969,0.5414045253863133,0.557712472406181,0.557833885209713,0.5687693156732891,0.5688355408388521,0.5759961368653421
16638,10217,134476,0.0791079752799754,1.628462366643829,0.6140762110830629,142,5,504,5,8.08246183435509,13.161984927082312,0.0258240173097727,0.0218107144288174,0.0200184317025283,0.0130215971470929,0.0099124494129903,0.013442120447169,0.0141343110149456,0.0159255920182713,0.0204477701646831,0.0116167808630844,0.0152099611331489,0.0157486877429177,0.0143703169451456,0.0144752975117201,0.008296870617462,0.0295386064030131,0.0458286252354048,0.0525073125776334,0.051377769763994,0.0510696397804222,0.026983010778539,0.022761549865769,0.0315474616340104,0.0365067916816924,0.0361728172456624,0.0330704812277116,0.0356427054533797,0.0334012501502583,0.0384405176904275,0.0370753696357734,0.0293827383098929,0.0262988339944704,0.0069369315222181,0.0296343711183234,0.0069441439275553,0.0400402692631325,0.0399124494129902,0.0284425211363544,0.0398357174339864,0.0290878310694394,0.0318455743879472,0.0296035180510477,0.0329380534519372,0.0329614937692831,0.0296944744961333,0.0246143366590535,0.0083806146572103,0.0061123131786672,0.0063120567375885,0.0062968305485434,0.0483505629683054,0.0499441038586368,0.0496690307328604,0.0496690307328604,0.0485242617301758,0.0234595504267339,0.0252199783627839,0.0229640982489881,0.0202868934567455,0.018943382618103,0.0235046279600912,0.0268822374484112,0.0248872059943101,0.0209674640381455,0.0199042352846896,0.028584164763393,0.0342637336218295,0.0289183395440156,0.035648515446568,0.0424213647473654,0.0134389149336858,0.0245862884160756,0.0243568938574347,0.020887125856473,0.0243108146011138,0.0111623993268421,0.0108384421204471,0.0208616820932002,0.0147309372120046,0.0107769363304884,0.0141361141162799,0.0139552029490723,0.0141361141162799,0.013971430861081,0.0004906439075209,0.0157621108306286,0.0280099771607163,0.0299755579596906,0.0268680129823295,0.0175750290499658,0.01965861281404,0.021229114076211,0.0274928877669591,0.0304625956645429,0.0332694234082621,0.0092959891012541,0.0414907641142765,0.0311433665905357,0.0099611331490162,0.0323991264975758,0.0508857234443242,0.020120607444805,0.0509235885723444,0.038507432784389,0.0509235885723444
643,1339,9596,1.1145477753761135,0.4802091112770724,2.082426127527216,89,5,49,5,14.923794712286158,7.166542195668409,0.0232866770347329,0.0651944012441679,0.0667962674961119,0.062731985484707,0.0568377397615344,0.0026956972524623,0.0158890616899947,0.0178071539657853,0.0564696734059097,0.0808346293416277,0.024665629860031,0.0266874027993778,0.0320114048729911,0.032871954380508,0.0232711249351995,0.0892949714878174,0.098367029548989,0.0951529289787454,0.0918299637117677,0.0914722654224986,0.0163400725764644,0.0149196474857438,0.0498444790046655,0.0623587350959045,0.0736651114567132,0.0892742353551062,0.0904406428201139,0.0900984966303784,0.0950285121824779,0.0927993779160186,0.081047174701918,0.0880611715914981,0.0645152928978745,0.0870865733540694,0.0642664593053395,0.0863348885432866,0.0882633488854328,0.0869621565578019,0.0878019699326075,0.0869466044582684,0.0894090202177293,0.0866977708657334,0.0894090202177293,0.0894090202177293,0.0866977708657334,0.019279419388284,0.0669258683255572,0.0521721099015033,0.053561430793157,0.0551062726801451,0.0329082426127526,0.0837480559875582,0.0999015033696215,0.0999015033696215,0.0969777086573353,0.0566148263348885,0.0803732503888024,0.0857076205287713,0.0805080352514255,0.0769621565578019,0.0558009331259719,0.076241575946086,0.0814307931570761,0.0821876620010367,0.0797563504406427,0.0727682737169517,0.0695075168481078,0.090134784862623,0.08635044064282,0.0799326075686883,0.0147278382581648,0.0628875064800414,0.0640746500777604,0.0664593053395541,0.0705184033177811,0.0529704510108864,0.0680145152928978,0.0446500777604976,0.0801140487299118,0.0281959564541212,0.0174598237428719,0.0179212026956971,0.0174598237428719,0.0148833592534991,0.0051321928460341,0.0680715396578537,0.0785795749092793,0.0813841368584758,0.0926542249870398,0.0830482115085536,0.0427008812856401,0.0594297563504406,0.0655883877656816,0.0764178330741316,0.0919284603421461,0.0143131156039398,0.0885018144116122,0.0913582166925867,0.0218247796785898,0.0899740798341109,0.0986521513737687,0.0057335406946603,0.0986521513737687,0.0495438050803524,0.0986521513737687
3527,6339,77546,0.3468432039803104,0.5563969080296577,1.797278140062376,1024,5,356,5,21.98639070031188,12.233159804385547,0.0954465551460164,0.1282780455533502,0.1238862111331631,0.0868339476419997,0.0635081750307153,0.0251327851809847,0.0328900860032132,0.0401181362820148,0.115387959550137,0.103362631131273,0.0591607598525658,0.0854323787921746,0.0817663736886872,0.0617077780928078,0.0277431244683866,0.1247434079954635,0.1564587468103203,0.1579122956242321,0.1423683961818353,0.1353000661563179,0.0901644457045647,0.0805330309044513,0.124866269728759,0.1291078347982231,0.1369889424440033,0.1289859181551838,0.1324846422833379,0.1302646252717134,0.1422502598998203,0.1419431055665815,0.1058605046781967,0.1122030053870144,0.0797278140062375,0.113734996692184,0.0816104337964275,0.1271862578080635,0.1270651145182661,0.1070518644709445,0.1270405072875259,0.1114016657202346,0.127081561289103,0.1167110859087042,0.1216945468292221,0.1207711936489934,0.1142840941309894,0.0975427653340893,0.0617455817030525,0.0447273414611094,0.0444457045647859,0.0455750874208486,0.1527350912012096,0.1659238257253567,0.1671949721198374,0.1671949721198374,0.1617909460353463,0.1152509214629996,0.1284831301389282,0.1217446366127964,0.102975144126264,0.096258387676023,0.1151526320763632,0.1296002268216614,0.1249740100179566,0.1124326623192514,0.10648804460826,0.1098572913713259,0.1035393630091673,0.1183895662035723,0.1235421982799356,0.132872129288347,0.0174000567054153,0.0863212190043535,0.0880721181147075,0.0997208025742948,0.088727049025175,0.0875588318684434,0.0938758151403458,0.1063907003118797,0.1165296285795292,0.0689604007182685,0.0305131840090728,0.0305131840090728,0.0305131840090728,0.0296096777242226,0.0013779415934221,0.0940052925054342,0.1428437765806634,0.1465230129477364,0.1272044230223986,0.1200529250543426,0.0617796049522728,0.0757319724033645,0.0923457140156884,0.108220395047727,0.1225129949910216,0.021986579718363,0.1426802759663547,0.1367668462338152,0.0230743786031565,0.1379586050467819,0.1372412815423872,0.1093469426330214,0.1313741612323976,0.1241432756828276,0.1306247046592949
27879,10429,194439,0.0668749575731001,2.6732189088119664,0.3740808493848416,152,5,837,5,6.974389325298612,18.644069421804584,0.0504533878546575,0.046409722969499,0.0425064265815368,0.0281524923179931,0.0226477515931943,0.0173946937360258,0.0284290445616174,0.055497566866339,0.0257778256035007,0.0197778495163623,0.0322144505422241,0.030776331049655,0.0298145557588148,0.020177313868264,0.0102152157537931,0.0511429152169494,0.0709707426139148,0.0799823044824658,0.0767054055023494,0.0754726974903451,0.0596156007508637,0.0531836388201393,0.049115104558987,0.0686483255018711,0.0691433217355954,0.0651129284885875,0.0679011681432858,0.0647053337637647,0.070775613663809,0.0684094360151607,0.0464476248550282,0.0501811399261092,0.0156276528330762,0.0466453842199026,0.0156176094312325,0.0662082571110871,0.0661758551837105,0.0445824216554873,0.0664513313485657,0.0458628358262491,0.0486404342575653,0.0465046570297834,0.0505137678300273,0.0505508327654028,0.0466609275798988,0.0469894902973564,0.0139614046414863,0.0112389253560027,0.0118532467687745,0.0115283905448545,0.0825671652498296,0.0823166780252758,0.0826868491218001,0.0826868491218001,0.0821099513373267,0.0533707569616317,0.0536178963855709,0.0489793990697896,0.0463265062113657,0.0429998684792615,0.0517017587909656,0.0558321077991797,0.0511234262348003,0.0467533507897221,0.0449436254289368,0.0407252770902829,0.0609800686299125,0.0384797398280664,0.0547691811040567,0.0695840357736408,0.0153268290349964,0.0380917601057955,0.0381026025405671,0.0452038617346128,0.0361227081325637,0.0266359386395972,0.0269050778961464,0.0425595131341391,0.0304825615457273,0.0258880638951659,0.0165063309300907,0.0164608964931788,0.0165063309300907,0.0178600380214497,0.000469529036192,0.0328810215574446,0.058661836268637,0.0610220357019022,0.0509459928022286,0.038892356253811,0.0393641570118487,0.0427870440116216,0.0469043605103004,0.0508312110668722,0.0538262969738273,0.0140905340937622,0.0716145964106794,0.0600217607039946,0.0139669045996388,0.0590047467030141,0.0733978980594712,0.0500043043150758,0.0735032342145222,0.0661350837547974,0.0736147877135717
5130,1685,37126,0.4294977470051654,3.0445103857566767,0.3284600389863548,123,5,455,5,7.237037037037037,22.033234421364984,0.1592241715399609,0.1885802469135802,0.1880454840805717,0.1471617933723196,0.1065938921377517,0.0605666016894086,0.0687037037037036,0.1086822612085769,0.1847868745938921,0.1395243664717348,0.0586367771280051,0.1189259259259259,0.1215204678362572,0.0855607537361922,0.0499545159194281,0.2160922677063027,0.2455653021442495,0.244572449642625,0.228712800519818,0.2217706302794021,0.1427173489278752,0.12933853151397,0.1950929174788823,0.2108882391163092,0.2098304093567251,0.2099298245614034,0.2161325536062378,0.2106010396361273,0.2189564652371669,0.2159525666016893,0.2363170890188433,0.2310831708901884,0.0772755035737491,0.2375302144249512,0.0773924626380766,0.2223521767381416,0.2229122807017543,0.2356049382716049,0.2230292397660818,0.2367927225471084,0.2396926575698505,0.237528914879792,0.2411481481481481,0.2411481481481481,0.237528914879792,0.1709038336582195,0.0695100714749837,0.0439291747888238,0.0441812865497075,0.0477699805068225,0.1947751786874593,0.2347673814165042,0.2338115659519168,0.2338115659519168,0.2299883040935672,0.1774093567251461,0.1929649122807017,0.1923274853801169,0.1628674463937621,0.0930279402209226,0.1724652371669915,0.1850441845354125,0.1794957764782325,0.165836907082521,0.1238278102664067,0.1289948018193632,0.2066250812215724,0.128127355425601,0.2240441845354125,0.221859649122807,0.0639324236517218,0.0873008447043534,0.0931377517868745,0.1694379467186484,0.090244964262508,0.1446549707602338,0.1530428849902533,0.1259408706952565,0.1925717998700454,0.0732469135802468,0.0613625730994151,0.0617511371020142,0.0613625730994151,0.0616120857699804,0.0035919428200129,0.1856016894087069,0.2046926575698505,0.2038180636777127,0.2016471734892787,0.1873229369720597,0.1501026640675763,0.1569454191033137,0.1760402858999349,0.2046413255360623,0.2267017543859649,0.0604860298895385,0.2185990903183885,0.2193333333333333,0.0579948018193631,0.2218888888888888,0.2115990903183885,0.1868115659519167,0.2122969460688758,0.205974009096816,0.2110357374918778
1807,2062,28059,0.7530527096639483,0.876333656644035,1.1411178749308246,460,5,202,5,15.527946873270617,13.607662463627548,0.0571389042612063,0.0689983397897066,0.0662202545655782,0.0482161962737502,0.0349640287769783,0.0144475189079505,0.0377642501383508,0.0425604132078951,0.0666408411732152,0.0574008485519276,0.0448939310090388,0.0591237779007562,0.058738240177089,0.0555451023796347,0.0450488839697472,0.0612211769046301,0.0793488286294041,0.0877660948164544,0.0845840250876221,0.0802914591403799,0.0181368751152923,0.0188765910348643,0.0614831211953513,0.0593894115476848,0.0638369304556354,0.0666297731045932,0.069590481460985,0.0675096845600442,0.0698579597860173,0.0694650433499353,0.0605810736026562,0.0617893377605607,0.043951300498063,0.0627079874561888,0.0446375207526286,0.0749511160302526,0.0745858697657258,0.0559048146098505,0.0744272274488101,0.0610182623132262,0.0690592141671277,0.0631414868105515,0.0675299760191846,0.0675299760191846,0.0630178933776055,0.0555358789891163,0.027863862755949,0.0198007747648034,0.020902047592695,0.0221859435528499,0.0610680686220254,0.0862036524626452,0.0869765725880833,0.0869765725880833,0.0869821066223943,0.0685998893193137,0.0687566869581257,0.0714204021398265,0.0572717210846706,0.0545711123408964,0.0704427227448809,0.0720641947980077,0.0732078952222836,0.061058845231507,0.0572993912562257,0.0670300682530897,0.0739845047039291,0.0610256410256409,0.0720273012359343,0.0816011805939863,0.0309758347168418,0.0486884338682899,0.0467312304002951,0.0546338313964212,0.0391772735657627,0.050167865707434,0.0504150525733258,0.0607231138166389,0.0653624792473712,0.0262645268400663,0.0392492160118059,0.0388913484596937,0.0392492160118059,0.034382955174322,0.0026674045379081,0.0500129127467256,0.0758384061981184,0.0787013466150156,0.0698173768677365,0.0639383877513373,0.0592602840804279,0.0647426674045378,0.071182438664453,0.0759011252536431,0.0822597306769968,0.0339863493820328,0.0860118059398634,0.0817321527393469,0.0347795609666112,0.083508577753182,0.0802250507286478,0.0688378527946872,0.0782973621103117,0.0756225788599889,0.0780667773473528
34151,23098,470966,0.0597051444695103,1.478526279331544,0.6763491552223947,3544,5,2544,5,13.79069426956751,20.38990388778249,0.0304786585068274,0.0218507022732374,0.0172378554068694,0.0105619161957189,0.0116252330336836,0.0200104438132606,0.0233571491317969,0.0311466721325875,0.0133409465803831,0.0106604003787101,0.0250185938918332,0.0212781470527948,0.0194797614515923,0.0190187695821498,0.0123616682771611,0.0192752774442914,0.0294450138112109,0.0352770538686031,0.0350594906932934,0.0344691712297345,0.0265782358740104,0.0233961914243603,0.0164473465881916,0.0278218304978867,0.0229429104076991,0.0274561994280303,0.0299841878715117,0.0275572213600382,0.0298411954749982,0.0284993118795935,0.0063450557816754,0.0068889149170838,0.0057659609772285,0.0070823694767356,0.0059322811435486,0.0296688237533307,0.0296395420339082,0.005674113983973,0.0298005914907322,0.0058045152411349,0.0115980010346207,0.0099388988121382,0.0103827120728528,0.0098193317911627,0.0083437283437283,0.0192649312367621,0.0048797985417703,0.0039843635618283,0.0039404409826944,0.0038653821752412,0.0310152948181116,0.0314516900432392,0.0314402701726644,0.0314402701726644,0.0321381511522356,0.030912418377207,0.0233697402711486,0.0218242511200257,0.0181777986003337,0.012814851688091,0.0313689203830048,0.0252065825305261,0.0243209081237249,0.0215000048802865,0.013227431114755,0.0170214635003367,0.0259997267039519,0.0165510038749474,0.026308160815203,0.0307758679589665,0.0196308551238128,0.0137398257381656,0.0145986797440873,0.0208057159242803,0.014271949029387,0.008349877504807,0.0103664119157076,0.0172662586747093,0.010686656320459,0.0108294535055098,0.0200409944071915,0.0200409944071915,0.0200409944071915,0.0199238675295012,0.0002271285369876,0.0127584355753369,0.0212555025231081,0.0224783071261944,0.0227296418845714,0.0192295979619922,0.0201520697295344,0.0222331215288961,0.0228173894371076,0.0241589802153181,0.0257970972055478,0.0168029242677129,0.0336079958615169,0.0252244443793739,0.0170815886308843,0.0257197934662722,0.0359355021326851,0.0318648551042916,0.0348973675734238,0.0341370189257512,0.0345570163880022
39387,23033,278677,0.0307183380910067,1.710024747101984,0.5847868586081703,136,5,441,5,7.075354812501587,12.099031823904832,0.0127372821827844,0.0121394537960917,0.0110946082040605,0.0068592005822563,0.0048385677169285,0.0043422956813161,0.0062901464950363,0.0164103215104814,0.0077198060273693,0.0053236685539221,0.0088596914379532,0.0087123500985942,0.0083261820736113,0.0076576027623326,0.0036149829469959,0.0174967205761629,0.0295899662325132,0.0352380226978444,0.0347619773021554,0.0346739617978858,0.0216445358451603,0.0184431411379388,0.0195091443031118,0.0259901321078866,0.0257012042890632,0.023666945946632,0.0255755283046012,0.0236329245690201,0.0273250057125447,0.0262080551112464,0.0178457359027089,0.0184691226377569,0.0023853047959986,0.0178474285085602,0.0023853047959986,0.0239414019854266,0.0241298736469731,0.0174224998095818,0.0240899281488815,0.0175784734387826,0.0196644408899721,0.0179569401071419,0.0198924348981473,0.0198924348981473,0.0179594790159189,0.0133553372094006,0.0037761190240433,0.0031153256996808,0.0030803733888507,0.003021893856687,0.0335193507163953,0.0341192948604023,0.034034326046665,0.034034326046665,0.0343550748554937,0.0152204195969905,0.0148303585785495,0.0141166713213327,0.0132001252528329,0.0107954401198364,0.0146480649283604,0.0163106270258375,0.0149767689846903,0.0124106938837687,0.0117296739194826,0.0168151928301215,0.0196404058868831,0.0182803970853327,0.0218683829689998,0.0260563976269665,0.0045896700264892,0.0151089615016798,0.0154304719831416,0.0041770127199329,0.0163816318413012,0.0051031220114927,0.0047245707128409,0.0081812950127368,0.0072009377036415,0.0059889472837907,0.0039564661775035,0.0039556198745778,0.0039564661775035,0.0041466304449013,0.0001717994939108,0.0084525351004137,0.0138081092746337,0.0141788745863694,0.0155781518436708,0.0113205710852142,0.0105756552500401,0.0118543343404337,0.0146448489772428,0.017055458230719,0.0193971784260457,0.0034259188734014,0.0277919956669289,0.0231349599275564,0.0033209773106185,0.0210644798199066,0.0340545526865885,0.007092780189741,0.0340794339926032,0.0178583458163014,0.0340794339926032
19412,11924,167597,0.0724059057180122,1.6279771888627976,0.6142592211003503,550,5,309,5,8.633680197815783,14.055434417980544,0.0419125626760079,0.0458750601002815,0.043935538155093,0.0306744968747853,0.0210572498111133,0.0069321381963046,0.0074814547702451,0.0121088330242461,0.0455362662270759,0.0301911188955285,0.0116778281475375,0.017207397486091,0.0173478604299745,0.0119036334913111,0.0053504704993474,0.0573533553128648,0.0781010028161274,0.0823531835977745,0.0788043478260869,0.0778544199464248,0.048428635208462,0.0448063053781165,0.0379047324678892,0.0540042241912218,0.0541625455044989,0.0494841678686722,0.0511554708427776,0.0501193419877738,0.0585004121162167,0.0581815371934885,0.0636013805893261,0.0583905144584105,0.0149381825674839,0.0637955903564804,0.0149587883783226,0.0684820386015522,0.0681190329006112,0.0614163060649769,0.0680673466584242,0.0624994848547289,0.0667714128717631,0.0637911257641321,0.0670071776907754,0.0670071776907754,0.0638508826155642,0.0435800879181261,0.0257801016553334,0.0191302630675183,0.0193533209698467,0.0192432515969502,0.0831313963871144,0.0838522563362868,0.0837059550793323,0.0837059550793323,0.0833257778693591,0.0495070059756851,0.049702074318291,0.0461635414520227,0.0406956178308949,0.0384203928841265,0.0489652448657187,0.0500015454358128,0.0463216910502094,0.0404564187100761,0.0387076722302355,0.0358781509719073,0.0386479153788034,0.0432380314582044,0.0481483961810563,0.057524555257916,0.0032747784875334,0.0306708908578885,0.0310931382649906,0.0125882615564255,0.0358025963321656,0.0275075554639741,0.0244901778968335,0.0396917714128717,0.0377318153719348,0.027953671268631,0.0074933031114774,0.0074933031114774,0.0074933031114774,0.0074491723332645,0.0004565904251665,0.0356346589738305,0.0550977058863932,0.0561401881997389,0.0525745243491997,0.0355134281200631,0.0205087918126244,0.0246531355175492,0.0299386977127549,0.0339784669276735,0.042013874579298,0.0061424204959131,0.0610661789958101,0.0585153513290747,0.0061760766536162,0.0579799436774503,0.0791393639673053,0.0296606909815234,0.0790073150628476,0.0595523387595301,0.0790073150628476
610,3650,90274,4.054525039299349,0.1671232876712328,5.983606557377049,2132,12,329,5,147.99016393442622,24.732602739726023,0.2643879781420765,0.2848579234972677,0.2530928961748634,0.1788196721311475,0.1585245901639343,0.1928688524590163,0.2303442622950819,0.2655245901639343,0.2673497267759562,0.2381912568306011,0.2509398907103825,0.25451912568306,0.2482841530054644,0.2224098360655737,0.183311475409836,0.2761475409836065,0.3262185792349726,0.3739890710382513,0.3669289617486339,0.3524863387978142,0.0284262295081966,0.0335737704918032,0.1864371584699453,0.1508196721311475,0.1565573770491803,0.1701857923497267,0.1872732240437158,0.172295081967213,0.2258415300546447,0.2235573770491802,0.243174863387978,0.2691420765027322,0.2691420765027322,0.269207650273224,0.2617322404371584,0.2611803278688524,0.2632131147540983,0.237311475409836,0.2640163934426229,0.2239781420765027,0.3088469945355191,0.281103825136612,0.2687759562841529,0.2605573770491803,0.252295081967213,0.2519508196721311,0.1031420765027321,0.0857704918032786,0.0868961748633879,0.086639344262295,0.231535519125683,0.3179125683060109,0.3249508196721311,0.3249508196721311,0.3253333333333333,0.2389508196721311,0.3107158469945354,0.2847540983606557,0.2639453551912568,0.2555792349726776,0.2394262295081967,0.3133551912568306,0.2880327868852458,0.2615300546448087,0.2646174863387977,0.2811256830601092,0.3171092896174863,0.2298688524590163,0.2465792349726775,0.3394754098360655,0.1887049180327868,0.2626939890710382,0.2697267759562841,0.3089890710382513,0.2519945355191256,0.2053934426229507,0.186639344262295,0.2649125683060109,0.236983606557377,0.1665519125683059,0.1897049180327868,0.1896885245901639,0.1897049180327868,0.1838360655737704,0.0087868852459015,0.2821202185792349,0.2544699453551912,0.254655737704918,0.3363114754098361,0.3210218579234972,0.2879289617486338,0.2976284153005464,0.3185901639344262,0.3271311475409836,0.3273387978142076,0.1448524590163934,0.3130382513661202,0.3028032786885245,0.1455409836065573,0.3048579234972677,0.3014371584699453,0.3014371584699453,0.3149890710382513,0.3149890710382513,0.304207650273224
38609,18534,346355,0.0484020492904037,2.0831444912053523,0.4800435131705043,292,5,1089,5,8.970835815483436,18.687547210532,0.0388766867828744,0.0381919586970222,0.035688397351222,0.0246635931173214,0.0191084980185966,0.0113375119790721,0.0281261709273312,0.043894256088822,0.0240683951064949,0.0167365122121784,0.0201298488262667,0.0204117347423311,0.0201522960967649,0.0125232458753139,0.0023350341457518,0.0472186968496118,0.0627266526802903,0.0683910487192104,0.0653626529220302,0.0638015315945331,0.04334542032514,0.0400783064397765,0.0394875978830496,0.0460245883947611,0.0456147530368566,0.0420022101927874,0.0438495342191371,0.0414517340516459,0.0480988888601103,0.0467197630949605,0.0478826180424253,0.0466845381474094,0.0170023396962711,0.0483935524532276,0.0169526103585519,0.0546056618923048,0.0545534288205685,0.0467289146744713,0.0545675878681135,0.0474808119005067,0.0500703635594463,0.0482913310368048,0.0509392455990398,0.0509478791646161,0.0483419237310816,0.0395093544683018,0.0172122216754297,0.0142026470512056,0.0152441140666683,0.0148904832206652,0.0674973020107573,0.0682346085109689,0.068619492864358,0.068619492864358,0.0684102152347897,0.042521778169166,0.0404997971112089,0.0377055436124564,0.0373918861750714,0.0327043780811036,0.042222279779326,0.0424560767351307,0.0398041907327306,0.0359338496205547,0.0341924594438256,0.0378563720030735,0.0427923541143256,0.0384769526966941,0.0452128605592823,0.052156837352258,0.0043677208250234,0.0344088165971664,0.0332869710861888,0.0061054849042105,0.0348009531456395,0.0210897286470339,0.019469640066651,0.033650357861293,0.0258187641914233,0.0240455161577179,0.0101802688492319,0.010175520388165,0.0101802688492319,0.0094010895559756,0.0002753244062264,0.0301421948250407,0.0439134226044013,0.0437673426748512,0.0433669179034248,0.0338010999162543,0.0228259386844172,0.0252637985961821,0.0338838958101305,0.037351653759486,0.0422627712018786,0.0069603805675705,0.0490341630189851,0.0463654415637113,0.0069768706778211,0.0447479430530014,0.0637551693473887,0.0432555449074912,0.0631328619406528,0.0542929541471331,0.0627804397938304
1474,1021,15887,1.0556468835592316,1.443682664054848,0.6926729986431479,103,5,182,5,10.778154681139757,15.560235063663075,0.1241203075531433,0.1511103573043871,0.1429873360470374,0.1096630483943916,0.0907213930348258,0.0084735413839891,0.0581388511985526,0.0596607869742197,0.1584079601990049,0.1238670284938941,0.0685617367706919,0.0782745364088647,0.1086951605608322,0.0961759384893712,0.0923021257349615,0.1214563545906828,0.1530257801899592,0.1664699231117141,0.1622614201718679,0.1598982360922659,0.0830167345092717,0.0797218453188602,0.1496788783355947,0.1373383084577114,0.1431953867028493,0.1215174129353233,0.1290999547715965,0.1261374943464495,0.1203256445047489,0.1203663500678425,0.142480777928539,0.1518227046585255,0.1156173677069199,0.151813658977838,0.1158344640434192,0.1611397557666213,0.1615897783808231,0.1519380370872907,0.1613455450022613,0.1520850293984622,0.1547942107643599,0.1519493441881501,0.1561035730438715,0.1561035730438715,0.1519493441881501,0.1044369063772048,0.0706286748077792,0.0522139303482586,0.0517842605156037,0.0519877883310718,0.1274219810040705,0.159348710990502,0.16058118498417,0.16058118498417,0.1532428765264585,0.1518747173224784,0.1477521483491632,0.1474536408864766,0.1300135685210311,0.1207394843962007,0.1503120759837177,0.1471053821800089,0.1495047489823608,0.13479421076436,0.1327521483491632,0.1234871099050202,0.1600203527815467,0.1089936680235187,0.1335730438715513,0.1589348710990501,0.0561510628674807,0.1035753052917231,0.0998190863862505,0.1040117593848937,0.0722817729534147,0.1246630483943916,0.1297218453188602,0.1307033016734508,0.148012211668928,0.0510040705563093,0.0595183175033921,0.0595952057892356,0.0595183175033921,0.0412415196743554,0.0060266847580279,0.1092695612844866,0.15677973767526,0.1583152419719583,0.1363229308005426,0.1274536408864766,0.1284079601990049,0.1374197195838986,0.1411578471279963,0.1613410221619176,0.1615943012211668,0.0441474445952057,0.1628290366350067,0.1497738579828131,0.046881501582994,0.1514699231117141,0.1610176390773405,0.1409317051108095,0.1578652193577566,0.1556716417910447,0.1575961103573043
854,8870,450123,5.9422335108475535,0.0962795941375422,10.386416861826698,4085,22,730,5,527.076112412178,50.7466741826381,0.5217798594847775,0.4305386416861826,0.3853044496487119,0.3008430913348946,0.2582201405152224,0.4531147540983606,0.4842622950819672,0.5201873536299766,0.4777985948477751,0.5022950819672131,0.4944730679156908,0.4754098360655738,0.4679625292740047,0.4303981264637002,0.1543325526932084,0.4581733021077284,0.5027751756440282,0.588864168618267,0.6280679156908665,0.6321896955503513,0.0918969555035128,0.1125058548009367,0.4356440281030445,0.2718969555035128,0.2158782201405152,0.1074004683840748,0.132271662763466,0.1097892271662763,0.1716159250585479,0.1521311475409835,0.4998594847775176,0.4925644028103044,0.4925644028103044,0.4883957845433254,0.4791217798594848,0.4831850117096018,0.4850117096018735,0.3837470725995315,0.4855737704918033,0.3876814988290398,0.5609953161592506,0.5062295081967213,0.4840866510538641,0.4711007025761123,0.4610304449648712,0.4286182669789227,0.1391569086651053,0.1112412177985947,0.1125526932084308,0.1105854800936767,0.4079156908665105,0.5057142857142857,0.5346135831381733,0.5346135831381733,0.5392505854800936,0.4553629976580796,0.5075409836065574,0.4832318501170959,0.4089461358313818,0.390351288056206,0.4599999999999999,0.5075878220140515,0.4696487119437939,0.4059484777517564,0.4501639344262295,0.5426229508196722,0.5005152224824356,0.474016393442623,0.4243559718969555,0.5357377049180329,0.450023419203747,0.510023419203747,0.5124590163934426,0.550632318501171,0.4734894613583137,0.2149882903981264,0.2093208430913348,0.3120843091334894,0.2083840749414519,0.2558079625292739,0.4521779859484778,0.4525526932084309,0.4521779859484778,0.443231850117096,0.013583138173302,0.539344262295082,0.45807962529274,0.4537236533957845,0.5765339578454333,0.5598126463700235,0.5207025761124122,0.5341451990632319,0.5459484777517565,0.552224824355972,0.5552341920374706,0.2678220140515222,0.4869789227166275,0.5103981264637002,0.2679156908665105,0.5112412177985949,0.4399531615925058,0.44,0.500655737704918,0.500655737704918,0.5292740046838407
4898,13073,126702,0.1978743167782559,0.3746653407787042,2.66904859126174,554,5,183,5,25.868109432421395,9.691884035798974,0.0121049407921599,0.0091132435007485,0.0078127126718388,0.0049094868653872,0.0047461548931536,0.0077528242820198,0.0096032394174492,0.009642711310739,0.0127637130801687,0.0096039199673335,0.0096175309650196,0.0085817340411051,0.0080971825234789,0.0083646386280113,0.0029318089015924,0.0207424799237783,0.0282782087927044,0.0268361235878589,0.0221131073907717,0.0201415543759357,0.0088430651966788,0.006867428882537,0.0117789573975771,0.014778140737716,0.0153947189328977,0.0141425071457737,0.0150136109976861,0.0148951953178167,0.0182210426024227,0.0190043555192595,0.0167340411052129,0.0183095140873825,0.0140798965564175,0.0191139240506328,0.0150435551925955,0.0194671294405879,0.0203341499931944,0.0170675105485231,0.0202960391996732,0.0177603103307472,0.0192119232339729,0.0184830543078807,0.019127535048319,0.0193140057166189,0.0189961889206478,0.0095283789301755,0.0049782224037021,0.0040703688580372,0.0041030352524839,0.0046828637539131,0.0151946372669116,0.0172151898734176,0.0172403702191369,0.0172403702191369,0.0173730774465768,0.0146780999047229,0.0135075541037157,0.013803593303389,0.0110997686130393,0.0093643664080576,0.0146719749557642,0.0147128079488225,0.0163903634136381,0.0144317408466039,0.0122655505648563,0.010040152443174,0.0101776235198039,0.0114060160609772,0.0106723832856947,0.0151544848237375,0.0072485368177487,0.0082087927045051,0.0083244861848372,0.0102123315639036,0.0081516265142234,0.0049686947053218,0.004702599700558,0.0104838709677418,0.0078133932217231,0.0057431604736627,0.0091717707907989,0.0091717707907989,0.0091717707907989,0.0092425479787667,0.0006526473390498,0.0079712807948822,0.0155845923506192,0.0165850006805498,0.0141207295494759,0.0123757996461139,0.0094453518442901,0.0101211378794065,0.010497481965428,0.0114243909078534,0.0130583911800734,0.0066258336736082,0.021791887845379,0.0213052946780998,0.0072852865115012,0.021842929086702,0.0262263508915203,0.0122267592214508,0.0245998366680277,0.0162202259425615,0.0244936708860759
1429,900,10261,0.7978384262499028,1.5877777777777775,0.6298110566829951,42,5,163,5,7.1805458362491255,11.401111111111112,0.0250711453230697,0.0631653837182178,0.0598133893165383,0.0458735712619547,0.0398157219500816,0.0056799626778632,0.0614299043620246,0.061243293678563,0.0739654770235595,0.0532773501282948,0.0562327968276183,0.0552460928388149,0.0623652904128761,0.0541404245393048,0.0555353393981804,0.059862374620947,0.0846092838815021,0.0990016328434802,0.0973384651271284,0.0967249825052483,0.0409167249825052,0.0381525542337298,0.067576393748542,0.0604501982738511,0.0616095171448564,0.0611266620013995,0.0639911359925355,0.0629437835316071,0.0561231630510846,0.0558339164917191,0.0689666433403311,0.0682621880102635,0.0209913692558898,0.0707347795661301,0.0209913692558898,0.0912409610450197,0.0901422906461394,0.0698787030557499,0.0902402612549568,0.0708514112432936,0.0753557266153486,0.0705948215535338,0.0767273151387916,0.0767273151387916,0.0705948215535338,0.0191369255889899,0.0296501049685094,0.024168416141824,0.0238931653837181,0.0235549335199439,0.0542570562164683,0.0821460228598086,0.0874597620713785,0.0874597620713785,0.0844716585024492,0.074970842080709,0.0756986237462094,0.0725728947982271,0.0594984837881968,0.0523466293445299,0.0767646372754839,0.0701959412176346,0.0753557266153486,0.0617634709587123,0.0589526475390715,0.0566643340331233,0.0944833216701655,0.0476253790529507,0.0591952414275716,0.0952647539071611,0.0602729181245625,0.0382808490786097,0.0385677630044319,0.0396361091672497,0.0316095171448564,0.0512666200139957,0.0534196407744342,0.0612899463494284,0.0721133659902029,0.020415208770702,0.0601259622113365,0.060207604385351,0.0601259622113365,0.0298157219500815,0.0069255889899696,0.0446209470492185,0.0788756706321436,0.074142757172848,0.0637508747375787,0.0584021460228597,0.0651108000933053,0.0721273617914625,0.0840961045019826,0.0832050384884534,0.0824725915558665,0.0553254023792861,0.0881432236995567,0.0711943083741544,0.0529764404012129,0.0755353393981805,0.0940751108000932,0.0489573128061581,0.0944203405644972,0.0807161184977839,0.0944203405644972
19856,8510,157836,0.0934081438057894,2.3332549941245597,0.4285858178887993,147,5,520,5,7.949033037872684,18.54712103407756,0.0419856298683856,0.041514907332796,0.0387523502551705,0.0256592465753424,0.0199823730862207,0.011991505506312,0.0177454337899542,0.0340954875100724,0.0297476833199032,0.018985529143164,0.0245254163309158,0.0260092667203867,0.0245751074402363,0.0236972871340316,0.0121640813859789,0.0494431573999462,0.0689094816008594,0.0752271353746978,0.0707591324200913,0.0689663913510609,0.0461907399946279,0.0392480862207896,0.0488006983615363,0.0557673583131882,0.0561298012355626,0.0507838100993821,0.0537142425463335,0.0504588033843674,0.0581365834004834,0.0557834743486435,0.052437214611872,0.0523374966424925,0.0216866438356163,0.0532540961590114,0.0216967163577759,0.0621328565672844,0.0619235159817351,0.0497302242814933,0.0616067351598173,0.0515562046736502,0.0548198697287133,0.0530568426000536,0.057868990061778,0.0579123019070641,0.0532812919688423,0.0413656661294654,0.0144221729787805,0.0108390410958903,0.010845588235294,0.0115273301101261,0.0748813121138865,0.0752313322589309,0.0749501410153101,0.0749501410153101,0.07438742277733,0.0444272092398602,0.0466814396991673,0.041701416868117,0.0392660488853074,0.0358789954337899,0.0430588571044856,0.0469601128122481,0.0426747582594681,0.0387555398871877,0.0373438759065269,0.0441164719312382,0.0556918143969916,0.0455607037335481,0.0576363147998924,0.0668499865699704,0.0091612946548482,0.0394844547408004,0.0399217700778941,0.0439704203599247,0.0389106567284447,0.023851564598442,0.0239289551437012,0.0375570776255707,0.029618251410153,0.0237276725758796,0.0106928216492075,0.0106928216492075,0.0106928216492075,0.0098255774912704,0.0004861670695674,0.0295516048885306,0.0523190303518667,0.0547747112543647,0.0453402833736233,0.0327994896588772,0.0326836556540423,0.0374199234488315,0.0430267929089443,0.0484206285253827,0.0535082594681707,0.0096446078431372,0.0610297475154445,0.0539402027934461,0.0098536126779478,0.0536783172172978,0.0664752887456352,0.0492895514370131,0.0659298616706956,0.0612604082728981,0.0656684797206553
14681,8713,151254,0.1182451988461481,1.6849535177321244,0.5934881820039507,204,5,742,5,10.302704175464887,17.359577642603007,0.0442254160706581,0.0487900460913198,0.0477646845128623,0.032407192970506,0.0256042958018299,0.0150714074881365,0.0273101287378243,0.0365211270803532,0.0441121177031536,0.0297686351974206,0.0304983765865176,0.0367145743932065,0.0339711191335739,0.0243521104375269,0.0116592875144744,0.0548495788206979,0.07444633653475,0.0802465772086369,0.0758231728083917,0.0731866584928365,0.0488247848693322,0.0417537406625343,0.0521851372522307,0.0623860772426945,0.0610730422541606,0.0571882024385259,0.0600703857593714,0.0574259246645323,0.064697227709284,0.0617192289353585,0.0587866403287695,0.0588288717843924,0.0306000953613513,0.0594573485003292,0.0306872828826373,0.0602829053425061,0.060493835569784,0.057604840723838,0.0606863746792906,0.0585055513929568,0.0624196807665236,0.0594335081624775,0.063073360125332,0.0630272688054855,0.0594736961605703,0.0465322525713506,0.0184126876007537,0.0141659287514473,0.0144043321299638,0.0147503576050677,0.0793043162364052,0.0813003201416796,0.0816254569398088,0.0816254569398088,0.0820459550893444,0.0542656040687509,0.0547539904184546,0.0499997729491632,0.0458917421610697,0.0436518856571985,0.0536632381990327,0.0553413709329518,0.052151306677565,0.0464153213904592,0.0458915151102331,0.0445101378198578,0.0565931021955815,0.0436482528438116,0.0603955225575005,0.067388234225643,0.0143720909111549,0.0381377290375314,0.038324591876121,0.052885362032559,0.0334561678359784,0.0290302658765297,0.0276945258043275,0.0432954158436073,0.0365497354857752,0.0284328951252185,0.0147174352337487,0.0147296959789296,0.0147174352337487,0.0149358581386371,0.000493835569784,0.036030243171446,0.0602311377517425,0.0617151420202983,0.054363462979361,0.0410081057148695,0.0352044592784323,0.0424428399518651,0.0479996821288286,0.0508691506028199,0.0548643371250822,0.0121792339304769,0.0607492677610516,0.0554789637399813,0.0127114410916603,0.0571918352519128,0.0724392071384782,0.0502052539563607,0.0716567899552709,0.0622775469427604,0.0694759666689371
1761,443,10730,1.3754241318356208,3.975169300225734,0.2515616127200454,10,5,565,5,6.0931289040318,24.221218961625283,0.1350936967632026,0.1511073253833049,0.1241908006814309,0.0832481544576944,0.0625212947189096,0.025212947189097,0.1994889267461669,0.1985235661555933,0.130266893810335,0.0788188529244746,0.1921067575241339,0.1851788756388415,0.1496876774559908,0.144236229415105,0.1635434412265757,0.147984099943214,0.181487791027825,0.2067007382169222,0.2088018171493469,0.2069846678023849,0.1291879613855763,0.1252129471890971,0.0921635434412265,0.1206700738216921,0.1226575809199318,0.0521862578080635,0.0604770017035774,0.0562748438387279,0.0366269165247018,0.0365133446905167,0.1872231686541737,0.1905167518455423,0.0922203293583191,0.1882453151618398,0.0922203293583191,0.2090289608177171,0.2090289608177171,0.1876206700738216,0.2090289608177171,0.1882453151618398,0.1926746166950596,0.1882453151618398,0.1930153321976149,0.1930153321976149,0.1882453151618398,0.0444065871663826,0.0176604202157864,0.0162407722884724,0.0161839863713798,0.0164679159568426,0.1813742191936399,0.1806360022714366,0.1883588869960249,0.1883588869960249,0.1937535491198182,0.1832481544576944,0.1972174900624644,0.1942078364565587,0.1702441794434979,0.1629187961385576,0.1761499148211243,0.1943781942078364,0.1971607041453719,0.1800113571834184,0.1743895513912549,0.0321408290743894,0.2089721749006245,0.0204429301533219,0.1448040885860306,0.2091425326519022,0.197274275979557,0.0305508233957978,0.0279954571266325,0.0277683134582623,0.0127768313458261,0.1285633162975581,0.1292447473026689,0.2045428733674048,0.1691084611016467,0.0314593980692787,0.2005110732538329,0.2002271436683702,0.2005110732538329,0.052640545144804,0.0146507666098807,0.0960249858035206,0.1955139125496876,0.196365701306076,0.1323679727427597,0.1538330494037478,0.1839295854628052,0.1821124361158432,0.18381601362862,0.1885860306643951,0.1959681998864281,0.1830210107893242,0.1617830777967063,0.1586598523566155,0.1881885292447472,0.164281658148779,0.2057921635434411,0.1996592844974446,0.206076093128904,0.2055082339579784,0.2053946621237932
25587,15254,546349,0.139980339125212,1.6773960928281106,0.596162113573299,1214,5,8026,5,21.35260093015985,35.81676937196801,0.1684959810320344,0.1885830043902502,0.1712352626985057,0.1188185406651814,0.1169854483396515,0.1186323784213337,0.1663218300960122,0.1912902385325881,0.1425473873451361,0.0934348171597555,0.1475337736611039,0.1353110303409283,0.1173263766756555,0.093710608251586,0.0740719896822604,0.2048914162139627,0.2423428563984314,0.242223655241594,0.2193943539036749,0.2080359818136813,0.1742866820390562,0.1659016948710933,0.1019053946665623,0.1760954130352652,0.1805923580985135,0.1580457524003074,0.1667768788838081,0.1580316827555659,0.1835789007438673,0.1776674352861479,0.1846855825223746,0.1955272859915842,0.155257617800706,0.1966049165591901,0.1576822865778194,0.1948016101828096,0.1952707434120509,0.1887913955711973,0.1954174348840447,0.1919275808622217,0.2029989187217467,0.2013061320201664,0.2035610531389637,0.2029672620210783,0.1998499237894243,0.093876187126275,0.0440405935305688,0.0364698219147743,0.037656622503615,0.0374304659918447,0.2408727087974361,0.2402677140735529,0.2405369914409661,0.2405369914409661,0.2397631609801851,0.2301313166842536,0.2297240786336811,0.2180187855812196,0.2078324930628834,0.1879533877880694,0.2295071716105834,0.2300668308125219,0.2265673975065462,0.2156404945219577,0.1536553718685269,0.0949889918057346,0.1751201782155,0.0894295280155286,0.1840662576047732,0.2021203475723349,0.1099161032295045,0.0617011041437199,0.064626345985447,0.1601254766682388,0.0622356246010901,0.1048112974036294,0.0862375425020517,0.1446152342986672,0.1122665155482601,0.1098874428420682,0.1164665650525657,0.1164644806607521,0.1164665650525657,0.1163226117429423,0.0003843097406234,0.171752061593778,0.2378932009744531,0.2422889227602558,0.2274201743072653,0.1841764698219147,0.1435265303995518,0.1523841534112374,0.1634147548885501,0.1686166152082437,0.1733037610244785,0.0999265251885722,0.1510132749703625,0.1584099998697254,0.101102122171415,0.1576667839137061,0.2248574145725042,0.2200340016414585,0.2059668321152667,0.2046414194708249,0.1942185484816508
23421,11888,802784,0.2883264452539774,1.9701379542395692,0.5075786687161095,2389,5,2629,5,34.276247811792835,67.52893674293405,0.1006498441569531,0.1114051492250544,0.1007444885643937,0.0684205058138707,0.065610349686179,0.046318688356603,0.1214912542874627,0.1363371902708395,0.1120110157550915,0.0914834265545165,0.1020763417445881,0.0934944423096081,0.0815484678991787,0.0405023981327298,0.0159070919260492,0.1226430696098942,0.1455996755048887,0.1608572079188192,0.1619989183496292,0.1593891521853606,0.1014751718543187,0.0877511634857606,0.1343358524401178,0.106246815535915,0.1091379531189957,0.0878429614448571,0.1022841324737059,0.087088510311259,0.1065142393578411,0.0955527091072114,0.1346202126296913,0.1375067958954214,0.1204430496847557,0.1381637561732348,0.1210425117060188,0.1050356517655095,0.1074511478302947,0.1305700012809017,0.1090373311700325,0.1334137454990535,0.1433906892674665,0.1405997466660973,0.1397940594623058,0.1393107325334813,0.1385887309110057,0.1108378520700795,0.0239796194298563,0.0158991218706858,0.01618191651367,0.0170934915958612,0.1577648264378122,0.1583536142777848,0.1588826267025319,0.1588826267025319,0.1573354397051079,0.1410658525824402,0.1251291575936125,0.116421302819407,0.1164228683659962,0.1034989966269586,0.1401003373041287,0.1263342015000782,0.1232362694448001,0.1199064941718969,0.0992599234305394,0.1379968119778546,0.1368983675618746,0.1205186228882911,0.1461880363776098,0.1555864395200887,0.0324291590168367,0.0970164951681538,0.0977550061910251,0.1221917652249405,0.0813826622831361,0.0676774404736489,0.0665986365512431,0.0844189687317648,0.0703459857962227,0.0536636636636636,0.0318116220485888,0.0318218692626275,0.0318116220485888,0.0322623571438736,0.0007793575566087,0.1108799795055718,0.1422059974666609,0.1432093705079486,0.1285088880349543,0.1145873361513171,0.1151830977897328,0.1258951368430041,0.132021120646713,0.1384624909269459,0.1435966298051605,0.025980245648492,0.1010059348447973,0.1034655508589157,0.0261258414812916,0.1037698361868977,0.1397221866416178,0.1397051079515534,0.1429117743335752,0.1429117743335752,0.1421327014218009
22178,17803,240938,0.0610224626172515,1.2457450991405945,0.802732437550726,2767,5,300,5,10.863829019749302,13.533561759254058,0.1260728349415336,0.1495836715062975,0.1458837586797727,0.0997381789761625,0.0675839420446688,0.0056924279315838,0.0088916944719992,0.0350508010941773,0.168948056632699,0.1176171581447079,0.0353915291429944,0.0533842847266059,0.0491269125559863,0.0222140559713829,0.0017568461237862,0.1736418973757777,0.2099657318062945,0.2162135148946403,0.2061930742176931,0.1995053656776985,0.1659981362912195,0.1716313463792947,0.0759264436228093,0.1504502960892175,0.1482279736675984,0.1395420386569272,0.1319408122163104,0.1387786695524092,0.1551657799020049,0.1599302612198274,0.1654026512760393,0.1672549373252772,0.0762011903688339,0.1676366970270838,0.0761326539814229,0.1675257762948266,0.1672639552709892,0.1568782877927074,0.1669173655574593,0.1588837286199536,0.183676015270388,0.1751133255177803,0.1799469444193945,0.1784789731565815,0.1701157303033035,0.126785252652779,0.0900613220308413,0.0689905912766405,0.0713833528722156,0.0724043346259055,0.2222115008867646,0.2223733730122944,0.223028677067364,0.223028677067364,0.2224984218595003,0.1635933507680283,0.1702209396699431,0.1592187453031532,0.1493125319385577,0.0975653049568641,0.1686216069979258,0.1765216280397992,0.1709779962124627,0.1485730603901764,0.099667688700514,0.0578950611717316,0.0453404274506267,0.0936358854119697,0.0891348784080319,0.1388974058376168,0.0031048787086301,0.0532880933056782,0.052575074398052,0.0178320858508431,0.0747428382481137,0.0876802837646916,0.0715298944900351,0.1307814049959419,0.1183614392641355,0.1027258243905371,0.0063388643400366,0.0064796945922385,0.0063388643400366,0.0062053987434994,0.0003169807917755,0.1393495055159767,0.1895528601917816,0.1915628099918838,0.1611998376769771,0.14324796344726,0.0101193374815883,0.0179726155048546,0.0355738419454714,0.0611518922656085,0.0936657949319144,0.0060923738239095,0.1352516006853638,0.1480059819039889,0.0064031923527819,0.1492065710764421,0.2069196200438872,0.1163750864219796,0.2062240358313042,0.1799448402320617,0.2060445787116361
5541,3568,64706,0.3272891118227514,1.5529708520179373,0.6439270889731096,578,5,272,5,11.677675509835767,18.135089686098656,0.0980936052457438,0.1367250195512241,0.1379293749624014,0.1012248089995788,0.0752373217830716,0.021318053299645,0.0243114961198339,0.0338976117427659,0.1448793839860434,0.1100661733742404,0.0284918486434457,0.0796510858449136,0.0827780785658424,0.0554039583709317,0.0252800336882632,0.1419100042110328,0.1734362028514708,0.1767334416170365,0.1631245864164109,0.1568736088552005,0.1049515731215785,0.0901209168020212,0.1455014137039042,0.1492462251097876,0.1474571377007759,0.1466143295434036,0.1512639114479937,0.1476502436383324,0.1608674727786801,0.1592444203813992,0.1489959694399326,0.1494399326234735,0.0872862900800095,0.1506755699933826,0.0879648679540395,0.1476003128195873,0.1478535763700895,0.1431961739758166,0.1485459904950971,0.1473211814955182,0.1549076580641279,0.1507634001082836,0.1549816519280514,0.1549816519280514,0.1510437345846116,0.1059363532455031,0.0700733922877939,0.0487818083378451,0.0508271671780063,0.0513138422667387,0.1745322745593454,0.1840871082235456,0.1828298141129759,0.1828298141129759,0.1800204535884015,0.1296643205197616,0.1470306202249894,0.1379041087649641,0.1169578295133248,0.1098670516753894,0.1306743668411237,0.1413800156409793,0.1369572279371954,0.1200306803826023,0.1195018949648077,0.1383474703723755,0.1294868555615712,0.1450700836190819,0.1573626902484509,0.1590657522709498,0.0209246225109786,0.1068567647235757,0.1070450580520964,0.1167797629790049,0.1097864404740419,0.101597184623714,0.1033459664320519,0.1050207543764663,0.1294820429525355,0.0719292546471755,0.0228971906394753,0.0226306924141249,0.0228971906394753,0.0220628045479155,0.0014443842868314,0.1076376105396137,0.1588479817120856,0.1610864464898032,0.1437472177104012,0.1230860855441255,0.0674138242194549,0.0922565120616013,0.1181284966612524,0.1354647175600071,0.1517481802322083,0.0160957709198098,0.1564675449678156,0.1597389159598146,0.0146826685917102,0.1614840883113757,0.1574162305239727,0.1346309330445767,0.1527227335619322,0.1473326114419779,0.1518859411658545
43536,8655,714773,0.1896935404733409,5.030155979202773,0.1988009922822491,419,5,3790,5,16.41797592796766,82.58497978047372,0.0902048113438686,0.0952638429498958,0.0821485667034178,0.0574676130099227,0.0580013475437951,0.0620269815018987,0.1013356762219771,0.0854474457919881,0.0442730920004899,0.045068525664584,0.0806531759157172,0.0746687798603454,0.0700779431581525,0.0181431459022418,0.0167648995467352,0.0936608017885581,0.1064901078035035,0.1188365184368491,0.1182714688227366,0.115297072154845,0.0861343103025847,0.0755606854097757,0.0931632059291926,0.0926582598309444,0.0930894738453999,0.0807373208379271,0.0907693250030625,0.0801334527747151,0.0920635030013475,0.0857240750949405,0.10606861754257,0.1083074543672669,0.0909811803258605,0.108627802278574,0.0913891185838539,0.0983342521131936,0.098577269386255,0.1063091081710155,0.0987446404508145,0.1080959053044223,0.1099526828371921,0.1089535863040548,0.1091504348891338,0.1091042662011515,0.1088702070317284,0.0774905825064314,0.028070485728286,0.0194943648168565,0.019731716280779,0.020189038956266,0.1178832077667523,0.1174855292171995,0.1178854281514148,0.1178854281514148,0.1188355996569888,0.0991089366654415,0.0959398352321449,0.0910774225162317,0.0908576044346441,0.0846560700722773,0.099715637633223,0.097526032096043,0.0940564896484135,0.0889937063579565,0.0878942331250765,0.0882708563028298,0.1168145902241822,0.0790451580301359,0.1126900343011147,0.1143873269631262,0.0260637939483032,0.0725065845889991,0.0719947476417982,0.0934549185348523,0.063992940708073,0.0584458073012372,0.0554208011760381,0.0840043488913389,0.059874433419086,0.0490254808281268,0.0247665533504838,0.0247787271836334,0.0247665533504838,0.0246133468087712,0.0007136622565232,0.0747294193311282,0.1098063671444321,0.1108148046061496,0.0922297255910816,0.0830782187921106,0.0803565631508023,0.0889235728286168,0.0980521101310792,0.0998472528482175,0.1020876975376699,0.0203187400465514,0.080093256155825,0.0760673925027562,0.0200642380252357,0.0759863101800808,0.1049862948670831,0.1049610284209236,0.1053871125811588,0.1053871125811588,0.1029774592674261
26039,15483,709356,0.1759482011686537,1.6817800167926114,0.5946080878681977,1009,5,5427,5,27.242059986942664,45.81515210230575,0.0423688825735754,0.0350469168042807,0.0302160861272193,0.0211421329544144,0.0232699668446048,0.037720726602404,0.0529908982679826,0.0602896936646312,0.0439131047019214,0.0353194567123672,0.037280489522127,0.0337369586645672,0.0321177208546154,0.0327387124441542,0.0311478935442989,0.0681751731377292,0.0905354788330324,0.1015424299448262,0.0957495807570694,0.0900419882996018,0.0388677240549431,0.0299541713071418,0.0552518657910569,0.0445664836079214,0.0460465711688876,0.0362877478653813,0.0434317754138023,0.0360502835490353,0.0497480702023886,0.0440229399490507,0.0944213167428344,0.0873899407299307,0.0762830113803652,0.0851344777705236,0.0733351255168528,0.0516644264372671,0.0520420651074669,0.0815252761882816,0.0524491467926315,0.0814534608343894,0.0896795831893185,0.0861023848842121,0.0873332309228464,0.0873722749209518,0.086407824161194,0.0320393768321875,0.0078393947540227,0.0049132711189625,0.0049496268417885,0.0048703867276008,0.0837538563948948,0.0857692947757849,0.0860893275471407,0.0860893275471407,0.0823361112177886,0.0580042756378252,0.0527830049797098,0.0488390491186297,0.0483739774952954,0.0448257101527195,0.0578242892072147,0.0538000691270785,0.0510261530780751,0.0489095843414365,0.0461078894478794,0.0554813932946733,0.0731151989963771,0.0599094947322605,0.0816874687968047,0.0893783683449184,0.0379855857239781,0.0457293546859197,0.0474229681119346,0.0677381363851658,0.0462585608766337,0.0178429791210619,0.0072219875315231,0.0165783376217724,0.0144483275087368,0.0180585531958471,0.038058041143413,0.038058041143413,0.038058041143413,0.038144193965462,0.0004393409885171,0.0453544042909993,0.0659330235416106,0.0672509184940537,0.0584688352087253,0.049655388711804,0.0557704468937618,0.059011226749619,0.0660350499891188,0.0715613758848905,0.078163779971069,0.0313902223587694,0.044309817325294,0.044952571143285,0.032228580206613,0.0450233623923089,0.0754931705006592,0.0753303378265933,0.0733343574382016,0.0732959535056389,0.0704780009472969
32987,7604,459769,0.1832967467282274,4.3381115202524985,0.2305150513838785,396,5,3309,5,13.937884621214415,60.4640978432404,0.1103989450389546,0.1133466719212618,0.1005948808116328,0.0675144753993997,0.0625684865755196,0.0323803316457998,0.1202667717585715,0.1118033366679802,0.0494618081870635,0.042215519244955,0.0885277028324288,0.0825279655621911,0.0787013065753175,0.0380561029092268,0.0083386384535321,0.1071932377401198,0.123874152443892,0.1379970897626337,0.1353566556522266,0.1308914622932266,0.106973656288841,0.0953450349127433,0.1085119390466951,0.1122522003617586,0.114575843008862,0.1013798365012479,0.1121412475621708,0.1025100797283778,0.1146540556380795,0.1076468507795999,0.1176985883327775,0.1219916936975172,0.0950856397974959,0.1223148513050595,0.0955634037651195,0.1122129929972413,0.1126625640403795,0.1192889117935347,0.1130955628985155,0.1210652681359323,0.1230375602510079,0.1227399682703286,0.123310496054001,0.1233117086529036,0.1224324733986115,0.0932766443346368,0.0336032376390699,0.0269547599559422,0.0272975212457432,0.0268416851082749,0.1386512868705853,0.1388941098008306,0.1385401319711805,0.1385401319711805,0.1400491102555551,0.116208203231576,0.1121733814330897,0.1044789361465627,0.1047931003122441,0.0957535796930103,0.1166616141712391,0.1137546104020775,0.107935954567961,0.1034264002991076,0.1012863653358393,0.1038247390386111,0.1319998787401097,0.1001950263235011,0.1299078424834025,0.1351509180384191,0.0267117349258798,0.0858157253867684,0.0855241964006022,0.106941320318105,0.0808855003486221,0.061701478360162,0.0644338678873495,0.1039503440749385,0.0715892119117631,0.0654420428249512,0.0315053404876668,0.0315004900920564,0.0315053404876668,0.0320652580309414,0.0008259819524862,0.081728862885379,0.125904043006841,0.1284548458483644,0.1059745758430088,0.092150645203666,0.0750772526550863,0.0875103323531491,0.1021909641171774,0.1112896999828214,0.1184253392750679,0.0214328877032365,0.1062630733319186,0.1011172077889269,0.0218620466648477,0.1015506108466971,0.1235978819939167,0.1234963268358241,0.1223741676013782,0.1223681046068652,0.1173860409656328
6040,3416,999611,4.84480415496999,1.7681498829039812,0.5655629139072847,2277,18,3428,5,165.49850993377484,292.6261709601874,0.3864128035320088,0.32630353200883,0.2937334437086092,0.2326131346578366,0.2190689845474613,0.2905529801324503,0.3792996688741721,0.3946324503311258,0.3916065121412803,0.3725154525386313,0.3697323399558499,0.3619646799116998,0.3349994481236203,0.1760629139072847,0.0780165562913907,0.2806948123620308,0.3405270419426048,0.4078973509933775,0.440432119205298,0.4440215231788079,0.1783824503311257,0.169344370860927,0.3882549668874172,0.1829083885209712,0.1914012141280353,0.0969895143487858,0.1448907284768211,0.0975397350993376,0.1534718543046357,0.1133703090507725,0.2733603752759381,0.3006285871964679,0.3006285871964679,0.3177345474613686,0.3271716335540838,0.2643394039735099,0.2653576158940397,0.3034966887417218,0.2655480132450331,0.3159403973509934,0.3821705298013245,0.3586771523178808,0.3449729580573951,0.3355921633554083,0.3323438189845474,0.3280866445916114,0.1228774834437085,0.0969254966887417,0.1008774834437085,0.09891059602649,0.3761169977924945,0.3823791390728477,0.3830855408388521,0.3830855408388521,0.3750441501103753,0.3663692052980132,0.3714045253863134,0.3538211920529801,0.3010662251655628,0.3045794701986755,0.3692864238410595,0.3543112582781457,0.3321887417218542,0.302983995584989,0.302355408388521,0.4191407284768211,0.3881661147902869,0.3837102649006623,0.3754277041942604,0.3999701986754966,0.2109420529801324,0.3480369757174393,0.3481015452538631,0.3631324503311258,0.297333885209713,0.1810485651214127,0.2715369757174392,0.2595756070640176,0.2223686534216335,0.1692958057395143,0.2086523178807947,0.2086258278145694,0.2086523178807947,0.2070496688741721,0.0107599337748343,0.398894591611479,0.4139812362030904,0.412514348785872,0.4262610375275938,0.413878587196468,0.3263145695364238,0.3543774834437086,0.3765877483443708,0.37871412803532,0.3708300220750552,0.1469685430463576,0.3787097130242826,0.3883024282560706,0.14591059602649,0.3887577262693157,0.3453818984547461,0.3453752759381898,0.37855353200883,0.37855353200883,0.3896020971302428
7025,9432,118668,0.1790950168880678,0.74480491942324,1.342633451957295,2499,5,380,5,16.892241992882564,12.58142493638677,0.0339069988137603,0.0400275207591933,0.0381850533807828,0.0262348754448398,0.0195981020166072,0.0126642941874258,0.0129134045077105,0.0138505338078291,0.041164887307236,0.0311392645314352,0.0157945432977461,0.0200702253855278,0.0202320284697508,0.013594306049822,0.0050671411625147,0.049794543297746,0.0725641755634637,0.0747212336892051,0.0692498220640568,0.0664218268090153,0.0296427046263344,0.0241807829181494,0.0450581257413997,0.0421774614472123,0.0438277580071173,0.040644365361803,0.0420934756820877,0.0412612099644127,0.0493546856465005,0.0481822064056939,0.0483568208778172,0.0439259786476867,0.025520759193357,0.0449959667852905,0.0254809015421114,0.0571653618030841,0.0555881376037959,0.0419283511269275,0.0542861209964412,0.0419805456702253,0.0579046263345195,0.0527406880189797,0.0551065243179121,0.0500816132858836,0.0445665480427045,0.0383862396204032,0.0195601423487544,0.0155240806642941,0.0155383155397389,0.0154476868327401,0.0679183867141162,0.073503202846975,0.0738704626334519,0.0738704626334519,0.0742476868327401,0.043767971530249,0.0404555160142348,0.0378785290628706,0.0312958481613285,0.0260967971530248,0.0429271648873072,0.0410410438908659,0.038420877817319,0.0329153024911031,0.0289603795966785,0.0489627520759193,0.0467079478054566,0.0520398576512455,0.0542125741399762,0.0602794780545669,0.012379596678529,0.0411084223013048,0.0421347568208777,0.0455212336892051,0.0437129300118623,0.0236474495848161,0.0216830367734281,0.0322064056939501,0.0326291814946618,0.0240958481613285,0.0126661921708184,0.0126548042704625,0.0126661921708184,0.0128132858837484,0.0005537366548042,0.0262196915776986,0.0491615658362988,0.0520075919335705,0.0455416370106761,0.0367217081850533,0.0231601423487544,0.0293233689205218,0.0410685646500592,0.0480047449584815,0.0539008303677342,0.0102742586002372,0.0635824436536179,0.0624322657176749,0.0104161328588374,0.0633727164887306,0.0661219454329774,0.0494937129300118,0.0640892052194542,0.0586419928825622,0.0637817319098457
936,2028,20050,1.0562593772652944,0.4615384615384615,2.1666666666666665,440,5,87,5,21.42094017094017,9.886587771203155,0.0422257834757834,0.0618518518518518,0.0594551282051281,0.0505128205128204,0.0369052706552706,0.0029665242165241,0.0305021367521367,0.0348967236467235,0.0474857549857549,0.0651246438746438,0.0336930199430198,0.0347435897435896,0.0385149572649572,0.0287428774928774,0.0196794871794871,0.0736858974358973,0.0816239316239315,0.0820762108262107,0.0766488603988603,0.0725819088319087,0.0146331908831908,0.0140135327635327,0.0353347578347578,0.0468055555555555,0.0518376068376067,0.0661396011396011,0.0660363247863247,0.0658190883190883,0.0695904558404558,0.0709650997150996,0.0580235042735042,0.0666987179487179,0.0533333333333333,0.0690491452991452,0.0549145299145298,0.0667436538738024,0.0698717948717948,0.0661609686609686,0.0706517094017093,0.0687998575498575,0.0688034188034187,0.0692129629629629,0.0700071225071224,0.0700071225071224,0.0692129629629629,0.0394123931623931,0.0489992877492877,0.035648148148148,0.0355056980056979,0.0342094017094016,0.040366809116809,0.071812678062678,0.0764102564102563,0.0764102564102563,0.0796296296296295,0.0415491452991452,0.0631730769230768,0.0686680911680911,0.0670619658119657,0.0636467236467236,0.043582621082621,0.0656873219373218,0.0673076923076922,0.0735434472934472,0.0669266381766381,0.0624465811965811,0.0683974358974358,0.0665562678062677,0.0659722222222221,0.0704772079772079,0.0108119658119657,0.0568981481481481,0.0574715099715099,0.0624465811965811,0.0593803418803418,0.047122507122507,0.0533333333333332,0.0467913105413104,0.0663283475783475,0.020900997150997,0.0268910256410256,0.0269337606837606,0.0268910256410256,0.0240990028490028,0.0030662393162392,0.0603311965811965,0.0637642450142449,0.0644337606837606,0.0772827635327634,0.0689209401709401,0.0389565527065526,0.043119658119658,0.0545085470085469,0.0682443019943019,0.0757905982905982,0.0172115384615384,0.0726210826210825,0.07505698005698,0.0185434472934472,0.077051282051282,0.0776994301994301,0.0310007122507121,0.0755484330484329,0.0505163817663817,0.0755484330484329
4911,3166,42380,0.2725712888402831,1.551168667087808,0.6446752188963552,359,5,152,5,8.629607004683363,13.385975994946303,0.0135240616303536,0.0113188081178306,0.0095669585284734,0.0091386682956627,0.0068431412475395,0.0048116473223375,0.0197889092513404,0.0200156112129233,0.0175897644743093,0.0096965994705762,0.0182732641009977,0.0170800244349419,0.0126199687775741,0.0171994841512251,0.0172537840222628,0.0115970949568994,0.0154591732844634,0.0195601710445937,0.0208850878979162,0.0209943663883797,0.0126613724292404,0.0124292404805538,0.0176013031969048,0.0144743093735151,0.0158447023688318,0.01593904839476,0.0170406570284394,0.0156268241362926,0.0153281748455846,0.0144885630896625,0.0055039706780696,0.0058351998914002,0.0027638634358243,0.0058107649494332,0.0027882983777913,0.012770650919704,0.0132430597977329,0.0051673114776352,0.0139028032308422,0.0056750152718386,0.0063646236340188,0.0057985474784497,0.0064277472341002,0.0064277472341002,0.0057985474784497,0.0110907486594718,0.0037568723274281,0.0035899002239869,0.003462295527048,0.003760266069368,0.01450281680581,0.0168207425507363,0.0185257585013235,0.0185257585013235,0.01747234100319,0.0134670467657638,0.0169300210411999,0.014329735966877,0.0116038824407791,0.0102891468132762,0.0135851489852711,0.0151584877485915,0.0151136903549853,0.0118428018733455,0.0128534582230366,0.0145829091155908,0.0236387701079209,0.0121584198737527,0.016657164189235,0.0230808389330074,0.0060042082400053,0.0102538518971017,0.0098628928256295,0.0114403040792777,0.0077961039842529,0.0074567297902667,0.0075164596484082,0.0193232878571912,0.0092818842055249,0.0057347451299802,0.0198927577547002,0.0198113079481435,0.0198927577547002,0.0195554198058779,0.0020294576800379,0.0078904500101811,0.0162641688725988,0.0169503834928391,0.010590511097536,0.0116575035634289,0.02073983574289,0.0199104052127875,0.0166748116473222,0.0158542048462634,0.0143338084572048,0.0142177424828615,0.0197848367610126,0.0155983167039977,0.0174696260096381,0.0149792981741668,0.0230570827394284,0.0037935247403787,0.0230570827394284,0.0150315618000406,0.0230570827394284
2287,7055,128530,0.7966018760088839,0.3241672572643515,3.084827284652383,348,5,1274,5,56.20026235242676,18.218284904323173,0.1532079871738813,0.1529266870718553,0.1276548608074624,0.0872336394111645,0.0804605742603118,0.13967934703396,0.1401326337268619,0.1435286401399212,0.1457732109022008,0.1236350386241072,0.1430768109605013,0.134642180440169,0.1308453578195597,0.1304868095029878,0.0662192100276927,0.1454889957732108,0.1723728319486955,0.1967934703396005,0.1808832531700918,0.1690744789389301,0.1310975076519457,0.1279245008016323,0.1818116892581255,0.0891473546130301,0.0988543944031481,0.0717388135840255,0.0834645095467132,0.0713190497012097,0.1103104503716658,0.1032692027401253,0.1571301559539425,0.1652878589126949,0.1653024340475149,0.1677364815624544,0.1676810960501384,0.1521921002769275,0.1524253024340474,0.1681547879317883,0.1519399504445416,0.1675601224311324,0.1780454744206383,0.1765252878589126,0.174809794490599,0.1741582859641451,0.1736044308409852,0.1233260457659232,0.0300947383763299,0.024688820871593,0.0248491473546129,0.0253592770733128,0.1693324588252441,0.1818772773648156,0.1793353738522081,0.1793353738522081,0.1751202448622649,0.1576125929164844,0.1532954379828013,0.1456580673371228,0.1183792450080162,0.1075047369188164,0.1583471797114123,0.1639848418597871,0.154420638390905,0.1302929602098819,0.1249249380556769,0.1536612738667832,0.1831219938784433,0.1221629500072875,0.189495700335228,0.1890190934266142,0.139835300976534,0.0915872321818976,0.0938274304037311,0.124580964873925,0.0808264101442937,0.0570470776854685,0.0338565806733712,0.1440285672642471,0.0810115143565077,0.0886270222999562,0.139495700335228,0.139478210173444,0.139495700335228,0.1393980469319341,0.0015303891560996,0.1265588106689986,0.1866054511004226,0.189931496866346,0.1674799591896224,0.1560078705728027,0.1566506340183646,0.1631278239323713,0.1677379390759364,0.1649409707039789,0.159879026380994,0.1229150269639993,0.1603498032356799,0.1621512898994315,0.1224879755137734,0.1609284360880337,0.169683719574406,0.169683719574406,0.1633668561434193,0.1633668561434193,0.1570514502259145
9983,7814,545591,0.6994114207103189,1.277578704888661,0.7827306420915556,663,5,3846,5,54.65200841430432,69.82224212951114,0.1342465524725366,0.1070663461217402,0.0838575578483421,0.0526154462586396,0.0538498781261477,0.1017286052956692,0.1344048215299342,0.1489762596413903,0.1184623860562956,0.1006844969781962,0.1197642659187284,0.1089685799191959,0.1055878326488363,0.0904377441650806,0.0433139670773648,0.0937620621723596,0.1339754248889778,0.1643620822064175,0.1642635814217503,0.1581976025910714,0.1092841163310961,0.101298540852783,0.1360282480216367,0.0727416608233997,0.0795372132625462,0.0451140271795385,0.0615336071321245,0.0438805970149253,0.0719543223479915,0.0593595779491802,0.1354526027580219,0.1411365988847707,0.1409562923636849,0.1416374503322314,0.1415412868543189,0.1182550335570469,0.118279074426525,0.1405255601188687,0.1181752312264182,0.1411436108050351,0.1529223012454506,0.1484386790877825,0.146840295168453,0.1460820060769975,0.145463621489866,0.0853711309225683,0.0201325586830945,0.0112197402250492,0.0116394537380212,0.0120898861397709,0.1480700524224514,0.1483999465758456,0.1488116464656582,0.1488116464656582,0.1473408127149487,0.1493458880096163,0.1242599085111355,0.1145911382683895,0.1044502320611705,0.1005098667735149,0.1492777722127616,0.1277668703462552,0.1218648368893785,0.1121222745333733,0.1071084176433269,0.1018608300777988,0.1587669037363517,0.0877174530034391,0.1622171024074259,0.1648512471201041,0.1003195432234798,0.0758092089886139,0.0772519950582656,0.0952308925172793,0.0700851447460682,0.0363838525493338,0.0213392767705098,0.0520361280844101,0.02999866439614,0.0391695883001101,0.1011098868075728,0.1011098868075728,0.1011098868075728,0.1004627867374536,0.0015539750909879,0.1144903001769674,0.147973555043574,0.1515459614678286,0.1333503622825469,0.1190460449430698,0.1291699222010751,0.1357688069718521,0.1400487495408861,0.1362252495909712,0.1321626765501352,0.082482887575545,0.1163841864502987,0.12471334602157,0.0816337774216167,0.1238615646599217,0.1404521019065744,0.1404521019065744,0.141031086179839,0.141031086179839,0.1375525059267421
4905,2420,53258,0.4486735579312726,2.0268595041322315,0.4933741080530071,94,5,311,5,10.8579001019368,22.007438016528926,0.0352069317023444,0.0401549439347604,0.0365681277607882,0.026277947672443,0.0198144750254841,0.0168990825688073,0.0173476044852191,0.0205395854570165,0.0431056744818212,0.0310662589194698,0.0228963642541623,0.0300625212368331,0.0280339789330614,0.0265504587155962,0.0207597689432551,0.0514407067618076,0.0661590214067277,0.0700278627251103,0.0664661909616037,0.063681277607883,0.0305389058783553,0.0274930343187223,0.0452123683316343,0.0448148148148147,0.0477302072714916,0.04603873598369,0.0463377505946312,0.0453734284743458,0.0506612300373767,0.0502629969418959,0.0661386340468908,0.0589915052667345,0.0287135575942914,0.0659007815154603,0.0288603465851171,0.0550981991165476,0.0547679238871898,0.0645429833503227,0.054576282704723,0.065161399932042,0.0669833503227998,0.0657621474685694,0.0670349983010532,0.0670349983010532,0.0657621474685694,0.0347842337750594,0.0190200475705062,0.0160496092422697,0.0148141352361535,0.0152538226299694,0.0589126741420319,0.0690540265035677,0.0697016649677199,0.0697016649677199,0.0679388379204892,0.0463805640502887,0.0458233095480801,0.0437485558953448,0.0380095141012571,0.0342181447502547,0.0427237512742099,0.0444967720013591,0.0431104315324498,0.0362861026163778,0.0361114509004416,0.0409758749575262,0.0506673462453278,0.0441175671083927,0.0550574243968739,0.0601739721372748,0.0172945973496431,0.0396099218484539,0.0384960924226978,0.0389976214746856,0.0390220863064899,0.0269357798165137,0.0274250764525993,0.0444831804281345,0.0369018008834522,0.0188379204892966,0.0163363914373088,0.0163669724770641,0.0163363914373088,0.0165341488277267,0.0020713557594291,0.0299259259259258,0.0525117227319061,0.0534916751613998,0.0452810057764185,0.0365769622833842,0.0276445803601766,0.0302650356778796,0.0364023105674481,0.0463098878695208,0.0523411484879374,0.0141794087665646,0.0640998980632007,0.0590479102956166,0.0150730547060821,0.0606931702344545,0.0633747876316683,0.0403615358477743,0.0620570846075432,0.0514475025484199,0.0615487597689432
