num_users,num_items,num_interactions,density,user_item_ratio,item_user_ratio,highest_num_rating_by_single_user,lowest_num_rating_by_single_user,highest_num_rating_on_single_item,lowest_num_rating_on_single_item,mean_num_ratings_by_user,mean_num_ratings_on_item,BPR_0,BPR_1,BPR_2,BPR_3,BPR_4,CDAE_0,CDAE_1,CDAE_2,CDAE_3,CDAE_4,DMF_0,DMF_1,DMF_2,DMF_3,DMF_4,EASE_0,EASE_1,EASE_2,EASE_3,EASE_4,ENMF_0,ENMF_1,ENMF_2,ENMF_3,ENMF_4,ImplicitMF_0,ImplicitMF_1,ImplicitMF_2,ImplicitMF_3,ImplicitMF_4,ItemItem_0,ItemItem_1,ItemItem_2,ItemItem_3,ItemItem_4,ItemKNNRP_0,ItemKNNRP_1,ItemKNNRP_2,ItemKNNRP_3,ItemKNNRP_4,ItemKNN_0,ItemKNN_1,ItemKNN_2,ItemKNN_3,ItemKNN_4,LINE_0,LINE_1,LINE_2,LINE_3,LINE_4,MacridVAE_0,MacridVAE_1,MacridVAE_2,MacridVAE_3,MacridVAE_4,MultiDAE_0,MultiDAE_1,MultiDAE_2,MultiDAE_3,MultiDAE_4,MultiVAE_0,MultiVAE_1,MultiVAE_2,MultiVAE_3,MultiVAE_4,NCEPLRec_0,NCEPLRec_1,NCEPLRec_2,NCEPLRec_3,NCEPLRec_4,NMF_0,NMF_1,NMF_2,NMF_3,NMF_4,NeuMF_0,NeuMF_1,NeuMF_2,NeuMF_3,NeuMF_4,PopScore_0,PopScore_1,PopScore_2,Pop_0,Random_0,RecVAE_0,RecVAE_1,RecVAE_2,RecVAE_3,RecVAE_4,SVD_0,SVD_1,SVD_2,SVD_3,SVD_4,SimpleX_0,SimpleX_1,SimpleX_2,SimpleX_3,SimpleX_4,UserUser_0,UserUser_1,UserUser_2,UserUser_3,UserUser_4
22363,12101,198502,0.0733522706417427,1.8480290885050823,0.5411170236551447,204,5,431,5,8.876358270357287,16.403768283612923,0.1450789250100612,0.145597638957206,0.1401690292000178,0.1039484863390421,0.0869382462102579,0.0464875016768769,0.0843446764745337,0.1237490497697088,0.1201627688592764,0.0932701337029915,0.1082860081384429,0.1239726333676161,0.1184635335151813,0.0916961051737244,0.0424719402584626,0.1508473818360684,0.1879622590886732,0.2118409873451683,0.2069400348790412,0.2031391137146178,0.1700397978804274,0.1532620846934668,0.1527165407145731,0.1916916335017662,0.1913249564011983,0.1840719044850869,0.1897777579036801,0.1839466976702589,0.1982649912802396,0.1941331663909135,0.1595939721862003,0.1600947994455126,0.0834861154585699,0.1612306041228815,0.083459285426821,0.1738154759547288,0.1760066348077736,0.1555798061406025,0.1767936682692817,0.158468531821397,0.164664848186737,0.1609980771810579,0.1669096275097258,0.1669632875732236,0.1612574341546304,0.1400706524169386,0.0744086213835352,0.0649376201761838,0.0652238071815051,0.066762062335107,0.2215624021821758,0.2259714707329069,0.2264901846800518,0.2264901846800518,0.2266422215266287,0.1600053660063497,0.1582524705987568,0.1497562938782811,0.1440772704914367,0.1369762554219022,0.1580914904082636,0.1624647855833295,0.1540043822385189,0.1429504091579841,0.1390063944909001,0.1436748200152036,0.1646737915306532,0.1441577605866833,0.1668738541340607,0.1854044627286142,0.0195859231766757,0.1314287929521361,0.132618357694612,0.1040069444797505,0.13253785359914,0.1046997272280104,0.0968653579573402,0.138541340607253,0.1151366095783213,0.1041541832491168,0.0503063095291328,0.0501811027143048,0.0503063095291328,0.0490631847247685,0.0027724366140499,0.1140365782766175,0.1648168850333139,0.169163350176631,0.159951705942852,0.1237043330501274,0.107704690783884,0.1198676385100389,0.1337387649242051,0.1463846532218396,0.1550507534767248,0.0392791664803469,0.1902517551312435,0.1812279211197066,0.0401287841523945,0.1801726065375843,0.2060635871752448,0.1242856504046862,0.2036131109421812,0.1632696865357956,0.2033269239368599
1819,14868,984499,3.640240086741704,0.1223432875975248,8.173721825178669,7025,15,1541,5,541.2308960967565,66.21596717783159,0.9614073666849916,0.9608576140736668,0.9570093457943928,0.9224848818031886,0.8962067069818582,0.9418361737218252,0.9578889499725124,0.9622869708631115,0.9677844969763608,0.966355140186916,0.9672347443650358,0.9626168224299064,0.9575590984057174,0.9390874106652006,0.4771852666300164,0.959978009895547,0.97130291368884,0.9796591533809784,0.9811984606926882,0.9810885101704232,0.9463441451346892,0.9459043430456296,0.949532710280374,0.9224848818031886,0.918856514568444,0.7641561297416163,0.8721275426058274,0.765695437053326,0.8959868059373282,0.823199560197911,0.9574491478834524,0.9556899395272128,0.9556899395272128,0.9550302363936228,0.9550302363936228,0.9473336998350742,0.9483232545354592,0.9340296866410116,0.9494227597581087,0.9409565695437052,0.9692138537658056,0.9620670698185816,0.9607476635514018,0.9588785046728971,0.958768554150632,0.9168774051676746,0.6211105002748762,0.5349092908191314,0.5448048378229796,0.5455744914788345,0.966135239142386,0.976690489279824,0.9791094007696536,0.9791094007696536,0.9796591533809784,0.9478834524463992,0.9671247938427708,0.9719626168224298,0.97108301264431,0.9687740516767456,0.9530511269928532,0.9689939527212754,0.9714128642111052,0.97020340846619,0.9672347443650358,0.9754810335349092,0.931720725673447,0.9774601429356788,0.9224848818031886,0.926663001649258,0.9380978559648158,0.9732820230896098,0.9721825178669598,0.9738317757009344,0.9736118746564044,0.8719076415612974,0.8841121495327103,0.9179769103903244,0.8911489829576691,0.8392523364485982,0.9454645409565696,0.9453545904343044,0.9454645409565696,0.9443650357339198,0.1330401319406266,0.9746014293567894,0.9575590984057174,0.9577789994502476,0.9786695986805938,0.9755909840571744,0.9578889499725124,0.9625068719076416,0.966135239142386,0.9709730621220448,0.9725123694337549,0.8753161077515118,0.9463441451346892,0.948433205057724,0.8755360087960419,0.948433205057724,0.9695437053326004,0.9695437053326004,0.97020340846619,0.97020340846619,0.9696536558548654
9930,24780,206241,0.0838155222148258,0.400726392251816,2.495468277945619,1747,5,218,5,20.76948640483384,8.322881355932203,0.0736354481369586,0.064894259818731,0.0601007049345417,0.0398791540785498,0.0337361530715004,0.0345417925478348,0.0384692849949647,0.0402819738167169,0.0713595166163141,0.0496878147029204,0.0595770392749244,0.0581470292044309,0.0602215508559919,0.0438469284994964,0.0072708962739173,0.0771198388721046,0.104894259818731,0.1155287009063443,0.1085800604229607,0.1036858006042295,0.0673917421953675,0.0585699899295065,0.066183282980866,0.0945417925478347,0.0934138972809667,0.0928298086606243,0.0970594159113796,0.0920443101711983,0.1031621349446122,0.0991339375629405,0.0497079556898287,0.0574420946626384,0.0451359516616313,0.0578247734138972,0.0464048338368579,0.0703524672708962,0.0724672708962739,0.0549043303121852,0.0756092648539777,0.05472306143001,0.0734541792547834,0.0661228600201409,0.0607854984894259,0.0585095669687814,0.0573816717019133,0.0709768378650553,0.0360523665659617,0.0309768378650553,0.0321248741188317,0.0327492447129908,0.0884793554884188,0.0911178247734138,0.0918630412890231,0.0918630412890231,0.0918227593152064,0.0844511581067471,0.080342396777442,0.077703927492447,0.0641289023162134,0.0513796576032225,0.0853172205438066,0.0867270896273917,0.0851963746223564,0.0746223564954682,0.0494058408862033,0.0511379657603222,0.0505538771399798,0.0626183282980865,0.0605639476334339,0.0767774420946626,0.0128096676737159,0.0447734138972809,0.0446525679758307,0.0309768378650553,0.0530916414904329,0.0434843907351459,0.0403826787512587,0.0648338368580059,0.0538368580060422,0.0448741188318227,0.0380664652567975,0.0380060422960724,0.0380664652567975,0.038207452165156,0.0033836858006041,0.0541591137965759,0.0805438066465256,0.083262839879154,0.0665458207452164,0.0661228600201409,0.0247532729103725,0.0266062437059415,0.0388519637462235,0.0550453172205437,0.0651359516616314,0.02944612286002,0.1053776435045316,0.1001611278952668,0.0298489425981872,0.1010070493454179,0.1164149043303121,0.0334138972809667,0.11607250755287,0.0680161127895266,0.11607250755287
576,550,13116,4.140151515151516,1.0472727272727274,0.9548611111111112,146,5,352,5,22.77083333333333,23.847272727272728,0.7052083333333333,0.8131944444444444,0.8003472222222221,0.7413194444444444,0.684375,0.4934027777777778,0.7704861111111111,0.8,0.8013888888888889,0.720486111111111,0.7375,0.7888888888888889,0.7982638888888889,0.788888888888889,0.7836805555555555,0.7274305555555556,0.7822916666666667,0.8180555555555555,0.820138888888889,0.814236111111111,0.2774305555555555,0.29375,0.728125,0.8052083333333334,0.8114583333333334,0.5600694444444445,0.5871527777777777,0.5819444444444445,0.496875,0.4982638888888889,0.7597222222222222,0.7756944444444445,0.720486111111111,0.7802083333333334,0.725,0.8,0.7996527777777778,0.7840277777777778,0.8006944444444445,0.7802083333333334,0.7788194444444445,0.7802083333333334,0.7833333333333333,0.7833333333333333,0.7802083333333334,0.4267361111111111,0.4302083333333333,0.4076388888888889,0.4097222222222222,0.4190972222222222,0.7770833333333333,0.814236111111111,0.8138888888888889,0.8138888888888889,0.8121527777777778,0.8149305555555555,0.8173611111111111,0.8170138888888889,0.8024305555555555,0.8079861111111111,0.8114583333333334,0.8159722222222221,0.8152777777777779,0.8118055555555556,0.8104166666666666,0.5572916666666667,0.7944444444444445,0.4760416666666667,0.6934027777777778,0.7909722222222222,0.6850694444444445,0.3961805555555555,0.3916666666666666,0.4447916666666667,0.3413194444444444,0.7868055555555555,0.7902777777777777,0.810763888888889,0.8069444444444445,0.5114583333333333,0.7506944444444444,0.7503472222222223,0.7506944444444444,0.6961805555555556,0.1513888888888888,0.711111111111111,0.814236111111111,0.8211805555555556,0.803125,0.8118055555555556,0.8097222222222221,0.8111111111111111,0.814236111111111,0.814236111111111,0.8145833333333334,0.6895833333333333,0.8083333333333333,0.7965277777777777,0.6802083333333334,0.7989583333333334,0.8236111111111111,0.8236111111111111,0.8090277777777779,0.8090277777777779,0.7982638888888889
24303,10672,231780,0.0893655752052377,2.277267616191904,0.4391227420483068,773,5,802,5,9.537094185902976,21.718515742128936,0.2297164959058552,0.2384973048594823,0.226169608690285,0.1555034357898201,0.1283051475126527,0.0587581780027156,0.096259721022096,0.206089783154343,0.1627782578282516,0.1215570094227049,0.1450685100604863,0.1778545858535983,0.1744393696251491,0.1060774389993004,0.0420771098218326,0.202699255235979,0.2619429700037032,0.2942681973418919,0.2877340246060156,0.281134016376579,0.2579187754598197,0.2377237378101468,0.220071596099247,0.2859893840266633,0.2864090852981113,0.2781055836727976,0.2860634489569188,0.2791342632596799,0.2924906390157593,0.2861045961403942,0.2194955355305929,0.2315516602888531,0.1414310990412705,0.230967370283504,0.1422951898942517,0.2625190305723573,0.2618112990165823,0.2092498868452454,0.2616631691560712,0.2206229683578158,0.237748426120232,0.2273711064477636,0.2402090276920544,0.2412706250257169,0.2310332057770645,0.2294860716783935,0.0976998724437311,0.0859317779697979,0.0882277908077191,0.0880385137637328,0.31520388429412,0.3184792000987532,0.3181088754474755,0.3181088754474755,0.3179525161502695,0.2546434596551866,0.2368925647039459,0.2204254618771345,0.2146401678805085,0.1955972513681438,0.2502571698967205,0.2444883347734847,0.2323910628317491,0.2184586265070155,0.2078261942970003,0.212870838991071,0.2466855943710652,0.2108217092540015,0.2485865942476237,0.2699831296547751,0.053302061473892,0.1790725424844669,0.1802575813685552,0.1710159239600049,0.1786610706497139,0.1672797597004484,0.1591326173723408,0.2243344443072871,0.1819610747644323,0.1560465786116939,0.0631773855079619,0.0632020738180471,0.0631773855079619,0.0632679093116075,0.0032094803110726,0.1672715302637534,0.2521252520264987,0.2577048101057482,0.2294284656215282,0.1826029708266468,0.1444183845615767,0.1695428547915894,0.1954655803810228,0.2107805620705262,0.2309015347899436,0.0514092910340286,0.2813232934205653,0.2853145702176686,0.0528659013290539,0.2854873883882648,0.2776529646545693,0.2219067604822449,0.2754968522404641,0.2615808747891206,0.2753240340698679
1062,3895,40825,0.986947871262834,0.2726572528883184,3.667608286252354,318,5,273,5,38.44161958568738,10.481386392811295,0.4717514124293785,0.4491525423728813,0.4086629001883239,0.3013182674199623,0.2421845574387947,0.3252354048964218,0.4195856873822975,0.4274952919020715,0.4180790960451978,0.3589453860640301,0.428060263653484,0.4463276836158192,0.4129943502824859,0.4352165725047081,0.3964218455743879,0.475894538606403,0.5323917137476459,0.5749529190207155,0.5512241054613936,0.5312617702448211,0.3305084745762712,0.3467043314500941,0.4862523540489641,0.455743879472693,0.4691148775894539,0.4354048964218456,0.4451977401129944,0.4367231638418078,0.4412429378531073,0.432015065913371,0.3821092278719397,0.5338983050847458,0.5258003766478343,0.5627118644067797,0.5548022598870056,0.5461393596986818,0.5427495291902071,0.4580037664783427,0.5323917137476459,0.5514124293785311,0.4491525423728813,0.5186440677966102,0.5591337099811676,0.5700564971751412,0.5619585687382298,0.3500941619585687,0.183427495291902,0.1532956685499058,0.1546139359698681,0.1548022598870056,0.371563088512241,0.4975517890772128,0.5246704331450094,0.5246704331450094,0.5222222222222223,0.4563088512241054,0.43954802259887,0.4148775894538606,0.3709981167608286,0.3393596986817325,0.4629001883239171,0.4427495291902071,0.4141242937853107,0.3873822975517891,0.35969868173258,0.467608286252354,0.5354048964218456,0.428060263653484,0.484557438794727,0.5531073446327683,0.4199623352165725,0.3717514124293785,0.3723163841807909,0.4009416195856873,0.3370998116760829,0.3858757062146892,0.3751412429378531,0.5056497175141244,0.4457627118644067,0.2502824858757062,0.4212806026365349,0.4212806026365349,0.4212806026365349,0.4195856873822975,0.0393596986817325,0.3510357815442561,0.4839924670433145,0.4811676082862523,0.4555555555555555,0.383804143126177,0.4834274952919021,0.4979284369114877,0.5267419962335216,0.5365348399246704,0.5480225988700564,0.3817325800376648,0.5585687382297552,0.5401129943502825,0.3839924670433145,0.5357815442561206,0.5335216572504707,0.516195856873823,0.515065913370998,0.5105461393596987,0.5148775894538606
23724,29794,687070,0.0972040269729623,0.7962677049070283,1.255859045692126,1763,5,1340,5,28.9609677963244,23.060683359065585,0.2125358286966784,0.2579160343955488,0.2442674085314449,0.1815208227954813,0.1744056651492159,0.1284184791772044,0.1669111448322373,0.2460293373798684,0.2541392682515596,0.2155454392176698,0.1846906086663294,0.1824397234867644,0.1657224751306693,0.1215983813859382,0.0972432979261506,0.3090625526892598,0.4006322711178553,0.4181925476310908,0.3927836789748777,0.3761507334344967,0.2718934412409374,0.2386697015680323,0.2662873039959534,0.3095515090204012,0.312881470241106,0.2824144326420502,0.3035491485415612,0.2826673410891923,0.3188669701568032,0.3038947900859888,0.3358455572416118,0.3398415107064576,0.2916371606811667,0.3446720620468723,0.2949755521834429,0.2619625695498229,0.2533721126285618,0.3109677963243972,0.2530770527735626,0.3180660934075198,0.3700977912662282,0.3448406676783004,0.3526892598212779,0.3516607654695666,0.3432726353060192,0.2248524700725003,0.1164559096273815,0.0911903557578822,0.0929691451694486,0.0943095599393019,0.426386781318496,0.4317905918057663,0.4332827516439049,0.4332827516439049,0.4340077558590456,0.2817147192716236,0.2801888383071994,0.2512982633619963,0.2512982633619963,0.2142977575451019,0.2783088855167762,0.2910554712527398,0.2772213791940651,0.2697437194402292,0.2190608666329455,0.2726521665823638,0.2642893272635305,0.2804248861911987,0.2917804754678806,0.3323132692631933,0.1158742201989545,0.2291519136739166,0.2318917551846231,0.2208396560445118,0.2432979261507334,0.1795312763446299,0.1393609846568875,0.2181419659416624,0.1935424043163041,0.1918647782835946,0.1287978418479176,0.1287894115663462,0.1287978418479176,0.1292277862080593,0.0035744393862754,0.2469650986342943,0.3241021750126454,0.333055134041477,0.3126201315123925,0.2696678469060866,0.2027904232001348,0.2231917046029337,0.2452453211937278,0.2587674928342606,0.2769937615916372,0.1075619625695497,0.3125442589782498,0.3346147361321868,0.107317484403979,0.338037430450177,0.327137076378351,0.3147108413421008,0.3109172146349688,0.3063817231495532,0.291392682515596
35598,18357,296337,0.0453480454569589,1.93920575257395,0.5156750379234788,296,5,1042,5,8.324540704533963,16.142997221768262,0.1003539524692398,0.0858587561098937,0.0782965335131186,0.0496600932636664,0.0434013146805999,0.0456093038934771,0.0637563908084723,0.1102365301421427,0.0504466543064216,0.0390864655317714,0.0805831788302713,0.0750603966514972,0.0742401258497668,0.0598123490083712,0.0377830215180627,0.0870947806056519,0.1224450811843361,0.150272487218383,0.1498511152311927,0.1486656553738973,0.1222652958031349,0.1093994044609247,0.0987077925726163,0.1359795494128883,0.134732288330805,0.1290016293050171,0.1349289285914938,0.1291926512725433,0.1389628630821955,0.134659250519692,0.083864262037193,0.0926625091297263,0.0446092477105454,0.0881959660655092,0.0446598123490083,0.1163267599303331,0.1182369796055957,0.0774256980729254,0.1188493735603123,0.0841339401089948,0.0847688072363615,0.0858699926962188,0.0947749873588403,0.0953480532614191,0.0879880892184953,0.0910556772852407,0.0298162818135849,0.0262261924827236,0.0263497949322995,0.0269172425417157,0.1558177425698072,0.1583853025450867,0.1598292038878588,0.1598292038878588,0.1609416259340412,0.0953087252092813,0.0930445530647788,0.0884319343783358,0.0839653913141187,0.0761784369908421,0.0948424068767908,0.0991235462666441,0.0931119725827293,0.0838136973987302,0.0777571773695151,0.0890218551604022,0.1128715096353727,0.0875217708860047,0.1020619135906511,0.1245407045339625,0.0451935501994493,0.0849036462722624,0.085369964604753,0.0457666161020281,0.0850103938423506,0.0529524130569132,0.0515197483004662,0.081897859430305,0.0584021574245743,0.0508848811730995,0.0443788976908814,0.0443170964660935,0.0443788976908814,0.0440642732737793,0.0017809989325242,0.0590089330861284,0.0886398112253496,0.0913478285296926,0.0942974324400246,0.0710096072813079,0.0737007697061632,0.0810326422832743,0.0900050564638462,0.0972020900050564,0.1030675880667452,0.0360301140513511,0.1435979549412887,0.1349851115231192,0.0365638519017921,0.1299061745041855,0.14831732119782,0.076470588235294,0.1483454126636327,0.118658351592786,0.1483454126636327
4096,136,97879,17.570764878216913,30.11764705882353,0.033203125,130,5,4094,163,23.896240234375,719.6985294117648,0.987109375,0.986767578125,0.980810546875,0.960888671875,0.879638671875,0.9853515625,0.993310546875,0.99404296875,0.96875,0.961181640625,0.939306640625,0.66337890625,0.661083984375,0.771923828125,0.507421875,0.991162109375,0.99140625,0.992529296875,0.993798828125,0.993408203125,0.985595703125,0.9861328125,0.9841796875,0.991357421875,0.990185546875,0.742333984375,0.71044921875,0.744287109375,0.49287109375,0.566552734375,0.982080078125,0.981689453125,0.858154296875,0.981640625,0.858056640625,0.980712890625,0.980712890625,0.981591796875,0.980712890625,0.981591796875,0.981591796875,0.981591796875,0.981591796875,0.981591796875,0.981591796875,0.792041015625,0.542626953125,0.712646484375,0.641064453125,0.620068359375,0.984033203125,0.991162109375,0.990771484375,0.990771484375,0.989697265625,0.988427734375,0.9921875,0.99248046875,0.991552734375,0.972021484375,0.986865234375,0.992822265625,0.99267578125,0.985302734375,0.96103515625,0.525,0.850439453125,0.919873046875,0.975244140625,0.95654296875,0.974853515625,0.64912109375,0.8056640625,0.95390625,0.98017578125,0.927880859375,0.917333984375,0.986962890625,0.92666015625,0.74443359375,0.97919921875,0.97939453125,0.97919921875,0.60693359375,0.461865234375,0.993212890625,0.988037109375,0.990966796875,0.9923828125,0.9794921875,0.989111328125,0.987646484375,0.988720703125,0.98662109375,0.986572265625,0.964697265625,0.98994140625,0.9927734375,0.961962890625,0.992236328125,0.994677734375,0.994677734375,0.99482421875,0.99482421875,0.993310546875
132,294,2027,5.223149866007009,0.4489795918367347,2.227272727272727,66,5,29,5,15.356060606060606,6.894557823129252,0.212121212121212,0.3515151515151514,0.403030303030303,0.4348484848484847,0.4166666666666667,0.2106060606060605,0.303030303030303,0.3742424242424242,0.4742424242424242,0.4378787878787878,0.2969696969696969,0.2727272727272726,0.2818181818181818,0.3151515151515151,0.2924242424242423,0.4393939393939393,0.4787878787878787,0.4803030303030303,0.4590909090909091,0.4545454545454545,0.2454545454545454,0.2424242424242423,0.3121212121212121,0.3848484848484849,0.4,0.3848484848484849,0.3924242424242424,0.3863636363636363,0.35,0.3393939393939393,0.4181818181818181,0.4439393939393939,0.3636363636363636,0.4424242424242424,0.3636363636363636,0.4454545454545454,0.4424242424242424,0.4424242424242424,0.4424242424242424,0.4424242424242424,0.4378787878787878,0.4424242424242424,0.4378787878787878,0.4378787878787878,0.4424242424242424,0.206060606060606,0.4424242424242424,0.4212121212121212,0.4257575757575758,0.4318181818181818,0.3181818181818182,0.4515151515151515,0.4803030303030303,0.4803030303030303,0.4893939393939394,0.4651515151515151,0.4803030303030303,0.4878787878787879,0.4454545454545454,0.4272727272727272,0.4424242424242424,0.4787878787878787,0.4909090909090908,0.4651515151515151,0.4606060606060606,0.3333333333333333,0.409090909090909,0.4621212121212121,0.3712121212121212,0.4045454545454545,0.1954545454545454,0.3712121212121212,0.403030303030303,0.4424242424242424,0.4575757575757575,0.4106060606060605,0.4439393939393939,0.2939393939393939,0.4439393939393938,0.3984848484848484,0.3,0.2939393939393939,0.3,0.2121212121212121,0.2227272727272726,0.3878787878787879,0.45,0.4272727272727272,0.4666666666666666,0.4257575757575758,0.4166666666666667,0.4439393939393939,0.4439393939393939,0.4787878787878787,0.4787878787878787,0.256060606060606,0.4257575757575758,0.456060606060606,0.2696969696969696,0.4393939393939393,0.4984848484848484,0.0348484848484847,0.4984848484848484,0.35,0.4984848484848484
547,547,4524,1.5119866046810089,1.0,1.0,40,5,50,5,8.270566727605118,8.270566727605118,0.0577696526508226,0.0837294332723948,0.0866544789762339,0.0859232175502742,0.0855575868372942,0.0614259597806215,0.126508226691042,0.1550274223034734,0.1272394881170017,0.0987202925045703,0.1254113345521023,0.1217550274223034,0.1159049360146251,0.0932358318098719,0.112979890310786,0.1107861060329067,0.1213893967093235,0.1294332723948811,0.1305301645338208,0.1301645338208409,0.073126142595978,0.0716636197440584,0.096526508226691,0.1034734917733089,0.0968921389396708,0.0983546617915904,0.1005484460694698,0.0968921389396708,0.1020109689213893,0.096526508226691,0.1100548446069469,0.1056672760511882,0.0208409506398537,0.1100548446069469,0.0208409506398537,0.1276051188299816,0.1276051188299816,0.1107861060329067,0.1276051188299816,0.1104204753199268,0.1107861060329067,0.1104204753199268,0.1107861060329067,0.1107861060329067,0.1104204753199268,0.0621572212065812,0.0877513711151736,0.0881170018281535,0.0910420475319926,0.089579524680073,0.0702010968921389,0.0994515539305301,0.1060329067641681,0.1060329067641681,0.1232175502742229,0.1235831809872028,0.1071297989031078,0.1118829981718464,0.1023765996343692,0.1034734917733088,0.1305301645338208,0.0990859232175502,0.1100548446069469,0.0990859232175502,0.09981718464351,0.0932358318098719,0.1451553930530164,0.0914076782449725,0.0870201096892138,0.1455210237659963,0.1440585009140767,0.0767824497257769,0.0811700182815355,0.0789762340036562,0.0727605118829981,0.096526508226691,0.1012797074954295,0.1575868372943326,0.1071297989031077,0.086288848263254,0.1605118829981718,0.1590493601462522,0.1605118829981718,0.0954296160877513,0.0581352833638025,0.0800731261425959,0.0892138939670932,0.1085923217550273,0.0936014625228518,0.0990859232175502,0.1338208409506398,0.1312614259597805,0.1115173674588664,0.1034734917733088,0.1053016453382083,0.1213893967093235,0.1053016453382083,0.1009140767824497,0.1301645338208409,0.1093235831809871,0.1367458866544789,0.0010968921389396,0.1367458866544789,0.0343692870201096,0.1367458866544789
1686,962,13272,0.8182833805609605,1.7525987525987523,0.5705812574139977,66,5,296,5,7.871886120996441,13.796257796257796,0.1811387900355871,0.2539739027283511,0.2463819691577698,0.2110320284697508,0.1852906287069987,0.0408066429418742,0.1771055753262159,0.1843416370106761,0.2518386714116251,0.230367734282325,0.2005931198102016,0.2056939501779359,0.2157769869513641,0.197508896797153,0.2026097271648873,0.2309608540925266,0.2731909845788849,0.296797153024911,0.2997627520759193,0.2965599051008303,0.1905100830367734,0.191103202846975,0.2412811387900356,0.2466192170818505,0.2502965599051008,0.250415183867141,0.2519572953736654,0.2527876631079477,0.2374851720047449,0.2361803084223012,0.2825622775800712,0.2692763938315539,0.1352313167259786,0.2877817319098458,0.1352313167259786,0.2938315539739026,0.29288256227758,0.2848161328588374,0.293594306049822,0.2864768683274021,0.2894424673784104,0.2879003558718861,0.291103202846975,0.291103202846975,0.2879003558718861,0.1641755634638196,0.1549228944246737,0.1266903914590746,0.1241992882562277,0.1247924080664293,0.2336892052194542,0.3068801897983392,0.3098457888493475,0.3098457888493475,0.3091340450771055,0.2742586002372479,0.2820877817319098,0.2805456702253855,0.2536180308422301,0.2545670225385527,0.2659549228944246,0.2748517200474495,0.2841043890865954,0.2663107947805456,0.2627520759193357,0.2048635824436536,0.2860023724792407,0.1982206405693949,0.2352313167259786,0.2916963226571767,0.157888493475682,0.1744958481613285,0.1695136417556346,0.1902728351126927,0.1406880189798339,0.2218268090154211,0.2279952550415183,0.2365361803084222,0.2704626334519572,0.1097271648873071,0.1848161328588374,0.1852906287069987,0.1848161328588374,0.1633451957295373,0.0325029655990509,0.1888493475682087,0.2774614472123368,0.2839857651245551,0.2563463819691577,0.260023724792408,0.2176749703440094,0.2301304863582443,0.2425860023724792,0.2616844602609727,0.2805456702253855,0.1634638196915777,0.2887307236061684,0.2813760379596678,0.1701067615658362,0.2809015421115065,0.3055753262158956,0.1800711743772241,0.3047449584816132,0.2322657176749703,0.3047449584816132
241,1594,20539,5.346553725849529,0.1511919698870765,6.614107883817427,702,5,77,5,85.2240663900415,12.885194479297365,0.7095435684647302,0.8381742738589212,0.8514522821576763,0.837344398340249,0.7883817427385893,0.5319502074688797,0.575103734439834,0.666390041493776,0.8323651452282158,0.7858921161825727,0.5460580912863071,0.7186721991701245,0.775103734439834,0.6473029045643154,0.5435684647302905,0.8522821576763485,0.8763485477178424,0.8821576763485478,0.8697095435684646,0.8473029045643153,0.2887966804979253,0.2937759336099584,0.579253112033195,0.762655601659751,0.7867219917012448,0.8639004149377593,0.8697095435684646,0.8730290456431534,0.8390041493775934,0.845643153526971,0.8307053941908714,0.820746887966805,0.8016597510373444,0.812448132780083,0.7958506224066391,0.7286307053941908,0.7369294605809129,0.7892116182572615,0.7427385892116183,0.7842323651452282,0.8531120331950207,0.833195020746888,0.820746887966805,0.820746887966805,0.8157676348547718,0.487966804979253,0.7394190871369295,0.6738589211618258,0.6780082987551868,0.6738589211618258,0.7219917012448133,0.8663900414937759,0.8763485477178424,0.8763485477178424,0.8929460580912864,0.7452282157676349,0.871369294605809,0.867219917012448,0.8514522821576763,0.8406639004149378,0.7377593360995851,0.8730290456431534,0.8597510373443983,0.8614107883817427,0.8647302904564315,0.8116182572614108,0.8323651452282158,0.8639004149377593,0.6016597510373444,0.8423236514522822,0.4298755186721991,0.7734439834024897,0.7883817427385892,0.8190871369294606,0.7800829875518672,0.8074688796680498,0.8356846473029046,0.6946058091286307,0.8531120331950207,0.6174273858921162,0.5294605809128631,0.5269709543568465,0.5294605809128631,0.5178423236514522,0.1717842323651452,0.8464730290456431,0.8190871369294606,0.820746887966805,0.878838174273859,0.8614107883817427,0.7261410788381742,0.7726141078838175,0.8390041493775934,0.8614107883817429,0.8663900414937759,0.4639004149377593,0.8738589211618256,0.8705394190871371,0.4589211618257261,0.8721991701244814,0.820746887966805,0.775103734439834,0.8008298755186722,0.7809128630705395,0.8008298755186722
4353,8342,58664,0.1615521787045125,0.5218173099976025,1.916379508385022,489,5,78,5,13.47668274753044,7.0323663390074325,0.0873880082701584,0.1009878244888582,0.0975419251091201,0.0769124741557546,0.0550424994256833,0.0167700436480587,0.0308293131173902,0.034183321847002,0.0984608316103836,0.0959338387319089,0.0397427061796461,0.0659315414656558,0.0650585802894554,0.0573857110039053,0.0310130944176429,0.1273604410751205,0.1551114174132781,0.157178957041121,0.1493682517803813,0.1470250402021594,0.0821961865380197,0.0741557546519641,0.0969446358832988,0.1329198254077647,0.1359522168619343,0.1398575694923041,0.1400413507925568,0.1405467493682517,0.1502871582816448,0.1482655639788651,0.1315874109809326,0.1368711233631977,0.0768665288306914,0.1347576384102916,0.0769124741557546,0.1291063634275212,0.133011716057891,0.1319090282563748,0.1352170916609234,0.1332414426832069,0.1362278888123133,0.1346657477601653,0.1356305995864919,0.1356305995864919,0.1346657477601653,0.0889960946473696,0.0790719044337238,0.0588559614059269,0.0589478520560532,0.0621180794854123,0.1233631977946243,0.1484952906041809,0.1516195727084768,0.1516195727084768,0.1502871582816448,0.1031472547668274,0.1126579370549046,0.1158741098093268,0.105674247645302,0.1005743165632896,0.1000689179875947,0.1166551803354008,0.1220307833677922,0.1183092120376751,0.10723638869745,0.0782448885825866,0.0790719044337238,0.0945095336549505,0.0947852056053296,0.1127038823799677,0.00868366643694,0.0713990351481736,0.0712152538479209,0.0757638410291752,0.0836204916149781,0.0733287388008269,0.072823340225132,0.1020445669653112,0.0978635423845623,0.0577073282793475,0.0312428210429588,0.0317941649437169,0.0312428210429588,0.0305536411670112,0.0069377440845393,0.1002526992878474,0.1315874109809326,0.1329657707328279,0.1197794624396967,0.1168389616356535,0.037858947852056,0.0481507006662071,0.0677693544681828,0.0830232023891568,0.1001148633126579,0.0215943027796921,0.1380197564897771,0.1404548587181253,0.0222375373305765,0.1449575005743165,0.1615897082471858,0.0067080174592234,0.1615897082471858,0.0462209970135538,0.1615897082471858
6459,3905,46115,0.18283354931203,1.6540332906530089,0.6045827527481035,38,5,124,5,7.139650100634773,11.80921895006402,0.5077566186716209,0.5989781699953554,0.6004335036383341,0.5167053723486608,0.3898436290447437,0.0256696082984981,0.0352376528874438,0.034835113794705,0.5810496980956804,0.5369561851679826,0.0462610311193682,0.2213036073695618,0.289611394952779,0.1815760953708003,0.1020591422820869,0.4993032977241059,0.5746400371574547,0.6139340455178821,0.6123858182381173,0.6116736336894256,0.5941167363368942,0.5806471590029416,0.5248490478402229,0.6005883263663105,0.5976157299891625,0.574980647159003,0.5691283480414925,0.5747329307942406,0.6068122000309646,0.6076792073076328,0.6239046291995665,0.6088868245858492,0.2054497600247716,0.6250193528409971,0.2054497600247716,0.6130360736956185,0.6131289673324044,0.6244310264746865,0.6131289673324044,0.6244000619290911,0.6272797646694535,0.6250812819321877,0.6272797646694535,0.6272797646694535,0.6250812819321877,0.5182535996284254,0.4658925530267843,0.3232388914692676,0.3277287505805851,0.3341384115188109,0.6370645610775661,0.6429478247406719,0.6393249729060226,0.6393249729060226,0.6338752128812509,0.5853537699334262,0.5898436290447437,0.5765288744387675,0.5648862052949373,0.5466480879393095,0.5862207772100945,0.5922278990555814,0.5839294008360427,0.5736801362440006,0.5616349280074315,0.5329307942405945,0.5377612633534603,0.5775507044434123,0.60052639727512,0.6029725963771482,0.0357640501625638,0.4775042576250193,0.4723641430562006,0.4813438612788357,0.5185013159931878,0.5151881096144914,0.5484440315838365,0.5621303607369562,0.5995045672704753,0.3399287815451308,0.0331010992413685,0.0333797801517262,0.0331010992413685,0.0337513546988697,0.0073385973060844,0.5195541105434278,0.6112710945966867,0.612664499148475,0.577210094441864,0.5646075243845796,0.1768075553491252,0.2719306394178665,0.4147391237033596,0.5006967022758941,0.561696857098622,0.0659235175723795,0.5392785260876296,0.5912679981421272,0.0370026319863755,0.5896268772255767,0.6104969809568045,0.1986065954482117,0.6104969809568045,0.4523920111472364,0.6104969809568045
5199,8640,751531,1.673067024997685,0.6017361111111111,1.6618580496249278,636,50,1424,10,144.55299095979996,86.98275462962962,0.936410848240046,0.9689555683785344,0.9663396807078284,0.9328332371609924,0.926178111175226,0.5367185997307174,0.9164454702827468,0.9739949990382766,0.9869590305828044,0.9804577803423736,0.9069051740719368,0.9044816310829006,0.8912483169840353,0.651894595114445,0.3562608193883438,0.9807655318330448,0.992729371032891,0.9962685131756108,0.9954221965762649,0.9940373148682438,0.7526447393729564,0.7029428736295442,0.9827274475860744,0.9113291017503368,0.9264089247932292,0.7586074245047124,0.8705520292363916,0.7590305828043855,0.915060588574726,0.8386228120792459,0.9858434314291208,0.9786882092710136,0.9786882092710136,0.968186189651856,0.963069821119446,0.8389305635699174,0.8405847278322754,0.9502596653202536,0.8480477014810541,0.9511829197922678,0.9830351990767454,0.9726101173302558,0.9696480092325448,0.9676476245431814,0.9662627428351606,0.9446047316791693,0.84977880361608,0.756645508751683,0.7598384304673976,0.7593768032313907,0.9939603769955762,0.9946528178495864,0.9949605693402578,0.9949605693402578,0.995268320830929,0.9134448932487016,0.9773417964993268,0.975033660319292,0.9584535487593768,0.9676860934795152,0.9172533179457588,0.9657241777264858,0.9636083862281208,0.950144258511252,0.9599923062127332,0.9902673591075206,0.9750336603192922,0.9945758799769184,0.9910367378341988,0.9943065974225812,0.51844585497211,0.9788420850163494,0.9788036160800152,0.978572802462012,0.988382381227159,0.927947682246586,0.8672437007116753,0.9402962108097712,0.920984804770148,0.9299865358722832,0.5307174456626275,0.5306405077899596,0.5307174456626275,0.530909790344297,0.0689363339103673,0.9840353914214272,0.9649163300634735,0.9664166185804962,0.992267743796884,0.9857664935564532,0.8495095210617427,0.912060011540681,0.9592998653587228,0.9778034237353336,0.9856510867474516,0.4886708982496633,0.966493556453164,0.975879976918638,0.4882862088863242,0.9769571071359876,0.9757645701096364,0.9757645701096364,0.9721484900942488,0.9721484900942488,0.9634545104827852
2067,967,11267,0.5636913150912878,2.1375387797311274,0.4678277697145622,16,5,49,5,5.450895016932753,11.651499482936918,0.0375423318819545,0.0573778422835026,0.0568940493468794,0.0485728108369617,0.0432510885341073,0.0238993710691823,0.0627963231736816,0.0631833575229801,0.0753749395258828,0.0561199806482824,0.0753749395258828,0.0791485244315432,0.076632801161103,0.0637639090469278,0.0733430091920657,0.057764876632801,0.0595065312046443,0.0592162554426704,0.058829221093372,0.0590227382680212,0.0569908079342041,0.0559264634736332,0.0590227382680212,0.0551523947750362,0.0542815674891146,0.0518626028059989,0.0548621190130623,0.0540880503144653,0.0524431543299467,0.0533139816158683,0.0465408805031446,0.0493468795355587,0.000483792936623,0.0464441219158199,0.000483792936623,0.0592162554426704,0.0592162554426704,0.0459603289791968,0.0592162554426704,0.0459603289791968,0.0480890179003386,0.0466376390904692,0.0480890179003386,0.0480890179003386,0.0466376390904692,0.0342525399129172,0.0391872278664731,0.0348330914368649,0.0343492985002418,0.0359941944847604,0.0432510885341073,0.0550556361877116,0.0574746008708272,0.0574746008708272,0.0576681180454765,0.0769230769230769,0.0647314949201741,0.0675374939525882,0.0584421867440735,0.0525399129172713,0.0748911465892597,0.0572810836961779,0.0585389453313981,0.0553459119496854,0.0553459119496855,0.0644412191582002,0.0725689404934687,0.0550556361877116,0.0562167392356071,0.0694726656990807,0.0643444605708756,0.0537010159651668,0.0514755684567004,0.0508950169327527,0.0449927431059506,0.0521528785679728,0.0496371552975326,0.0745041122399612,0.0566037735849056,0.0340590227382679,0.0645379777455248,0.0651185292694726,0.0645379777455248,0.0560232220609578,0.021383647798742,0.0570875665215287,0.0615384615384614,0.0632801161103047,0.0570875665215287,0.0582486695694242,0.0767295597484276,0.0749879051765844,0.0692791485244315,0.0646347363328495,0.0536042573778422,0.0777939042089985,0.0579583938074503,0.0537977745524915,0.0810836961780357,0.0557329462989839,0.0639574262215771,0.0,0.0639574262215771,0.0008708272859216,0.0639574262215771
763,2628,39652,1.9774941102074444,0.2903348554033486,3.444298820445609,595,5,243,5,51.96854521625164,15.0882800608828,0.4673656618610746,0.4605504587155963,0.4091743119266054,0.3289646133682831,0.292529488859764,0.4450851900393184,0.5024901703800786,0.5082568807339449,0.492005242463958,0.3764089121887286,0.47391874180865,0.4791612057667104,0.4338138925294887,0.4833551769331586,0.4623853211009174,0.3688073394495412,0.4036697247706421,0.4442988204456094,0.4678899082568807,0.4678899082568807,0.1986893840104849,0.2175622542595019,0.4587155963302752,0.4091743119266054,0.4335517693315858,0.3473132372214941,0.3402359108781126,0.3446920052424639,0.310878112712975,0.3119266055045871,0.4044560943643512,0.399737876802097,0.3921363040629095,0.4041939711664482,0.3965923984272608,0.4484927916120577,0.4521625163826998,0.3895150720838794,0.4505897771952817,0.3960681520314547,0.4141546526867627,0.3884665792922673,0.3939711664482306,0.3979030144167758,0.402096985583224,0.3011795543905635,0.200786369593709,0.1861074705111402,0.1777195281782437,0.1782437745740497,0.4314547837483616,0.4403669724770641,0.4471821756225426,0.4471821756225426,0.4463958060288335,0.4941022280471822,0.4442988204456094,0.4086500655307994,0.4028833551769331,0.3981651376146789,0.4888597640891219,0.4450851900393184,0.4314547837483616,0.4078636959370904,0.4128440366972477,0.3989515072083879,0.473132372214941,0.2650065530799476,0.3559633027522936,0.4757536041939711,0.4364351245085189,0.3884665792922673,0.3947575360419397,0.438794233289646,0.2605504587155963,0.3850589777195281,0.346526867627785,0.4985583224115334,0.4157273918741808,0.2941022280471821,0.4762778505897772,0.4762778505897772,0.4762778505897772,0.4692005242463958,0.0718217562254259,0.3572739187418086,0.4951507208387942,0.5014416775884666,0.4039318479685452,0.401048492791612,0.4781127129750983,0.47391874180865,0.4684141546526867,0.4490170380078637,0.4484927916120577,0.4414154652686762,0.492005242463958,0.4623853211009174,0.4487549148099606,0.4681520314547837,0.4838794233289646,0.4836173001310616,0.4796854521625163,0.4796854521625163,0.4712975098296199
9906,12381,123518,0.100710836617455,0.8000969227041435,1.24984857662023,509,5,529,5,12.469008681607107,9.976415475325094,0.183222289521502,0.1837270341207348,0.1724813244498283,0.1239652735715727,0.0948717948717948,0.0528568544316575,0.0587320815667272,0.063456491015546,0.2012315768221279,0.1595598627094689,0.0898041590954976,0.1349081364829396,0.1281041792852816,0.1019584090450232,0.0285281647486371,0.2008681607106803,0.2480113062790228,0.2609731475873208,0.2502119927316777,0.2455683424187361,0.1874015748031496,0.1692307692307691,0.1605491621239652,0.2347869977791237,0.2342620633959216,0.2272763981425398,0.2304260044417524,0.2288108217242075,0.2481728245507772,0.2439935392691297,0.1806178073894609,0.1994952554007671,0.1362608520088835,0.1933979406420351,0.1369069250959014,0.2243892590349283,0.2318796688875428,0.1810216030688471,0.2357561074096506,0.1896426408237431,0.1938421158893599,0.1922067433878457,0.200201897839693,0.2004643650312941,0.1932364223702806,0.1812638804764788,0.1106602059357964,0.087240056531395,0.0892186553603876,0.0910963052695335,0.237209771855441,0.2538663436301231,0.2553200080759136,0.2553200080759136,0.2556430446194225,0.2071673733091055,0.220028265697557,0.2112255198869372,0.1883706844336765,0.1697557036139712,0.2072077528770441,0.2263880476478901,0.2269129820310922,0.2038966283060771,0.1885523924894003,0.1398748233393902,0.1433676559660811,0.1624873813850191,0.1673733091055925,0.2041187159297395,0.0460125176660609,0.1113668483747223,0.1140117100747021,0.1139237747074828,0.1228346456692913,0.1263476680799515,0.1215626892792246,0.1874823339390268,0.1592772057338986,0.1189178275792448,0.0575408843125378,0.0574399353926912,0.0575408843125378,0.0566323440339187,0.0043811831213405,0.1605087825560266,0.2229557843731072,0.2242883101150817,0.1936200282656975,0.1820916616192206,0.0810417928528164,0.1040783363618008,0.1304461942257217,0.1447607510599636,0.1658792650918635,0.0501514233797698,0.2423783565515848,0.2283060771249747,0.0505350292751866,0.2349485160508782,0.2595194831415303,0.0737330910559256,0.2592772057338986,0.1650312941651524,0.2592772057338986
57728,10291,890388,0.149877074903027,5.609561752988048,0.1782670454545454,417,5,4686,5,15.42384977827051,86.52103780001943,0.3903998059866962,0.4034714523281596,0.3705723392461197,0.2966359478935698,0.2965320121951219,0.3086543791574279,0.4065895232815964,0.3425547394678492,0.2448794345898004,0.2544103381374722,0.3343472838137472,0.326510532150776,0.307760532150776,0.1364537139689578,0.0938677937915742,0.3773143015521064,0.4114086751662971,0.4470932649667405,0.4521480044345898,0.4470586197339246,0.4068355044345898,0.3849362527716186,0.3642287971175166,0.4195087305986696,0.4218611419068736,0.3944325110864745,0.4159402716186252,0.3940202328159645,0.4136710088691796,0.4007899113082039,0.4105564024390243,0.4171840354767184,0.3648385532150776,0.4171320676274944,0.3651399667405764,0.3968542128603104,0.397630266075388,0.4079684035476718,0.3986904101995565,0.4124896064301552,0.4232538802660753,0.4203021064301552,0.4193424334811529,0.4185733093126386,0.417693320399113,0.3314613359201773,0.1651261086474501,0.137593542128603,0.1397207594235033,0.1417821507760532,0.45345066518847,0.4545766352549888,0.454995842572062,0.454995842572062,0.4576358093126386,0.4224258592017738,0.4140694290465632,0.4068008592017738,0.4078228935698448,0.3733127771618624,0.4205792682926829,0.4201669900221729,0.4139897450110864,0.4068216463414634,0.4017703713968957,0.343912832594235,0.4420489190687361,0.3172117516629711,0.4277577605321507,0.4294068736141906,0.1201704545454545,0.3172394678492239,0.3213934312638581,0.395835643015521,0.297578298226164,0.3027057926829268,0.3051344235033259,0.3632240853658536,0.3008037694013303,0.2708391075388027,0.1792301829268292,0.1792301829268292,0.1792301829268292,0.1792925443458979,0.0061218126385809,0.3501836197339246,0.4395752494456763,0.4436356707317072,0.3996881929046563,0.3805328436807095,0.3175166297117516,0.3567003880266075,0.38042544345898,0.396247921286031,0.4059139412416851,0.1526572893569844,0.3872748059866961,0.3905349223946784,0.1515902161862527,0.3903374445676275,0.4237042682926829,0.4234236419068736,0.418895509977827,0.4188192904656319,0.4093264966740576
943,1349,99287,7.804925214624242,0.6990363232023721,1.4305408271474018,648,19,583,5,105.288441145281,73.6004447739066,0.9580063626723224,0.9709437963944858,0.9613997879109226,0.9177094379639448,0.8945917285259808,0.8184517497348887,0.9325556733828207,0.9544008483563096,0.9713679745493108,0.9641569459172852,0.9565217391304348,0.968610816542948,0.9667020148462354,0.9325556733828207,0.8443266171792153,0.92152704135737,0.9535524920466596,0.9722163308589608,0.9770943796394486,0.9747613997879108,0.3348886532343584,0.369034994697773,0.9034994697773066,0.9187698833510074,0.9312831389183458,0.935949098621421,0.9493107104984092,0.9323435843054084,0.945493107104984,0.941251325556734,0.910710498409332,0.9433722163308588,0.9433722163308588,0.949946977730647,0.950795334040297,0.9259809119830328,0.9312831389183458,0.941675503711559,0.9310710498409333,0.9497348886532344,0.9664899257688228,0.9539766702014848,0.9503711558854718,0.9503711558854718,0.9510074231177096,0.8691410392364792,0.7811240721102863,0.7696712619300106,0.7679745493107105,0.7775185577942736,0.9327677624602334,0.9698833510074232,0.9747613997879108,0.9747613997879108,0.9713679745493108,0.937221633085896,0.9762460233297986,0.9787910922587488,0.9741251325556732,0.9711558854718982,0.938069989395546,0.9753976670201484,0.9802757158006364,0.9745493107104984,0.974761399787911,0.9705196182396608,0.9707317073170731,0.9486744432661718,0.9541887592788972,0.9732767762460232,0.743796394485684,0.9433722163308588,0.9395546129374336,0.9435843054082712,0.9071049840933192,0.935949098621421,0.9433722163308588,0.9711558854718982,0.9503711558854718,0.8742311770943797,0.8583244962884411,0.8585365853658538,0.8583244962884411,0.8591728525980912,0.2651113467656415,0.970307529162248,0.9624602332979852,0.96033934252386,0.9794273594909862,0.9792152704135738,0.9622481442205728,0.9705196182396604,0.9703075291622484,0.9726405090137856,0.970307529162248,0.8012725344644751,0.9715800636267232,0.9741251325556732,0.8008483563096501,0.9737009544008484,0.9722163308589608,0.9722163308589608,0.971792152704136,0.971792152704136,0.9667020148462352
42382,8738,678297,0.1831582176772596,4.850308995193408,0.2061724316926997,433,5,4152,5,16.00436506063895,77.62611581597619,0.4150629984427351,0.4144542494455193,0.3830824406587702,0.3046293237695248,0.2962814402340615,0.26961445896843,0.4357699023170213,0.3892879052427916,0.2517766976546646,0.250776272946062,0.3627577745269217,0.3518050115615119,0.3227502241517625,0.2151620971167004,0.100934358925959,0.3837714123920532,0.421150488414893,0.460596479637582,0.4664763342928602,0.4608607427681562,0.4107215327261572,0.3907649473833231,0.3863149450238309,0.4262375536784484,0.4308857533858713,0.39902317021377,0.4220140625737341,0.39891935255533,0.4195413147090745,0.4057760369968382,0.4235666084658581,0.4318389882497285,0.3824642536926054,0.4318673021565758,0.3826907649473833,0.4112689349252041,0.4123826152611958,0.4229153886083715,0.4135104525506111,0.4279411070737577,0.4387239865980841,0.4356519277051578,0.4355245151243452,0.4345665612760133,0.4331791798404983,0.3506818932565712,0.1681515737813222,0.1420414326836864,0.1465622198102967,0.1482752111745552,0.468132697843424,0.4682034826105422,0.4675381057996318,0.4675381057996318,0.4676277665046481,0.4360671983389174,0.4290595063942239,0.4195271577556509,0.4194327780661601,0.403289132178755,0.4366004435845406,0.4343494879901845,0.4271247227596621,0.4198055778396489,0.4152753527440895,0.3592704450002359,0.4583927138879713,0.3211929592751639,0.4398376669340758,0.4466849134066349,0.1589825869472889,0.3191496389976876,0.3215799160020763,0.4117266764192345,0.3000849417205417,0.3113019678165258,0.3046953895521683,0.3879477136520221,0.2999433721863055,0.2812090038223774,0.1843612854513708,0.184441508187438,0.1843612854513708,0.1839507338020857,0.0074559954697748,0.3579349723939408,0.4546505591996602,0.4585531593601056,0.4138549384172526,0.393695436742013,0.3577698079373319,0.374909159548865,0.3970695106413099,0.4148317682034825,0.4263460903213628,0.1521211835213061,0.4136331461469491,0.418333254683592,0.155721768675381,0.4190977301684677,0.440894719456373,0.4403945071020717,0.4370109952338256,0.4369166155443348,0.4277712236326742
44081,8254,606353,0.1666516538460183,5.340562151684032,0.1872462058483247,381,5,3023,5,13.755427508450351,73.46171553186333,0.4474535514167101,0.4531113178013203,0.420081214128536,0.3311086409110501,0.3204736734647581,0.2607654091331866,0.467884122411016,0.4079626142782604,0.2568090560558971,0.2546040244096095,0.4099861618384337,0.400716862140151,0.3860030398584423,0.2335518704203624,0.0370000680565322,0.4091513350423084,0.4465415938839863,0.4880379301739978,0.4955559084412785,0.4900887003470883,0.4564778475987386,0.4347814251037862,0.4314784147365078,0.4681109775186588,0.4707016628479389,0.4460651981579365,0.4672625394160749,0.4468728023411447,0.4652253805494431,0.449522469998412,0.4582881513577278,0.4644722215920691,0.3984573852680292,0.4644495360813049,0.398779519520882,0.4660239105283456,0.4664685465393253,0.4574714729702139,0.4666727161362038,0.4620448719402917,0.4633107234409382,0.4638823983121979,0.4650665819740931,0.4650484335654817,0.4643406456296364,0.4084934552301444,0.1935800004537101,0.1786846940858873,0.1808398176084934,0.1832263333408951,0.4990267915882126,0.4995712438465552,0.5004151448469862,0.5004151448469862,0.5023842471813252,0.4605249427190853,0.4548898618452394,0.4450987953993784,0.4442367459903359,0.4173271931217531,0.4612055080420135,0.45972187563803,0.4526712188924933,0.4412558698759102,0.3967650461650144,0.4140423311630861,0.4893173929811029,0.3829858669267938,0.4707561080737732,0.4756108073773281,0.097729180372496,0.3812027857807218,0.3825684535287311,0.4498854381706404,0.3547560173317302,0.3436945622830697,0.3478369365486263,0.4396315873051881,0.332047821056691,0.3356593543703636,0.1345749869558312,0.1349243438216011,0.1345749869558312,0.1348290646763911,0.0066014836324039,0.3819877044531657,0.481681450057848,0.4850252943445021,0.4427984846078809,0.4129262040334838,0.3605090628615502,0.4040153354052765,0.4323903722692316,0.4488600530840951,0.460847076971938,0.1153694335427961,0.4260475034595403,0.4160840271318708,0.1157686985322474,0.4156439282230438,0.4729293800049908,0.4727206733059594,0.4711236133481545,0.4710963907352374,0.4625757128921758
73064,7711,870531,0.1545148033080446,9.47529503306964,0.1055376108617102,970,5,4411,5,11.914636483083324,112.89469588898976,0.2945445089236833,0.2775292893901236,0.2520639439395598,0.2007883499397787,0.1967781670863899,0.2768887550640534,0.2659859848899594,0.1938601773787364,0.1598571115734151,0.1711376327603196,0.2036543304500163,0.2003257418153947,0.1731550421548231,0.1405781232891711,0.1107878024745428,0.2934906383444651,0.3178939012372714,0.3482125260045986,0.3518121099310193,0.3463566188547027,0.291700427022884,0.2751888755064053,0.2572402277455381,0.3084802365049818,0.309509471148582,0.2925298368553596,0.3103772035475747,0.2940107303186247,0.3057319610204752,0.2956941859191941,0.3258513084419139,0.3370633964743239,0.2768367458666375,0.3365542538048833,0.277022884046863,0.2936357166319938,0.2949715318077301,0.3234889959487572,0.296726157888974,0.3294317310850761,0.3340140151100405,0.3366801708091536,0.3389740501478156,0.3385470272637687,0.3372331106974707,0.2074017299901456,0.0956339647432387,0.0807839702178911,0.0815887441147486,0.0835897295521734,0.3527373261797876,0.3531260264973174,0.3530247454286653,0.3530247454286653,0.3514398335705682,0.3177214496879448,0.3163801598598489,0.3124958940107303,0.3077110478484616,0.1903427132377094,0.3176721778167086,0.3166265192160297,0.3115159312383663,0.3098434249425161,0.2638426584911858,0.2194678637906492,0.3283669112011386,0.1825468082776743,0.3060330669002518,0.3103251943501587,0.1595614803459979,0.1993923135880871,0.2070650388700317,0.2932196430526661,0.1926886017737873,0.1993512536953903,0.19716413007774,0.2179486477608671,0.1832612504105989,0.1609575166976896,0.163117267053542,0.163117267053542,0.163117267053542,0.1634156356071389,0.006030329574072,0.2631200043797218,0.3332612504105988,0.3355113325303843,0.2992965071717945,0.2882185481221942,0.252499178802146,0.2575084857111573,0.2816325413336252,0.2997344793605606,0.3103908901784736,0.1343917661228511,0.323168728785722,0.3369320048176941,0.1341892039855468,0.3361354428993758,0.2958775867732399,0.2958420015329026,0.2933948319281725,0.2933975692543523,0.2894777181648965
87271,13209,752937,0.0653158746238652,6.606934665758195,0.1513561205898866,565,5,6282,5,8.627573879066356,57.001816942993415,0.2428504314147884,0.2353588248100743,0.2099093627894718,0.1541978434989858,0.1486289832819607,0.2377949146910198,0.189432915859793,0.1250656002566717,0.093453724604966,0.1128484834595684,0.1473662499570303,0.1414673832086259,0.1242612093364347,0.1045341522384296,0.0937195631996883,0.2241775618475782,0.2586403272564769,0.2943933265345876,0.2942856160694846,0.2883890410331037,0.251801858578451,0.2422775034089216,0.1875720456967377,0.2629372873004778,0.2636293843315648,0.2535114757479574,0.2640212670875777,0.2538277320071959,0.2609503729761318,0.2544877450699545,0.2330946133308888,0.2524114539766932,0.1837953042820638,0.2438564929930904,0.1840748931489268,0.2676948814611956,0.2679194692394953,0.2233777543513881,0.2683182271315786,0.236289259891602,0.2334383701344088,0.2365940575907231,0.245978618326821,0.2475048985344501,0.2423783387379542,0.1554789105201039,0.059676181091084,0.0544533693896024,0.0557963126353541,0.0564425754259719,0.304545610798547,0.3045272771023593,0.3049214515703956,0.3049214515703956,0.3057075087944448,0.2625293625603006,0.2541371131303639,0.251517686287541,0.2436800311672834,0.2073632707313998,0.256511326786676,0.2565892449954738,0.2522372838629098,0.2427748049180139,0.1892014529454228,0.1624411316473971,0.255638184505735,0.1393085904825199,0.2330121116980439,0.2429971009842903,0.1377914771229846,0.1626198851852275,0.1659657847394895,0.2207927031889172,0.1552176553494287,0.1451707898385488,0.1463670635147987,0.2044000870850568,0.1333111801171064,0.1317276071088906,0.1394346346438106,0.1394346346438106,0.1394346346438106,0.1393360910268015,0.0026583859472218,0.1963515944586402,0.2629808298289237,0.2668675734207239,0.2368965635778208,0.2340640075168154,0.1799521032187095,0.1955907460668492,0.221159377112672,0.2325423107332332,0.2446815093215386,0.1157727080015124,0.2516070630564563,0.2655910898236527,0.1163685531276139,0.2633658374488661,0.2576525993743626,0.2553448453667312,0.2555373491767024,0.2549392123385774,0.2516895646893011
2928,1835,20473,0.3810433138279656,1.5956403269754769,0.6267076502732241,51,5,169,5,6.992144808743169,11.156948228882834,0.1395491803278688,0.189207650273224,0.1775273224043715,0.1407786885245901,0.1136612021857923,0.0147540983606556,0.1001366120218579,0.0995218579234972,0.2107923497267759,0.1588797814207649,0.0956284153005464,0.1740437158469945,0.1843579234972677,0.1757513661202185,0.1495901639344262,0.1704918032786885,0.2134562841530054,0.2430327868852458,0.2478142076502732,0.2479508196721311,0.1597677595628415,0.1522540983606557,0.2002732240437158,0.2061475409836065,0.2133196721311475,0.212363387978142,0.2193989071038251,0.2162568306010928,0.2077868852459015,0.2068306010928961,0.2071038251366119,0.2002049180327868,0.0456284153005463,0.2078551912568305,0.0456284153005463,0.2238387978142076,0.2240437158469945,0.2066939890710382,0.2240437158469945,0.2073770491803278,0.2163251366120218,0.2077185792349726,0.2168715846994535,0.2168715846994535,0.2077185792349726,0.1396857923497267,0.101639344262295,0.0739071038251365,0.0745218579234972,0.0754098360655737,0.1977459016393442,0.248155737704918,0.244535519125683,0.244535519125683,0.2410519125683059,0.210587431693989,0.2120901639344262,0.1984972677595628,0.1829234972677595,0.1782786885245901,0.2003415300546448,0.2090163934426229,0.2081284153005464,0.1882513661202185,0.1840846994535518,0.1754098360655737,0.2396174863387978,0.165846994535519,0.1836065573770491,0.2477459016393442,0.0989754098360655,0.1446038251366119,0.146243169398907,0.1734289617486338,0.1127732240437157,0.1475409836065573,0.1555327868852458,0.1609972677595628,0.1940573770491803,0.0818989071038251,0.0993169398907103,0.0994535519125682,0.0993169398907103,0.0897540983606557,0.0139344262295081,0.1344945355191256,0.2152322404371584,0.2183060109289617,0.1948087431693988,0.1806010928961748,0.1966530054644808,0.1952185792349726,0.2011612021857923,0.2064207650273223,0.2068989071038251,0.0859972677595628,0.2388661202185792,0.2189890710382513,0.0862704918032786,0.2228142076502731,0.2512295081967212,0.0649590163934425,0.2512295081967212,0.1617486338797814,0.2512295081967212
5536,15429,200180,0.2343617997337796,0.3588048480134811,2.787030346820809,390,5,321,5,36.15968208092485,12.97426923326204,0.5130057803468209,0.6074060693641619,0.6029985549132948,0.4899205202312139,0.4218208092485548,0.0958092485549132,0.1239884393063583,0.1899566473988438,0.597543352601156,0.5121026011560693,0.3167630057803468,0.3412572254335259,0.3374277456647399,0.2188583815028901,0.085043352601156,0.6494219653179191,0.696278901734104,0.7036488439306359,0.6648121387283237,0.6419436416184972,0.581936416184971,0.5405708092485548,0.5078034682080925,0.6383309248554914,0.6382225433526012,0.6090317919075144,0.6141979768786128,0.613728323699422,0.6540462427745665,0.6546242774566474,0.5861632947976878,0.6427384393063583,0.6276372832369942,0.6499277456647399,0.6364161849710983,0.6198798470780994,0.6284320809248555,0.6183887283236994,0.6301661849710982,0.6375361271676301,0.6411488439306358,0.6420520231213873,0.6507947976878612,0.6529985549132948,0.6501445086705202,0.5196531791907514,0.4552745664739884,0.4082369942196531,0.4152095375722543,0.4174855491329479,0.6950505780346821,0.7089595375722544,0.7093208092485549,0.7093208092485549,0.707478323699422,0.5445447976878613,0.610585260115607,0.598771676300578,0.5574060693641618,0.5292991329479768,0.5641979768786127,0.6124277456647399,0.6046604046242774,0.5976156069364162,0.5703034682080925,0.466293352601156,0.4521676300578034,0.5307080924855491,0.5300216763005781,0.5871387283236994,0.0098988439306358,0.4040823699421965,0.4109826589595375,0.4245664739884393,0.458128612716763,0.5069364161849711,0.4952312138728324,0.5874277456647399,0.5729768786127167,0.5163656069364162,0.103179190751445,0.103179190751445,0.103179190751445,0.1029263005780346,0.0079841040462427,0.5279985549132948,0.6447615606936417,0.6494942196531792,0.586271676300578,0.6012644508670519,0.2271315028901734,0.3146676300578034,0.3908959537572253,0.4536488439306357,0.5158959537572254,0.0955924855491329,0.5855130057803468,0.6253612716763006,0.0929913294797687,0.6345014450867053,0.6446531791907514,0.5115968208092486,0.6311054913294798,0.6058526011560693,0.6309609826589595
24523,4305,291882,0.276477987457128,5.696399535423926,0.1755494841577294,810,5,3746,5,11.90237736002936,67.8006968641115,0.3655507074990824,0.3448354605880194,0.3201158096480854,0.2465522162867512,0.2274680911797088,0.27559434000734,0.3773518737511723,0.3400399624841984,0.1675732985360681,0.1735105819027035,0.3189332463401704,0.2767035028340741,0.2730905680381682,0.2014109203604778,0.1922847938669819,0.3332381845614321,0.3722219956775272,0.4101129551849284,0.4159360600252824,0.4120703013497532,0.3328140928923867,0.3320066875993964,0.2545773355625331,0.3311421930432655,0.3398686946947763,0.316617053378461,0.3275047914202992,0.3181339966562002,0.3160135383109733,0.311340374342454,0.3340537454634424,0.3524283325857358,0.3001753455939322,0.3534396281042287,0.3014149981649879,0.3761611548342372,0.3765770908942625,0.3392080903641479,0.3787709497206704,0.3401786078375402,0.3882803898381111,0.3678424336337316,0.3653875953186804,0.3597928475308893,0.3528605798638013,0.2453370305427557,0.0968070790686293,0.0990090935040573,0.1005341923908167,0.1043265505851648,0.4194348162949067,0.4232353300982751,0.4253068547893813,0.4253068547893813,0.4255759898870447,0.3704930065652652,0.3745381886392366,0.36457203441667,0.3605431635607389,0.3374872568609061,0.3681278799494352,0.3710965216327529,0.3655996411532031,0.3598173143579496,0.3193328711821555,0.2189944134078211,0.4011254740447743,0.1606899645231007,0.351107123924479,0.3869428699588141,0.2714512906251274,0.2034906006606043,0.204257227908494,0.3157362476042898,0.153472250540309,0.2599926599518818,0.2580924030501977,0.361578925906292,0.2553521184194429,0.2027484402397748,0.276067365330506,0.2760184316763854,0.276067365330506,0.2754883170900787,0.0107572482975166,0.2797210781715124,0.3916405007543938,0.3953105248134404,0.340398809281083,0.3225624923541165,0.352289687232394,0.3625412877706642,0.3669616278595603,0.3736818496921257,0.3867552909513517,0.2408351343636585,0.3759327977816743,0.3911348529951474,0.2430126819720262,0.3910532969049464,0.3851323247563512,0.3848958120947682,0.3839171390123557,0.383868205358235,0.3778575215104188
147,453,2941,4.416512741962126,0.3245033112582781,3.0816326530612246,93,5,31,5,20.006802721088437,6.492273730684326,0.1809523809523809,0.3714285714285714,0.4054421768707483,0.3891156462585033,0.3782312925170067,0.1414965986394557,0.3129251700680271,0.3496598639455782,0.4299319727891156,0.3972789115646258,0.3333333333333333,0.327891156462585,0.3510204081632652,0.401360544217687,0.3891156462585033,0.3850340136054421,0.4285714285714285,0.436734693877551,0.4258503401360544,0.4204081632653061,0.2326530612244897,0.2258503401360543,0.3292517006802721,0.3714285714285714,0.401360544217687,0.3741496598639456,0.3632653061224489,0.3659863945578231,0.3074829931972789,0.3129251700680272,0.4231292517006803,0.4244897959183673,0.3673469387755102,0.4272108843537414,0.3687074829931972,0.4122448979591836,0.4095238095238095,0.4258503401360544,0.4122448979591836,0.4272108843537414,0.4231292517006803,0.4258503401360544,0.4231292517006803,0.4231292517006803,0.4258503401360544,0.1850340136054421,0.3741496598639455,0.3401360544217687,0.3455782312925169,0.3428571428571428,0.3442176870748299,0.419047619047619,0.4204081632653061,0.4204081632653061,0.4299319727891156,0.419047619047619,0.4204081632653061,0.4340136054421769,0.4272108843537415,0.4231292517006803,0.4149659863945578,0.4639455782312925,0.4544217687074829,0.4489795918367346,0.4462585034013605,0.2925170068027211,0.4068027210884353,0.4204081632653061,0.3414965986394557,0.401360544217687,0.2217687074829931,0.3183673469387754,0.3292517006802721,0.3727891156462585,0.4095238095238095,0.3904761904761904,0.4340136054421769,0.3034013605442177,0.4517006802721088,0.3265306122448979,0.2925170068027211,0.2979591836734693,0.2925170068027211,0.1265306122448979,0.1564625850340136,0.3537414965986394,0.4231292517006803,0.4095238095238095,0.4217687074829932,0.401360544217687,0.3986394557823128,0.4353741496598639,0.4448979591836733,0.4285714285714285,0.4408163265306122,0.2285714285714285,0.4,0.3959183673469387,0.2653061224489795,0.4095238095238095,0.4503401360544217,0.1210884353741496,0.4503401360544217,0.3945578231292516,0.4503401360544217
66519,28237,551682,0.0293713932950357,2.3557389241066686,0.4244952569942422,277,5,1064,5,8.293600324719254,19.53755710592485,0.0400487078879718,0.0334911829702791,0.0301537906462814,0.0209864850644176,0.0191343826575865,0.0309174822231241,0.0528691050677249,0.0373487274312602,0.0225860280521354,0.0221861423052059,0.0316360739036966,0.0251296622017768,0.026990784587862,0.0285903275755798,0.020490386205445,0.0515401614576285,0.0719012612937656,0.0897067003412558,0.0882905635983703,0.0869916865857874,0.0559960312091281,0.0488101144034035,0.048858220959425,0.062090530525113,0.061633518242908,0.0578751935537214,0.0615673717283783,0.0578331003172025,0.0656083224341917,0.0621747169981508,0.0492611133661058,0.0478179166854582,0.0219185495873359,0.0507915031795426,0.0219726694628601,0.0612877523715028,0.0620273906703347,0.0466723793201941,0.062649769238864,0.0491017603992843,0.050415670710624,0.0498534253371216,0.0533170973706759,0.0536027300470542,0.0507013033870021,0.0372224477217035,0.0152287316405838,0.0134728423457958,0.0136352019723687,0.0136923285076443,0.083879793743141,0.0873765390339602,0.0883777567311595,0.0883476901336459,0.0884138366481756,0.0444925510004659,0.043425186788737,0.0415730843819058,0.0403042739668365,0.0341857213728408,0.0441076985522932,0.0455599152121949,0.0424299824110404,0.0378989461657571,0.0358604308543423,0.0436446729505855,0.0527247853996601,0.0440866519340338,0.0509147762293479,0.0605210541349087,0.0283558081149746,0.0441588117680662,0.0448683834693846,0.0292457794013739,0.0446007907515145,0.0200995204377696,0.0185510906658247,0.0273846570152887,0.0205294727822125,0.021446504006374,0.0305085764969406,0.0305025631774379,0.0305085764969406,0.0301748372645409,0.0011936439212856,0.0272974638824996,0.0430523609795697,0.0453614756686059,0.0446338640087794,0.0409356725146198,0.0366391557299417,0.0411371187179602,0.0450127031374494,0.0462634735940106,0.0479441963950149,0.0227393676994542,0.0711826696131932,0.0665644402351207,0.0230670936123513,0.0653858296125918,0.0862159683699393,0.0396488221410423,0.0861768817931718,0.0663269141147641,0.0861738751334205
36088,17932,347987,0.0537738926330377,2.012491635065804,0.4968964752826424,148,5,405,5,9.642734426956329,19.40592237341066,0.4218632232320993,0.4878463755264907,0.4787907337619153,0.3534471292396364,0.2751440922190201,0.0319441365550875,0.1804477942806472,0.4325094214143205,0.3111893150077588,0.240999778319663,0.1652183551318997,0.2049988915983152,0.1910053203280868,0.0972289957880735,0.0197406340057636,0.4226612724451341,0.5111172688982487,0.5578253158944801,0.5505209487918421,0.544762802039459,0.4993959210818,0.4993072489470184,0.3488195522057193,0.490246065174019,0.4886167146974063,0.4731933052538239,0.4620039902460651,0.4730824650853469,0.5100310352471735,0.5174961205941033,0.5220183994679671,0.5133506982930613,0.2340556417645754,0.5242795389048991,0.2340611837729992,0.5308523608955886,0.5285579694081135,0.5160829084460208,0.5264464641986255,0.5221569496785635,0.5279594324983374,0.5240800266016404,0.5337286632675682,0.5337563733096874,0.5243460430059853,0.4259809354910219,0.2807027266681445,0.2507093770782531,0.2546331190423408,0.2567279982265573,0.5987087120372423,0.597589226335624,0.5964919086677012,0.5964919086677012,0.5967191310130792,0.4153402793172245,0.4151684770560851,0.3973675459986699,0.4094990024384836,0.3871924185324761,0.4225282642429616,0.4229882509421414,0.4069552205719352,0.3947129239636444,0.3962258922633562,0.3766348924850365,0.3834958989137663,0.4433772999334959,0.4781700288184438,0.5136444247395257,0.0307304367102637,0.3306140545333628,0.3312458434936821,0.0348481489691864,0.3977444025714919,0.3513688760806916,0.3244402571491908,0.4359953447129239,0.4075315894480159,0.3742961649301706,0.0322212369762801,0.0322156949678563,0.0322212369762801,0.0318388383950343,0.0023110175127465,0.3462813123475947,0.435086455331412,0.4405952117047218,0.4219352693416094,0.3623642207936156,0.1128907115938816,0.1726668144535579,0.2750997561516293,0.3500332520505431,0.4202006207049434,0.0318665484371535,0.4418310795832409,0.4744513411660385,0.0319330525382397,0.4665872312125915,0.5398137885169586,0.4007592551540678,0.5397916204832631,0.5089558856129461,0.5397971624916871
1090,3646,52551,1.3223238235190506,0.2989577619308831,3.3449541284403668,899,5,177,5,48.21192660550459,14.413329676357652,0.54,0.5862385321100917,0.5689908256880735,0.4609174311926605,0.3915596330275229,0.3242201834862385,0.3616513761467889,0.4122935779816513,0.5245871559633027,0.4754128440366972,0.466788990825688,0.5513761467889908,0.5302752293577981,0.4888073394495412,0.3677064220183486,0.4858715596330275,0.5524770642201835,0.5915596330275229,0.596697247706422,0.5860550458715597,0.3152293577981651,0.3207339449541284,0.5511926605504588,0.5401834862385322,0.5326605504587156,0.5238532110091743,0.538348623853211,0.5295412844036698,0.5278899082568808,0.5255045871559634,0.5051376146788991,0.551743119266055,0.5275229357798165,0.5614678899082569,0.5411009174311927,0.5392660550458716,0.5396330275229358,0.5451376146788991,0.5401834862385322,0.5511926605504588,0.5689908256880734,0.5587155963302752,0.5693577981651375,0.568256880733945,0.5653211009174312,0.4433027522935779,0.3289908256880734,0.2748623853211008,0.2822018348623852,0.2831192660550458,0.4968807339449541,0.5790825688073394,0.5893577981651377,0.5893577981651377,0.5972477064220183,0.5398165137614679,0.6023853211009175,0.5680733944954128,0.5082568807339449,0.4856880733944954,0.5396330275229357,0.5987155963302753,0.5772477064220183,0.5394495412844036,0.5288073394495413,0.5675229357798165,0.5952293577981651,0.5275229357798166,0.5370642201834862,0.6040366972477064,0.3143119266055045,0.5302752293577981,0.534862385321101,0.5359633027522935,0.4919266055045871,0.4961467889908256,0.5211009174311927,0.5768807339449541,0.5544954128440367,0.3647706422018348,0.3548623853211009,0.3528440366972477,0.3548623853211009,0.353394495412844,0.0460550458715595,0.4926605504587156,0.5647706422018348,0.5636697247706423,0.558348623853211,0.5277064220183486,0.5295412844036698,0.5464220183486239,0.564954128440367,0.5735779816513762,0.5776146788990826,0.3104587155963302,0.6095412844036697,0.6025688073394495,0.3025688073394495,0.6075229357798164,0.5719266055045871,0.5677064220183486,0.5427522935779816,0.5425688073394495,0.5392660550458716
19445,7050,160792,0.1172917247957049,2.7581560283687945,0.3625610696837233,125,5,780,5,8.269066598097197,22.807375886524824,0.0874775006428387,0.0675134996142966,0.0621136538956029,0.0455746978657752,0.0393725893545898,0.0760812548212907,0.0749807148367189,0.0915916688094625,0.053401902802777,0.0400411416816662,0.0841450244278734,0.0656415530984828,0.0659912573926459,0.0723373617896631,0.0638518899460015,0.0775109282591925,0.1027616353818461,0.1290614553869889,0.1316636667523784,0.1313448187194651,0.0849884289020313,0.0742195937258935,0.0926819233736178,0.1019799434301876,0.1013628182051941,0.0990485986114682,0.1038724607868346,0.0987194651581383,0.1044793005914116,0.1007045512985342,0.0698791463101053,0.0821805091283105,0.0549755721265106,0.0767189508871174,0.0550475700694265,0.1076060683980457,0.1092620210851118,0.0625867832347646,0.1094368732321933,0.0723373617896631,0.0678220622267934,0.0737567498071483,0.0821290820262277,0.0828182051941372,0.0766778092054512,0.0770069426587811,0.025754692723065,0.0237593211622524,0.0238827462072511,0.0249421445101568,0.1242273077912059,0.1297505785548983,0.1314373875032141,0.1314373875032141,0.1333196194394445,0.0889483157624067,0.0928979172023655,0.0862226793520184,0.0793005914116739,0.0748881460529698,0.0836101825662123,0.0937104654152738,0.0893494471586525,0.0808228336333247,0.0761943944458729,0.0840730264849575,0.1128619182309076,0.0749910002571354,0.095386988943173,0.1179326304962714,0.0764926716379531,0.0820365132424787,0.0823450758549755,0.106454101311391,0.071730521985086,0.0490923116482385,0.0484237593211622,0.0842581640524556,0.0498020056569811,0.041398817176652,0.0735510413988171,0.0735613268192336,0.0735510413988171,0.0735510413988171,0.0044638724607867,0.0552327076369246,0.0998405759835433,0.1026587811776806,0.0838158909745435,0.0671535098997171,0.090038570326562,0.0957778349190022,0.0942144510156852,0.0955206994085882,0.0938853175623553,0.0594908716893802,0.1266135253278477,0.108881460529699,0.0598508614039598,0.1090974543584468,0.1312008228336333,0.0896271535098997,0.1307791205965543,0.1200411416816661,0.1307894060169709
1208,406,31668,6.456953642384105,2.9753694581280787,0.3360927152317881,145,5,989,5,26.21523178807947,78.0,0.9490066225165564,0.9534768211920528,0.9485099337748344,0.9269867549668872,0.8966887417218544,0.9359271523178808,0.952317880794702,0.954635761589404,0.9433774834437086,0.9066225165562912,0.9531456953642384,0.9470198675496688,0.9485099337748344,0.9445364238410596,0.8663907284768211,0.9485099337748344,0.9577814569536424,0.9586092715231788,0.9589403973509936,0.9566225165562914,0.7094370860927153,0.705794701986755,0.9562913907284768,0.9544701986754968,0.9458609271523178,0.715066225165563,0.7667218543046358,0.7711920529801325,0.4362582781456953,0.4799668874172185,0.940728476821192,0.945364238410596,0.8985099337748345,0.9456953642384104,0.898841059602649,0.9503311258278144,0.95,0.945364238410596,0.95,0.9456953642384104,0.945364238410596,0.9456953642384104,0.945860927152318,0.945860927152318,0.9456953642384104,0.6738410596026491,0.5216887417218543,0.520364238410596,0.5551324503311259,0.5783112582781457,0.9440397350993376,0.9596026490066226,0.96341059602649,0.96341059602649,0.9602649006622516,0.9544701986754968,0.958774834437086,0.9600993377483444,0.95976821192053,0.958774834437086,0.952317880794702,0.9594370860927152,0.9589403973509932,0.9591059602649006,0.9582781456953642,0.391887417218543,0.5496688741721855,0.6533112582781457,0.6240066225165564,0.939569536423841,0.9483443708609272,0.1490066225165562,0.5801324503311258,0.8440397350993377,0.6653973509933775,0.9266556291390728,0.9263245033112584,0.9559602649006622,0.9486754966887416,0.7809602649006623,0.95,0.95,0.95,0.9238410596026492,0.2451986754966887,0.9503311258278144,0.9591059602649006,0.955794701986755,0.960430463576159,0.9582781456953642,0.9501655629139072,0.9528145695364236,0.9519867549668872,0.952317880794702,0.9526490066225164,0.9089403973509932,0.9503311258278144,0.95182119205298,0.91341059602649,0.9516556291390728,0.952814569536424,0.952814569536424,0.9518211920529802,0.9518211920529802,0.952317880794702
16638,10217,134476,0.0791079752799754,1.628462366643829,0.6140762110830629,142,5,504,5,8.08246183435509,13.161984927082312,0.0839043154225267,0.0687222021877629,0.0641543454742156,0.0435869695876908,0.0347878350763312,0.0496574107464839,0.0495372039908642,0.0532395720639499,0.062904195215771,0.0430821012140881,0.0646471931722562,0.0638177665584805,0.0583122971510998,0.0624714508955402,0.0335016227912008,0.0822214208438513,0.1126938333934366,0.1349921865608846,0.1352686620988099,0.1344392354850342,0.0879432624113475,0.0760788556316864,0.0944584685659333,0.1152061545858876,0.1124413992066353,0.1082101214088231,0.1146051208077893,0.1079336458708978,0.1191008534679648,0.1140521697319388,0.0811996634210842,0.0805745882918619,0.0252073566534438,0.0826060824618343,0.0252434186801297,0.1027767760548142,0.1040629883399446,0.0783507633128981,0.1048202909003485,0.0816564490924389,0.0845774732539968,0.0823776896261569,0.0882317586248346,0.0882918620026445,0.0826661858396441,0.0789758384421203,0.0281524221661257,0.0235244620747685,0.0230917177545377,0.0239572063949993,0.1297271306647433,0.1357735304724125,0.1372280322154104,0.1372280322154104,0.1361101093881475,0.0774251712946267,0.0826060824618342,0.0766919100853467,0.0700564971751412,0.0659814881596344,0.0767159514364706,0.0865488640461593,0.0838321913691549,0.0723043635052289,0.0678687342228632,0.0864166366149777,0.1062267099410986,0.0843611010938814,0.0996393797331409,0.1186320471210481,0.0498737829065993,0.0735905757903593,0.0741074648395239,0.0678807548984252,0.0720278879673037,0.0443803341747805,0.0403534078615217,0.0746363745642504,0.0501502584445245,0.0399807669191007,0.0494049765596826,0.0494049765596826,0.0494049765596826,0.0496814520976078,0.0031133549705493,0.0505830027647553,0.0865488640461593,0.0916215891333092,0.0853107344632767,0.0613054453660295,0.0680129823296068,0.0793364587089794,0.0886645029450654,0.0922346435869695,0.0966702728693352,0.0390792162519533,0.1266137756941939,0.1040870296910685,0.0404736146171414,0.1062747926433465,0.1366269984373121,0.0418079096045197,0.1366269984373121,0.0893136194254116,0.1366269984373121
643,1339,9596,1.1145477753761135,0.4802091112770724,2.082426127527216,89,5,49,5,14.923794712286158,7.166542195668409,0.1157076205287713,0.2989113530326593,0.3048211508553654,0.2814930015552099,0.2575427682737169,0.0404354587869362,0.1144634525660964,0.1203732503888024,0.2581648522550543,0.3287713841368584,0.1396578538102643,0.1489891135303265,0.1847589424572316,0.1769828926905131,0.1384136858475893,0.3312597200622084,0.3754276827371695,0.3853810264385692,0.3838258164852254,0.383203732503888,0.1035769828926904,0.1001555209953342,0.2261275272161741,0.2712286158631415,0.2908242612752721,0.3589424572317262,0.3589424572317262,0.3583203732503888,0.3639191290824261,0.3608087091757387,0.3520995334370139,0.3614307931570762,0.2631415241057542,0.3614307931570762,0.2631415241057542,0.3561430793157076,0.3636080870917573,0.3623639191290824,0.3642301710730948,0.3617418351477449,0.3654743390357698,0.3614307931570762,0.3660964230171072,0.3660964230171072,0.3614307931570762,0.1094867807153965,0.2842923794712286,0.2342146189735613,0.2348367029548989,0.2407465007776049,0.1645412130637635,0.3415241057542768,0.3667185069984447,0.3667185069984447,0.3813374805598755,0.2771384136858476,0.3331259720062208,0.3465007776049766,0.3275272161741835,0.3157076205287714,0.2774494556765162,0.3247278382581648,0.3421461897356143,0.3415241057542768,0.341213063763608,0.3203732503888025,0.3328149300155521,0.3346811819595645,0.3219284603421461,0.3530326594090202,0.0967340590979781,0.2674961119751166,0.2727838258164852,0.2814930015552099,0.2818040435458787,0.269362363919129,0.2951788491446344,0.2267496111975116,0.3306376360808709,0.1477449455676516,0.1265940902021772,0.1250388802488335,0.1265940902021772,0.1060653188180404,0.0438569206842923,0.2793157076205287,0.3172628304821151,0.3287713841368584,0.3598755832037325,0.3278382581648522,0.2398133748055987,0.2752721617418351,0.3029548989113529,0.3359253499222395,0.3629860031104199,0.1085536547433903,0.3548989113530326,0.350855365474339,0.1185069984447899,0.3564541213063763,0.3944012441679626,0.0161741835147744,0.3944012441679626,0.1947122861586313,0.3944012441679626
3527,6339,77546,0.3468432039803104,0.5563969080296577,1.797278140062376,1024,5,356,5,21.98639070031188,12.233159804385547,0.371250354408846,0.4657215764105472,0.4581797561667139,0.360419620073717,0.2885171533881485,0.1361497022965693,0.1570740005670541,0.1956903884320952,0.4316416217748795,0.3874681032038559,0.2729231641621775,0.363481712503544,0.3569038843209526,0.2966260277856535,0.1520839240147433,0.428409413098951,0.5020130422455344,0.5152821094414517,0.487666572157641,0.472129288347037,0.3565069464133824,0.3276438899914942,0.4468386730932804,0.474113977884888,0.4853983555429543,0.489367734618656,0.4955486248936773,0.4874964559115395,0.5067195917210093,0.5023532747377375,0.3938758151403459,0.4113977884888006,0.330649277005954,0.4212645307626877,0.3392117947263963,0.4487223168654173,0.4496876774559909,0.3988074957410562,0.4477001703577512,0.4073821692220329,0.4527360362914658,0.4284094130989508,0.4345903033739722,0.4337964275588318,0.421661468670258,0.3755599659767507,0.2745676212078253,0.2185426708250638,0.2198468953785086,0.224043096115679,0.5062092429827049,0.5407428409413099,0.5426708250637936,0.5426708250637936,0.5346186560816558,0.4270484831301389,0.4675928551176637,0.4586901049050184,0.4169549191947831,0.406124184859654,0.427785653529912,0.4686702580096399,0.4662319251488517,0.448766657215764,0.435554295435214,0.4068613552594272,0.3948398072015877,0.43623476041962,0.4447405727246951,0.4751913807768641,0.1025800963992061,0.3513344690516752,0.3579784213515048,0.3808631459398069,0.3620670073821692,0.3762404309611568,0.3926850014176353,0.4178622058406577,0.4457612702013042,0.2995747093847462,0.1441451658633399,0.1442018712787071,0.1441451658633399,0.1411964842642472,0.0138361213495888,0.3757867876382194,0.4946980436631699,0.5056988942444003,0.4571590586901049,0.4438899914941877,0.2496172384462716,0.3032038559682449,0.362120782534732,0.3997731783385313,0.4371420470654947,0.1267933087609866,0.4904451375106323,0.505585483413666,0.1295718741139778,0.5081372271051886,0.4705982421321236,0.368868726963425,0.4606180890275021,0.4279557697760136,0.4605613836121349
27879,10429,194439,0.0668749575731001,2.6732189088119664,0.3740808493848416,152,5,837,5,6.974389325298612,18.644069421804584,0.1392445927041859,0.1254564367445029,0.1187130097923167,0.0807561246816599,0.0663007998852182,0.0672549230603679,0.0887693245812259,0.1504860289106496,0.0792209189712686,0.0657197173499766,0.1091646041823594,0.1021629183256214,0.0955055776749524,0.0736324832311058,0.0454033501919006,0.1223716776068007,0.1601994332651816,0.1954015567272857,0.1943756949675382,0.1921159295527099,0.1659815631837583,0.1485993041357293,0.1308296567308726,0.1903152910793069,0.1899063811470999,0.1839592524839484,0.1894544280641342,0.1845188134438107,0.1926324473618135,0.1894544280641342,0.1227375443882491,0.1401700204454966,0.0416657699343591,0.1239427526094909,0.0416514222174396,0.157789016822698,0.1591090067792962,0.118325621435489,0.1598335664837332,0.1221995050037662,0.125391872018365,0.1233114530650309,0.1311668280784819,0.1312744359553785,0.1239642741848703,0.1309372646077692,0.0419742458481293,0.0382079701567487,0.0385092722120592,0.0392697012087951,0.2107320922558197,0.212963162236809,0.2132644642921194,0.2132644642921194,0.2120951253631765,0.1480325693174073,0.1505577674952473,0.1420997883711754,0.1374798235230818,0.128828150220596,0.144603464973636,0.1561748986692492,0.1477671365543957,0.135234405825173,0.1328957279672871,0.1157215108145915,0.1561246816600308,0.1078876573765199,0.1371067828831737,0.1751569281538074,0.0629075648337458,0.11323839779737,0.116818513508989,0.1171420199843434,0.1087259561462279,0.0861508662434089,0.0789770077836364,0.1250044836615373,0.0869328168155241,0.0753183399691523,0.0674701388141611,0.0674916603895404,0.0674701388141611,0.0678575271709888,0.0025108504609203,0.0943075433121704,0.1593170486746296,0.1643315757380106,0.140722407546899,0.1135263101259011,0.1073352702751174,0.116747372574339,0.1283905448545499,0.138261774095197,0.1425804368879801,0.0567667419921804,0.1946411277305498,0.1814125327307292,0.0573406506689622,0.1788371175436708,0.1896696438179274,0.1061659313461745,0.1895979052333297,0.1561964202446285,0.1895979052333297
5130,1685,37126,0.4294977470051654,3.0445103857566767,0.3284600389863548,123,5,455,5,7.237037037037037,22.033234421364984,0.3332553606237816,0.3904093567251462,0.3835867446393762,0.3136452241715399,0.2439376218323586,0.2142690058479532,0.2196101364522416,0.2486939571150097,0.382027290448343,0.3050292397660818,0.217933723196881,0.3097855750487329,0.3120077972709551,0.2557115009746588,0.1853411306042884,0.4,0.4494736842105263,0.4710331384015594,0.4584795321637426,0.4501754385964912,0.3316179337231968,0.3070955165692007,0.3726705653021442,0.4194152046783626,0.4236647173489278,0.42635477582846,0.4330604288499026,0.4278362573099414,0.4245224171539961,0.4215204678362573,0.4380896686159843,0.4259649122807017,0.1643664717348927,0.4413645224171539,0.1643274853801169,0.4515789473684211,0.4521247563352826,0.4361403508771929,0.4526705653021442,0.4398830409356725,0.4442105263157894,0.4415204678362572,0.4483430799220272,0.4483430799220272,0.4415204678362572,0.3426900584795321,0.1811695906432748,0.1237037037037036,0.130448343079922,0.1362573099415204,0.375204678362573,0.4638206627680311,0.463625730994152,0.463625730994152,0.4582846003898635,0.3787914230019493,0.4103703703703704,0.4111890838206627,0.3631189083820662,0.2633528265107212,0.3697855750487329,0.3942300194931774,0.3910721247563352,0.3660818713450292,0.2998050682261208,0.2876803118908382,0.4269395711500975,0.2682651072124756,0.4095126705653021,0.452475633528265,0.2204678362573099,0.2067056530214424,0.2310331384015594,0.3415594541910331,0.2115009746588693,0.3221442495126705,0.3260428849902534,0.3514619883040935,0.3855750487329434,0.1814424951267056,0.2123196881091617,0.2122027290448342,0.2123196881091617,0.214307992202729,0.0185964912280701,0.3894346978557504,0.4203118908382066,0.4212865497076022,0.4247173489278752,0.3987134502923976,0.2982846003898635,0.3213645224171539,0.3566081871345029,0.394775828460039,0.4270565302144248,0.1971929824561403,0.4549317738791423,0.4438986354775828,0.2010916179337231,0.4511890838206628,0.432943469785575,0.3503313840155945,0.4324366471734892,0.4070955165692007,0.432475633528265
1807,2062,28059,0.7530527096639483,0.876333656644035,1.1411178749308246,460,5,202,5,15.527946873270617,13.607662463627548,0.2619811842833425,0.2944106253458771,0.2813503043718871,0.2262313226342003,0.188267847260653,0.0702822357498616,0.1915882678472606,0.1991145545102379,0.2915329275041505,0.2499169894853348,0.2253458771444382,0.2798007747648035,0.2753735473159933,0.2609850581073603,0.2304371887105699,0.2429441062534587,0.2937465412285556,0.3255118981737687,0.3255118981737687,0.3193137797454344,0.1384615384615384,0.1403431101272827,0.262645268400664,0.2659656889872717,0.2794687327061427,0.2812396236856668,0.2805755395683453,0.2769230769230769,0.274820143884892,0.2741560597675705,0.2198118428334255,0.2381848367459878,0.1985611510791366,0.2421693414499169,0.2025456557830658,0.3028223574986164,0.3012728278915329,0.2206972883231875,0.3018262313226342,0.2355285002767017,0.2699501936912009,0.2433868289983397,0.255229662423907,0.255229662423907,0.2433868289983397,0.2512451577199778,0.1549529607083563,0.1234089651355837,0.1301604869950193,0.1297177642501383,0.2660763696734919,0.328278915329275,0.3354731599335915,0.3354731599335915,0.3318206972883232,0.3076923076923076,0.2916436081903707,0.2939679026009961,0.2644161593801881,0.2525733259546209,0.3085777531820697,0.2944106253458771,0.3017155506364139,0.2762589928057554,0.2710570005534034,0.2726065301604869,0.3126729385722191,0.2386275594908688,0.2671831765356945,0.3263973436635307,0.1655783065855008,0.2192584394023242,0.2154952960708356,0.2392916436081903,0.1763143331488655,0.239623685666851,0.244382955174322,0.2833425567238516,0.279579413392363,0.1362479247371333,0.1925843940232429,0.1915882678472606,0.1925843940232429,0.1851687880464858,0.0306585500830104,0.2226895406751521,0.302158273381295,0.3023796347537354,0.2936358605423353,0.2732706142778085,0.2651909241837299,0.2825677919203099,0.2935251798561151,0.3018262313226342,0.3110127282789153,0.1640287769784172,0.3306032097399003,0.3180962921970116,0.1667957941339236,0.3178749308245711,0.3178749308245711,0.2733812949640287,0.3151079136690647,0.3082457111234089,0.3149972329828444
34151,23098,470966,0.0597051444695103,1.478526279331544,0.6763491552223947,3544,5,2544,5,13.79069426956751,20.38990388778249,0.1219993558021726,0.0947615003953031,0.080840970981816,0.0553541623964158,0.0561740505402477,0.0749553453778805,0.0955462504758279,0.1258703991098356,0.0636174636174635,0.0572047670639219,0.1094082164504699,0.1009633685690023,0.0938420544054346,0.0743755673333137,0.0489824602500658,0.0763491552223946,0.108793300342596,0.1308365787239026,0.1316447541799654,0.1290211121197036,0.1106614740417556,0.1011859096366138,0.0859945536001873,0.1194167081491024,0.1047758484378202,0.1191765980498374,0.1269596790723551,0.1192644432081051,0.1251149307487335,0.1190828965476852,0.0219847149424613,0.026412110919153,0.0252642675177885,0.0273842640039822,0.0269743199320663,0.106726010951363,0.1072003748060085,0.0216743287165821,0.1077977218822288,0.0223419519194166,0.0494626804485959,0.0438288776316944,0.0455623554215103,0.0423413662850282,0.0354484495329565,0.0931920002342537,0.0314778483792567,0.0273491259406751,0.027530672601095,0.0275716670082866,0.1236684138092588,0.1261749289918303,0.1268952592896254,0.1268952592896254,0.1270416678867382,0.1293959181283124,0.1024860179789756,0.096278293461392,0.084940411700975,0.0702292758630786,0.1294017744721969,0.1098181605223858,0.1072765072765072,0.0965359725923105,0.0718280577435506,0.0886826154431787,0.1067142982635939,0.082223068138561,0.1073292143714678,0.1202775907001258,0.0682322625984597,0.0703799514161539,0.0738119387462107,0.0738468081950686,0.0689976906207214,0.0532985856929518,0.0574975842581475,0.0836461597024977,0.0617668589499575,0.0605428830780943,0.0746742408714239,0.0746976662469619,0.0746742408714239,0.0749963397850721,0.00228397411496,0.0629966911657052,0.0906854850516822,0.0955111124125208,0.0969342039764574,0.08698427571667,0.0738367836959385,0.0845597493484817,0.0951070246844894,0.1032004919328862,0.1074814793124651,0.0649527100231324,0.1459166642265233,0.1260050950191795,0.0651108313080143,0.1264618898421715,0.1354982284559749,0.1157740622529354,0.1322245322245321,0.1279962519399138,0.1304910544347163
39387,23033,278677,0.0307183380910067,1.710024747101984,0.5847868586081703,136,5,441,5,7.075354812501587,12.099031823904832,0.0417853606519917,0.0372661030289181,0.0348947622311929,0.0221697514408306,0.0165689186787518,0.0186609795110061,0.0246274151369741,0.0507020082768425,0.0270343006575773,0.0203823596618172,0.0343006575773732,0.032599588696778,0.0314926244700027,0.0295325868941528,0.0151166628583034,0.0472694036103282,0.0691751085383501,0.0878767105897884,0.0885012821489323,0.0882880138116637,0.0683321908243836,0.0589483839845633,0.0557696701957498,0.0817782517074161,0.0809150227232335,0.0773453169827607,0.0811739914184882,0.0775738187726914,0.0858658948383984,0.0831746515347703,0.0490009393962474,0.0527839134739888,0.007002310406987,0.0491126513824357,0.007002310406987,0.0574656612587909,0.0587605047350648,0.0475893061162312,0.0590753294234137,0.0483357452966714,0.0526315789473684,0.0491938964633,0.0535557417421991,0.0535557417421991,0.0491938964633,0.0418361388275318,0.0128722674994287,0.0110340975448751,0.0110696422677532,0.0111051869906313,0.0928072714347373,0.0945083403153324,0.0948130093685733,0.0948130093685733,0.0962804986416837,0.0480869322365247,0.0487724376063167,0.046228451011755,0.0435016629852489,0.0386015690456241,0.0474928275827049,0.0523979993398836,0.0491329626526518,0.0421204966105567,0.0400233579607484,0.0488993830451671,0.0582070226216771,0.0516566379769974,0.0591921192271561,0.0709929672226876,0.0167669535633584,0.0459745601340543,0.0474420494071647,0.0131210805595754,0.0498438571102139,0.0195242084951887,0.0176758829055271,0.0270698453804554,0.0240079213953842,0.0202503364054129,0.0187066798689922,0.0187574580445324,0.0187066798689922,0.0181836646609286,0.0010968085916672,0.0270850788331174,0.0428161576154568,0.043877421484246,0.0480361540609845,0.0372102470358239,0.0361743722548048,0.039896412521898,0.0455886459999492,0.0499758803666183,0.0556884251148856,0.0150252621423312,0.084728463706299,0.0745017391525122,0.0154670322695305,0.0703683956635437,0.0892832660522507,0.0154314875466524,0.0892781882346966,0.0369411227054611,0.0892781882346966
19412,11924,167597,0.0724059057180122,1.6279771888627976,0.6142592211003503,550,5,309,5,8.633680197815783,14.055434417980544,0.1251803008448382,0.1286523799711518,0.1225736657737481,0.087543787348032,0.0661240469812486,0.0318977951782402,0.0344323099113949,0.0470430661446527,0.1211621677313001,0.089078920255512,0.0510508963527714,0.0741912219245826,0.0736760766536162,0.0564393158870801,0.0291366165258602,0.140397692149186,0.1811044714609519,0.201792705542963,0.1977642695240057,0.1959612610756233,0.1436637131671131,0.131516587677725,0.1182670513084689,0.1678549350916958,0.1662579847516999,0.1595713991345559,0.1628580259633216,0.1589635277148155,0.1777457242942509,0.1756439315887079,0.1566453739954666,0.1461158046569132,0.0510921079744487,0.1584895940655264,0.0510921079744487,0.166793735833505,0.1678549350916958,0.1516072532454151,0.1689676488769833,0.1563671955491448,0.1624253039357098,0.1584483824438491,0.1646404286008654,0.1646507315062847,0.1586132289305583,0.1246548526684524,0.0730682052338759,0.0574799093344322,0.0593756439315886,0.0593653410261693,0.2109416855553266,0.2152276942097671,0.2155264784669276,0.2155264784669276,0.2161961673191839,0.1391304347826086,0.1413146507315062,0.133113538017721,0.122007005975685,0.1151040593447351,0.1372862147125489,0.1434679579641458,0.1370595507933237,0.1213888316505253,0.1165155573871831,0.1143004327220275,0.124768184628065,0.1261899855759324,0.1391613434988666,0.162682876571193,0.0158664743457654,0.0980012363486502,0.0976818462806511,0.040995260663507,0.1040593447352152,0.085720173088811,0.0777560271996702,0.1181846280651143,0.1052544817638573,0.0848856377498454,0.0322790026787553,0.0323099113950133,0.0322790026787553,0.0317741603132082,0.003111477436637,0.0993200082423243,0.1477642695240057,0.153863589532248,0.1428497836389861,0.1048732742633422,0.0702555120543993,0.084215948897589,0.0988254687821965,0.1082423243354625,0.123387595301875,0.0268493715227693,0.1803935709870183,0.1717597362456212,0.0273645167937357,0.1724088192870389,0.2020708839892849,0.0634452915722233,0.2019781578405109,0.133711106532042,0.2019781578405109
610,3650,90274,4.054525039299349,0.1671232876712328,5.983606557377049,2132,12,329,5,147.99016393442622,24.732602739726023,0.800327868852459,0.8501639344262294,0.8377049180327869,0.7904918032786885,0.7704918032786885,0.7245901639344262,0.7311475409836066,0.7780327868852459,0.8508196721311476,0.8285245901639344,0.7980327868852459,0.8301639344262295,0.8354098360655737,0.7688524590163934,0.7173770491803279,0.8695081967213115,0.8957377049180328,0.8983606557377047,0.8944262295081968,0.8868852459016393,0.2718032786885246,0.3124590163934426,0.7239344262295082,0.7668852459016393,0.7901639344262296,0.8363934426229509,0.8518032786885247,0.8419672131147541,0.8560655737704919,0.8573770491803279,0.839672131147541,0.837377049180328,0.837377049180328,0.8318032786885245,0.8281967213114754,0.8065573770491803,0.8065573770491803,0.8190163934426229,0.8091803278688525,0.8111475409836066,0.8632786885245901,0.8475409836065573,0.8377049180327869,0.837377049180328,0.8324590163934426,0.6885245901639344,0.661311475409836,0.6193442622950819,0.6344262295081967,0.6409836065573771,0.8036065573770491,0.8757377049180327,0.8845901639344262,0.8845901639344262,0.8862295081967213,0.7577049180327868,0.8642622950819673,0.8800000000000001,0.8698360655737705,0.8573770491803279,0.7518032786885246,0.8662295081967214,0.8727868852459016,0.8718032786885246,0.8740983606557376,0.8744262295081967,0.8498360655737704,0.8547540983606557,0.8422950819672131,0.8714754098360655,0.7144262295081967,0.8495081967213116,0.8495081967213114,0.8518032786885247,0.8331147540983606,0.821967213114754,0.7963934426229509,0.8203278688524591,0.8445901639344262,0.782622950819672,0.7239344262295082,0.7232786885245901,0.7239344262295082,0.7222950819672131,0.142622950819672,0.8724590163934426,0.7993442622950819,0.8016393442622951,0.8967213114754099,0.8904918032786885,0.8068852459016395,0.8311475409836065,0.8557377049180328,0.8652459016393443,0.8727868852459016,0.6757377049180329,0.8727868852459016,0.8714754098360655,0.6754098360655738,0.8747540983606557,0.8708196721311475,0.8708196721311475,0.8534426229508197,0.8534426229508197,0.8281967213114754
38609,18534,346355,0.0484020492904037,2.0831444912053523,0.4800435131705043,292,5,1089,5,8.970835815483436,18.687547210532,0.1162060659431738,0.1098655753839777,0.1023958144474086,0.0747701313165323,0.0637053536740138,0.0508016265637545,0.0951280789453235,0.127011836618405,0.0732419902095366,0.0606438913206764,0.0872801678365147,0.0859177911885829,0.0828925898106658,0.0607474941075914,0.018218550078997,0.1156414307544872,0.1477893755342018,0.169815328032324,0.1670284130643114,0.1643554611619052,0.1336320547022715,0.1234323603304928,0.1133673495817036,0.14383174907405,0.1431635110984485,0.1354295630552461,0.1408583490895904,0.1358543344815975,0.1476754124685953,0.1441632779921779,0.1192364474604366,0.1202621150508948,0.0564842394260405,0.1216296718381723,0.0567173456965992,0.1344297961615167,0.1355538863995441,0.1167707011318603,0.1360822606128104,0.119661218886788,0.1245046491750627,0.1213965655676137,0.1263280582247662,0.1264057603149524,0.1215053484938744,0.1139889663031935,0.0525525136626174,0.0464192286772513,0.0477712450464917,0.0480509725711621,0.1741252039679867,0.1763060426325467,0.1780413893133725,0.1780413893133725,0.1794400269367246,0.121204900411821,0.1177186666321323,0.1116527234582609,0.1103369680644409,0.1022818513818021,0.1200652697557564,0.1218161568546193,0.1166670983449454,0.107555233235774,0.1036235074723509,0.1056748426532673,0.1262866171100002,0.1044730503250536,0.1207801289854696,0.1386153487528814,0.022253878629335,0.1006915486026573,0.1002667771763059,0.0291020228444144,0.1012613639306896,0.070926467921987,0.0680359501670594,0.1012458235126524,0.0789297832111683,0.0750135978657825,0.0446994224144629,0.0446890621357714,0.0446994224144629,0.0445025771193244,0.0018855707218523,0.0849957263850397,0.1175529021730684,0.1207956694035069,0.1194954544277241,0.0983138646429588,0.0769406097024009,0.0869020176642751,0.1037374705379574,0.1100106192856587,0.1172835349270894,0.0364267398793026,0.1459607863451526,0.1421689243440648,0.0369033126991115,0.1386464295889559,0.1666606231707632,0.1039291356937501,0.1644953249242404,0.1338651609728301,0.1634851977518195
1474,1021,15887,1.0556468835592316,1.443682664054848,0.6926729986431479,103,5,182,5,10.778154681139757,15.560235063663075,0.4431478968792401,0.5134328358208955,0.5010854816824966,0.4370420624151968,0.3841248303934871,0.0557666214382631,0.250203527815468,0.2564450474898235,0.5260515603799186,0.4664857530529172,0.3074626865671641,0.3279511533242876,0.4284938941655358,0.3979647218453189,0.3758480325644504,0.4265943012211668,0.4962008141112618,0.5358208955223881,0.5325644504748983,0.5278154681139756,0.3655359565807327,0.3506105834464043,0.5002713704206242,0.4934871099050203,0.4945725915875169,0.4610583446404341,0.4701492537313433,0.4629579375848032,0.4457259158751696,0.4468113975576662,0.5112618724559023,0.5255088195386703,0.4017639077340569,0.5260515603799186,0.4021709633649932,0.530529172320217,0.5302578018995929,0.5253731343283582,0.5293080054274084,0.5255088195386703,0.5287652645861601,0.5256445047489824,0.5295793758480325,0.5295793758480325,0.5256445047489824,0.4005427408412482,0.3272727272727272,0.2559023066485753,0.2609226594301221,0.2582089552238805,0.4602442333785617,0.5396200814111263,0.5472184531886024,0.5472184531886024,0.5324287652645862,0.5181818181818182,0.5135685210312075,0.519674355495251,0.4978290366350067,0.4811397557666214,0.5131614654002713,0.5246947082767979,0.5263229308005427,0.505291723202171,0.5004070556309361,0.4237449118046132,0.524966078697422,0.3759837177747626,0.4366350067842605,0.5264586160108549,0.2488466757123473,0.3651289009497964,0.3671641791044776,0.3829036635006783,0.2869742198100407,0.4540027137042062,0.4754409769335142,0.4776119402985074,0.5185888738127543,0.2320217096336499,0.2527815468113975,0.2529172320217095,0.2527815468113975,0.2396200814111261,0.0442333785617367,0.4256445047489823,0.5299864314789688,0.5350067842605156,0.4987788331071913,0.489416553595658,0.4442333785617367,0.4774762550881954,0.4940298507462686,0.5200814111261873,0.526729986431479,0.2263229308005427,0.5343283582089552,0.517910447761194,0.2373134328358208,0.5260515603799185,0.5335142469470828,0.4199457259158752,0.5298507462686567,0.5075983717774762,0.5298507462686567
854,8870,450123,5.9422335108475535,0.0962795941375422,10.386416861826698,4085,22,730,5,527.076112412178,50.7466741826381,0.9676814988290398,0.970023419203747,0.959953161592506,0.9281030444964872,0.9091334894613584,0.947775175644028,0.9615925058548008,0.9674473067915692,0.9653395784543326,0.9648711943793912,0.9718969555035128,0.9704918032786886,0.9634660421545668,0.9416861826697892,0.7185011709601874,0.9728337236533956,0.975175644028103,0.982903981264637,0.9850117096018736,0.9840749414519904,0.6180327868852459,0.6728337236533958,0.9487119437939112,0.9330210772833724,0.93864168618267,0.8023419203747073,0.8836065573770492,0.8063231850117096,0.9210772833723654,0.8789227166276345,0.9629976580796252,0.9590163934426228,0.9590163934426228,0.9569086651053864,0.9590163934426228,0.955503512880562,0.9557377049180328,0.9407494145199063,0.9550351288056206,0.947775175644028,0.9747072599531617,0.9669789227166276,0.9620608899297424,0.9625292740046838,0.9615925058548008,0.9140515222482436,0.7852459016393443,0.7245901639344263,0.7358313817330211,0.7337236533957846,0.9580796252927402,0.976814988290398,0.9798594847775176,0.9798594847775176,0.9807962529274004,0.952927400468384,0.9730679156908664,0.977751756440281,0.9756440281030444,0.9676814988290398,0.9557377049180328,0.9754098360655736,0.9754098360655736,0.9702576112412178,0.9737704918032788,0.9798594847775176,0.947775175644028,0.980327868852459,0.9421545667447306,0.9524590163934428,0.946838407494145,0.971662763466042,0.975175644028103,0.9740046838407496,0.9737704918032788,0.906088992974239,0.8995316159250585,0.9505854800936768,0.8878220140515222,0.91288056206089,0.9494145199063232,0.9494145199063232,0.9494145199063232,0.9519906323185012,0.2088992974238875,0.9765807962529276,0.955503512880562,0.9498829039812646,0.9789227166276346,0.9765807962529272,0.9660421545667448,0.9695550351288056,0.972599531615925,0.9749414519906324,0.9744730679156908,0.876112412177986,0.968384074941452,0.971662763466042,0.8796252927400469,0.9730679156908666,0.9740046838407496,0.9740046838407496,0.9737704918032788,0.9737704918032788,0.9733021077283373
4898,13073,126702,0.1978743167782559,0.3746653407787042,2.66904859126174,554,5,183,5,25.868109432421395,9.691884035798974,0.0989383421804817,0.0806043282972641,0.0733360555328705,0.0514904042466312,0.0485095957533686,0.0805226623111473,0.0849326255614536,0.0860351163740301,0.1001633319722335,0.074642711310739,0.0919559003674969,0.079134340547162,0.0787260106165781,0.0770926908942425,0.0351980400163331,0.1253572886892609,0.1714985708452429,0.1728052266231114,0.1555328705594119,0.146141282155982,0.073499387505104,0.0648427929767251,0.102409146590445,0.1126582278481012,0.1185790118415679,0.1177215189873417,0.1213148223764801,0.1189873417721518,0.135810534912209,0.1317272356063699,0.0975500204164964,0.113474887709269,0.100530828909759,0.118170681910984,0.1072682727643935,0.1323805634953042,0.1404654961208656,0.099795835034708,0.143119640669661,0.1071457737852183,0.1155982033483054,0.1098815843201306,0.1151082074316047,0.1173540220498161,0.1161698652511228,0.0862801143323805,0.0482237648019599,0.0413638219681502,0.0423029808084932,0.0450387913434054,0.1016333197223356,0.1131482237648019,0.1128623928133931,0.1128623928133931,0.1101265822784809,0.1126582278481012,0.1020416496529195,0.1060024499795834,0.0893017558187014,0.0836668027766434,0.1110249081257655,0.1188240097999182,0.1220089832584728,0.1131482237648019,0.0971008574928541,0.0867292772560228,0.0931808901592486,0.0945283789301755,0.0933850551245405,0.1271947733768885,0.0766026949775418,0.0719069007758268,0.0729277256022866,0.0891792568395263,0.0715802368313597,0.0570436913025724,0.0535320538995508,0.0922008983258472,0.0680277664352796,0.0539812168231931,0.0834626378113515,0.0833401388321763,0.0834626378113515,0.0825643119640669,0.0085340955492037,0.069007758268681,0.1120048999591669,0.1162515312372396,0.0994283380971824,0.0957533687219272,0.0854634544712127,0.0884442629644752,0.0923233973050224,0.0968150265414454,0.105961616986525,0.0690894242547978,0.1514087382605144,0.1402204981625152,0.0692935892200898,0.1423029808084932,0.1669661086157615,0.094895875867701,0.1632094732543894,0.1240506329113923,0.1632094732543894
1429,900,10261,0.7978384262499028,1.5877777777777775,0.6298110566829951,42,5,163,5,7.1805458362491255,11.401111111111112,0.0894331700489852,0.1928621413575926,0.1764870538838348,0.144996501049685,0.1318404478656402,0.0352694191742476,0.1907627711686494,0.1897830650804758,0.2243526941917424,0.1655703289013295,0.1771868439468159,0.1784464660601819,0.1997200839748075,0.192442267319804,0.1853044086773967,0.1739678096571028,0.2188943317004898,0.2604618614415674,0.2659202239328201,0.2667599720083974,0.1365990202939118,0.137998600419874,0.1907627711686494,0.1790062981105668,0.1799860041987403,0.1785864240727781,0.1808257522743176,0.1787263820853743,0.16962911126662,0.1673897830650804,0.2039188243526941,0.2088173547935619,0.0632610216934919,0.2088173547935619,0.0632610216934919,0.2502449265220433,0.2489853044086774,0.2076976906927921,0.2484254723582925,0.2085374387683694,0.2170748775367389,0.2090972708187543,0.2193142057382784,0.2193142057382784,0.2090972708187543,0.070958712386284,0.1028691392582225,0.0839748075577326,0.0863540937718684,0.0877536738978306,0.1708887333799859,0.2421273617914625,0.2502449265220433,0.2502449265220433,0.2502449265220433,0.2314905528341497,0.2324702589223232,0.2267319804058782,0.1973407977606717,0.1826452064380685,0.2313505948215535,0.2275717284814555,0.2292512246326101,0.1981805458362491,0.1958012596221133,0.1577326801959412,0.2710986703988803,0.13296011196641,0.1591322603219034,0.2724982505248425,0.184884534639608,0.1161651504548634,0.1161651504548634,0.1227431770468858,0.0920923722883134,0.1739678096571028,0.1749475157452763,0.2020993701889432,0.2149755073477956,0.0733379986004198,0.1864240727781665,0.1858642407277816,0.1864240727781665,0.1668299510146955,0.0342897130860741,0.1437368789363191,0.2209937018894331,0.2233729881035689,0.1955213435969209,0.1889433170048984,0.215255423372988,0.2214135759272217,0.2264520643806857,0.2198740377886633,0.220293911826452,0.1724282715185444,0.2324702589223232,0.2130160951714485,0.1724282715185444,0.2138558432470258,0.2715185444366689,0.1007697690692791,0.2715185444366689,0.1952414275717284,0.2715185444366689
19856,8510,157836,0.0934081438057894,2.3332549941245597,0.4285858178887993,147,5,520,5,7.949033037872684,18.54712103407756,0.1504029008863819,0.1351430298146655,0.1250503626107977,0.0886885576148267,0.0720789685737308,0.0674959709911361,0.0805398871877517,0.1338638195004028,0.0971897663174858,0.0730761482675261,0.1098307816277195,0.1089846897663174,0.1038577759871071,0.1068896051571313,0.0563859790491538,0.1367143432715551,0.1796232876712328,0.2102739726027397,0.2075342465753424,0.2054995970991136,0.1539383561643835,0.1405620467365028,0.1462429492344882,0.1817284448025785,0.181516921837228,0.1715249798549556,0.1805197421434326,0.1731063658340048,0.185153102336825,0.1805902497985494,0.1468875906526994,0.1552981466559226,0.0722199838839645,0.1509971796937952,0.0722401289282835,0.176470588235294,0.1781023368251409,0.1393231265108782,0.1779915390813859,0.1468573730862207,0.1484085414987912,0.1499899274778404,0.1599818694601127,0.1601128122481869,0.1511079774375503,0.1382453666398065,0.0499697824335213,0.0429391619661562,0.0438356164383561,0.0450040290088637,0.2149677679290894,0.2193996776792909,0.2188255439161965,0.2188255439161965,0.2171535052377114,0.1458501208702659,0.1526591458501208,0.1414786462530217,0.1336120064464141,0.1265410958904109,0.1436341659951651,0.1538879935535858,0.1467868654311039,0.1336220789685737,0.1297844480257856,0.132765914585012,0.1734891216760676,0.1288879935535857,0.1569802578565672,0.1899778404512489,0.0544117647058823,0.1241035455278001,0.127790088638195,0.1472904915390813,0.1199335213537469,0.0932614826752618,0.0872481869460112,0.1423247381144238,0.098771152296535,0.0863416599516518,0.065713134568896,0.0657735697018533,0.065713134568896,0.0672542304593069,0.0035354552780015,0.0992949234488315,0.1622985495568089,0.1673045930701047,0.1463134568896051,0.1143231265108782,0.1229653505237711,0.1325443190975019,0.142677276390008,0.1487207896857372,0.1566377921031426,0.0546232876712328,0.1988920225624496,0.1839544721998388,0.055177276390008,0.1844278807413376,0.2029713940370668,0.1330378726833198,0.2022965350523771,0.1776490733279612,0.2023066075745366
14681,8713,151254,0.1182451988461481,1.6849535177321244,0.5934881820039507,204,5,742,5,10.302704175464887,17.359577642603007,0.1773584905660377,0.1829984333492268,0.1758463319937333,0.1342687827804645,0.1149376745453306,0.0880049042980723,0.1409168312785232,0.1639397861181117,0.1581363667325113,0.1231387507662965,0.1551665417887064,0.167291056467543,0.1641986240719296,0.1314488113888699,0.0755398133642122,0.1800694775560247,0.2240583066548599,0.2502690552414685,0.2464682242354063,0.2413732034602547,0.193856004359376,0.1767726994073972,0.1851236291805734,0.2307336012533206,0.2282133369661466,0.2208841359580409,0.2286492745725767,0.2208977590082418,0.2321912676248211,0.22768203800831,0.1928615216947073,0.1982698726244805,0.1283700020434575,0.1989782712349294,0.1287514474490838,0.2033104011988283,0.2057897963353994,0.1929568830461139,0.2069341325522783,0.1967168449015734,0.2026428717389823,0.1986376949799059,0.2055854505823853,0.2057080580341938,0.1990463864859341,0.1792112253933654,0.0763435733260676,0.0661944009263673,0.0687010421633403,0.0692459641713779,0.253102649683264,0.2634152986853756,0.2650500647094884,0.2650500647094884,0.2648457189564743,0.2006402833594441,0.2014576663715005,0.1925890606906885,0.1815680130781281,0.1757509706423267,0.1982017573734758,0.2041141611606838,0.1988829098835228,0.1856413050882091,0.1808868605680811,0.1606021388188815,0.2094543968394523,0.151174988079831,0.1989646481847285,0.2254614808255567,0.0855118861113002,0.1463932974593011,0.1465295279613105,0.1935018050541515,0.1265990055173353,0.1340235678768476,0.1285607247462706,0.1775628363190518,0.1496083373067229,0.1238062802261426,0.0908112526394659,0.0908112526394659,0.0908112526394659,0.0912608132960969,0.0047680675703289,0.1445269395817723,0.2113071316667801,0.2149172399700292,0.1992507322389482,0.1636264559634901,0.1547169811320754,0.1735304134595735,0.1776173285198555,0.1852871057829847,0.1967577140521762,0.084422042095225,0.2247394591649069,0.2140317417069681,0.0850487024044683,0.2162522988897213,0.2396158299843334,0.1713098562768203,0.2376268646549962,0.2039098154076697,0.2334037190927048
1761,443,10730,1.3754241318356208,3.975169300225734,0.2515616127200454,10,5,565,5,6.0931289040318,24.221218961625283,0.3128904031800113,0.3396933560477001,0.3019875070982396,0.2340715502555365,0.200113571834185,0.0978989210675752,0.4176036342986939,0.4180579216354344,0.3264054514480409,0.2395229982964224,0.4022714366837024,0.3977285633162975,0.336740488358887,0.3092561044860874,0.3630891538898352,0.3147075525269732,0.3630891538898352,0.4222600795002839,0.4319136854060192,0.4346394094264622,0.3391254968767745,0.3339011925042589,0.2339579784213514,0.2747302668938103,0.2715502555366268,0.1634298693923906,0.1806927881885291,0.1725156161272004,0.1258375922771152,0.126632595116411,0.3950028392958546,0.40465644520159,0.1587734241908006,0.3954571266325951,0.1587734241908006,0.4281658148779102,0.4285065303804655,0.3955706984667803,0.42793867120954,0.3954571266325951,0.4022714366837024,0.39534355479841,0.4030664395229982,0.4030664395229982,0.39534355479841,0.1285633162975581,0.0780238500851788,0.0750709823963656,0.0790459965928449,0.0862010221465076,0.387052810902896,0.3956842703009653,0.4096536059057353,0.4096536059057353,0.4191936399772856,0.4029528676888132,0.4191936399772856,0.4189664963089153,0.3837592277115275,0.383304940374787,0.4053378762067007,0.4154457694491766,0.4176036342986939,0.3921635434412265,0.3904599659284497,0.0963089153889834,0.4333901192504258,0.0663259511641112,0.2668938103350369,0.443838727995457,0.4199886428165815,0.0767745599091425,0.0751845542305507,0.0862010221465076,0.0434980124929017,0.3072118114707552,0.3001703577512776,0.4218057921635434,0.3542305508233958,0.1132311186825666,0.4179443498012493,0.4179443498012493,0.4179443498012493,0.3536626916524701,0.0614423622941509,0.2542873367404883,0.4107893242475866,0.4138557637705848,0.3353776263486655,0.374900624645088,0.4098807495741056,0.4072685973878478,0.3925042589437819,0.3925042589437819,0.4034071550255536,0.4045428733674049,0.3417376490630323,0.3480976717773992,0.4056785917092561,0.3518455423055082,0.4347529812606473,0.3871663827370811,0.4338444065871664,0.4227143668370244,0.4338444065871664
25587,15254,546349,0.139980339125212,1.6773960928281106,0.596162113573299,1214,5,8026,5,21.35260093015985,35.81676937196801,0.5242036971899793,0.5663032008441787,0.5375385938171727,0.4311642631023566,0.4194395591511314,0.3986868331574628,0.5130808613749169,0.5715480517450268,0.4720365810763278,0.3916598272560284,0.5079219916363779,0.4828467581193575,0.4464454605854535,0.3430804705514519,0.3000586235197561,0.555235080314222,0.6220189940204011,0.6384179466135146,0.6111384687536641,0.5926134365107281,0.5652557939578692,0.5390080900457264,0.3950678078711845,0.5862430140305623,0.5921444483526791,0.5561886895689218,0.575292140540118,0.5576816352053777,0.5851877906749522,0.5785437917692577,0.5259780357212647,0.5544612498534411,0.486708093953961,0.558267870402939,0.4927736741313948,0.5665282969601048,0.5680916244257775,0.5354490667262249,0.5693813739383606,0.5451417339803093,0.5660452573572516,0.5644506976198851,0.5686559581037246,0.5681791534763747,0.5629890178606324,0.3513190291945128,0.1863993434165787,0.1677883300113338,0.1700394731699691,0.172642357447141,0.6388791183022628,0.6396373158244422,0.6390510806268809,0.6390510806268809,0.6388165865478563,0.6282956188689569,0.6350881306913667,0.6216985187790675,0.6066049165591902,0.5804197444014538,0.6292414116543558,0.635033415406261,0.6324148981904874,0.6189705709930824,0.5202641966623676,0.3720248563723766,0.5319107359205846,0.3444483526790948,0.5476609215617306,0.577214991988119,0.3747215382811584,0.2792552527872208,0.2928811525998109,0.5076946952769397,0.2744628785664532,0.4318442959315277,0.3938328057216555,0.523148473834369,0.4438034939617775,0.4208543400945793,0.385703677648806,0.3856489623637003,0.385703677648806,0.3862351975612615,0.0051901356157423,0.5164419431742682,0.6412709579083128,0.6439989056942979,0.6222847539766287,0.5614100910618673,0.4645405870168445,0.4798452339078438,0.503177394770782,0.5178645405870168,0.5283464259194123,0.3661077891116582,0.5364755539922617,0.5556962520029702,0.36765545003322,0.5536639699847579,0.5976941415562591,0.5903388439441903,0.5694454215031071,0.5674287724234963,0.5503107046547075
23421,11888,802784,0.2883264452539774,1.9701379542395692,0.5075786687161095,2389,5,2629,5,34.276247811792835,67.52893674293405,0.4686734127492421,0.5005764057896759,0.4760257888219973,0.3909653729558943,0.3775159045301225,0.2910891934588616,0.5018658468895436,0.5379616583408053,0.4784595021561846,0.4295546731565688,0.4863840143460995,0.4602109218222961,0.4338755817428802,0.2838734469066222,0.158071815891721,0.4641646385722214,0.520806114171043,0.5584987831433329,0.5696426284104009,0.5680372315443406,0.4912685197045386,0.4553093377737928,0.5111566542846164,0.5114726100508091,0.5194142009307886,0.4605183382434566,0.502207420690833,0.4601426070620383,0.5082105802484949,0.4803552367533409,0.5160667776781521,0.5202852141240767,0.486110755305068,0.519866786217497,0.4854276077024891,0.4406472823534434,0.4449169548695614,0.5064941718970155,0.4496819093975491,0.5079287818624312,0.5380128944109986,0.5296016395542462,0.5266555655181248,0.5247427522309038,0.5230946586396824,0.4655480124674437,0.2052773152299218,0.1582767601724947,0.1626745228640962,0.1662525084326032,0.5686008283164681,0.5704880235685923,0.5696340890653687,0.5696340890653687,0.5663976772981513,0.5547585500192135,0.5245463472951625,0.5102344050211348,0.5091413688570087,0.4836770419708808,0.5502070791170317,0.5265274753426412,0.5225481405576192,0.5161265530933777,0.4697664489133683,0.5228811750138764,0.5388839076042867,0.4826437812219802,0.5505742709534178,0.5606421587464242,0.2218265659023952,0.430647709320695,0.4349173818368131,0.5162461039238291,0.3860894069424875,0.4063703513940481,0.3985568506895521,0.4534477605567653,0.4088296827633321,0.3592160881260407,0.2591349643482344,0.2591349643482344,0.2591349643482344,0.2583664232953332,0.0114085649630672,0.4653345288416378,0.5444686392553691,0.5473890952563939,0.5238205029674224,0.4903718884761538,0.4765637675590282,0.5008838222108365,0.516638913795312,0.528218265659024,0.5372528927031297,0.2258656761026428,0.4878442423466119,0.4949404380684001,0.2258912941377395,0.4956833610862047,0.5390803125400282,0.5389949190897058,0.5376200845395158,0.5376115451944836,0.531002092139533
22178,17803,240938,0.0610224626172515,1.2457450991405945,0.802732437550726,2767,5,300,5,10.863829019749302,13.533561759254058,0.3511137162954278,0.410055009468843,0.4025430606907745,0.2909640183966092,0.208945802146271,0.0273784831815312,0.0372801875732707,0.1063937235097844,0.4271981242672918,0.3290107313553972,0.140752096672378,0.1966723780322842,0.1871674632518711,0.0944810172242762,0.0098475967174677,0.4196410857606636,0.4904139237081793,0.5148164848047615,0.4941022635043737,0.4776535305257462,0.4444314185228605,0.4462981332852376,0.2283524213184236,0.4264586527189106,0.4220218234286229,0.4012174226711155,0.3870502299576156,0.4012895662368113,0.4371539363333032,0.4494003066101542,0.3764180719632067,0.3785823789340788,0.1848678870953196,0.3810352601677337,0.1850662819009829,0.3978627468662638,0.39399404815583,0.3565695734511678,0.3895211470826945,0.3584633420506808,0.4346740012625124,0.4109748399314636,0.4151230949589683,0.409495896834701,0.3912435747136801,0.3458652718910632,0.2560645684912976,0.2068446207953827,0.2145098746505545,0.2177653530525745,0.5467760844079719,0.5478492199476959,0.5466227793308684,0.5466227793308684,0.5453061592569213,0.4256199837676977,0.4431959599603211,0.4274957164757867,0.4057895211470826,0.3033456578591396,0.4324736225087925,0.451889259626657,0.4471277842907385,0.4067544413382631,0.3069979258724862,0.1795202452881233,0.1433222112002885,0.2742537649923348,0.2678149517539904,0.3819190188475065,0.0173054378212642,0.1676526287311749,0.1659121652087654,0.0564433222112002,0.2319505816574984,0.2731084858869149,0.2369014338533681,0.3661285959058525,0.3490125349445396,0.3054558571557398,0.031229146000541,0.0311479844891333,0.031229146000541,0.0310938768148615,0.0024709171250788,0.3615564974298855,0.4702588150419334,0.4740012625123996,0.4163134637929479,0.3742808188294706,0.0368022364505365,0.0554874199657317,0.1103886734601857,0.1843087744611777,0.2676255748940391,0.0297952926323383,0.3892235548741996,0.4456939309225358,0.0301740463522409,0.446983497159347,0.5092975020290378,0.2470826945621787,0.5087113355577599,0.4050771034358373,0.508702317612048
5541,3568,64706,0.3272891118227514,1.5529708520179373,0.6439270889731096,578,5,272,5,11.677675509835767,18.135089686098656,0.3300487276664862,0.4093484930517957,0.4014798772784695,0.3191842627684533,0.2515791373398303,0.1030860855441255,0.1113517415628947,0.1556397762136798,0.408590507128677,0.3369066955423209,0.1410575708355892,0.312615051434759,0.3207724237502256,0.2546110810323047,0.1297238765565782,0.3726042230644287,0.4342176502436383,0.4547193647356072,0.4334235697527521,0.4219815917704385,0.3388558022017686,0.3101606208265656,0.4014798772784695,0.4300306803826023,0.4252301028695181,0.4364555134452265,0.4373578776394152,0.432232449016423,0.4472477892077242,0.4448294531672984,0.3923118570655116,0.3961017866811044,0.2701678397401191,0.3999999999999999,0.2717199061541238,0.4129579498285508,0.4098538170005413,0.3811586356253383,0.4097455332972387,0.3922757624977441,0.4091319256451903,0.3997473380256271,0.4095289658906334,0.4094928713228659,0.4006136076520484,0.3438007579859231,0.2327016783974011,0.1815556758707814,0.1849846598086987,0.1899657101606208,0.4595921313842266,0.480382602418336,0.4802021295794982,0.4802021295794982,0.475004511820971,0.3999639054322325,0.4156289478433496,0.4045118209709438,0.3680202129579498,0.3569391806533116,0.4006136076520484,0.4107200866269626,0.4047644829453167,0.3792095289658906,0.3733983035553149,0.3806894062443602,0.3872586175780544,0.3905793178126692,0.419527161162245,0.4305720988991156,0.0999097635805811,0.3155026168561631,0.3146363472297419,0.3440895145280634,0.3144197798231365,0.3308067135896047,0.3340552246886843,0.3644829453167298,0.3877639415268002,0.2425915899657101,0.1083919870059555,0.1083197978704204,0.1083919870059555,0.1066955423208806,0.0129940443963183,0.3296516874210431,0.4348312578956866,0.4378632015881609,0.4101425735426818,0.369211333694279,0.2615051434759068,0.3047825302292005,0.3440534199602959,0.37347049269085,0.40353726764122,0.0883955964627323,0.4367803645551344,0.4464537087168381,0.0900559465800396,0.4508211514167117,0.4245443060819346,0.3504421584551524,0.4199602959754557,0.3970402454430607,0.4198159177043855
43536,8655,714773,0.1896935404733409,5.030155979202773,0.1988009922822491,419,5,3790,5,16.41797592796766,82.58497978047372,0.4020534729878721,0.4177186696067622,0.3850284821756707,0.3080898566703417,0.306619808893789,0.3176451672179345,0.4306045571481072,0.3882763689819919,0.260460308710033,0.2721977214259463,0.3776966188901139,0.3639424843807423,0.3554437706725468,0.1381844909959573,0.0958563028298419,0.3841648291069459,0.4199696802646085,0.4567530319735391,0.4644478133039323,0.4606348768834987,0.4144845644983462,0.3913313120176406,0.3972850055126791,0.4311742006615214,0.4334803381109886,0.4066611539875045,0.428234105108416,0.4066152149944873,0.4240536567438441,0.4104557148107313,0.4392594634325615,0.4450156192576259,0.4012265711135612,0.4454198823961778,0.4016721793458287,0.4271821021683205,0.4279584711503124,0.4381615214994487,0.4289599411980889,0.4426130099228224,0.4474503858875412,0.4457644248438074,0.4459711503123851,0.4458103638368246,0.4456220139654538,0.3624954061006982,0.1858232267548694,0.1607680999632487,0.1637265711135611,0.1658122013965453,0.4662072767364938,0.4659362366776919,0.4670387725101065,0.4670387725101065,0.4687614847482543,0.4317943770672546,0.424072032341051,0.4142135244395442,0.4140711135611907,0.3995635795663358,0.4322399852995222,0.4293825799338478,0.4212789415656009,0.4129777655273796,0.4101800808526277,0.3821021683204703,0.4620589856670342,0.3501607864755604,0.442704887908857,0.4442622197721426,0.1385336273428886,0.3467061742006615,0.3474733553840499,0.4156054759279676,0.3157984196986402,0.325385887541345,0.3251056596839397,0.3921674016905549,0.3183480338110988,0.2963340683572216,0.1578509739066519,0.1578555678059536,0.1578509739066519,0.156720874678427,0.0078969128996691,0.3569459757442116,0.4522004777655273,0.4553335170893053,0.4088019110621095,0.3857037853730246,0.3721058434399117,0.3941565600882028,0.4150358324145534,0.4214764792355751,0.4295663359059169,0.1351846747519293,0.4030365674384417,0.4008223079750092,0.1358416023520764,0.4005007350238882,0.4385014700477765,0.4382809628812936,0.438914920984932,0.4388827636898199,0.431316611539875
26039,15483,709356,0.1759482011686537,1.6817800167926114,0.5946080878681977,1009,5,5427,5,27.242059986942664,45.81515210230575,0.2597795614270901,0.215922270440493,0.1938092860708936,0.1493912976688812,0.1592380659779561,0.2330043396443795,0.2987288298321747,0.3219939321786551,0.2425361957064403,0.2194477514497484,0.2425054725603901,0.2282576135796305,0.2170743884173739,0.2086178424670685,0.2005837397749529,0.3183378777986866,0.3976419985406506,0.4406774453704059,0.4351549598678904,0.4215676485272091,0.244671454356926,0.1978954644955643,0.2996121202811167,0.2844348861323399,0.2909097891624102,0.2406159990783055,0.2797419255731787,0.2379814893045047,0.2961864894965244,0.2700564537808671,0.4203233611121778,0.4006375052805406,0.3774722531587234,0.3919889396674219,0.3671569568723837,0.2940358692730135,0.2954491339913206,0.3776412304619992,0.2969622489342908,0.3802219747302123,0.4020891739314106,0.394185644610008,0.3996620453934482,0.4009831406736049,0.3989170091017319,0.2009293751680171,0.0702945581627558,0.0455163408733054,0.0455086600867928,0.047136986827451,0.3763431775413802,0.3888628595568185,0.388455777871654,0.388455777871654,0.3686086255232536,0.312300779599831,0.2882906409616345,0.2763239755750988,0.2720688198471522,0.2587349744613848,0.3155190291485848,0.2939974653404508,0.2857943853450593,0.278436191866047,0.2624678367064786,0.2843427166941894,0.3674795499059103,0.2861246591650984,0.3802680594492876,0.4063904143784323,0.2333883789700065,0.2477130458158915,0.2571604132263143,0.3478397787933484,0.2530281500825684,0.1355121164407235,0.0675294750182418,0.1230461999308728,0.1180997734167978,0.1304735204884979,0.2341871807673105,0.2341718191942854,0.2341871807673105,0.2343331157110487,0.0071047275240984,0.2551787703060793,0.3327316717231844,0.3393832328430431,0.3086754483659126,0.2789738469219248,0.2908944275893851,0.3044356542109911,0.3280771150965859,0.3429010330657859,0.3662659856369292,0.2009677791005798,0.3124543953300818,0.3107031760052229,0.2002227428088636,0.3125619263412573,0.3659280310303774,0.3653212488958869,0.3589846000230423,0.3588693882253542,0.3482699028380506
32987,7604,459769,0.1832967467282274,4.3381115202524985,0.2305150513838785,396,5,3309,5,13.937884621214415,60.4640978432404,0.410234334737927,0.418674023100009,0.3898566101797677,0.2985964167702428,0.2812986934246824,0.1528965956285809,0.430181586685664,0.4148603995513384,0.2497468699790826,0.2327765483372237,0.3706490435626156,0.3572619516779337,0.3483008457877345,0.202952678327826,0.0486434049777184,0.3685088064995301,0.4140055173250068,0.4563009670476248,0.4600115196895746,0.4522023827568436,0.4155212659532543,0.3926031466941522,0.3989632279382786,0.4335222966623215,0.4358565495498226,0.4129263043016945,0.4333828477885227,0.414405674962864,0.4337830054263801,0.4205778033770879,0.4164125261466638,0.4287931609421893,0.3664777033376784,0.4288174129202413,0.3667990420468669,0.4106890593264013,0.4113923666899081,0.4192257556006911,0.4133992178737078,0.4246157577227392,0.4302846575923849,0.4297450510807287,0.431951981083457,0.431442689544366,0.4291993815745597,0.3772819595598266,0.186649286082396,0.1719101464213174,0.174602115985085,0.1758510928547609,0.4684148300845788,0.4679479795070785,0.4693000272834752,0.4693000272834752,0.4711371146209112,0.4337708794373541,0.4192257556006911,0.4065055931124382,0.4050504744293207,0.3883287355624943,0.4330372571012823,0.4234152848091672,0.4144420529299421,0.4045351198957164,0.3997089762633764,0.383041804347167,0.4534634856155454,0.3656591990784247,0.4359535574620304,0.4492254524509655,0.1214296541061629,0.3475126565010458,0.3496104526025403,0.4045714978627944,0.3346894231060721,0.3053505926577136,0.3103707521144693,0.4032618910479885,0.3145360293448934,0.3014399611968351,0.1404553308879255,0.1403461969866916,0.1404553308879255,0.1387880073968533,0.0074089792948736,0.3351623366780852,0.4472974201958347,0.4502076575620698,0.3999272440658441,0.3642040803953072,0.2963167308333586,0.3422681662473095,0.3835692848697972,0.4042865371206838,0.4230211901658228,0.121405402128111,0.419292448540334,0.426537726983357,0.1218601267165852,0.4260041834662139,0.4375723769969988,0.4370327704853426,0.4279685936884226,0.4279079637432928,0.4151635492769879
6040,3416,999611,4.84480415496999,1.7681498829039812,0.5655629139072847,2277,18,3428,5,165.49850993377484,292.6261709601874,0.9412913907284768,0.941158940397351,0.9293046357615892,0.8959933774834437,0.8803311258278146,0.8464900662251656,0.934271523178808,0.95341059602649,0.9658940397350996,0.9594370860927152,0.9434437086092714,0.941456953642384,0.925728476821192,0.7339735099337747,0.5589735099337748,0.9127483443708608,0.942317880794702,0.9624172185430464,0.9691059602649008,0.9692052980132452,0.804635761589404,0.7921192052980133,0.949139072847682,0.9286754966887418,0.928774834437086,0.8272516556291392,0.9059271523178808,0.8235430463576158,0.915066225165563,0.8593708609271523,0.8652317880794701,0.8968543046357617,0.8968543046357617,0.9059271523178808,0.9078476821192052,0.8342384105960265,0.8382781456953643,0.8903642384105961,0.8394039735099337,0.8941721854304635,0.9424503311258278,0.9251986754966888,0.9174172185430464,0.9125165562913906,0.9094701986754968,0.9210264900662252,0.7581788079470199,0.7144701986754967,0.7279139072847682,0.7287748344370861,0.9470860927152318,0.9541059602649008,0.9549668874172186,0.9549668874172186,0.9552317880794702,0.9381788079470198,0.9672185430463576,0.9682119205298012,0.9616887417218544,0.9614238410596028,0.9388410596026492,0.966721854304636,0.9660264900662252,0.9610596026490066,0.960066225165563,0.9659933774834436,0.9340066225165564,0.9621523178807946,0.9316556291390728,0.9422516556291388,0.783543046357616,0.927682119205298,0.9275496688741722,0.9357947019867552,0.888543046357616,0.8963245033112583,0.9048013245033112,0.9235099337748344,0.90817880794702,0.8809933774834438,0.7971192052980133,0.7970860927152318,0.7971192052980133,0.7952649006622516,0.1686423841059602,0.9594370860927152,0.9644370860927152,0.9622847682119204,0.9711589403973512,0.9686423841059604,0.8869205298013245,0.91682119205298,0.9392052980132451,0.9433443708609272,0.94341059602649,0.7377814569536424,0.9469867549668874,0.9517549668874172,0.7378807947019868,0.9516887417218542,0.9613576158940396,0.9613576158940396,0.960860927152318,0.960860927152318,0.9575827814569536
7025,9432,118668,0.1790950168880678,0.74480491942324,1.342633451957295,2499,5,380,5,16.892241992882564,12.58142493638677,0.169594306049822,0.1690533807829181,0.1597153024911031,0.1158434163701067,0.0965409252669038,0.0847829181494661,0.0967971530249109,0.0988469750889679,0.1763131672597864,0.1305907473309608,0.1107188612099643,0.1280569395017793,0.1289395017793594,0.1014661921708184,0.0380925266903914,0.1859074733096085,0.240170818505338,0.2598718861209964,0.2522704626334519,0.2462064056939502,0.1416654804270462,0.1246690391459074,0.1921423487544483,0.1899217081850533,0.1901779359430604,0.1871316725978647,0.1952740213523131,0.1886405693950177,0.2078576512455515,0.2037580071174377,0.1486405693950177,0.136967971530249,0.0988185053380782,0.1402135231316725,0.0992740213523131,0.2196441281138789,0.2151174377224198,0.1279715302491102,0.2091672597864768,0.1262064056939501,0.1924270462633451,0.1762562277580071,0.1804697508896796,0.1547330960854092,0.1374234875444839,0.1707900355871885,0.0902775800711743,0.0764128113879003,0.0749893238434163,0.0751601423487544,0.2372953736654804,0.2558291814946619,0.260526690391459,0.260526690391459,0.2578505338078291,0.1982918149466191,0.1701352313167259,0.1668327402135231,0.1449964412811387,0.1313879003558718,0.1947615658362989,0.1756583629893238,0.1721850533807828,0.1497793594306049,0.1420925266903914,0.1988612099644127,0.2039288256227757,0.1990604982206405,0.2130676156583629,0.2333950177935942,0.0781494661921707,0.1661779359430604,0.1704199288256227,0.1920569395017793,0.1653523131672597,0.1203985765124554,0.1133380782918149,0.1641565836298932,0.1447402135231316,0.1123985765124554,0.0945480427046262,0.0947758007117437,0.0945480427046262,0.0942348754448398,0.0072597864768683,0.1200569395017793,0.1904626334519572,0.1961281138790035,0.1809822064056939,0.1545338078291814,0.133950177935943,0.1549893238434163,0.184967971530249,0.1953024911032028,0.2082562277580071,0.0757864768683273,0.2493096085409252,0.2393167259786476,0.0774092526690391,0.2427900355871885,0.2444128113879003,0.1852241992882562,0.2413665480427046,0.2236298932384341,0.2412526690391458
936,2028,20050,1.0562593772652944,0.4615384615384615,2.1666666666666665,440,5,87,5,21.42094017094017,9.886587771203155,0.2179487179487179,0.2826923076923077,0.266025641025641,0.2382478632478632,0.2057692307692307,0.0408119658119657,0.1948717948717948,0.2049145299145299,0.2634615384615384,0.2794871794871795,0.2136752136752136,0.2155982905982905,0.2286324786324786,0.1997863247863247,0.1495726495726495,0.2865384615384615,0.3168803418803418,0.3399572649572649,0.3371794871794871,0.3335470085470085,0.0683760683760683,0.0696581196581196,0.204059829059829,0.2482905982905982,0.2651709401709401,0.2929487179487179,0.29508547008547,0.2867521367521367,0.2895299145299145,0.2933760683760683,0.2282051282051281,0.2649572649572649,0.2128205128205127,0.267094017094017,0.2153846153846153,0.3212234679289724,0.3173076923076923,0.2521367521367521,0.3175213675213674,0.2666666666666666,0.2675213675213675,0.2666666666666666,0.2760683760683761,0.2760683760683761,0.2666666666666666,0.2061965811965811,0.2076923076923076,0.1777777777777777,0.1764957264957264,0.1747863247863247,0.1993589743589743,0.3004273504273503,0.3158119658119657,0.3158119658119657,0.3247863247863248,0.2448717948717948,0.2764957264957265,0.2946581196581196,0.2784188034188034,0.2688034188034188,0.2463675213675213,0.2811965811965812,0.292094017094017,0.2931623931623931,0.2818376068376068,0.2846153846153846,0.3115384615384615,0.2707264957264957,0.2893162393162393,0.3226495726495726,0.0149572649572649,0.2363247863247863,0.2299145299145299,0.2559829059829059,0.2324786324786324,0.2427350427350427,0.2457264957264957,0.2585470085470085,0.2888888888888888,0.1487179487179487,0.1952991452991452,0.1944444444444444,0.1952991452991452,0.1852564102564102,0.0386752136752136,0.2457264957264957,0.2888888888888888,0.2891025641025641,0.3091880341880341,0.2844017094017094,0.214102564102564,0.2286324786324785,0.2572649572649572,0.3002136752136752,0.3147435897435897,0.1606837606837606,0.3162393162393162,0.3104700854700854,0.1623931623931623,0.3149572649572649,0.3452991452991453,0.2066239316239316,0.3452991452991453,0.263034188034188,0.3452991452991453
4911,3166,42380,0.2725712888402831,1.551168667087808,0.6446752188963552,359,5,152,5,8.629607004683363,13.385975994946303,0.0540012217470983,0.0487069843209122,0.0444715943799633,0.0377927102423131,0.0314803502341681,0.0266340867440439,0.064304622276522,0.0663815923437181,0.0730197515780899,0.0453268173488087,0.0646711464060272,0.0698839340256566,0.0605986560781917,0.0703726328649969,0.0653227448584809,0.0471187130930563,0.0583587863978822,0.0742007737731622,0.0771329668092038,0.0775809407452656,0.052820199552026,0.0523722256159641,0.0641417226634086,0.0584809611077173,0.0642638973732437,0.0654449195683159,0.066951740989615,0.0634086744043982,0.0626349012421095,0.0614538790470372,0.0299328039095906,0.0364895133374057,0.0149867644064344,0.0320912237833434,0.0151089391162695,0.0518428018733455,0.0563225412339645,0.0279780085522296,0.0584809611077173,0.0322948482997352,0.0337609448177559,0.0323355732030136,0.0360415394013438,0.0360415394013438,0.0323355732030136,0.0461005905110975,0.0233760944817755,0.0221950722867032,0.0224801466096517,0.022398696803095,0.0625941763388311,0.0769700671960903,0.0795357361026267,0.0795357361026267,0.0770922419059254,0.0628792506617796,0.0694766849928731,0.0616167786601506,0.0539604968438199,0.0517613520667888,0.0601099572388515,0.0664223172469965,0.0653227448584809,0.0597434331093463,0.0557931174913459,0.0597841580126247,0.0825086540419466,0.0544899205864385,0.0654449195683159,0.0822235797189981,0.0265526369374872,0.0431276725717775,0.0445937690897983,0.0546528201995519,0.0355528405620036,0.0410507025045814,0.0384035837914884,0.0739971492567704,0.0434534717980044,0.0271227855833841,0.0659336184076562,0.0658928935043779,0.0659336184076562,0.0651598452453674,0.0114436978212176,0.0385664834046018,0.0666666666666666,0.0690287110568112,0.052942374261861,0.0532274485848095,0.076359193646915,0.0747301975157808,0.0730604764813683,0.0664223172469965,0.0597841580126246,0.0504988800651597,0.0739564243534921,0.0659743433109346,0.0508654041946649,0.0656078191814294,0.0814905314599877,0.0073304825901038,0.0814905314599877,0.0409285277947464,0.0814905314599877
2287,7055,128530,0.7966018760088839,0.3241672572643515,3.084827284652383,348,5,1274,5,56.20026235242676,18.218284904323173,0.6978574551814605,0.7368605159597725,0.7074770441626586,0.6069960647135986,0.5733275032794054,0.6422387407083516,0.6459116746829908,0.6569304766069086,0.7377350240489724,0.6907739396589418,0.6717971141233057,0.7010056843025798,0.6934849147354613,0.6217752514210757,0.4247485789243551,0.7220813292522956,0.770004372540446,0.8004372540445999,0.7812855268911237,0.759947529514648,0.6625273283777875,0.64967205946655,0.7756012243113248,0.7038915609969392,0.7244425010931351,0.6735461303017053,0.7062527328377788,0.6663751639702667,0.724529951902055,0.7205946655006559,0.7370354175776126,0.7617839965019677,0.7610843900306078,0.7623087013554876,0.7613467424573678,0.7130738959335374,0.7137735024048972,0.7636204634892872,0.7127240926978574,0.7605596851770879,0.7778749453432445,0.7772627896808045,0.7744643637953651,0.7733275032794054,0.7735898557061652,0.6467861827721906,0.310013117621338,0.2759073021425448,0.2829908176650633,0.2909488412767818,0.7497157848710101,0.7842588543944031,0.7867949278530826,0.7867949278530826,0.7676432006996065,0.7127240926978574,0.7476169654569305,0.7333624836029733,0.6914735461303018,0.6832531700918233,0.7161346742457367,0.7574989068648885,0.7490161783996502,0.7139484040227372,0.7116746829908177,0.7616090948841276,0.7766506340183646,0.7031045037166594,0.7878443375601224,0.7904678618277219,0.6344556187144732,0.6060341058154789,0.6054219501530389,0.7278530826410144,0.5592479230432882,0.6111062527328378,0.4353301268036729,0.7343244425010932,0.6780935723655444,0.6444250109313512,0.6466112811543507,0.6465238303454307,0.6466112811543507,0.6445124617402711,0.0306077831219938,0.6987319632706603,0.7905553126366419,0.7891560996939222,0.7602098819414079,0.7477044162658505,0.6994315697420201,0.7220813292522956,0.7431569742020113,0.7517271534761696,0.7526016615653696,0.6226497595102755,0.7705290773939659,0.7853082641014429,0.6216878006121556,0.7841714035854832,0.7455181460428509,0.744993441189331,0.7219938784433756,0.7219938784433756,0.6975076519457806
9983,7814,545591,0.6994114207103189,1.277578704888661,0.7827306420915556,663,5,3846,5,54.65200841430432,69.82224212951114,0.7794049884804167,0.7346689371932285,0.6832415105679656,0.5533406791545628,0.5454071922267856,0.6714214164078933,0.7659020334568767,0.8098767905439246,0.7455674646899729,0.6960833416808574,0.7605128718821997,0.7378142842832816,0.7261344285284984,0.6336572172693579,0.3869978964239206,0.6660322548332165,0.774496644295302,0.8386857658018633,0.8402884904337373,0.8318140839427027,0.7397175197836322,0.7053591104878293,0.7741760993689273,0.7032154662926976,0.7282580386657317,0.5676449964940399,0.6659320845437243,0.5633176399879796,0.7069017329460082,0.6526895722728638,0.7884403485926075,0.7947110087148153,0.7944706000200341,0.7942902934989482,0.7934889311830111,0.7396974857257337,0.7406991886206551,0.7885004507663027,0.7417209255734749,0.7916658319142542,0.8145046579184614,0.807031954322348,0.8046278673745368,0.8033657217269358,0.802063507963538,0.6027246318741861,0.2722428127817289,0.1917860362616447,0.1915456275668636,0.195973154362416,0.8055293999799659,0.8105579485124712,0.8132425122708604,0.8132425122708604,0.8087749173595112,0.8072723630171291,0.7758789942902935,0.7626965841931284,0.7384754081939298,0.7326254632875889,0.8098567564860263,0.7854953420815386,0.7741159971952319,0.7589502153661224,0.7436842632475208,0.6790944605829912,0.8282279875788842,0.6013422818791947,0.8333967745166783,0.8423119302814784,0.671541620755284,0.5726735450265451,0.5767204247220274,0.7178202945006511,0.5260943604127016,0.5124110988680758,0.326254632875889,0.5441450465791846,0.429209656415907,0.5104076930782331,0.671922267855354,0.671922267855354,0.671922267855354,0.6713012120605029,0.0281879194630872,0.7415406190523891,0.8159471100871482,0.8210357607933487,0.7884603826505059,0.7580086146448963,0.7513573074226184,0.7638986276670339,0.7867574877291396,0.7930882500250426,0.7886807572873885,0.6343383752379045,0.7734749073424823,0.7921666833617149,0.6377040969648402,0.7931683862566363,0.788981268155865,0.7889412000400682,0.7840328558549534,0.7839927877391565,0.774356405890013
4905,2420,53258,0.4486735579312726,2.0268595041322315,0.4933741080530071,94,5,311,5,10.8579001019368,22.007438016528926,0.1723139653414882,0.179571865443425,0.1687665647298674,0.1310907237512741,0.1115188583078491,0.124322120285423,0.1261569826707441,0.1453211009174311,0.1839347604485219,0.1435270132517838,0.1512334352701324,0.1848725790010193,0.1704791029561671,0.1740265035677879,0.1462181447502548,0.1891539245667685,0.2235677879714576,0.2493374108053006,0.248440366972477,0.2429765545361875,0.1668093781855249,0.1554332313965341,0.1876860346585117,0.1922120285423037,0.1987767584097859,0.1945361875637104,0.1981651376146788,0.1918042813455657,0.2031396534148827,0.2007339449541284,0.2370234454638124,0.2246687054026503,0.15710499490316,0.2391845056065239,0.157716615698267,0.2204689092762487,0.2198980632008154,0.2340468909276248,0.220183486238532,0.2387359836901121,0.2386136595310906,0.2390621814475025,0.2410601427115188,0.2410601427115188,0.2391029561671763,0.1771253822629969,0.0955351681957186,0.0807747196738022,0.0811009174311926,0.0824872579001019,0.2180224260958205,0.2535372069317023,0.2583893985728848,0.2583893985728848,0.2534556574923547,0.2029357798165137,0.2037920489296635,0.1960040774719673,0.1829153924566768,0.1708460754332313,0.2006931702344546,0.1941284403669724,0.19420998980632,0.1798572884811416,0.1777777777777777,0.1707645259938837,0.2215698267074413,0.161427115188583,0.1988175331294596,0.2410601427115188,0.1244444444444444,0.1575942915392456,0.1583690112130478,0.1727624872579,0.1441386340468909,0.143893985728848,0.1403465851172272,0.1972273190621814,0.1642405708460754,0.1057696228338429,0.1254638124362894,0.1254230377166156,0.1254638124362894,0.1217533129459734,0.0170846075433231,0.139571865443425,0.2169215086646279,0.2227115188583078,0.1876452599388379,0.1664424057084607,0.1655453618756371,0.1760244648318042,0.1890316004077472,0.1975942915392456,0.2071763506625891,0.1082161060142711,0.2433843017329255,0.2278899082568806,0.1068297655453618,0.2338430173292558,0.244118246687054,0.1876860346585117,0.2390214067278287,0.206156982670744,0.2380428134556574
