num_users,num_items,num_interactions,density,user_item_ratio,item_user_ratio,highest_num_rating_by_single_user,lowest_num_rating_by_single_user,highest_num_rating_on_single_item,lowest_num_rating_on_single_item,mean_num_ratings_by_user,mean_num_ratings_on_item,BPR_0,BPR_1,BPR_2,BPR_3,BPR_4,CDAE_0,CDAE_1,CDAE_2,CDAE_3,CDAE_4,DMF_0,DMF_1,DMF_2,DMF_3,DMF_4,EASE_0,EASE_1,EASE_2,EASE_3,EASE_4,ENMF_0,ENMF_1,ENMF_2,ENMF_3,ENMF_4,ImplicitMF_0,ImplicitMF_1,ImplicitMF_2,ImplicitMF_3,ImplicitMF_4,ItemItem_0,ItemItem_1,ItemItem_2,ItemItem_3,ItemItem_4,ItemKNNRP_0,ItemKNNRP_1,ItemKNNRP_2,ItemKNNRP_3,ItemKNNRP_4,ItemKNN_0,ItemKNN_1,ItemKNN_2,ItemKNN_3,ItemKNN_4,LINE_0,LINE_1,LINE_2,LINE_3,LINE_4,MacridVAE_0,MacridVAE_1,MacridVAE_2,MacridVAE_3,MacridVAE_4,MultiDAE_0,MultiDAE_1,MultiDAE_2,MultiDAE_3,MultiDAE_4,MultiVAE_0,MultiVAE_1,MultiVAE_2,MultiVAE_3,MultiVAE_4,NCEPLRec_0,NCEPLRec_1,NCEPLRec_2,NCEPLRec_3,NCEPLRec_4,NMF_0,NMF_1,NMF_2,NMF_3,NMF_4,NeuMF_0,NeuMF_1,NeuMF_2,NeuMF_3,NeuMF_4,PopScore_0,PopScore_1,PopScore_2,Pop_0,Random_0,RecVAE_0,RecVAE_1,RecVAE_2,RecVAE_3,RecVAE_4,SVD_0,SVD_1,SVD_2,SVD_3,SVD_4,SimpleX_0,SimpleX_1,SimpleX_2,SimpleX_3,SimpleX_4,UserUser_0,UserUser_1,UserUser_2,UserUser_3,UserUser_4
22363,12101,198502,0.0733522706417427,1.8480290885050823,0.5411170236551447,204,5,431,5,8.876358270357287,16.403768283612923,0.0298775228112045,0.031573040618843,0.0310830575247449,0.0225262579812572,0.0169781227561876,0.0059051586463111,0.0153609036684245,0.025087344301211,0.0274966776802072,0.0181589867892462,0.0158087813870359,0.0203653787299464,0.0191299840931276,0.0113728492222162,0.0049697618078474,0.045628197948204,0.0590134828391701,0.0606920465941629,0.0566214013096594,0.0547315992198654,0.0360427901015851,0.0319218191531598,0.037437499869468,0.0402208966890454,0.0408455588677435,0.0366810712937636,0.0385587103416819,0.0366710281687366,0.0426136886462599,0.0409847971746688,0.045452421143162,0.0425140437921742,0.0220150401677474,0.0452570115819752,0.0218385212007155,0.0479014997595487,0.0479119381940619,0.0434260843112328,0.0478209003951814,0.0441011206436752,0.0467328662893913,0.0452751342190634,0.0472725052427506,0.0472725052427506,0.0452626242976765,0.0302466644604912,0.0168098864871469,0.0129249182083294,0.0128355581057192,0.0139157928844659,0.0606786436016161,0.0603981208648351,0.0610988080003433,0.0610988080003433,0.0604965863795681,0.0381054652400621,0.0367633043555277,0.0327055098602584,0.0319209006865103,0.0289920898567308,0.0372935957909357,0.0379782315983744,0.0348088615890065,0.0309908024775392,0.0295147383478275,0.035830979013035,0.0385710214003342,0.0380395624315376,0.0448139350890863,0.0487158475197932,0.0026082891472661,0.0305434317554118,0.0305813358995851,0.0214891220242885,0.032494037032431,0.0198429256873328,0.0187377893339275,0.028184305518293,0.0241968494057219,0.0225225194801009,0.0064422006567771,0.0064666126675439,0.0064422006567771,0.006125987271659,0.0001859911643492,0.0266367580758466,0.0405004193633195,0.0419419878338263,0.037801764263974,0.0275200660810312,0.021694936081247,0.0243647181650227,0.0303624972151074,0.036659168960178,0.0410829927677323,0.0040396087393803,0.0415394053330295,0.0366263747355036,0.0042195540645063,0.0361769187511334,0.0543512823358424,0.0369485620167793,0.053219330613906,0.0466300454774845,0.052321026354902
1819,14868,984499,3.640240086741704,0.1223432875975248,8.173721825178669,7025,15,1541,5,541.2308960967565,66.21596717783159,0.5708411062729488,0.4735586841495386,0.4158828350407083,0.2913057209715491,0.2526205436432494,0.4914898185750603,0.5587137183126123,0.5809207897665609,0.5590296923321002,0.5704336986432277,0.5342275823587103,0.5233369691860527,0.521079276208589,0.4814796816842224,0.1136889988882289,0.4525507992879835,0.5307918765588512,0.6352429696369442,0.6860141794692703,0.6906649319155882,0.4467438415936099,0.4367193911036152,0.5119117502186743,0.2402186165528545,0.2130388711128256,0.1020828546602754,0.1433924514906583,0.0978887953270215,0.1540109440918657,0.1185983509774204,0.5434318649870772,0.5407079229814892,0.5407079229814892,0.5436720271510385,0.5301395879673245,0.5235996927086815,0.5236410481649917,0.3980477735901445,0.523298270587709,0.4119787388397278,0.598109271846514,0.5488299869161934,0.5273135460333848,0.5142333988973683,0.5023522000543871,0.4506875879297533,0.0733309713973482,0.0499209866368481,0.0512846824039155,0.0518851875203719,0.5240101138150997,0.5967282490035926,0.6047207756478088,0.6047207756478088,0.5872461365828594,0.5092062456919987,0.5595361069803568,0.5382280287202595,0.4203435829101073,0.4521554844513028,0.5209052905519742,0.5189091312609617,0.4565192078089247,0.4118345702176049,0.4021827143393844,0.6261468138903231,0.5512798258435729,0.6005279061507326,0.5047587804518179,0.5502639036372433,0.4928931644772907,0.6134527822946575,0.6191652134689815,0.6396045516215689,0.6058338017990351,0.1521047513892977,0.2022998411043542,0.2272503230127417,0.1715544554083809,0.1485385162152643,0.4932808264725499,0.493150971449584,0.4932808264725499,0.4918803351807774,0.0079229006083224,0.5976277576824135,0.5422714564261467,0.5451774729816208,0.6511304034955103,0.6256915877990479,0.5558650761337525,0.5717870458246543,0.5863512672687634,0.5955388566256177,0.6026736660991732,0.2776318494567981,0.453038617591089,0.4667072953698935,0.2790871377003377,0.4702148480117628,0.4714900442121744,0.4714019806973685,0.5261414012981442,0.5261414012981442,0.557273854071288
9930,24780,206241,0.0838155222148258,0.400726392251816,2.495468277945619,1747,5,218,5,20.76948640483384,8.322881355932203,0.0101350319773504,0.0098706358782101,0.0095035198673137,0.0061861095599532,0.0043178642237434,0.0033425028590368,0.0057051134838485,0.0059620695460952,0.0128768097393114,0.0103574980089621,0.0079937975609801,0.0075189438984157,0.0079407168289066,0.0062487999803112,0.000400508951254,0.0193620271272733,0.0241607428945414,0.0241203399217487,0.0223610807843008,0.0214105965445849,0.0085787032058299,0.007225469795708,0.0100400553589916,0.0120887992441557,0.0121501910290752,0.0110547437383192,0.0117405127152898,0.0108691056015641,0.013861811919358,0.014047207894989,0.0113500778177201,0.0149546619392373,0.0128612328076056,0.0152803853473854,0.0132486471909041,0.0155374326199821,0.0166804706011781,0.0141780163600549,0.0175335731710844,0.0146592205792128,0.0170514740925511,0.0163242322929915,0.0157980505778975,0.0154967934147425,0.0153553825937747,0.0096743117686545,0.0058317283374446,0.0043304067761792,0.0044247921180108,0.0046283276419902,0.0169041672486121,0.0172191412201332,0.0169152740798343,0.0169152740798343,0.0175734821695493,0.0131152363586714,0.0169826891417226,0.0169173760379535,0.0136687129399482,0.0097345061069098,0.013630654266097,0.0176736985523978,0.0178365787843382,0.0152254580141006,0.0065283518263911,0.008279171481738,0.0081742286128867,0.0097213245580493,0.0092379104144079,0.0134219688495482,0.0018588539491007,0.0075850841848144,0.0076208188759686,0.0044481585614094,0.0088164192489189,0.0049022557577191,0.0040137882546506,0.0106797331569069,0.0083587496859905,0.0065928377475305,0.0049523223937154,0.0049457802703848,0.0049523223937154,0.0049132211105487,0.0001972122078666,0.0131057464941054,0.0180335662563099,0.0181623434776642,0.0154002927393095,0.0141717663230206,0.0030605762561747,0.0039507015050347,0.0066676400466507,0.009300045438714,0.0108229200113248,0.0020593758830454,0.016310553209573,0.0169572648998721,0.0023216663006639,0.017332496673475,0.024554514938368,0.0071703344990683,0.0243386148900356,0.0132192581397517,0.0242580509424022
576,550,13116,4.140151515151516,1.0472727272727274,0.9548611111111112,146,5,352,5,22.77083333333333,23.847272727272728,0.2241569197627096,0.3313910289373547,0.3252001791187571,0.2300136552740698,0.1775892351654272,0.1300012974012633,0.2772373505298219,0.3231740820187712,0.3113298944814743,0.2195625401065051,0.2488396356758247,0.332686214122999,0.325804505346444,0.2944875774737471,0.3040611380161297,0.2690780720351466,0.3532467101334623,0.3706866928414795,0.3373480819373776,0.3212833638467446,0.0361116361915951,0.0400024634083539,0.1937597116154007,0.2325843737609067,0.2469017780495344,0.1875632342673447,0.2017259321001562,0.1883335163837209,0.1885477201666074,0.1906190571228099,0.3405427844472954,0.3632010080808264,0.3380026896631675,0.36235254865888,0.3369531343733196,0.301465318050199,0.3016468177844914,0.3562672325228277,0.3016069807809379,0.3622001615757519,0.3621999951779219,0.3622001615757519,0.3602021269659622,0.3602021269659622,0.3622001615757519,0.148700602039462,0.1150006750270925,0.0754745109241771,0.0712571049667517,0.0734699821848205,0.2649020343937696,0.359416814262582,0.3593348267937294,0.3593348267937294,0.3506976996391571,0.3298059746056649,0.337990690188116,0.333716575890849,0.2965323573652546,0.2857595296922163,0.3246163651797887,0.3446913018419899,0.3320574750815106,0.3173041104975098,0.3093726245673335,0.2089774788075091,0.3227991855679563,0.2052545797064597,0.2327830863511117,0.3283015132492132,0.2430745705487022,0.1815305071801984,0.1868277889134701,0.2033405630715076,0.1442463971364238,0.2803705747616851,0.2837661338278026,0.2958832521719275,0.3277135360903521,0.0813574065146646,0.251231570786625,0.251231570786625,0.251231570786625,0.0461235000700459,0.0085234714480862,0.2273167680621973,0.3497336677496479,0.3620154671446987,0.3375945170563965,0.3294183232964758,0.3179417911361694,0.3457398097838914,0.353569414520939,0.3424119722767075,0.3356142347330111,0.1636039262150378,0.3854316524457791,0.3790824262340204,0.1620810298178318,0.3768512364440701,0.3703583868115383,0.3703583868115383,0.3443120203075087,0.3443120203075087,0.3009286052625807
24303,10672,231780,0.0893655752052377,2.277267616191904,0.4391227420483068,773,5,802,5,9.537094185902976,21.718515742128936,0.0440750213310623,0.0469927094656699,0.0436015262809398,0.0282681831450906,0.0229346371946875,0.0092800190564659,0.0137471009295104,0.0417414894182021,0.0287231554829731,0.0179168582482425,0.0209136403915486,0.027852251152265,0.0267928651270327,0.0126468082702344,0.0070853595284601,0.048369566075177,0.0645061468389049,0.0688536071730574,0.0649305589736074,0.0630291572384597,0.0506269715538368,0.0442683136406275,0.047091735159117,0.0562990865323199,0.0563477531677919,0.0516977451004997,0.0552880174189702,0.0517033568795462,0.0584533509808923,0.0560460078856598,0.0470082073023212,0.0491446741108445,0.0279871931237694,0.0498580831858945,0.0283667532636795,0.0587834674593223,0.0588800679449894,0.0454965331923007,0.058832597570673,0.047905537359985,0.0528354629964767,0.0489194954627638,0.0530967271792068,0.053315651019926,0.0498891482765004,0.0452934825024981,0.0173825061969373,0.0129539440799151,0.0137625657223309,0.0132845820942755,0.0699561780487318,0.0703836052507058,0.0707623238238793,0.0707623238238793,0.0706055800769768,0.0506532815128731,0.045336120853955,0.0399849835535231,0.0382987866607673,0.0325771952759911,0.0494441388599287,0.0476532077470815,0.043956444713985,0.0393557878970313,0.0367697134463975,0.0436547872533601,0.0502547514603334,0.0449532506482684,0.0564348255288103,0.0609076781343226,0.0085004206871663,0.0336429498676264,0.0334839561632602,0.0349605649176606,0.0331395671244809,0.0253510133703704,0.0254220815917189,0.0416578088934004,0.0327135809643666,0.02660755276256,0.0094930629373932,0.0094961908949846,0.0094930629373932,0.0094329721054245,0.0003126678406692,0.0297914031372526,0.0513498367689801,0.0524907719701573,0.0449272604648585,0.0330970468623436,0.0248423727566267,0.0334985448314892,0.0396133328147508,0.0436706762985711,0.0490626245172713,0.0055636151292603,0.0557956401697594,0.0533154698243008,0.005982736416779,0.0528950820098584,0.0611045425861766,0.054269406907688,0.0606577707781764,0.0595821203267971,0.0602410873891053
1062,3895,40825,0.986947871262834,0.2726572528883184,3.667608286252354,318,5,273,5,38.44161958568738,10.481386392811295,0.0711623008238633,0.0608426286764363,0.051492196968684,0.0316050865975048,0.0250641604655582,0.0631637164665077,0.0632924124367098,0.0631438710759883,0.0537870848004301,0.0447051149074122,0.0625503796565279,0.0568723861915571,0.0529398154557076,0.0613144479852845,0.0557854326122747,0.0751962615485663,0.0886723743712668,0.0956043173543223,0.0854921246028278,0.0809878208997441,0.0300889634086961,0.0331714324717824,0.0741034913713779,0.049478840931445,0.0563935524864022,0.0553620495174309,0.0584167805995706,0.058272862769996,0.0625996893330111,0.0596661113181501,0.04722594297052,0.0783969864528019,0.077763956194127,0.0919471880146488,0.0912176049322455,0.0819035253165212,0.0814783194096411,0.0680590116691183,0.0810837138949718,0.0911457757363747,0.0663853278861973,0.0776944166247556,0.0914826362825921,0.0944998791664568,0.0915196877496278,0.052471024694873,0.0148129930199162,0.0134124199344584,0.0130273415398564,0.0135368373293759,0.0494042142223986,0.0764301172272885,0.0778731169148069,0.0778731169148069,0.0758700490647964,0.0683377870226633,0.0578358923454199,0.0478537199527707,0.0408003739278865,0.0344006646193577,0.069926810615501,0.0565197357328439,0.051702883731743,0.0416476131893854,0.0355506718783216,0.0701127088526135,0.0818919522871564,0.0616334172749029,0.0744563047609055,0.0860438238971466,0.0632158932858969,0.0512733027425592,0.0510175801466601,0.0513847926362451,0.046172330336112,0.0394627326635094,0.0298740945773712,0.0763380613444645,0.0542551239573867,0.0250409542403813,0.0631443125388694,0.0631894749619519,0.0631443125388694,0.0613145745755269,0.0022522127808422,0.0391596197101823,0.0724185146168654,0.073166810189476,0.0581634441371897,0.0453679591395547,0.0739648268182274,0.0761980771343125,0.0851910212182265,0.0892189469794038,0.0945586590024952,0.0491397161103103,0.0939842170915276,0.0820222479721335,0.0472108730529719,0.0806694766237613,0.0873363676365298,0.0865424064858019,0.0803347268849302,0.0803347268849302,0.0764996219817948
23724,29794,687070,0.0972040269729623,0.7962677049070283,1.255859045692126,1763,5,1340,5,28.9609677963244,23.060683359065585,0.0273485604535644,0.0367514397008078,0.0339614131561373,0.0225143986588963,0.0211162780708477,0.0138141000446508,0.0205004183149483,0.0338120746390272,0.0411794521976678,0.0303570388445959,0.0199847866495427,0.0198006428830645,0.0172243698703218,0.0125604440566143,0.0106516815726855,0.0638882733674954,0.0931275095594819,0.0921173526183796,0.080203145397538,0.0743464355410617,0.0383521147713355,0.0318623962245617,0.0420819066453212,0.0457746869098836,0.0465388439284577,0.0372710932547082,0.0430807283836743,0.0368352510703369,0.0478565135444811,0.0436079706004795,0.0705206331167633,0.070621351675931,0.0550379982324577,0.0711856623334134,0.0555311894663803,0.0417501064973315,0.0416283334933302,0.062997020143041,0.0424792263320444,0.0660001749569915,0.0797711283566195,0.0729290665693043,0.0751065183778588,0.0747904564802356,0.0717467490749364,0.0318597044418934,0.0137694874488665,0.009839017384049,0.0099711214462519,0.0095981124046232,0.0916531068696105,0.0929801110758448,0.0933124526382478,0.0933124526382478,0.0937290869680808,0.0411636240176261,0.0446121583188474,0.0360309014281509,0.0359824002194064,0.0258211871796325,0.0403346042331888,0.0463868987586904,0.0419305312169814,0.0397567963152172,0.0268007655932986,0.0417078901574533,0.0377107793062245,0.046992827700855,0.0463649530477002,0.0605252773192674,0.0132401667340681,0.0328541198721557,0.0335682185839695,0.0314306977412533,0.037680033405981,0.0186403303995073,0.0126785025526323,0.0274323107523932,0.0219885938946566,0.0213667641909521,0.0143778961176347,0.0143778961176347,0.0143778961176347,0.0143645833870702,0.0001970219374484,0.0376571798036776,0.0598089928497205,0.0613437115853276,0.0541165831775474,0.0405804976147192,0.0260128923554788,0.0302842506348246,0.0374792317345849,0.0425774682000256,0.0490575349658106,0.0103307987817722,0.0523476272469601,0.0606446401012438,0.010585143136834,0.0611169772580896,0.0599627763173676,0.0564215839268346,0.0569878468545319,0.0557861948605541,0.0528284158623399
35598,18357,296337,0.0453480454569589,1.93920575257395,0.5156750379234788,296,5,1042,5,8.324540704533963,16.142997221768262,0.0187960542020783,0.0170836425154449,0.0153492565718585,0.0090411809424718,0.0074827739717518,0.0080366109901198,0.0113528962562384,0.0228056927603242,0.0087980565255746,0.0056603330341033,0.0125071911298632,0.0108798322009244,0.0108765349994021,0.0086703133642963,0.0053997031164264,0.0229247574283325,0.0349033838143585,0.0382206038111698,0.0357005437634196,0.0348019754285629,0.0236178256211827,0.0207991618236332,0.0208333863844004,0.0260649576568578,0.0263596868281318,0.0240348186791624,0.0259382666474362,0.0238733410722581,0.0273471028171996,0.0260007486151551,0.021801028361685,0.0208392109187399,0.0092274763439625,0.0225179096440649,0.0092412799604487,0.0299621274094042,0.0296861506293449,0.020427850686008,0.0295613893355646,0.021534975572173,0.0234859921839738,0.0222168395016968,0.0252404763524936,0.0252862624815167,0.0225209112919598,0.017678677627563,0.0058763020744999,0.0044253060966399,0.0043756440727454,0.0045803909177424,0.0371657028263918,0.0372447595182384,0.0374051384335749,0.0374051384335749,0.0373076187629621,0.0182479027495864,0.0171833749315561,0.0158413258714772,0.015418282813003,0.012604008745682,0.0179918959768885,0.0186587128073323,0.0166480352641749,0.014337536970229,0.0129459114630286,0.0191590362248423,0.0235303304154747,0.0203310167556133,0.024690144758455,0.0292496293473312,0.0080801959309795,0.0173928343029405,0.0169940815911626,0.0081990326725952,0.0174799111912688,0.0075035907872698,0.007671326043225,0.0144728075580803,0.0098495811367238,0.0088637366153743,0.0080635371427133,0.0080635371427133,0.0080635371427133,0.0080429414236837,0.0001711985273129,0.0105583949123718,0.0179747766493127,0.0186434549341741,0.0188302641475803,0.0127785183100236,0.0113095742729077,0.013103727885715,0.0175570237765485,0.0208313065572199,0.0228352560493827,0.0047311034795472,0.027984977628385,0.024535100166674,0.0048333097958785,0.0226606449766567,0.034170937041199,0.0224111596780871,0.0339792676045874,0.0301109929720652,0.0339772437203685
4096,136,97879,17.570764878216913,30.11764705882353,0.033203125,130,5,4094,163,23.896240234375,719.6985294117648,0.6425601088514957,0.501703737914445,0.4191805475023984,0.2705060651377473,0.2178195187229976,0.6114168001485251,0.6278092280692854,0.6037082283852374,0.3414434849806327,0.3141897244132619,0.5227314732247355,0.2344620287805983,0.240182966192879,0.372061234265023,0.0453584764063806,0.6484627848839937,0.6508297989869787,0.6619228290180386,0.6725116772474966,0.6761292126463528,0.5527840411142869,0.5396712423494521,0.625006597534827,0.518241359620604,0.5196366018995663,0.2718654021701421,0.1912298614294198,0.1932707513647868,0.0848195611645644,0.1077729029391576,0.5999964119374399,0.5396498357920698,0.4417981577676032,0.5197505701144631,0.4183123580390894,0.6270143601241753,0.6270143601241753,0.5161683577259648,0.6270143601241753,0.5161683577259648,0.5165963789978765,0.5161571863906972,0.5165963789978765,0.5165963789978765,0.5161571863906972,0.3342599306140313,0.0617161431593408,0.0855798727571996,0.0778309927790119,0.0754335124895078,0.6202922398668783,0.644993507821013,0.6434203657569301,0.6434203657569301,0.6284692215695756,0.6309979285837594,0.6570354559915151,0.638309909844669,0.5421290314113817,0.5074789025659227,0.6270419861627488,0.6553643662754718,0.6468326694016208,0.621729244549536,0.4568167450731868,0.1588151642171879,0.4736885381314756,0.3540792514307284,0.5806980328763606,0.5839764770341496,0.61988648988814,0.0889931106898492,0.1636610170018778,0.4029706845401455,0.5174044050077924,0.2275017615823542,0.2918705878295464,0.585210337918727,0.2049104644380365,0.1381228953151551,0.6102518971993887,0.6103055852446241,0.6102518971993887,0.0731348482674507,0.0601004527500519,0.6097606426908075,0.5933500730063046,0.6047895763307464,0.6036875810643797,0.5530605477302334,0.6527064983656556,0.648609342140202,0.6385584854867853,0.638197926672077,0.6384700608635965,0.4448044512006223,0.5984779626810253,0.6161844308447112,0.4459352765017117,0.6185126964781593,0.5971369656366434,0.5971369656366434,0.6176747599135255,0.6176747599135255,0.6315158065698376
132,294,2027,5.223149866007009,0.4489795918367347,2.227272727272727,66,5,29,5,15.356060606060606,6.894557823129252,0.01159541938507,0.0534834938659566,0.0895419688648369,0.1108467040172478,0.1084026758406978,0.0160571203799884,0.0524569366772652,0.071693650067703,0.1228274865480671,0.1154873057964936,0.0548971710510648,0.0480648202229188,0.0581400215058342,0.0613158207135332,0.0553169572797869,0.1131361335934408,0.1253552682751532,0.1310100150837939,0.124967129802695,0.1204049729537747,0.0280108254001282,0.0274711056872294,0.0496647437646479,0.0729395781185316,0.0918488771873296,0.1051299725485399,0.1018924307139811,0.1034437621627731,0.0913091574744308,0.0922486513762504,0.0885030375850567,0.1119119744330812,0.1032656378212796,0.1137904781703057,0.1051441415585041,0.1243241789090852,0.12481885829859,0.1132312808272321,0.12481885829859,0.1132312808272321,0.1159458052523579,0.1132312808272321,0.1159458052523579,0.1159458052523579,0.1132312808272321,0.0187513907321054,0.105238270316254,0.0929389338535483,0.0966352171771788,0.0960866370745265,0.0489071680070721,0.1054093291868692,0.1205583110448828,0.1205583110448828,0.1272788123357718,0.1068690651714129,0.1212167037327095,0.1226792150439621,0.1064996278862955,0.1092192188984244,0.1020209825547039,0.1174212250643259,0.1192412959110261,0.1183501017257244,0.1097424783410648,0.0534394720186039,0.103783346610502,0.1259053631952658,0.1015493325649169,0.1034199943884291,0.0224529826759465,0.0482720590271746,0.0788379856982759,0.1113970409705678,0.1098004271651742,0.0893911640672303,0.0985630513819666,0.0468381277690577,0.1050682299216801,0.0619534629869323,0.0477439750307384,0.0486161756522802,0.0477439750307384,0.0138901575814736,0.0149053210869098,0.1008967448387197,0.1169343875885334,0.1220144952598835,0.1214578312103115,0.1004079084790521,0.1087078372054539,0.1223133295283877,0.128069792700279,0.1261399215434085,0.1274903412841967,0.0376685317146156,0.1049817010444349,0.09683637091839,0.038739352783867,0.107243811076741,0.1183139217920839,0.0135473014656168,0.1183139217920839,0.092995609893405,0.1183139217920839
547,547,4524,1.5119866046810089,1.0,1.0,40,5,50,5,8.270566727605118,8.270566727605118,0.0049879171019593,0.0090554719145736,0.0090859990535132,0.0102065214995572,0.0087791092425485,0.0062999273045977,0.0184500044234246,0.0195555689624688,0.0161373988785329,0.0108102892584,0.0131327898532764,0.0127827283722363,0.0146944757961354,0.0115138898396733,0.014575654529123,0.011268244637035,0.012334115125197,0.0156259557853451,0.0161461296851884,0.0161461296851884,0.0060017683002884,0.0058404450946917,0.013051945475428,0.0109579940199791,0.0106448187021191,0.0101863104050951,0.0098604321495484,0.0088904223527856,0.0078535521722922,0.0079682844951714,0.0086973493583691,0.0096039763905945,0.0038269724669911,0.0094886327427752,0.0038269724669911,0.016911220649628,0.0162440117196967,0.0094886327427752,0.0162440117196967,0.0094886327427752,0.0096592980799675,0.0094886327427752,0.0096592980799675,0.0096592980799675,0.0094886327427752,0.00468975809765,0.0076194456640115,0.0076147453949382,0.0070029165609309,0.0075432431486853,0.0073414393476133,0.010918124749444,0.0112088924100797,0.0112088924100797,0.0103448257229897,0.0154540677982727,0.0114874516448669,0.0135636957121649,0.0095912150463567,0.0088835839275013,0.0150227993514423,0.0109654437702035,0.0114874516448669,0.0113863961725564,0.0092809060227498,0.0087912592618462,0.0197937060083318,0.0078346221342611,0.007592396144265,0.0183069415243679,0.0196108906518418,0.010036409080754,0.0072814757957181,0.0090508300520514,0.0080686702359909,0.007885854879501,0.0089550861737541,0.0197909565271807,0.0120128787321725,0.0097855690972043,0.0204634770511252,0.0206388426573908,0.0204634770511252,0.0053271096201328,0.0048333739150959,0.0080842394679307,0.010771759450847,0.0122376431088577,0.0082508742675408,0.0078513556095301,0.0186921136003189,0.017591132517246,0.0149055633222519,0.0109983578023523,0.009780868828131,0.012186963282007,0.0118132714938627,0.0110017770149945,0.014099380437397,0.0094780095547486,0.0186644527556324,0.000460763266337,0.0186644527556324,0.0092514112032432,0.0186644527556324
1686,962,13272,0.8182833805609605,1.7525987525987523,0.5705812574139977,66,5,296,5,7.871886120996441,13.796257796257796,0.0387108255241326,0.0579203254805121,0.0554872844137228,0.0434787038723655,0.0361275824129673,0.0044789281304605,0.0432158629656714,0.0435812850996493,0.0569354141389573,0.0506876874556979,0.0440929056176766,0.047792478553013,0.0408794180264437,0.0372620998294276,0.0394297633621919,0.0587192716287053,0.0736287710784149,0.0811944009432334,0.0793181474003315,0.0781116411190509,0.0340171546757321,0.0329846613765557,0.0589279923095173,0.0587078624807224,0.0630687427083617,0.0597219349334546,0.0584659221028141,0.0581070382370968,0.0582629045057791,0.0589288095058142,0.073049677645565,0.071637481612288,0.0307754767827683,0.0741272582122638,0.0308822939635013,0.0750674740560945,0.0753685708798089,0.0736788118470943,0.0754497731482803,0.0735659138595114,0.0752508578991286,0.0740743051125773,0.0758888676017389,0.0758888676017389,0.0740743051125773,0.0341229602654836,0.0377231992266843,0.0284300775651542,0.0278502705260579,0.0277603721434323,0.0583865787344686,0.079363018343521,0.0773833183733362,0.0773833183733362,0.0781920510039706,0.0635714070259379,0.0657140068929144,0.0643104690753533,0.0551049284738797,0.0535558022884649,0.0621777733275939,0.0645688956027036,0.064814324370838,0.0569370616172442,0.0544711766543668,0.05211497936333,0.0694266933021779,0.0535216696879438,0.0629702040982069,0.0712788947702736,0.0404075554737734,0.0478494683089704,0.0468659064609673,0.0495668207129132,0.0426627004180051,0.0480682724959263,0.0500638018569638,0.0548954941868214,0.0619891787802027,0.0219544310178121,0.0434841737019872,0.0435126212069182,0.0434841737019872,0.0189932123891709,0.0028486794149121,0.0419374843979821,0.0688299076368878,0.0680171523967079,0.057437153428448,0.0601848791841119,0.0403407952041649,0.0510982158064172,0.056367474670287,0.0645343434392099,0.0723776160418037,0.0365059795128126,0.0736932339357058,0.0687270931554489,0.0378444225272389,0.0730240058856462,0.0789484722857499,0.0476525354602466,0.0774316587575329,0.0649430916671087,0.0775231428682944
241,1594,20539,5.346553725849529,0.1511919698870765,6.614107883817427,702,5,77,5,85.2240663900415,12.885194479297365,0.2206603078887138,0.2862261565499263,0.2827105476061677,0.2399202698285479,0.1927275407573441,0.1253778761377711,0.1677826059724536,0.2092711244915484,0.2637611631845731,0.2056465950188228,0.1392706663834905,0.2147192211515208,0.2056743045994834,0.1661663784605882,0.1207966520158925,0.3360877102770351,0.3737562620071039,0.3864411175557282,0.360471050926283,0.3448043108491006,0.0409107335915521,0.0435365925594778,0.1409643675251041,0.171196629735217,0.2015210362710214,0.2770384810799223,0.2861970385885785,0.2793702460271964,0.2522634845300345,0.2563380242646038,0.2847803834092902,0.2726984074485493,0.2668066803394868,0.260697084598615,0.2509076660663638,0.2371717543202934,0.2455599063464809,0.2413230564305683,0.248403633946216,0.2412916095313494,0.3100756402180677,0.274605953920965,0.2751281595474052,0.2753271740424825,0.2673549428847246,0.1462779052856668,0.1324567592902828,0.0990675770418755,0.0954616090001943,0.0978637840842958,0.20292912198883,0.3203242380124153,0.3313078760810363,0.3313078760810363,0.3397521652458262,0.2128306613817432,0.2962048835901388,0.2934414046802532,0.2686953726751705,0.2433000507813545,0.2072730655046675,0.2938108943971965,0.3116291064974016,0.2908034899367039,0.291490222967089,0.2391894762858207,0.3287005993947915,0.3180677086216513,0.1239782690168092,0.3330904370752522,0.0975799538882599,0.1993892689279182,0.23852826318737,0.2978676956700334,0.2258032170108679,0.2189423417793103,0.2483088262756926,0.2019272511523351,0.2905648426512487,0.1077952711311076,0.1158106005427508,0.117227813559539,0.1158106005427508,0.1051328195647175,0.0131798885812671,0.281265625008719,0.286770123939106,0.2872797159524228,0.3390822084187165,0.3142351490701384,0.2551383871739374,0.2884395809635663,0.3284454477611119,0.3531374414116855,0.3505269711169844,0.0714779500029638,0.3202890329440015,0.3202823671487992,0.070577531781558,0.321656210056651,0.328018879497746,0.3070286238178338,0.3037516830101671,0.291978897037615,0.3000491153469548
4353,8342,58664,0.1615521787045125,0.5218173099976025,1.916379508385022,489,5,78,5,13.47668274753044,7.0323663390074325,0.0151999633319219,0.0190615428534774,0.0193898829465544,0.0142027179927546,0.008619646450638,0.0027936192094252,0.003903535153422,0.0044192003747091,0.017938813188985,0.0228909963895168,0.0046800253483066,0.0093725409342144,0.0093032554273594,0.0065504028621945,0.0028434009611597,0.0373904010316684,0.0411707641903541,0.0392222694306917,0.0367616000031101,0.0363371506351865,0.0148158436090172,0.012204870359054,0.0169301037228478,0.0258762539032431,0.026601834717223,0.0255630008555244,0.0243117962343188,0.0259828621806382,0.0311299434084857,0.0318598976403142,0.0336630750615442,0.0358193367424367,0.0235959582646377,0.0352988607318333,0.0237254766917512,0.0314383401039189,0.03267245720649,0.0344111823005904,0.0330298608649593,0.0347326003743123,0.0352232743555703,0.0351344225807816,0.035250037509578,0.035250037509578,0.0351344225807816,0.0164834715321059,0.0165169945729461,0.0095609496552288,0.010418165939152,0.0105417382361586,0.0272835336021539,0.0343527621611671,0.0349289193739645,0.0349289193739645,0.0353695054426639,0.0176295575837819,0.0273210996107801,0.0300506722359108,0.0267131137072932,0.0243021036491014,0.018604023649347,0.0276821548007629,0.0303106996581746,0.0297630914476999,0.0246476003685683,0.0139629609927645,0.0139678030384875,0.0179229219973509,0.017433858951926,0.0224788844025938,0.0017219220526345,0.0127260134547998,0.0129098715744282,0.0135998563411038,0.0150199721509192,0.0119553246172684,0.0108142562682496,0.0184115495701375,0.0207058923631352,0.0085300797566823,0.0043707079747427,0.0043389881042877,0.0043707079747427,0.004359689713012,0.0006250962224553,0.0273944828866139,0.0338374335749598,0.033803012618624,0.0313685319124491,0.0285045594365302,0.0063224937138264,0.0084084256730114,0.0112659293342086,0.01522324289973,0.0191079410109479,0.0024385325399584,0.0279038873608972,0.0295197701281728,0.0026146104749141,0.0320158650144632,0.0405333916108066,0.0022774251185061,0.0405333916108066,0.0107059764410375,0.0405333916108066
6459,3905,46115,0.18283354931203,1.6540332906530089,0.6045827527481035,38,5,124,5,7.139650100634773,11.80921895006402,0.1228645685374023,0.1448535862949566,0.1433337075706023,0.1150513297602648,0.0894853235128445,0.004195376934616,0.0047325664511865,0.0049135133240285,0.1446428014063773,0.1210372913632497,0.0053986405734461,0.0339074933853634,0.0481105183704338,0.0260710924873183,0.0115131540567916,0.132462765440155,0.1533454441748727,0.1580312435344168,0.1544106762443275,0.1538508215117238,0.1450619011181166,0.1404151132510977,0.1213729999049971,0.1369549727145105,0.1359891959622024,0.1280321691884997,0.1289306634253018,0.1276181242199985,0.141224334070845,0.138658652519713,0.1557674937193547,0.1569858316817721,0.0694554409823242,0.1575850538333457,0.0694554409823242,0.1565088555286037,0.1566152302339783,0.1573970842793229,0.1566152302339783,0.1573856561868495,0.1594052856269196,0.1575149646096004,0.1594052856269196,0.1594052856269196,0.1575149646096004,0.1254385455006049,0.1140926118440514,0.084792801182041,0.086149538063513,0.0856791245157614,0.1614018679131291,0.1617247876009052,0.1602719973620175,0.1602719973620175,0.1563021877646301,0.1432888329421611,0.1411617779924593,0.132061240365846,0.1242796337210298,0.1146798082647309,0.1408264306781401,0.141296166140987,0.1338676666492304,0.1250718060532077,0.1219646394224458,0.1253016953979075,0.1211271541604045,0.1423757374113331,0.1503613260541104,0.1471274568472513,0.0046888134062675,0.1083030663545273,0.1072206096675969,0.1108021545436452,0.1201800969339535,0.1224662454176051,0.1281266935149015,0.1342965328844899,0.1459547305211813,0.0871374865427526,0.0047951831653061,0.0047561102590623,0.0047951831653061,0.0039972928693997,0.0006220783365203,0.1154788211730035,0.1483241233250033,0.1504664185592608,0.1304936884160607,0.1297862329676842,0.0305569155947108,0.0538407411425465,0.0903243136797271,0.1173053574217582,0.1353777371529995,0.010488778088649,0.1170061708764207,0.1176848180482702,0.0048857243669147,0.1185622200115691,0.1516757225711387,0.0904555683011774,0.1516099203758659,0.1417575418207073,0.1516099203758659
5199,8640,751531,1.673067024997685,0.6017361111111111,1.6618580496249278,636,50,1424,10,144.55299095979996,86.98275462962962,0.2992168672335487,0.3586717528553396,0.3343817893833992,0.2558932008106837,0.2455051729498585,0.0796062686149119,0.2917111103077795,0.4469683389735756,0.4979304264938377,0.465580437052793,0.2588864116504545,0.2537301591310411,0.232719974207496,0.1130318484506667,0.045684990322455,0.4235243586010522,0.6047518925670206,0.6911577016439133,0.6708149869122224,0.6382614855287905,0.1430487446548471,0.1145794149406276,0.4660821286310946,0.1582055469673952,0.1785011362897785,0.0833817178283483,0.1308887733122146,0.0806484950237582,0.1443537750138788,0.1106873378281379,0.6180042261844372,0.5870356230932383,0.5870302266208342,0.4657775265553573,0.3967571517273141,0.1964307686393272,0.1980325357919431,0.3418327773699861,0.1991289906551052,0.3526850544212051,0.5096616627091016,0.4395022856795186,0.4175614936950121,0.4071489528629221,0.4029931008351423,0.3244887805361057,0.1407363077394826,0.0958654633289002,0.0962989012991686,0.0961591340825326,0.6081556652087432,0.6199433769357932,0.6156041696182396,0.6156041696182396,0.6156760717290858,0.2804549996027001,0.4011617127819065,0.3543986904656454,0.2690762956686287,0.2982356524294237,0.2817113925214457,0.3399602706343685,0.2980224988626239,0.2563622220326256,0.2873675466715746,0.6139264775360552,0.4374087873056015,0.6718630816706984,0.5641337735382277,0.5914889605464208,0.0876062953413868,0.5945818186772114,0.596788323658022,0.5984043796946288,0.6370707378690179,0.2093765848804435,0.1623388143487927,0.2648338505384418,0.1929344925675729,0.2060206868608546,0.0754159568641938,0.075628139465889,0.0754159568641938,0.0766270971151925,0.003707639690968,0.4280500286453188,0.3815871420815154,0.3839819547389394,0.5125759789786539,0.4527705307975404,0.2277525846169036,0.3257662602565891,0.444816659096276,0.5041554998628824,0.5334063051326151,0.0523079592260749,0.3798955632229102,0.402658560943068,0.0529489325384602,0.4074526117652156,0.432535107467751,0.432535107467751,0.4434264778961601,0.4434264778961601,0.4225231958722732
2067,967,11267,0.5636913150912878,2.1375387797311274,0.4678277697145622,16,5,49,5,5.450895016932753,11.651499482936918,0.0049945423387933,0.0084340622254475,0.0088562105472044,0.0070139658724304,0.0067941912429542,0.0035437602721335,0.0086558083176101,0.0094471356308315,0.0111987287969587,0.007422687095169,0.0101219889459744,0.0118630467746081,0.0105142100751126,0.0093250398875181,0.0101771069731697,0.0070541048469141,0.0075107354862743,0.0075003619265949,0.0071467432746494,0.0071467432746494,0.0075528613798466,0.0078402453802958,0.0092714738140162,0.0068784430300988,0.0073675845243759,0.007199242727901,0.0076599935268505,0.0079197453529961,0.0067563472867855,0.0064689632863363,0.0054465829415234,0.0052858847210175,0.0002724204041398,0.0054465829415234,0.0002724204041398,0.0078263484042368,0.0078263484042368,0.0053751615101874,0.0078263484042368,0.0053751615101874,0.0054972572535007,0.0054056854460157,0.0054972572535007,0.0054972572535007,0.0054056854460157,0.0043379793468795,0.0035207181344598,0.0044220693562098,0.004635736907008,0.0050383315958255,0.0069658946779945,0.0068985934062478,0.0064610465227863,0.0064610465227863,0.0056920028262147,0.0109755925289172,0.0090877334558366,0.0087744155561891,0.0068934066264081,0.0060335496433755,0.0100913536003795,0.0074814399485106,0.0070817370212178,0.0073800913245559,0.0068308222574604,0.0071583452323934,0.0089760112722026,0.0066070892462093,0.0075545247433065,0.0092992677661342,0.0094016480986937,0.0068941651474321,0.0069457443018455,0.0075736084992052,0.0051367884582556,0.0061791574014032,0.0055900574590504,0.0086101939193035,0.0072509836601287,0.0040585470216257,0.0095542677778354,0.0097374113928053,0.0095542677778354,0.0068882198465685,0.0033882488314672,0.0070310627092404,0.0079214436281015,0.0083165565187643,0.0072424352417237,0.0070902854396228,0.0105146799521534,0.0106068485028479,0.0103294030966827,0.0080343592981546,0.0065414513379226,0.0113742288359597,0.0074232838383786,0.0059781584285992,0.0101192589622641,0.0075401928018522,0.0086149108221024,0.0,0.0086149108221024,0.0005321722302854,0.0086149108221024
763,2628,39652,1.9774941102074444,0.2903348554033486,3.444298820445609,595,5,243,5,51.96854521625164,15.0882800608828,0.1287933405583583,0.0858755133107699,0.0675070592058636,0.0505516076788689,0.0384861485403525,0.1221930195563169,0.1362004626948904,0.1401302536735837,0.1010055616720891,0.076126747255228,0.1199447963129158,0.1100126070196163,0.0937610106216915,0.1274658191237501,0.1132409522544717,0.0752646949615415,0.0977805860927817,0.1194565302416345,0.1271866274547635,0.1307564103084533,0.022285198138654,0.0263226327393035,0.1048604055655191,0.0314681367543671,0.0296161574400505,0.0522142216886578,0.0534299326014362,0.0575129763580962,0.0537825032104338,0.0518695002819914,0.1060025326402339,0.1064738579802097,0.1049151700037071,0.1011685336115156,0.0959863444811672,0.1241439320593578,0.1242239093989871,0.091062301018238,0.1231990966497763,0.0948917558125368,0.1068905047497134,0.0968915193873582,0.0930797893969909,0.0958560250827798,0.097394140607023,0.0974460573968833,0.0209236322154446,0.0148238356947458,0.0150435431944962,0.0145183784004361,0.0877063915797572,0.096867139016455,0.1015522657745743,0.1015522657745743,0.1003577351889914,0.1309485879750965,0.0669774301603116,0.0677634958165527,0.077384131665595,0.0720287757614605,0.126387210916109,0.0733658709837927,0.0763129191018978,0.0803030354898068,0.0775520985731751,0.0511986500893405,0.1278456949102531,0.0270663685651079,0.0560537501633881,0.1286410435884497,0.1277798172394512,0.0505990183451752,0.0535618707265795,0.1056037450002896,0.0535478613877261,0.0540751250437001,0.0355023713113088,0.1128400172947015,0.0615027403506253,0.0370525735101816,0.1124544064630726,0.1127256783573033,0.1124544064630726,0.1093884671647697,0.0042820026064611,0.0627711587117399,0.1241163097726848,0.1265532067015532,0.0795000291022604,0.0797597429149316,0.1370993344294896,0.1330996310821569,0.1252667508895975,0.118948171853252,0.1250828959745938,0.0799447364215331,0.1226590415284129,0.1184130258323263,0.0763171586977878,0.1197475399339948,0.1106232661286794,0.1106232661286794,0.1248836331873246,0.1248836331873246,0.1297161059428529
9906,12381,123518,0.100710836617455,0.8000969227041435,1.24984857662023,509,5,529,5,12.469008681607107,9.976415475325094,0.0367878751677365,0.0397845949697815,0.0376702549622532,0.0247438704260762,0.0171635963971288,0.0096971675703892,0.0099839078598773,0.010080456246826,0.0454220819426429,0.0393426862253223,0.0113499220151867,0.0189322493162698,0.0165282587466642,0.0120211584500644,0.0039697349579213,0.0601922497089505,0.0726754861584098,0.069589483330142,0.0619401806744975,0.0599086217089452,0.0409006478673891,0.0366924687832145,0.0283292739629894,0.0472160264427852,0.0473717212713417,0.0438095920272652,0.0439179191026073,0.0432075375315211,0.051336070626338,0.0523146115209287,0.0478549468513864,0.0530506745473412,0.0376736000977669,0.0520394046853625,0.0378501023516427,0.0610191299117178,0.0628988985595258,0.0498263743053037,0.0632912841573009,0.0509989800836412,0.0531876944408293,0.0519019031922139,0.0542427827441045,0.0542714692755086,0.0519900430379052,0.0372755513102427,0.025711816690739,0.0177200794216769,0.0183791671851655,0.0192570426221017,0.0572818420714096,0.0615344195854517,0.0612967382938677,0.0612967382938677,0.0618267799430058,0.0438418663743359,0.0555673119672904,0.0531055030297567,0.0445137711675295,0.0375971264051616,0.0455063634110947,0.0564611349293699,0.0564276980674049,0.0495372212374204,0.0436534907410388,0.0239056235739501,0.0243040582390036,0.0320227006005849,0.0337504111035277,0.0432390711293034,0.0095764339480297,0.0204608672658871,0.0198387867125837,0.0184831047697807,0.0251262624187966,0.0226924343287073,0.0220110909356296,0.0395349141126846,0.0340251753849919,0.0238620376977462,0.0096286814596174,0.0096207848860862,0.0096286814596174,0.0096373871980899,0.000227563316247,0.0428554294134826,0.0582535011597256,0.0585588492144071,0.0489586763340578,0.0447903186999571,0.0126958736382626,0.0158925294226311,0.0212733373684955,0.0261943524979233,0.0331481227010183,0.0096281489628575,0.0528359150164787,0.0487749048234652,0.0098906499112466,0.0505018304063579,0.0639606191272392,0.0211467157205133,0.0632702378635809,0.0436425524877291,0.0632520575923599
57728,10291,890388,0.149877074903027,5.609561752988048,0.1782670454545454,417,5,4686,5,15.42384977827051,86.52103780001943,0.081090697090423,0.0810445423820278,0.0678574632140805,0.0466575080008882,0.0496534772661052,0.0611043087412642,0.0810279674318284,0.0605515385088245,0.0334469626824378,0.0334717978046451,0.0581954375952802,0.055276019787711,0.0472327965627615,0.0168301115154516,0.0106706911017121,0.0884774809262722,0.0991902469315069,0.1076279571467504,0.1048897360173669,0.1012211134657186,0.0718692208908116,0.0613896131763938,0.0751778346672978,0.0756250684610137,0.0760647807294521,0.0627108219589576,0.0730927701044454,0.0625724383832215,0.0753940179923158,0.0681398497819355,0.0895258970927094,0.0923683142387473,0.0768082773232364,0.0926065597865305,0.0772181880230639,0.0835821003291608,0.0837661476196356,0.0896194969507561,0.0840227978587324,0.0905458996639503,0.0946813272075704,0.0936000809833272,0.0935956916056151,0.0933240453034237,0.0928846508467218,0.0628513149009468,0.0191108214286115,0.0124043067655714,0.0125065943890138,0.0127045675953604,0.1036241629323635,0.1039286396708555,0.1036680774712266,0.1036680774712266,0.1040070126583046,0.0851392184114103,0.0801933086082441,0.0772831682055219,0.0771370756672305,0.0645830207151067,0.0851859076828145,0.0830059099852912,0.0796682872693294,0.0758144112551555,0.0738030896007868,0.0687866977888228,0.1002960462917933,0.0634580108364255,0.0993054325482438,0.1015916513338931,0.0220694788550356,0.0578994909469378,0.0588114071321898,0.0829450714435097,0.0511440837757519,0.0418927092066441,0.0402729830144128,0.0649615063828748,0.044951250846284,0.0311719429806089,0.0217881818598568,0.0217881818598568,0.0217881818598568,0.0223742589212462,0.000396395221026,0.0646975112324344,0.0937323371545856,0.095349764885517,0.0781779666752641,0.0717903677391751,0.063258392764896,0.0748924389822834,0.0799304259205199,0.0861990927275837,0.0881103292180046,0.0185422064858306,0.0651439993024692,0.0616098404526881,0.0186396777843342,0.0616669903582502,0.090111797516222,0.0900882233707242,0.0910548306332779,0.0910557378516369,0.0888615257124239
943,1349,99287,7.804925214624242,0.6990363232023721,1.4305408271474018,648,19,583,5,105.288441145281,73.6004447739066,0.4067949584582385,0.4101529719414866,0.3513024210661192,0.2492347245362864,0.2283654038342922,0.2715560868367289,0.3762609385020043,0.4224408304941339,0.4248821875238837,0.3658378272324508,0.4034332740407923,0.4014754462063923,0.4061769708873481,0.3510509428540997,0.2370977685534279,0.2776383699378436,0.3803616077060746,0.4773305237197404,0.4977056838784907,0.4940109131678983,0.0362039038177601,0.0414428023332932,0.2902099822008928,0.2381800113135072,0.2097235156175362,0.1741462420289332,0.1878705391080659,0.1690858563025594,0.2341503188426695,0.226882768982032,0.3594646767847097,0.3823031445687551,0.3823031445687551,0.3998663077371013,0.4076368140217778,0.387137138935624,0.3887532378186112,0.4009372312495296,0.389300248656269,0.4122806699067795,0.4466553914193262,0.4171971134770605,0.4140704630773858,0.4140704630773858,0.4137441839754072,0.3860333270346996,0.1633471376199568,0.1507820261030184,0.1535554750811007,0.1521601079337928,0.3152117129281114,0.4280989354404235,0.4409865019026141,0.4409865019026141,0.434782227240952,0.3547468611320343,0.4568923415862673,0.4297966424045373,0.360560380704596,0.3543848638296468,0.3596747771724948,0.4655908235720932,0.4443214172229749,0.3620007966103363,0.3679376085333161,0.4011454961702156,0.4736166322255156,0.3042763146764954,0.3714183014768686,0.4835560610771908,0.2635321136504055,0.3683617866881412,0.367806974314502,0.3859259442013011,0.3055008173480967,0.2737985095038163,0.2512698766275015,0.4294703633025588,0.302809664350898,0.2072294615159009,0.2220431149913375,0.2220431149913375,0.2220431149913375,0.2216044813318918,0.0163893688790028,0.4249425329092222,0.4151202771165542,0.406365120679588,0.4830098913618183,0.4810387555901398,0.4435490093706261,0.4651111185334698,0.4687147973823835,0.4603185019908353,0.4519778867056137,0.1825350423295569,0.4555794236423715,0.4558864287381892,0.1790206198752229,0.4571062661307788,0.4091163126170684,0.4091163126170684,0.4461678848447216,0.4461678848447216,0.4511582881826765
42382,8738,678297,0.1831582176772596,4.850308995193408,0.2061724316926997,433,5,4152,5,16.00436506063895,77.62611581597619,0.0857603352602177,0.0829774539751536,0.0699432094685976,0.0471815792722925,0.0477733531655514,0.0472157215347411,0.0915480802252091,0.0737651621126537,0.0343687549038682,0.0325764993003234,0.0679370368073003,0.0630545684637327,0.0498906139708897,0.0302397217318148,0.0109510564451669,0.0888100927086647,0.1006368027797084,0.1105416022079423,0.1077972842050365,0.1044981534601855,0.0713407014488972,0.0609213774416536,0.0800178898783761,0.0744214299058294,0.0757030761621843,0.0621078947928136,0.0717800330447264,0.0618627940972701,0.0753981947464841,0.0682019186034523,0.0919419761902016,0.0956282229356049,0.0806997179333717,0.0960949810053812,0.0812015350542118,0.089774028713656,0.0900852556064274,0.0944450297646874,0.0902135405514916,0.0952972025855731,0.0992322182480509,0.0972420447683302,0.097120976482815,0.0969447018044521,0.0964244422722916,0.0670947325628138,0.020384145582191,0.0131999898863377,0.0132115109478202,0.0132797390487131,0.1071480293230706,0.107367708716024,0.1063392159311548,0.1063392159311548,0.1070406140393184,0.0874173306323169,0.0844844978027561,0.0805111778628706,0.0799903704260605,0.0714623727404845,0.0879654256688682,0.0868757202929268,0.0832670531789893,0.0791474026268651,0.0761530715734104,0.0700066919229154,0.1054775363505142,0.0636159204128455,0.1027390163139544,0.1063088956929317,0.0227341420414649,0.0544423209964498,0.0534720737557989,0.0818894035724152,0.0517167995223158,0.0422136720408992,0.0387823579059662,0.070113145908835,0.0440698531839935,0.0372085944080912,0.0222615341072992,0.0222615341072992,0.0222615341072992,0.0222170985549409,0.0004707724047066,0.0658317258032008,0.0984194893033099,0.0998175833864811,0.0823555826621964,0.0740272231535539,0.0706148168885909,0.0782290630597761,0.0839122948665139,0.0879473548310855,0.0927797902997842,0.0172758940309718,0.0699211123041471,0.067136079472896,0.0179360421242644,0.0672060201448665,0.0971339436303483,0.0970952531363135,0.0981959984012049,0.0981773754262139,0.0968153347591613
44081,8254,606353,0.1666516538460183,5.340562151684032,0.1872462058483247,381,5,3023,5,13.755427508450351,73.46171553186333,0.0915437249073303,0.0913121414192651,0.077953424227277,0.0533151755581633,0.0533955855500138,0.0475577580225141,0.0958345977099805,0.0724958086379382,0.0333285098606454,0.0309419027589958,0.0751202447001551,0.0721752736026944,0.0663850907717023,0.032925837306629,0.0040479531055311,0.0912054570547247,0.1035125793008759,0.1150231393384445,0.1137410087003222,0.110780226393585,0.0800241644664591,0.0683614356877312,0.0900734398258074,0.0830456668107916,0.0834872414354217,0.0707057063571294,0.0807674456385695,0.0704581270303565,0.0836772560740314,0.0768010077185512,0.0970513898195458,0.1006342489052261,0.0822946352648625,0.1011417011255627,0.0829573368683845,0.1008939138635045,0.1011846529889736,0.0992208303529562,0.1012368229165761,0.1004596855598527,0.1009642771664707,0.1009244038264776,0.1016411801560295,0.1016652546849954,0.1012047955417163,0.0766060468134132,0.0253949482547091,0.0179554807631034,0.0180436636132809,0.0181743720913415,0.1135382323892775,0.1130314209146075,0.1133519320451816,0.1133519320451816,0.1140658311028957,0.0905898844382265,0.088059737654543,0.0820425874866614,0.0819830748949422,0.0698022262323929,0.0917450438897062,0.0899680280740947,0.0854436868287459,0.0811830869440358,0.0619437971707323,0.0841526276132331,0.1121200707010399,0.077508042246944,0.1083694114652982,0.1110200984314807,0.0151159200109239,0.0705631771379639,0.0696615542091678,0.0907763192173222,0.0647990337993244,0.0479690411306505,0.0517291101539809,0.0853845385010258,0.0527728345300518,0.0495918939688432,0.0213965997764254,0.0213965997764254,0.0213965997764254,0.0212228195907965,0.0004221104924495,0.0671266512662391,0.1024902534597355,0.1046569240161475,0.0852189655246608,0.0754804368294258,0.0725979562148883,0.0810325758452612,0.0884192315411604,0.0943036072808083,0.0985393911252771,0.0140474181797961,0.0703436883131278,0.062751929164842,0.0136756824519336,0.0623024657518905,0.1021890647312327,0.1021693774106589,0.1042742502620072,0.1042759247714168,0.1021680398754394
73064,7711,870531,0.1545148033080446,9.47529503306964,0.1055376108617102,970,5,4411,5,11.914636483083324,112.89469588898976,0.0505249238206796,0.0495986318737349,0.0438342820968366,0.0305295017920606,0.0306838230103795,0.049533602969111,0.04987928065347,0.0315363602828644,0.0212757849499114,0.021515748208287,0.0283542188405564,0.0240564866993935,0.0221828918441491,0.0132667180399119,0.0103929638959457,0.0689179675639334,0.0750005895999101,0.0792209153996846,0.0753584971924226,0.0720283515918839,0.052367575032557,0.0442377601382197,0.0533685171982984,0.0570353086473025,0.0565152125802701,0.0499952272864704,0.056825287063465,0.0500818123461087,0.0587288329384667,0.0545277673741122,0.0690327823929065,0.0726932970849609,0.0551298478278919,0.0726151326693457,0.0552249099422767,0.0572681946513148,0.0577503477992707,0.0702819300764492,0.058046399909118,0.0713920161574027,0.0728801467998807,0.0730170403560393,0.0734824910050343,0.0733422227125082,0.0728977095619215,0.039166988999847,0.0108912156680296,0.0066067400345441,0.0064420983943174,0.006706993289756,0.0744785100146577,0.0745043780632804,0.0747569639228114,0.0747569639228114,0.0742008053314632,0.0594981264782647,0.0594306146515954,0.0583862162506351,0.0577009616090605,0.0252012759977386,0.0609083424503655,0.0599637296066961,0.0583041035058461,0.0576355449686567,0.0445017209014342,0.0412165806671264,0.0688735171444579,0.0362387337001827,0.069558839207739,0.0712027451824597,0.0177762500884403,0.0330050215399084,0.0341325684563408,0.0547760406075461,0.0315134769441654,0.027788383134723,0.0239444238207996,0.0337980843435272,0.0251195274121309,0.019843952082379,0.0174008318770121,0.0174008318770121,0.0174008318770121,0.0172054519308767,0.0004357213864993,0.0481640055784728,0.0659023045419697,0.0665696625436831,0.0560787436605202,0.0511001921612063,0.0421858803465171,0.0495614190294879,0.0533972894397249,0.0571399743119007,0.0624121840878655,0.0126217175245389,0.0577543498726099,0.0603015640196126,0.0128573586702212,0.0601546490630395,0.0559531074246054,0.0559674065952644,0.0558233801813553,0.0558170118237591,0.0551903821921529
87271,13209,752937,0.0653158746238652,6.606934665758195,0.1513561205898866,565,5,6282,5,8.627573879066356,57.001816942993415,0.049970895021765,0.0492503247484111,0.0422835058548653,0.0282042928526911,0.026864870323839,0.052379270441405,0.0368835002498693,0.0208095089099971,0.0111200709958544,0.0130468670562171,0.021765344442988,0.021396726829192,0.0155661670356913,0.0147477665664238,0.0117367527385694,0.0583877930678888,0.06703698788339,0.0720772110079219,0.0680659244359081,0.0655665599846229,0.0529841300751426,0.0479555433207952,0.0398676384352843,0.0556210789355736,0.0552589540883711,0.0499846982956863,0.0543688387239203,0.0496195564163372,0.05636127199598,0.0531641549334508,0.0550891697019119,0.0588218292360121,0.0396788906625576,0.0572635952560217,0.0397899093586541,0.0606613943186553,0.0607465644324059,0.0544566966842123,0.0607624632171294,0.0563429104200567,0.0571102985659246,0.0564074955774135,0.0589245224809811,0.0590606267561702,0.0570627929114107,0.0323983627804425,0.0097600090594636,0.007221492048361,0.007039804524855,0.0070023949618378,0.0715649380618358,0.0715013681338975,0.0715519506406571,0.0715519506406571,0.0715906931170843,0.0565607950969804,0.0534131838469439,0.052852229049138,0.0515003631859397,0.0367420924400975,0.0543830123696582,0.0533967980903404,0.0519780820604583,0.0493970885323612,0.0300844363118488,0.0349427970250604,0.0614523285169822,0.0320800854621493,0.0612285002508056,0.0611375739014956,0.0217337720723778,0.0312568760198843,0.0320966597320823,0.0486616224358346,0.0305071094309304,0.0214279201199838,0.0198857256300446,0.0395620688272938,0.0214494378930174,0.0217982881362165,0.021596740176208,0.021596740176208,0.021596740176208,0.0212145457752073,0.0001931124067935,0.0401200660266831,0.0578193150056869,0.0587217230113731,0.0507024357739866,0.0478053881128903,0.033546469935789,0.0387172803807789,0.0434814787453863,0.0487707116294781,0.0539602832203407,0.0143026891746472,0.0460650634756096,0.0486672347187842,0.0142407387803131,0.0479012299714582,0.0561704929144951,0.0559317334084575,0.0563922711776117,0.0562863246405534,0.0551850940263598
2928,1835,20473,0.3810433138279656,1.5956403269754769,0.6267076502732241,51,5,169,5,6.992144808743169,11.156948228882834,0.0343421366501021,0.0420347669303769,0.0390039320590771,0.0277570488205493,0.0223328096478921,0.0007582679916812,0.0182105414551722,0.017779157242277,0.0478178620647146,0.0327096696136511,0.0147621123796172,0.0333859339689518,0.0369657255267691,0.031404635562593,0.0263308834680444,0.0424908110995702,0.0593435799504502,0.0658406868303293,0.0656402510767741,0.065653734024802,0.0326124814061383,0.030387015007691,0.0513355079750829,0.04723362122552,0.0476533819646785,0.0465674553988476,0.0487762231923874,0.0465740611210315,0.0478917109415658,0.0458261035124498,0.0515985215538868,0.0472326507524468,0.0138481222573202,0.0519899464801158,0.0138481222573202,0.0596537192094253,0.0598774587366905,0.0517060338787849,0.0599494263165841,0.0518086071010329,0.0545570106707776,0.0518622777474363,0.0547025659818139,0.0547025659818139,0.0518622777474363,0.0331437581033419,0.0194946305687999,0.0131208271711756,0.0135226904206442,0.0137387182775128,0.0506552526141579,0.0600994151689962,0.0575830912058042,0.0575830912058042,0.0541932965249211,0.0469070909756307,0.0454285084181704,0.0411535190742906,0.0352666759251597,0.0323029809140058,0.0443832832003699,0.0469618600352475,0.0461095271097444,0.0373232012136242,0.0340472393418771,0.0405771012883948,0.059285383932864,0.039898137748822,0.0496851784525124,0.062228862333666,0.0192278980414133,0.0324506350223757,0.03354071498416,0.0364886434835756,0.0257633274994718,0.0310876868153434,0.029987124884987,0.0302176526312417,0.0442358689684236,0.0162201281741624,0.0173191329787925,0.0173191329787925,0.0173191329787925,0.0141519875003421,0.0013729078841873,0.0267246459612679,0.0480787423959959,0.048562557548132,0.0389664710135448,0.0362859275426438,0.0438059005873056,0.0467711854581853,0.0467286171008641,0.0478064423570685,0.0511922001174238,0.0113637497611188,0.0555271232123271,0.0470618317218401,0.0119342333256727,0.0505079089427338,0.0636069239979271,0.0335745466413456,0.0636674391361753,0.0547683191949433,0.0636674391361753
5536,15429,200180,0.2343617997337796,0.3588048480134811,2.787030346820809,390,5,321,5,36.15968208092485,12.97426923326204,0.0995778127736809,0.1357203873348046,0.1332285919991919,0.0961077946493925,0.0729413581727546,0.0109147911295186,0.0150322880621104,0.0358174185400497,0.1510441817976384,0.1135911937654066,0.0434745167216234,0.0476815098839919,0.0472707514775377,0.0251734035900374,0.0063046679171339,0.2137328933629403,0.2310040984219834,0.2142934181136159,0.1762150092069219,0.1608057917814609,0.1203364092610641,0.1056151387957695,0.1072200321892245,0.1206330021438041,0.1216859361663737,0.1007403579340163,0.1063185555532434,0.1018351366480154,0.1278306714293725,0.1261256933151592,0.1339694220368572,0.1738308146674307,0.1718886286736561,0.1828335276891527,0.183266419608473,0.1471853887358795,0.1566963624364021,0.1702523898480843,0.1574477636816224,0.1786351017490867,0.1820791474439701,0.1819051595310164,0.1869881889935075,0.18796934279857,0.1852414329454093,0.1067633087457898,0.0993777383026918,0.0805262181317571,0.084771030701981,0.0848636097186844,0.1952747846573133,0.1985335864302631,0.1991603322917406,0.1991603322917406,0.1989800406845154,0.1144873656568502,0.1667149479881993,0.151740655907795,0.1300772878207679,0.1165713369404941,0.1275635745167663,0.1617682825069634,0.1541083856287554,0.1434054865403567,0.1348522644212723,0.1018290029746912,0.096668994826808,0.126425885667101,0.1253180958376551,0.1482885511491314,0.0015417335107166,0.0878385732294985,0.0889995305490626,0.0937187419173098,0.1041409334844321,0.0925579931115346,0.0822254695834068,0.1279553235046595,0.1230428303601139,0.1051755015503226,0.0113914555636489,0.0113827918184694,0.0113914555636489,0.0111818422259104,0.0003322094885657,0.1392212282019908,0.1820472501477142,0.1863448872393182,0.1588918298807494,0.1572906506704952,0.0440808158939284,0.0597341380325755,0.081300678395749,0.0987974100667274,0.120802440298216,0.0079304751486331,0.1279338672042819,0.1378100015030829,0.0084591700077731,0.1424118358420771,0.1725285073334607,0.1422953382098307,0.149061948340004,0.1425838783555396,0.1436688617079467
24523,4305,291882,0.276477987457128,5.696399535423926,0.1755494841577294,810,5,3746,5,11.90237736002936,67.8006968641115,0.062706456829739,0.0609526144942481,0.0557537293892934,0.0392455617975505,0.034535787446534,0.0459083802226245,0.0700060702613157,0.0599566325592832,0.0248765114847564,0.0228828847855082,0.051106428183775,0.0375392306758312,0.035290443300156,0.0256912272734169,0.0269082963954918,0.072432674590589,0.0824279078389496,0.0894994519941901,0.0868255069028918,0.0842084590800488,0.0547222330073222,0.0489442906678454,0.0433316068339585,0.0595135325598612,0.0607940077667325,0.0543242241808385,0.0582661014721403,0.0546797905137001,0.058620922006349,0.0567298878308092,0.0724200218006858,0.0749599750763013,0.0589244358637612,0.075161913459539,0.0590907567570442,0.0691337762850261,0.0697204720257956,0.071319160010039,0.0700908427356244,0.072564274503003,0.0813045217178355,0.0773722853717873,0.0773354888458576,0.0766687801813635,0.0751080003601082,0.0392178212526765,0.014312435333704,0.011497397079766,0.0119020465203859,0.0123075947980027,0.0884977129789379,0.0897347228493673,0.0898704117221237,0.0898704117221237,0.0891081721503253,0.0680815638950459,0.0691178059000102,0.0659767024071107,0.0644747769738189,0.0558364875213195,0.0657255453833763,0.0672284503054928,0.0652241774285856,0.0637359281766734,0.0509576242404419,0.037696305241896,0.0798553407956933,0.0324789419233107,0.0718181788596383,0.0795531231377358,0.0457561345910692,0.0330612701839133,0.0332378024777863,0.0456147303273893,0.0275007505254638,0.0346071903628241,0.0299521914773029,0.0570613239108183,0.0406059695085648,0.0307270094429715,0.0457379257442561,0.0457379257442561,0.0457379257442561,0.0456401020222562,0.0007731064783448,0.046583456091525,0.0753740784924113,0.0757782040586965,0.0588794761222432,0.0534993098594631,0.0589305136912352,0.0609655286354257,0.0649375904132415,0.0703294454639441,0.077434393254873,0.0306132666528047,0.0646989125146778,0.0681928370660646,0.0314048567014795,0.0680518420201383,0.0754914838973366,0.0754571630219339,0.0767250943356561,0.0767117931102468,0.0757667854773061
147,453,2941,4.416512741962126,0.3245033112582781,3.0816326530612246,93,5,31,5,20.006802721088437,6.492273730684326,0.0103822173517978,0.0450063517711931,0.0556632546032527,0.0463937026183719,0.0429321327910706,0.0082534705627771,0.0515593649090291,0.0650223488145116,0.0472196223426831,0.0504221677067849,0.0470589767404299,0.0502038049515542,0.0529558039104142,0.0612772226886838,0.0690969397491374,0.0444430915484961,0.0632453238754512,0.0712952123338419,0.0714251647485506,0.0696306496925986,0.0228179742227472,0.0218391478285915,0.0333458391900128,0.0467579303250118,0.0491922731177799,0.0355220720694962,0.0313327440428886,0.0327709876605509,0.0241578389794633,0.0220822597550908,0.0530610071538545,0.0536010957854744,0.0467983746970391,0.0545799221796301,0.047586342179429,0.0708660084198476,0.0701430171448121,0.0525438727773702,0.0703338760565778,0.0543890632678644,0.0562435702709586,0.0543890632678644,0.0562435702709586,0.0562435702709586,0.0543890632678644,0.0109318398319593,0.0365263448488936,0.0315688142509524,0.0291137919972131,0.030167825661238,0.0348061225128961,0.0492177195030217,0.0514296298302618,0.0514296298302618,0.0562817398488213,0.0770714036017175,0.0468933468779646,0.0505932617074944,0.0472982362925731,0.0566830052474677,0.069387320430158,0.0412175919292586,0.0554778598297311,0.0547905460024521,0.051507329230237,0.0277625642921262,0.0724396685904628,0.0476940375529754,0.026771232041291,0.0733257975978576,0.0400685860843082,0.0235305170993266,0.0263443029214615,0.0383763022636585,0.0446768869623952,0.0570974285106176,0.0485397221883429,0.0554628618429455,0.062795440500486,0.0296656892715392,0.0533595614391666,0.0535504203509323,0.0533595614391666,0.0102318028120594,0.005489662961211,0.0406032105776841,0.0454614477647643,0.0502797094353967,0.0494362995941939,0.0426960625830068,0.074638855725082,0.0770891110545504,0.0569795020745564,0.0661793109278121,0.0670876969763693,0.0354595879922479,0.0545394778076028,0.0517952177811516,0.0423200262336608,0.0471339666743577,0.0792803419208195,0.0409549324276444,0.0792803419208195,0.0787482095575496,0.0792803419208195
66519,28237,551682,0.0293713932950357,2.3557389241066686,0.4244952569942422,277,5,1064,5,8.293600324719254,19.53755710592485,0.0074777156282616,0.0067645410560348,0.0058834647090061,0.0035949448052656,0.0029341477982912,0.0044593350042311,0.0113806218407484,0.0081901952106729,0.0032839032024267,0.0026485994970276,0.0041427009481662,0.0030961835378797,0.0034120400426612,0.0031352933044107,0.0020455486068364,0.0159367034110309,0.0241209049402136,0.0269764012388546,0.0250936245015466,0.024295784964016,0.0103125572561176,0.0086297377471013,0.0099209669046671,0.0116322137064917,0.0115006542430259,0.0097529260147017,0.0109203641644474,0.0096275972776834,0.0125194473440022,0.011335590292126,0.0146727796420153,0.0127283401377943,0.0046488714880405,0.0149558079842897,0.0046651701212143,0.0192294384925688,0.0190505598685974,0.0140471884530538,0.0188877523680261,0.0144763455662625,0.016081943730602,0.0147796225188693,0.0165276203190318,0.0166138870855564,0.0149590711825958,0.0073032834390875,0.0026394362832134,0.0020929677282727,0.0021208465673222,0.0021154950911933,0.0246457197895865,0.0256061385546702,0.0255472813770797,0.0255178057638655,0.0256424069741094,0.0093728450831278,0.0086841794885507,0.0081674972737987,0.0080219412489139,0.0061409197114776,0.0092714872432395,0.0090275406261197,0.008029968242282,0.0071642968014893,0.0063641078764562,0.0089822471029365,0.0103051082893076,0.010483688344629,0.0123927245028124,0.0158643133828218,0.0035914338479545,0.0091072605418554,0.0091579580913838,0.0043226988977686,0.0097465942038459,0.0025308108528135,0.0023847352341775,0.0046313530318972,0.0033105009214412,0.0032797581013685,0.0044541432116238,0.0044541432116238,0.0044541432116238,0.0044462208258537,0.000116136545607,0.0053590387565967,0.009893201888541,0.0105928152447119,0.0098844839986597,0.0077908331751556,0.0053418518551139,0.0066389150861906,0.0088162728056279,0.0096623018066005,0.0108592638190617,0.0025924525802155,0.0143941248854327,0.0140295097524131,0.0025948497369298,0.0139521153324338,0.0234639571173498,0.0138821730715135,0.0232779688970012,0.0203208846961654,0.0232662465414039
36088,17932,347987,0.0537738926330377,2.012491635065804,0.4968964752826424,148,5,405,5,9.642734426956329,19.40592237341066,0.1014342482378122,0.1131597976396051,0.1081927447381306,0.0776797239511784,0.0592571899151697,0.003163412413677,0.0422612414682094,0.1089928573535577,0.0599804170478963,0.039127009613425,0.023656176531602,0.0305478252987034,0.0277216539653079,0.0112975103852885,0.0019170413214488,0.1130296852882974,0.1357404308107775,0.1405850589411919,0.1377191720654604,0.136495184041425,0.1148455660580685,0.1133069779454049,0.0844371279297521,0.1114457950327763,0.1109358347568431,0.1049245757316995,0.1057633732035126,0.1048140416816847,0.1154909743244183,0.1144432344054501,0.1203140765285305,0.1203956024694214,0.0599444587749682,0.121337343625447,0.0599528847063962,0.1368186605329083,0.1367034426535752,0.1195034354096137,0.1368000662701177,0.1207263192534354,0.1232066825037971,0.1212388693007745,0.124725548743094,0.1247331972343748,0.1213506470439439,0.10586263964961,0.0572843142624191,0.0488070362381966,0.0494767206524379,0.0491940607151708,0.1384530509124431,0.1380767308427901,0.1382881617456872,0.1382881617456872,0.137849442763503,0.0964561206213865,0.0894995247801052,0.0827164916785497,0.0855681387157746,0.0777197787157183,0.0978990951310596,0.0948512316594116,0.0883252115397583,0.081930617168199,0.0820605264577685,0.0933337708492446,0.0931118211797117,0.1083707332230825,0.1160110778355566,0.1270658080894656,0.0032042823621076,0.078839488926539,0.0794126202220156,0.0057014963206427,0.0923066509555416,0.065050362584538,0.0574184057742369,0.0973315817433281,0.0833723551168786,0.0787924803110487,0.003198869103889,0.0031690766069855,0.003198869103889,0.0031013339403493,0.0001704196214975,0.0771219538632353,0.0982231875970673,0.0998290183125736,0.0957928111624733,0.0812389752356946,0.0249633310234399,0.0369472479387568,0.0658745722380357,0.0875349637554491,0.105129448471311,0.0033355423899713,0.1009595302412398,0.0835723700886235,0.0033547674078426,0.0813588148148059,0.1334653362226744,0.1191716080396191,0.135044446252205,0.1335811671344259,0.1350704179525615
1090,3646,52551,1.3223238235190506,0.2989577619308831,3.3449541284403668,899,5,177,5,48.21192660550459,14.413329676357652,0.1232194866498656,0.1305614197749308,0.1126947984193275,0.0686629020106237,0.0566720089549767,0.0431831928111463,0.058867988580771,0.0888872686841358,0.1061671496786418,0.0890313189906791,0.0900996625237917,0.1102040349822272,0.1057996884581404,0.0925417632900539,0.0578555073335301,0.1051416753242437,0.1376515014983863,0.1522866464567916,0.1483674027060083,0.1414611171288327,0.0384499314430033,0.0400679967849949,0.1269006398098714,0.0936262234198537,0.0941800845852181,0.0974539768247461,0.1020504444852001,0.0988751695920651,0.104392070082841,0.1028254841170504,0.0752950373279382,0.0953388561695977,0.0896996552291396,0.1044733344756883,0.1050070923367065,0.1174727342641355,0.1179061402949154,0.1059412844913464,0.116901748218252,0.1100643336648163,0.1290110090267144,0.1136550340732066,0.12144017366964,0.1209712861310582,0.1144737645982385,0.1062500991546371,0.0435606440146293,0.0292093093010651,0.0318349271028171,0.030945381600913,0.1067426758931174,0.1356667087190301,0.139385646648415,0.139385646648415,0.1393261968299247,0.1265193267236269,0.1318609009605532,0.1146752713694427,0.0809060443069585,0.0719196894598862,0.1246242560363302,0.1313306981981295,0.1167633573587453,0.0933426921352505,0.0919109019132247,0.1219360973605819,0.1435444208828721,0.1032725539576945,0.1119900542239546,0.1526228549438211,0.0431375039540404,0.1062752267609176,0.1101329779386839,0.121318374156613,0.0901378141847391,0.0917331460863865,0.0959225362721468,0.1264997136492321,0.1086403874231162,0.0513260872154323,0.042334886902115,0.0420451334893524,0.042334886902115,0.0404335909630782,0.0022809532525767,0.0867466873011248,0.1352404468059775,0.1354597213364786,0.1134410860187119,0.1055517312227644,0.1260589291677292,0.1309823830359061,0.1350033305784936,0.1355972766512336,0.1391494832074567,0.0286082869516743,0.1532724999469025,0.1465022619505089,0.0289013827068038,0.1449331291699557,0.1368001985617885,0.1365351118357984,0.1283677989080201,0.1283677989080201,0.1170639656096847
19445,7050,160792,0.1172917247957049,2.7581560283687945,0.3625610696837233,125,5,780,5,8.269066598097197,22.807375886524824,0.0137165865733653,0.0104175850460213,0.0093751482146141,0.0066769456278752,0.0054276358065997,0.0117249832333465,0.0111863329777961,0.0150791198525695,0.0084648160088368,0.0051846370612093,0.011642708510154,0.0091283176480794,0.0093305661888618,0.0100644973527442,0.0081020878570022,0.0183526111074068,0.0251820718166364,0.0289047776342506,0.0276112776060297,0.0270315030324202,0.0136399646064395,0.0113332711711484,0.0166068362889105,0.0172876843879859,0.0170818040101293,0.0159617546678735,0.017121720253055,0.0159390110795519,0.0184733153027041,0.0172462816326607,0.01506460648093,0.0158852318382519,0.0097602739560698,0.0160689690792429,0.0097872207931311,0.0231915345210207,0.0230194199610419,0.0140258371817663,0.0229235258577601,0.0153180077393793,0.0160861233449936,0.015622623247757,0.0181670924293306,0.018350234147904,0.0160659339564873,0.0122811686985709,0.0037290244437942,0.0032823503938519,0.0030407596816289,0.0030925424822733,0.0262196206894254,0.0270408657632446,0.0269276709200306,0.0269276709200306,0.0271155001796369,0.0145462132670868,0.0156323959278204,0.0137059402669274,0.0120088573159571,0.0107193305706964,0.0132277229277858,0.0155909330248249,0.0139779132312595,0.0122513358987911,0.0110807491431702,0.0148646634175456,0.0206735018804678,0.0150805036916572,0.0205811749886636,0.0254173114935358,0.0116082748376013,0.015188403370161,0.0151406053535662,0.01845722513107,0.0139692313325573,0.0060903742827674,0.0058904875726242,0.0122551597632928,0.0075521568747289,0.0059690583849067,0.0112638976088887,0.0112638976088887,0.0112638976088887,0.0111293461013364,0.0003930395480445,0.0080929142926558,0.0183266821765711,0.0184047432845439,0.0138011454408254,0.0095818741958615,0.0139652569149877,0.0151659516216292,0.0147790577622846,0.0167428557761705,0.0185575743164404,0.0065228863223244,0.0231905453616892,0.0181684157445243,0.0065574526414592,0.018463474343234,0.026201482451803,0.0207742771118954,0.026021594062254,0.0250574848499203,0.0259798528053197
1208,406,31668,6.456953642384105,2.9753694581280787,0.3360927152317881,145,5,989,5,26.21523178807947,78.0,0.5021628394559128,0.5180699134830385,0.5020971209096837,0.4047899089365581,0.3654246073922629,0.4937521438996526,0.5187923555318015,0.5344949555952864,0.4404225497811669,0.3922510283580868,0.5044521573491403,0.4933622728412729,0.4914580364825237,0.4540178721939604,0.3024490462881514,0.5390656580614893,0.5577902243176872,0.5673325451934104,0.5642984167684568,0.5581678273544772,0.2635884670940997,0.2619343013812365,0.5020229974341519,0.4632597237267813,0.4363393480704594,0.3148264148589796,0.3390013461702729,0.3416328739861513,0.1807599305513424,0.1941771578385152,0.4320220048983382,0.4557387775360115,0.4343970269411675,0.4734787871339819,0.4523655288846206,0.5214811719944233,0.5210300771164837,0.4740048094906346,0.5210697811672402,0.4737072794794646,0.473981860926655,0.4737072794794646,0.4749843902881375,0.4749843902881375,0.4737072794794646,0.3450652310051923,0.060947238073677,0.0541559730620148,0.0533115685321129,0.0482793506759331,0.5202032097889739,0.5510717096995177,0.553379442639251,0.553379442639251,0.5426436228623273,0.5167609680470282,0.5444316850707882,0.5415224765865012,0.5402864233056743,0.5251793813209173,0.5125088174402566,0.5486440883929795,0.5457787529985292,0.5410881872715503,0.5381901490664991,0.0784484181685076,0.1820339573122837,0.274049991901523,0.2463895074284202,0.4897854765220099,0.4991586247269065,0.0214936796666048,0.1292484056473008,0.4514308241321182,0.1051713292965969,0.4458004455552261,0.4535203335326162,0.5084216915588915,0.5003404120586592,0.2872539660091056,0.502525129485878,0.5024854254351216,0.502525129485878,0.2878463635165529,0.0151288248856243,0.5354615646562876,0.5505653473944946,0.5502167163127047,0.5635967866138143,0.5557471488923407,0.5505030244912728,0.5427373270474771,0.5461477564496514,0.5463628402164613,0.5465748538920069,0.3840966620463057,0.4924468887680356,0.4894200009505811,0.3836671887025934,0.4899454487272968,0.5044186518766663,0.5042830610544602,0.5209181498585765,0.5208387417570639,0.5289057389942806
16638,10217,134476,0.0791079752799754,1.628462366643829,0.6140762110830629,142,5,504,5,8.08246183435509,13.161984927082312,0.0170158415604074,0.0147875852741926,0.0136766884296744,0.008816308909904,0.0067556838679545,0.0088093427251293,0.0091036876611305,0.0098035647286341,0.0134109525026204,0.007238484799387,0.0102489678397757,0.0103116230445132,0.0093794825675888,0.0094694322171805,0.0057053285276411,0.0228138500721445,0.0347853202727332,0.0381861671953638,0.0369097473485154,0.0364418241364014,0.0178137575474785,0.0146456081156181,0.0221416568594582,0.0246462124286753,0.0240699045709648,0.0217306483686156,0.0238985500001586,0.0219415421517995,0.0261884973691178,0.0246858503095004,0.0218952525145152,0.0188976870279511,0.0059059530803044,0.0220667237370454,0.0059042668043079,0.0296851565449909,0.0297088807586462,0.0211259651378541,0.0295722206941842,0.0216036104930555,0.0240551122163302,0.0220334482641505,0.0248208705921724,0.0248643843105674,0.0220788951008161,0.0168108691449714,0.0056315837568599,0.0039720115241548,0.0041622666068952,0.0042248733401264,0.0346668789574802,0.0352139205862225,0.0351422219397956,0.0351422219397956,0.0346123683861006,0.0157177807122067,0.0169057166014619,0.014730642139377,0.0129661999242582,0.0123251714281497,0.015881131931606,0.017968167249734,0.0162021250096356,0.0137758489539338,0.0126027409864614,0.0207348421110456,0.0234991873073222,0.0212302931589844,0.0257017209380864,0.0300659868591133,0.0080882547998257,0.0173870949914817,0.017110637232199,0.0146364670393541,0.0175779605078799,0.0070144963211228,0.0070452263218836,0.0134796378512359,0.0100679330379607,0.0071127828148176,0.009277039787399,0.009277039787399,0.009277039787399,0.0091916828655541,0.0003070773657273,0.0105487424765679,0.0190037440359671,0.0205807956981541,0.0182186721586763,0.0114711847490699,0.0137096849440164,0.0138443718884719,0.0188884514827651,0.0212158519380118,0.0237896781624845,0.0055185742672378,0.0280931827842557,0.0202022611670618,0.0063381682462244,0.0211915065584115,0.0358159783816693,0.0165013137957658,0.0357602431025625,0.0287473664078821,0.0357602431025625
643,1339,9596,1.1145477753761135,0.4802091112770724,2.082426127527216,89,5,49,5,14.923794712286158,7.166542195668409,0.0164288674414331,0.0515440545011685,0.0523240978339157,0.0466664358740626,0.0402998910308489,0.0020061892129692,0.0148910601436232,0.0155877358719493,0.0424170374639686,0.0600851961559261,0.0200626787657213,0.0215409083024449,0.0241630530760125,0.0240135611285297,0.0182630712188019,0.0735868511547157,0.0785720400957862,0.0769708577844033,0.0736411812089513,0.0731574246480326,0.0119504460835229,0.0104944487479474,0.0370936872840877,0.049072493989498,0.0570124302626826,0.0656032318202357,0.0669530492749238,0.0672973389344734,0.0724012233649716,0.0703721225026485,0.0659310467046763,0.0716378510332012,0.0550725744733931,0.0710988758892229,0.0549289993461238,0.0679774902012467,0.0710666683284049,0.0696177376288363,0.070666749739495,0.069952310695778,0.0713951129746075,0.0708952029468359,0.0715506339699419,0.0715506339699419,0.0708952029468359,0.013569342023853,0.0501936072847185,0.037650376057013,0.0399876598727858,0.0395771961837307,0.0241687711504507,0.0690847393263582,0.0788944085276009,0.0788944085276009,0.0752106263271039,0.0446266383323554,0.060652320321266,0.0666642394854033,0.0597812208012642,0.0547303675498768,0.0421190808223154,0.0582454833847372,0.0616105872180833,0.0602220131006943,0.0592499814066557,0.0591216293459069,0.0584686366788762,0.0676873396650928,0.0660869883811545,0.0632568508387742,0.014126130169666,0.046100090529816,0.0491194542492488,0.0527204882722437,0.0521704479740889,0.0377342140290218,0.0491612190085003,0.0346754742199691,0.0623478857048028,0.02079099231439,0.0153732068560039,0.0153732068560039,0.0153732068560039,0.0098236927655259,0.0034857176248176,0.0543257213081476,0.060276191575691,0.0627391278091678,0.0696174788617743,0.0634953316121363,0.0360016115390527,0.0500973530770571,0.054003820724013,0.0589408577180309,0.0720210961012269,0.0105861843834078,0.0707400426113587,0.0691401094886567,0.0143779550591056,0.0726984980385116,0.0768820308726058,0.0074164951691399,0.0768820308726058,0.0463563817851054,0.0768820308726058
3527,6339,77546,0.3468432039803104,0.5563969080296577,1.797278140062376,1024,5,356,5,21.98639070031188,12.233159804385547,0.0806983688704064,0.1065946125352093,0.100257259488403,0.0690043617723809,0.0520752325668106,0.0218946026911794,0.0281513190185697,0.036383766300665,0.093750978399191,0.0814271290403029,0.0499892229625638,0.0697763121468543,0.0669550183650798,0.0504352255242173,0.0215700890325097,0.1044054413305407,0.1311978862218843,0.1316668257314647,0.1184262004008241,0.1124237403205654,0.0723160880240228,0.0634977417823127,0.103994250605328,0.1023023892284605,0.1078103451568541,0.0997533717629793,0.1059454751408916,0.100973107053156,0.1137520724655813,0.1112780629333839,0.0818506415291529,0.0877151072066365,0.0669411447872923,0.0900715255273209,0.0695031539414673,0.1034893997663199,0.1049348312869449,0.0827733263304053,0.1042423916762252,0.0866380789542236,0.1011748796915977,0.0928194760193762,0.0969402866369459,0.0962686473086713,0.0908312060004846,0.0814450943472023,0.0493810435506603,0.0357513125777845,0.0359663160436525,0.0364500653695046,0.1258432094346272,0.1357143106698523,0.1352889338434674,0.1352889338434674,0.1337442984806577,0.0945887838168294,0.1013356199976478,0.0965310493098481,0.0789782195716748,0.0724049633767969,0.0951448235457693,0.1023102400696581,0.0966865706501771,0.0870924082042635,0.0803646426357156,0.094501953822685,0.0890759324349822,0.0988052605676312,0.1035474084992778,0.1139488005377425,0.015522845141281,0.0728813454344942,0.0739052381953108,0.0854220269531525,0.0745799937907746,0.0688920191418197,0.0742429358051385,0.0879038115094115,0.0920991226774537,0.0551203092606277,0.0249178696736785,0.0249178696736785,0.0249178696736785,0.0235711158290088,0.000921605214662,0.0716246676513209,0.1164025301445211,0.1198471689878778,0.0988127226048157,0.0945636980549491,0.055562416014934,0.0659167348679537,0.0814867212893474,0.0931913001180999,0.1042664807116644,0.0154985645749941,0.1165856785398897,0.1080660193723232,0.017631875101664,0.1095238151768304,0.1144029931792744,0.0977039335922417,0.1087124033659044,0.10493376392805,0.1068186222189046
27879,10429,194439,0.0668749575731001,2.6732189088119664,0.3740808493848416,152,5,837,5,6.974389325298612,18.644069421804584,0.0331073340060799,0.0309646786526015,0.0283488635870332,0.0188941712838707,0.0149831711693656,0.0088200069092438,0.018023007327019,0.0380162189366191,0.0162576738453963,0.0119352070364082,0.0202790434772294,0.0193026575919377,0.0190482848281027,0.0122918110467335,0.006710892760433,0.0373363704823256,0.0499248325582469,0.0548473634560302,0.0520435724764799,0.0511248729759339,0.0388445535661467,0.0342443338330488,0.0339349414567245,0.044140436804712,0.0447716909595742,0.041390305887696,0.0435790198483674,0.0415030066740313,0.0455528270274226,0.0438415771743552,0.0317671541503614,0.0335801825180663,0.0126187719653099,0.0319435403057091,0.0126061446290824,0.0460453859971057,0.0459293594559498,0.0306370935208564,0.0459149960682674,0.031384084411477,0.0337628375049331,0.0317802882227637,0.0348822629053674,0.034906035586619,0.0319206278148035,0.0310193809405978,0.0095691465688035,0.0074218671271078,0.007862471371222,0.0074143338462849,0.0558527058855651,0.0552975215788285,0.0551699377084108,0.0551699377084108,0.0551329379599078,0.0350000928171258,0.0348123937483158,0.0308921516063119,0.0297509850350293,0.0268888950194437,0.0342446320206942,0.0366819459357169,0.032938866101609,0.0298369310147683,0.0281797037117362,0.0278160942268003,0.0421264891485541,0.0266254420385314,0.0383700097984118,0.0482539944619541,0.0098835775778089,0.0254796675382127,0.025476423312615,0.030979386718284,0.0236776006077211,0.0169444212162355,0.0173642606505362,0.0275301389921598,0.0204604485395893,0.017316550686654,0.0085666972765791,0.0085666972765791,0.0085666972765791,0.0091249239136501,0.0002430858348285,0.0211759167757204,0.0384675785931939,0.0405230598498518,0.0339287269260087,0.0249739351515792,0.0263207701591255,0.0281713379879976,0.0315333185332638,0.034972088703031,0.036512338908085,0.0082922586476309,0.0465183472577972,0.0371164165273373,0.0085312481705226,0.036566607705041,0.0495833818738165,0.0364757338621388,0.0498867231648103,0.0462301007126445,0.0498523227232461
5130,1685,37126,0.4294977470051654,3.0445103857566767,0.3284600389863548,123,5,455,5,7.237037037037037,22.033234421364984,0.114861053920364,0.1368037422762534,0.1373818893145629,0.1052800234855017,0.076851612850807,0.0334721610884661,0.0365666127160746,0.075846412617125,0.1336047235104007,0.0999313713132487,0.031573088588789,0.0651074686700306,0.0775714016367857,0.0518130175417562,0.0299893951015019,0.1622425329258941,0.1835065148256184,0.1796496542391161,0.1672831100648416,0.1632724755616951,0.1019277122203076,0.0918412745416204,0.1467723505125863,0.1519018001280943,0.1522716552529375,0.1516928891230295,0.1551013390718484,0.1524133036748858,0.1616711972892372,0.1591474343890569,0.1732455294401216,0.1712925577193728,0.0612384685662845,0.1744255570176803,0.0613234990315429,0.1611215950548936,0.1617619594747495,0.1732514017412812,0.1618718869897714,0.1739281876655672,0.1762560026834011,0.1744085183009637,0.1771136700543132,0.1771136700543132,0.1744085183009637,0.1250315527725854,0.0481466827284834,0.0311858758165549,0.0309225814836665,0.0333607786944153,0.1451687550072288,0.1721144512574557,0.1690345947301736,0.1690345947301736,0.1679220115373214,0.1275206437429061,0.1401241471639494,0.136431004535095,0.1111498115766596,0.059462605188498,0.1248404234005532,0.1309418160564484,0.1276801439144213,0.113233584996846,0.0825250868656771,0.0946789272139288,0.1480355875689177,0.0968986457851355,0.1687634493702134,0.1619485363533196,0.0390140175951142,0.0643890283704388,0.0644671376760661,0.1190570460193093,0.0652961720749089,0.1013167891888453,0.1099786584406152,0.0777365814635897,0.1409316539255447,0.0527048315150917,0.0326889322850358,0.0326889322850358,0.0326889322850358,0.0310197128484486,0.0020284696751349,0.130116431654733,0.1450804226872156,0.1436865440444742,0.1441798315748341,0.1312907618732707,0.1111580493215303,0.117283831620646,0.129804894021949,0.1502422294052733,0.1666505590883664,0.0300940599567498,0.1605280099215394,0.1616888472585684,0.0330374291187113,0.1650641491083861,0.1525876790303185,0.1368312877279402,0.1521253226738257,0.1484921349800214,0.1523679075518521
1807,2062,28059,0.7530527096639483,0.876333656644035,1.1411178749308246,460,5,202,5,15.527946873270617,13.607662463627548,0.0415412210631905,0.0511163381923774,0.0481841853486252,0.0360824671251438,0.0249596096480673,0.0111115641648202,0.0284040566239911,0.03293266989989,0.0496652883636144,0.0424957757505888,0.0325812746601223,0.0416756163854543,0.0410680890244989,0.0385877928682947,0.0296133596444684,0.0491977620093826,0.0650736425230065,0.0703160401108673,0.0638202765846901,0.0605123480432497,0.0127761359130606,0.0129341537921093,0.045811594005173,0.0427539166501782,0.0449039320012938,0.0486669116354637,0.0509963236088017,0.0492001640494185,0.0531376867714237,0.0509123696894632,0.046191694900428,0.0457303582985509,0.0334238002338817,0.0468140977695617,0.0345791820600476,0.0561642713303862,0.0560105405073603,0.0420918318826614,0.0561469705401188,0.0449688824795361,0.0526192522503985,0.0471573410612199,0.0507791776743241,0.0507791776743241,0.0473164116562058,0.0407230351157678,0.021173415709052,0.0150712447981995,0.015653410603357,0.0155464645884206,0.045277949226264,0.0655554797912265,0.0673677712069477,0.0673677712069477,0.0673844275332173,0.0509296146578415,0.0503067681760784,0.0522749394591379,0.0399914283244613,0.0391233766009054,0.0516419789243248,0.0534851064628209,0.0535841023685105,0.0422001653632405,0.0407456579976502,0.0507687334457826,0.0548667830656221,0.0460131809292505,0.0559891014588981,0.0618701676705676,0.0224905863429202,0.0371784066073745,0.0362727402757659,0.041421056785107,0.0310330386460627,0.0353321181402124,0.0382286539323568,0.0441463926924256,0.046502519223194,0.0198842290869052,0.0308890508690116,0.0310274942543858,0.0308890508690116,0.0257791245492039,0.0021400863532631,0.0369358814367541,0.057036001006657,0.060178442326481,0.0524045111368109,0.046553698066056,0.0440341757427348,0.0483369173934287,0.0524445064270205,0.0583878457357996,0.0639273713974543,0.0274051201560335,0.0643954380177883,0.0634489572020516,0.026760314820905,0.0641659061202133,0.0614568508670607,0.0539263664464654,0.0591486910936276,0.0570780486877062,0.0586072105392896
34151,23098,470966,0.0597051444695103,1.478526279331544,0.6763491552223947,3544,5,2544,5,13.79069426956751,20.38990388778249,0.0242491158514131,0.0171055867423142,0.0131975754282742,0.007909315174014,0.009387963177548,0.0165275443387903,0.019797359672093,0.0244095698265496,0.0100793903872604,0.0076539589839283,0.019111372750385,0.0162858803141175,0.0150111758089593,0.0150639613416448,0.0102084676688177,0.0165145161447945,0.0253271291411693,0.029614182605708,0.0290503525223713,0.0283856027730517,0.0195741840266375,0.0169335317197958,0.0123439154665492,0.0207841636833472,0.0171043918793559,0.0201356695676874,0.0225368825468479,0.0201455200734524,0.0223848348505841,0.0212043322148499,0.0047790935749587,0.0051428911735276,0.0041127642817022,0.0054138801535605,0.004290574962899,0.0248358914670397,0.0247542926097351,0.0043549691601292,0.0251252920794017,0.0045522756125091,0.0100658232009072,0.0081164943796402,0.0083505475247468,0.0078933574359553,0.0065440861762863,0.0153056886321974,0.0036871384615741,0.0029013026132192,0.0028892955772776,0.0027989173182812,0.0251142740674895,0.0254836422284434,0.0253751542167646,0.0253751542167646,0.0258756076286256,0.024510004363165,0.0176233467722897,0.016342607351044,0.0131536077752252,0.0084155775333958,0.02466338533501,0.0191879135789283,0.0184183969436153,0.0157777838982761,0.0086919728256411,0.0127268587345022,0.0221586990473179,0.012400202163761,0.0217811724573777,0.0255639980624978,0.0165767385020637,0.0104757559415132,0.0107723735971063,0.0181290262874415,0.0107699923219647,0.0053771498910972,0.0077235181397591,0.0122306792115773,0.0073242626965657,0.0074629356866941,0.0165206895161448,0.0165206895161448,0.0165206895161448,0.0165687999771811,0.0001524038477015,0.0093807806903652,0.0162376816285085,0.0170810883394454,0.0178596783776821,0.0147087894175553,0.0173197794125422,0.0192767710583215,0.0190212375832823,0.0199008532147632,0.0211268727370205,0.0136627477385289,0.0247409643356287,0.0183463602887365,0.0137884227454285,0.0185151304319327,0.0289161883633872,0.0267514702668622,0.0278222275738615,0.027514648083488,0.0272793616497287
39387,23033,278677,0.0307183380910067,1.710024747101984,0.5847868586081703,136,5,441,5,7.075354812501587,12.099031823904832,0.0082530454120966,0.0078654809395966,0.0072987332261028,0.0044264836904038,0.0031016402745861,0.0029791447693657,0.0042918315898877,0.0113734623740611,0.0048736947897752,0.0030704711586717,0.0054937883432177,0.0055204779715838,0.005260831893249,0.0043806092502907,0.0019520487141993,0.0127899993653865,0.0215788580725799,0.0245415842539545,0.0240781782584351,0.0240630593998998,0.014183792247828,0.0119333510693685,0.0137102351096344,0.016782925826619,0.0166401481031125,0.0153560097352186,0.0165381306740902,0.0151822090575513,0.0179994775627249,0.0167294919246103,0.0125194008037286,0.0125150917452981,0.0020214492216851,0.0125822171757302,0.0020214492216851,0.017662154104198,0.0176875906774154,0.0122304077611321,0.0176859744676486,0.0123814847571899,0.0140344774304545,0.0126828457922403,0.0142120484762449,0.0142120484762449,0.0126819562419997,0.0087992280906046,0.0025173923568024,0.0019721729950551,0.0020192778153598,0.0019275462823987,0.0230748538092814,0.0232213624445907,0.023221809086559,0.023221809086559,0.0232103449810235,0.0098943783147498,0.0094174340882714,0.0089596866590728,0.0083706393884347,0.006776830868695,0.0095277713064933,0.0108444588448223,0.0095609365980294,0.0078758918341746,0.0071870182874854,0.011853714577592,0.0136749678304595,0.0127551981826936,0.0151322273927898,0.0181237103368435,0.0028381233608232,0.010475139505104,0.0106728181027894,0.0029605762474381,0.0111734610904609,0.0031589437811703,0.0027579970595909,0.0052662311855362,0.0045485252945311,0.0038549254908012,0.0028277547062763,0.0028277547062763,0.0028277547062763,0.0028382647961688,0.0001054419146142,0.0052378384467736,0.008960827973228,0.0089818754139443,0.010235237514894,0.0072089345930758,0.0067703350632849,0.008163587078748,0.0103907804899825,0.0120807121086055,0.0134508119531404,0.0020316545076473,0.0183266540335752,0.0145588847068558,0.0019845608205971,0.0129590708448481,0.0234387471147895,0.005728080459289,0.0233874728392631,0.0139212080800774,0.0233778607895887
19412,11924,167597,0.0724059057180122,1.6279771888627976,0.6142592211003503,550,5,309,5,8.633680197815783,14.055434417980544,0.0299119044394683,0.0331717047265503,0.0321667027071752,0.0218657596059765,0.0149535201508917,0.00497879258628,0.0047567643526896,0.009172507910149,0.0322708090670614,0.020719255232793,0.0073541384940018,0.011220424719978,0.0111685838303946,0.0070355704635642,0.0033415851919171,0.0444681105850776,0.0594626502541836,0.0605337609514384,0.0574666676062995,0.0566439145042961,0.0336088128687579,0.0311903001398004,0.0275885665788443,0.0367390511993505,0.0371809324193439,0.0330592008439213,0.0346999375290683,0.0336534645256106,0.0397881412343525,0.0394236640843458,0.0474636923728568,0.043870623514681,0.0126840389455791,0.0476753822875073,0.0127250647966097,0.050990685025845,0.0508172749204012,0.045877082598797,0.0507566448258464,0.0465897383655953,0.0500336433887564,0.0476742932857817,0.050427235875841,0.05043687291592,0.0477078224396679,0.0308872940858256,0.0180650366089107,0.0135932422280244,0.013379959157137,0.0136230599544211,0.0605899187085398,0.0605369814658789,0.0605396481353829,0.0605396481353829,0.0607787864637243,0.0349019617663609,0.0348279288268016,0.0315456477877736,0.0284384787652981,0.0262943955700481,0.0348481260631006,0.0351053087026427,0.0317873457945555,0.0274124553169889,0.0260897345466178,0.0263012236540419,0.0276500049172434,0.0318591866291502,0.0350149319760463,0.0420179895818225,0.0026046501896372,0.0221228556137694,0.0227492717067958,0.0097969760141109,0.0263959233305657,0.0189298271710324,0.0167393905173698,0.027640856710155,0.0260132647015343,0.0199073625235406,0.0046628474908738,0.0047027618342446,0.0046628474908738,0.0047909508005571,0.0003075438637065,0.0251851533491081,0.0394523511806828,0.0399355326767718,0.0370340151417453,0.0248335570276837,0.0153281989468803,0.0179282241773153,0.0217608065475208,0.0249411037161397,0.0311809671401191,0.0040437539284553,0.0427560370268289,0.0408115183640185,0.0039793915462826,0.0402106122939667,0.0572015277231179,0.0261739588745124,0.0570325654610578,0.0467486421315306,0.0570349226519323
610,3650,90274,4.054525039299349,0.1671232876712328,5.983606557377049,2132,12,329,5,147.99016393442622,24.732602739726023,0.2907703090979682,0.3097073069227333,0.2772675629990261,0.1932856057413393,0.1754560668014325,0.2191427883759783,0.2590063439285532,0.2931550730640668,0.2941402167807215,0.2638961181569953,0.2766310977638434,0.2793742948797605,0.2743198176454501,0.2427670810634853,0.2049316303534258,0.3029674915572269,0.3585019485299207,0.4132516722797015,0.4073693054051746,0.3935009140939414,0.0266879097264528,0.0340330943171013,0.1989601131926945,0.1512410658806859,0.1586232582515276,0.1813204614985438,0.1959054822424563,0.1778177153996016,0.240834038277327,0.2400179721774156,0.2736180860716312,0.3021218666065527,0.3021218666065527,0.2954324197208222,0.2814437821133441,0.2894195201690227,0.2920157495895293,0.251029068713597,0.2921521940369544,0.2442373477090371,0.3359057191094141,0.3015357698511459,0.2888542330426289,0.2821396019170104,0.2715350012715071,0.2799840387157777,0.1122395702969234,0.0887471105790087,0.0920229616520015,0.0924220086132494,0.2528657491510785,0.3544873581029159,0.3534757298540535,0.3534757298540535,0.3552440696343435,0.2648427169341792,0.3378210265851147,0.3108414872067572,0.2827285361240145,0.2755421427690818,0.2665666000048459,0.3444644796019443,0.3120779416096103,0.2808191404184666,0.2888334234136159,0.3168389571870153,0.3515054424207441,0.2613756783231104,0.2727724611209569,0.3772588137772762,0.2095202571285745,0.2988372663118099,0.3063101461281336,0.3374204424645892,0.2788090077533668,0.2209614966360443,0.1926594268871842,0.2911359543102592,0.2543310241478334,0.1801960358828666,0.2167647047596712,0.2169931369448982,0.2167647047596712,0.2146016926290082,0.0085705840328353,0.3031424809441229,0.2765005650865709,0.2814630545830794,0.3676303707597196,0.3465591510754158,0.3179248378632217,0.3320974509463035,0.3591576862348388,0.3705531687403655,0.3677521542152423,0.159210892166212,0.3480576762794107,0.3331833316225099,0.1611380231822177,0.3303586700167764,0.3272549708790821,0.3272549708790821,0.3485813441477786,0.3485813441477786,0.3463353303680215
38609,18534,346355,0.0484020492904037,2.0831444912053523,0.4800435131705043,292,5,1089,5,8.970835815483436,18.687547210532,0.0282008071824042,0.0283479814538792,0.026217333758668,0.0180724653601535,0.0136788268456584,0.008177500673158,0.0205603232705302,0.0324409497396212,0.0172772448542447,0.0116904478742546,0.013671490051079,0.014167786116357,0.0132017466603125,0.0079569139622443,0.0017165100094749,0.0381049053938734,0.0495981128192386,0.0523185522997723,0.0494379348256387,0.0482186917689026,0.0305699262570687,0.0281612190059494,0.0305228977277029,0.0323708803477189,0.0322382018324524,0.0288714394795679,0.0298648799871344,0.028669341148669,0.033863071449854,0.0325356084109457,0.0366021680977143,0.0357043979225534,0.0144043017342184,0.037307124963493,0.0144083815866051,0.0418676420929195,0.0418734207320002,0.0359685838443525,0.0418153898789753,0.0365659627890297,0.0386864585541622,0.0371186476797738,0.0394537198483926,0.0394606741575535,0.037202548936812,0.0287123821285768,0.01287200419838,0.0103412443390378,0.0113420537190208,0.0106429701547975,0.0512205684525122,0.0517282985750541,0.0516886446426719,0.0516886446426719,0.0515167329499922,0.0313525082211589,0.02918960766972,0.0260323846946277,0.0268785856033232,0.0228581824435547,0.0310153046517115,0.0307692467640206,0.0280105586860746,0.0254784397034223,0.0239398709403032,0.028881704466281,0.0322861505021368,0.0295773810236538,0.0350405817641982,0.0403895509463752,0.0045007251869856,0.0263539027679055,0.0253315682043459,0.0059290342448366,0.026628935487793,0.0144899147184383,0.0131304211925878,0.0243509890318031,0.0185129260135448,0.0172008765133484,0.0071736853075448,0.0071736853075448,0.0071736853075448,0.007122888488139,0.0001057343746476,0.0220473141641973,0.0322592456929923,0.0323241571732449,0.0318740968647374,0.0245041878543254,0.0171654154768746,0.0193386034394444,0.0258385909295588,0.0287501894402619,0.0323369005341989,0.0045976867561564,0.034425938689293,0.0326658556373336,0.0047950045034402,0.0312915108949585,0.0475066900600529,0.0346490399709796,0.0472493310009062,0.0421874107065344,0.046988634563349
1474,1021,15887,1.0556468835592316,1.443682664054848,0.6926729986431479,103,5,182,5,10.778154681139757,15.560235063663075,0.0833971029259268,0.1044622551503733,0.1015384986920637,0.0708705745644019,0.0594152295103862,0.0053321945746847,0.0407564668251868,0.0411595802011362,0.1060414946704968,0.0811781644613681,0.0486312194656963,0.0559004868999269,0.0764285004148775,0.0644967886783179,0.0633973005067851,0.0836164420113193,0.1074357081997677,0.117630249495592,0.1128030022864118,0.1088434755931194,0.0540882460572521,0.0518138173187402,0.1035015393616469,0.0954147655400841,0.0985512237657609,0.0870128804506008,0.0894995366569091,0.0876737464585007,0.0842272579274296,0.0829385619900319,0.0946942972475458,0.1056950687043622,0.0851726961620479,0.1058414942266902,0.0853544252845701,0.1094195705816842,0.1098401311198687,0.105454287835822,0.1098666655355406,0.1057558863903846,0.1087961844889609,0.1059020633759924,0.1093184867106369,0.1093184867106369,0.1059020633759924,0.0751809826192703,0.0471075476691606,0.0339599224113201,0.0346492016563216,0.0352913082861912,0.0880645987100569,0.1097204657760632,0.1111237060432713,0.1111237060432713,0.107767442582205,0.1047225500237991,0.099895276631656,0.0996168551089353,0.0868642557280898,0.0779421363588349,0.1028497138488592,0.097954733506855,0.100442094283932,0.091305567722805,0.0872123975781421,0.0842920817930315,0.1087829554006497,0.0706430945148751,0.0932573493323163,0.1082809071864185,0.0409628287680815,0.0712256956745175,0.0695194089816568,0.0726967045063402,0.0488571136789989,0.085759332981995,0.0881737278300816,0.0860577827493099,0.1024347086841026,0.0346762604276509,0.0410467140136138,0.0406028590538148,0.0410467140136138,0.0233164917288329,0.002896680520712,0.0744903433008952,0.107598424899192,0.1091683947522594,0.09151210976948,0.0890164369411831,0.0883741774897502,0.0953916045752563,0.0994186547055364,0.1133851497218449,0.1124668240671999,0.0314758050373938,0.1153574338755213,0.1038644788586353,0.0327800203587644,0.1079409485504777,0.1107759039367489,0.1025820349479935,0.1068001077409756,0.1061935794309833,0.1056774174538921
854,8870,450123,5.9422335108475535,0.0962795941375422,10.386416861826698,4085,22,730,5,527.076112412178,50.7466741826381,0.5549125015189186,0.4634970373576106,0.4074710049830916,0.3090095950130595,0.263002978743504,0.4864913511209997,0.516119219597644,0.5572364331508488,0.5085828474689194,0.5375855846588226,0.5238815075685911,0.5061062221274717,0.5025828694283377,0.4556743645235408,0.1670139714219534,0.4935330742367577,0.5421517804040454,0.6308608190700854,0.6771704576261666,0.6779291959087352,0.0901872438328852,0.1116205869398791,0.4581095225248713,0.2900941753969462,0.2222535642235976,0.1085591996808951,0.1339123245908561,0.1135746927873697,0.1785783961916761,0.1575297428898452,0.54700115213256,0.5331910001461226,0.5331910001461226,0.5231842521200576,0.5071690806674786,0.5120118645705176,0.513472080994586,0.3929806575106694,0.5154537189416984,0.3998199433815447,0.5937937004029379,0.52893297816062,0.5071298092691865,0.4919433043191435,0.481617741205601,0.4565136723538343,0.1342248902342266,0.1089183841375772,0.1109306789063653,0.1057593673683197,0.4328487064613052,0.5375822907460849,0.5701509459461519,0.5701509459461519,0.566979261097996,0.4970195206701092,0.5420203693500428,0.5095258650629093,0.4291183554429539,0.4051575454882347,0.501810365095958,0.5400651655316395,0.4967152312219869,0.4323283829091733,0.4749999792932981,0.5868835575318667,0.5331495328060056,0.522245626409718,0.4559001111750792,0.5663095377490844,0.468265670347716,0.549492303113363,0.5592997386165988,0.5943141931457537,0.5205585653631987,0.2097184205695788,0.2004757314899611,0.3228471099084345,0.2041517778986127,0.2565843601633459,0.490598706148126,0.4907396605589735,0.490598706148126,0.4852018171492261,0.0137050058704598,0.5727355037442622,0.5007019857135522,0.4996400559537736,0.6144736258912417,0.6002493944395626,0.5642781562666067,0.5786646247846481,0.5899577820604333,0.5979680281186621,0.6036172670884941,0.2799516244332282,0.5120893093961889,0.5347338128690569,0.2813228259236393,0.5375208079120497,0.4680039462106234,0.4679382406836221,0.533473837748046,0.533473837748046,0.5688592160325531
4898,13073,126702,0.1978743167782559,0.3746653407787042,2.66904859126174,554,5,183,5,25.868109432421395,9.691884035798974,0.0104957170749717,0.008089352541663,0.0069987955108247,0.0043198015039173,0.0045568890119665,0.0071237694899313,0.0087531008772006,0.0090108162195924,0.0109335339095146,0.0080646132051619,0.0082219848092669,0.0078491690657233,0.0071584517020078,0.007140053559342,0.0024474088641804,0.0175404948969797,0.0254235416475163,0.0245557237352696,0.0201509293713099,0.0180348682182448,0.0076006177982935,0.0059504074408075,0.0114528380060639,0.0124288212410561,0.0125853608701973,0.0115009611430815,0.0125505012907486,0.0120205726276443,0.014978959646804,0.0153823461002656,0.015665825218835,0.0175778226228106,0.0146408058854978,0.0182917594651517,0.0155775645203409,0.0182363811470417,0.0186532212401171,0.0165667766808437,0.0186970212063543,0.0171546886826308,0.0185434811640948,0.017742608233088,0.0183441090611325,0.0184753295406125,0.0182159646505125,0.0093208955601845,0.0046333727354471,0.0034109735620486,0.003628183893547,0.0043954597751746,0.0136322829518105,0.0155535940196112,0.0152285202565698,0.0152285202565698,0.0151777793843068,0.0130865951370543,0.0119374262509041,0.0115601648311051,0.0096528652651886,0.0079073428172594,0.0129756546107216,0.0127121010413636,0.0141706404602342,0.0116126852717175,0.0103791311171942,0.0101514811351832,0.0104931196030693,0.0109454189877837,0.0110391827467213,0.0158387508287104,0.0067369882344961,0.0084627412448175,0.0085352555063324,0.0107444388562245,0.0081226236607366,0.0042279404804214,0.0042452887875693,0.0091597527864461,0.0069106507615611,0.0049644761642376,0.0082862486187643,0.0082946157151333,0.0082862486187643,0.0081718162014938,0.0003945417860645,0.0069355067424136,0.0131251082158553,0.0146388286864333,0.0117885177933683,0.0100982635419381,0.0088642657868279,0.0097825998572344,0.0104607628020612,0.0111952382820939,0.0127325172070842,0.0057763555134359,0.0203159805196808,0.019309741842263,0.0056979965022144,0.0200663924622144,0.0234582655964663,0.0135868327762479,0.0213837198225603,0.015804068616634,0.021300389886516
1429,900,10261,0.7978384262499028,1.5877777777777775,0.6298110566829951,42,5,163,5,7.1805458362491255,11.401111111111112,0.0171281028462777,0.0410451334692923,0.0383018103904658,0.0300637542046279,0.0251786130800968,0.0027923597692777,0.0361253985651111,0.0356862919761011,0.0470772581951733,0.0319684040256327,0.0354260599413921,0.032389615028644,0.0393725106564557,0.0380390713599457,0.0332632937956528,0.0404936894458676,0.057930158918372,0.0627231581916596,0.0633856250414375,0.0624000039965779,0.0244664580200245,0.0243249348202758,0.0436627791620074,0.0394388631348644,0.0396310822911795,0.040566592961702,0.0424950591095795,0.0401380911066475,0.0374853165505632,0.0366989044364606,0.0433679980619708,0.0430948601622637,0.0162664540732217,0.0443286551065304,0.0162664540732217,0.0592009983554019,0.0588740788391458,0.0445154049612337,0.0588116023338474,0.0447224679691021,0.0477885724436075,0.0443878119457287,0.0480954128128161,0.0480954128128161,0.0443878119457287,0.0122882388752116,0.0186253388394178,0.014934703318046,0.015022772986326,0.0152014135345092,0.0357222392939471,0.0561585937716453,0.0544875585031225,0.0544875585031225,0.0526217300109896,0.0474436787014933,0.0462195135365767,0.045625394568331,0.0369596326247541,0.0318607008653797,0.0497249867475588,0.0455736673744609,0.0457673634231539,0.0354861246637121,0.0368525362700214,0.0374208292030381,0.0614809975775939,0.0314866155737436,0.0380766120062932,0.0616033105832824,0.0368621884065328,0.0252143040346638,0.0256986877771388,0.025514343921226,0.0202571294811557,0.0317357478547828,0.0329780977606438,0.0366566963700048,0.04780128788294,0.0129867424714804,0.0355140791111617,0.0355582309483606,0.0355140791111617,0.0198899845993214,0.0038056071765068,0.0272135240628641,0.0497753099047226,0.0459444376503144,0.0381416344375373,0.035329173164051,0.0405782782976012,0.0450042772665272,0.052867219191166,0.0546907386198224,0.0516786732590152,0.0365818995819377,0.0596036225428468,0.0470692429676158,0.0372579180323686,0.0492616123924142,0.0620176648209489,0.0367992215318377,0.0617997796459807,0.0544684813181594,0.0617997796459807
19856,8510,157836,0.0934081438057894,2.3332549941245597,0.4285858178887993,147,5,520,5,7.949033037872684,18.54712103407756,0.0277251981717075,0.0283931988081199,0.0263568497954462,0.0171676306072647,0.0130688158658002,0.0071867454494985,0.012709619741371,0.0229132073436933,0.0193969944505906,0.0120487001925935,0.0157927985332502,0.0163036314070529,0.016035131391406,0.0139159836152924,0.0069953962202344,0.0372111946669578,0.0505185286997123,0.0540581953871922,0.0496346774889791,0.0480640129827341,0.0302631446126524,0.0252513533761722,0.0352335863869863,0.0367895587157992,0.0370913852681912,0.0328686819315231,0.0353353336575553,0.0325071199391059,0.039200052532576,0.0372456970999603,0.0377126469450823,0.0375119481890959,0.0175529972473509,0.0384656249763026,0.0175763787213036,0.0434503079429808,0.0432198260234987,0.0360444599648908,0.0434201076337718,0.0372051955522249,0.040072361005348,0.0382779260145102,0.0419313843562933,0.0419798529419847,0.0384501025184303,0.0280080733987105,0.0099891576852744,0.0072572776559527,0.0072327507975601,0.0077085516600368,0.052711224012872,0.052563349243237,0.0521278204356796,0.0521278204356796,0.0516729153650723,0.0303238953474894,0.0310355528193771,0.028040985754678,0.0255828773679617,0.0232558780640935,0.0291657742320406,0.0316354255026909,0.0280660440114442,0.0255302480334769,0.0242808557319242,0.0319344890129645,0.0382627379094273,0.0330981432395659,0.0430036888851577,0.0481686731118245,0.0066904409815153,0.027887874691099,0.0280602920489949,0.030863260208985,0.0273152225528072,0.0149994083860159,0.0154998048350506,0.0245339120065629,0.0202731861629954,0.0158266654530431,0.0056409422615349,0.0056409422615349,0.0056409422615349,0.0056919798762191,0.0002928972261857,0.0194420063178175,0.0361416993262154,0.0376786962283409,0.0312957416353141,0.0221355302301381,0.0222402622799049,0.0258822640495992,0.0302183220073266,0.0350050905793867,0.0386295427471684,0.0053910166334313,0.0412223795784536,0.0345821757819148,0.0055651343858239,0.0347602430605465,0.045982584747129,0.0361494288914086,0.0453866251879418,0.042995022381845,0.0451474785711177
14681,8713,151254,0.1182451988461481,1.6849535177321244,0.5934881820039507,204,5,742,5,10.302704175464887,17.359577642603007,0.0320525367952182,0.0348377730493297,0.0339080109195271,0.0230388412767509,0.01848740287491,0.0140285685662815,0.021492911144635,0.0269572897490399,0.0303457261425092,0.0209204925730072,0.021511971818291,0.025449707943128,0.0239250812523282,0.016075548373044,0.0097103568532539,0.0427456659241147,0.0569172841496943,0.0601783381993224,0.0562696322789617,0.0540106488055217,0.0335214570459758,0.028390160512243,0.0396604106522224,0.0425086766763519,0.042086341408546,0.0382588780549958,0.0413184771046179,0.0383707699111234,0.0447480768327492,0.0431277063688651,0.0441121748755986,0.0443516469916513,0.0262040265112635,0.0449282563393976,0.0262582730762256,0.0451480563042419,0.0450655899105668,0.043459655413454,0.0449823022490899,0.0441288914990718,0.0470814651691285,0.0448394332948771,0.0473526408737553,0.047334595009285,0.0449454033362185,0.0339280518611886,0.014365833172208,0.0105440109814201,0.0111372670073358,0.0112447413068314,0.0586589379604821,0.0595246754700813,0.0597326840101783,0.0597326840101783,0.0599748441460357,0.0393790483677885,0.0386284490680225,0.0348588196428416,0.0318856679839419,0.0302195034026414,0.0384288196176004,0.0398077460200304,0.0370144742924089,0.0324624436441567,0.0313719825617901,0.034111559353811,0.0423900364031653,0.0329301812408099,0.0461900983350732,0.0514708571842829,0.0122718543868601,0.0292403669403852,0.0290394430220581,0.0408371893206386,0.0247836951250882,0.0193373816931285,0.0192165747502892,0.0305606235868201,0.0256311731794594,0.0202690819014842,0.0130751532994011,0.0130770643585953,0.0130751532994011,0.0127052400626337,0.0003738467236132,0.0249535972623261,0.0432450611666367,0.0447277055750458,0.0385136497573748,0.0286932389924068,0.0258105475568043,0.0306557680564472,0.0375183757506566,0.0387547477298747,0.0418545230745467,0.0097989978994544,0.0417446262387702,0.0376495245265254,0.0102235073820407,0.0385472596001522,0.053186833376665,0.0393843789104254,0.0521217099755026,0.0470979579184814,0.0509155581598262
1761,443,10730,1.3754241318356208,3.975169300225734,0.2515616127200454,10,5,565,5,6.0931289040318,24.221218961625283,0.0900612244076018,0.0993632316299594,0.0847254495096136,0.0521852335728486,0.0389203882743168,0.015923600657297,0.140402478446906,0.140336802724711,0.0844354318639983,0.0457562488210842,0.1333171153668784,0.1289236417583362,0.1002332845668053,0.0959310239275582,0.1088092509872645,0.1047782592429227,0.1268191685777164,0.1433383748947442,0.1442739956207927,0.1441806813427851,0.0793259922651503,0.0777238104662536,0.0615535090206462,0.082349222863836,0.0840183733244103,0.0320385170582869,0.0374290844976477,0.0344586530646145,0.0226019800093292,0.0227513797681919,0.1301154455810424,0.1326018498128101,0.0681157306595282,0.1310145379461759,0.0681157306595282,0.1436959537052821,0.1436601257806045,0.1313133374639012,0.1436601257806045,0.1310145379461759,0.1332028430964558,0.1310145379461759,0.1341655098750718,0.1341655098750718,0.1310145379461759,0.029805710044212,0.0091762592678673,0.0081121967753712,0.0088957239305995,0.0087368418633893,0.1216739010541909,0.1214684158144731,0.1246430395477415,0.1246430395477415,0.1326092308124451,0.1215319902279557,0.1353930336894631,0.1347183911807424,0.1130688952054441,0.1061430066958716,0.1174907078060364,0.1301769186858125,0.1334839709369686,0.120394170577392,0.1161968078332124,0.0203373318220168,0.1440528320795824,0.0128673438788837,0.1066007962137996,0.1445260840330179,0.1419059583438801,0.0202366365443742,0.0185181890993348,0.0178009301695466,0.0090214718850896,0.0885523568867127,0.0894304912594312,0.1408168431745365,0.1137657886460623,0.0196566012531436,0.1393688562551724,0.1400495868240456,0.1393688562551724,0.0252161255713071,0.0074071139658879,0.0616258653062387,0.133910511784904,0.132954633502678,0.0855907073257895,0.1022911545749175,0.1224006422923266,0.1274465074776921,0.1290879114494613,0.1334326805767835,0.1378193656889357,0.1112036338805071,0.1126160087411786,0.1097347969017205,0.1243056103603887,0.1150820474837763,0.1401123528682982,0.1374562913214903,0.1434782923452593,0.1434782923452593,0.1443909617031728
25587,15254,546349,0.139980339125212,1.6773960928281106,0.596162113573299,1214,5,8026,5,21.35260093015985,35.81676937196801,0.1485948228825328,0.1609909773731048,0.1419957385598655,0.093829307390745,0.0976474448585602,0.1031708547959995,0.1463124210549339,0.163879208851419,0.1150266248487361,0.0742407128777638,0.12233219035082,0.1125343884414681,0.0968779487291257,0.0820350052291498,0.0670221858022312,0.180266633616471,0.2143327861737919,0.2123511362892587,0.1907319616364233,0.1812783250548158,0.1366276932751281,0.1269472248676816,0.08805538159921,0.1371910969999077,0.1412619190373706,0.1171798144069487,0.1281251448343069,0.1168524967125889,0.1412015447716179,0.1335553927525767,0.1613667036875058,0.1707978626667091,0.1405937915768689,0.1717257035435859,0.1425708199104093,0.1642041361447343,0.1642069300887473,0.1644628688299244,0.1645171116176239,0.1670990724980315,0.1797290139617856,0.1769671014674191,0.1788863448100838,0.1785896648853022,0.1755232161306087,0.0858269693431757,0.0371766763117496,0.0290684654417655,0.0306125699375899,0.0300567389671528,0.2097497023666084,0.209643007217442,0.2094880210803507,0.2094880210803507,0.2084391596944748,0.1976097952358384,0.1898397414157379,0.1787905804668922,0.1679383184982085,0.148097335052793,0.1969454736891174,0.1922483031759612,0.1885396027998553,0.175772743376703,0.117613264387055,0.082940826651817,0.1565462910918487,0.0794650584962717,0.1648056041138533,0.1797505377919274,0.1035960784461072,0.0524973670339505,0.0545359707623271,0.1415896946499253,0.0519163987233826,0.0760700062191741,0.061025016705104,0.1106278656478068,0.0836868829366363,0.0829476398744465,0.1015214654992629,0.1015233399860458,0.1015214654992629,0.1005121973008869,0.000281060055111,0.1374980376788004,0.2005240425444726,0.20587900019638,0.1905398444238196,0.149099520073103,0.1257759438091502,0.1325661346007209,0.1406868393474455,0.1438958277575667,0.1482958181321974,0.0845599267788028,0.1207844112405882,0.1264660141820273,0.0851130762522745,0.1254532040609258,0.1992544274880387,0.1956900345546971,0.1820358256137305,0.1811142443293349,0.1714314737597934
23421,11888,802784,0.2883264452539774,1.9701379542395692,0.5075786687161095,2389,5,2629,5,34.276247811792835,67.52893674293405,0.0874618286443442,0.0943114972028442,0.0823467503130103,0.054043830359035,0.0534967431752941,0.0406962065548843,0.110131161474001,0.119448030600242,0.09595083038138,0.0792028575713321,0.0873861523486244,0.0805951553999471,0.0673845112074352,0.0350054817078498,0.0128790205239692,0.1107108423164077,0.1334431058972095,0.1459598076676226,0.1459544940357307,0.1429877301504353,0.0797730768097257,0.0674734003204171,0.119775608094955,0.0820583659087255,0.0844927825827323,0.0636110582981824,0.0771086702939587,0.0630959334253764,0.082388972249655,0.0711302334249277,0.1195379879495179,0.1221524897546335,0.1104929914644446,0.1224569619843588,0.1109216924441159,0.0906435092986697,0.0928966389220648,0.1151742458938747,0.0942641137369932,0.1184282089509295,0.1277329664398626,0.1246683518606766,0.1241125486139947,0.1239360653295231,0.1232673838429359,0.0987815463056583,0.0195883551630347,0.012020297743285,0.0121571196925428,0.0127063045161864,0.1401514021792302,0.1410296118016241,0.141452752152078,0.141452752152078,0.1398784715290945,0.1216467401651958,0.1054910170032011,0.0966247007613105,0.0960772217542593,0.0824479131680163,0.1206625085765815,0.1065177877439122,0.1023585008618108,0.0990278555284747,0.0810158623436167,0.124598799536215,0.1228370699286374,0.108024776474407,0.1310017976431216,0.1391516457604239,0.0293467149767422,0.0888370634779266,0.0886566013831425,0.1055449295997815,0.0750944943289457,0.0499782756379783,0.0496041003933587,0.0664976811149661,0.0530969336438249,0.037610289768589,0.0296375123795327,0.0296375123795327,0.0296375123795327,0.0294602839121214,0.0006458372401831,0.094759782967006,0.1222951489399643,0.1242232471286119,0.1107839856521561,0.0959049018080265,0.1016316793804262,0.1135431913605533,0.1193478275206841,0.1236662074672663,0.1280884482995531,0.021871634294643,0.0861015932155527,0.0880983333518378,0.0216890642363069,0.0876689762340282,0.1222324209260054,0.1222270331991485,0.1264979433080928,0.1264979433080928,0.1266070473664657
22178,17803,240938,0.0610224626172515,1.2457450991405945,0.802732437550726,2767,5,300,5,10.863829019749302,13.533561759254058,0.085021779933836,0.0995245879865619,0.0967981417773512,0.0658404202920045,0.0441872251487216,0.0036213567281082,0.007305904242515,0.0256264252226472,0.1134029582294501,0.0769934696300936,0.0234218745662259,0.0356347176416022,0.0321007490065276,0.0146867762676922,0.0012066236020107,0.1238732419298107,0.1483106470698703,0.1502276437777875,0.143340931803402,0.139474650839691,0.1124022960874239,0.1156114534132887,0.052206412188951,0.1009537658541301,0.0991246579560918,0.092105749701378,0.0889096783318709,0.0922255011164283,0.1041199477108431,0.106459070727033,0.1158263554205573,0.1173808054148997,0.0574377579964786,0.1176326002042959,0.0573455785252224,0.1190581535546503,0.119086818856909,0.1108494880007701,0.1186926709500686,0.1115980447090207,0.1285383194947307,0.1218909707089937,0.1257523230809659,0.1247921071282398,0.1190505429386232,0.0872735589567871,0.0600604531133158,0.0461053669359667,0.0468248575734371,0.0482010962646356,0.1528751509921478,0.1529009228160697,0.1531435799593408,0.1531435799593408,0.1526761157101029,0.1109102340433344,0.1138980186394982,0.1038654906390259,0.0970798463476196,0.0605337350364077,0.1136978348656203,0.1192668848642551,0.1139435036438119,0.096302466598713,0.0633302843540851,0.0401556665617383,0.032031404556676,0.0646430367447984,0.0608403241993467,0.0966226179330025,0.0022626645366679,0.0376864924564084,0.0370557466416976,0.0133012369560069,0.0514918708068188,0.0566391434872081,0.0443500057177191,0.0863945318327494,0.0766950873660753,0.0664122862772765,0.0039906150807373,0.0039934599258702,0.0039906150807373,0.0040594290235018,0.0001905712145852,0.0924733727873943,0.128298267581796,0.1298266036578746,0.1082087201708763,0.0971833619859119,0.0077350290601357,0.0131730441997376,0.0250161286211656,0.0424527192080132,0.0657177558102674,0.0040285967838066,0.0912058353782453,0.0956033905814126,0.004211106562923,0.096593817301331,0.1433525829638535,0.0906279976448239,0.1423639566634422,0.1293548799026026,0.1422138804322775
5541,3568,64706,0.3272891118227514,1.5529708520179373,0.6439270889731096,578,5,272,5,11.677675509835767,18.135089686098656,0.0694880055430393,0.0996497872177631,0.1007960789055073,0.0721289925530129,0.0541439506661385,0.0144000908742509,0.0170857128619562,0.0244067030751086,0.1075607418884239,0.0786609996486102,0.0182245307583436,0.0536886716697207,0.0565873467610553,0.0360210634688879,0.0166757551329282,0.111220723457036,0.1336625049232042,0.134212767057625,0.1226518454836172,0.1165092517168016,0.0739701348448666,0.0628056630479658,0.109236650952118,0.1070290398299925,0.1062089869906096,0.1045177685416117,0.1093432059800979,0.106537642588089,0.1175311478648471,0.1154026701649022,0.1133172197877393,0.113017878221441,0.0693829144380263,0.1137566477480545,0.0701761748879537,0.1089146684790405,0.1089176717444325,0.107108038239824,0.1089775220406677,0.1114042310517411,0.1176686046497294,0.1138096920754636,0.118024361962075,0.1180503297440532,0.1141840498541226,0.0776986429179206,0.0533558740150224,0.0366073089574286,0.0387067149001268,0.038700113334488,0.1313896743844287,0.1388547990733838,0.1365080092229774,0.1365080092229774,0.1354176417090676,0.0944365498712604,0.1071188016204732,0.0988215175782231,0.0818846001292457,0.0761540632890047,0.0955468671047335,0.1025271397499336,0.0980655599700958,0.0853716990449994,0.0833520551559851,0.104917806023827,0.0961520235546792,0.1121011002529643,0.1207836970354147,0.1196284182309687,0.015253829082236,0.0826406087820672,0.0823031771437654,0.0886417126106833,0.0852295538437598,0.0731271736553351,0.0731198090306842,0.0753394424091662,0.0947429791637666,0.0514084080223327,0.0166256276750467,0.0166303592937252,0.0166256276750467,0.0167332247666552,0.0009435767382039,0.0755085131663216,0.1180822100813822,0.1188443183656797,0.1053734968100535,0.0884757421099227,0.0472409793669057,0.0667801120307138,0.0891250409967593,0.1027442879069975,0.1165542348593192,0.01067730977214,0.117006665499787,0.1190964380747975,0.0102475864458554,0.1207766926920211,0.117412967562834,0.1044550002357839,0.1127318662505726,0.1105882168686867,0.1116348331622136
43536,8655,714773,0.1896935404733409,5.030155979202773,0.1988009922822491,419,5,3790,5,16.41797592796766,82.58497978047372,0.0760614604537207,0.0770193274211081,0.0639291683252381,0.0439321055146963,0.0456462057002754,0.0548732255235981,0.0819528589130421,0.0665579473928242,0.0343144079003157,0.0343228441532386,0.0654410228494487,0.0605252200548382,0.0547359192079723,0.0151484737343,0.0138465770858902,0.0790262550506818,0.0904741308876972,0.1011589170015843,0.0997824654162022,0.0967125930387949,0.0643649854927662,0.054004580818081,0.0779064229869054,0.0693069161738549,0.0692329342732005,0.0570483381413583,0.0672705596656897,0.0567318046624869,0.0700812975721997,0.0632769806948839,0.0872873081823912,0.0900459779058491,0.0782361142426669,0.0905378460370647,0.0787272473072809,0.0820607124242556,0.082129978488369,0.088674050287355,0.0822718662432885,0.089920738394445,0.0916856253176104,0.0908374973960783,0.0909324482723356,0.0909417027330422,0.0906038530108439,0.0658600696058544,0.0220663420170045,0.0135535651642029,0.0138568016563495,0.014269816083049,0.0986118186883186,0.0983007431712828,0.098706724052963,0.098706724052963,0.0987926785830181,0.0792006051609039,0.075238075408149,0.0707920829006261,0.0702158552000742,0.0637924295048772,0.0797298461091378,0.0768019422326912,0.0734799294934335,0.0681694073503636,0.0669137053556183,0.0737762549321276,0.0988565534000145,0.0649149231892783,0.0954212659827734,0.097119054054167,0.0241946426996709,0.0584626035885401,0.0583935163489379,0.0754114111128157,0.0513980059972538,0.0422169435344042,0.0392586687052999,0.0660373967846116,0.0456752928355837,0.0334131255961017,0.023323092365889,0.0234007045533952,0.023323092365889,0.023332866981549,0.0005502085053269,0.0576176689628699,0.089439676899371,0.0907275432147939,0.0726115512535249,0.0644420599402269,0.0681033577960693,0.0749527152292117,0.083120369384975,0.0840166514527092,0.0847773586328374,0.0158642638966687,0.0614821607791432,0.0579479284065926,0.015712564515257,0.0578013488306305,0.0870545614810211,0.0870416275188896,0.0891011897165218,0.0891011897165218,0.0876671103208847
26039,15483,709356,0.1759482011686537,1.6817800167926114,0.5946080878681977,1009,5,5427,5,27.242059986942664,45.81515210230575,0.0447439358854844,0.0303661162879762,0.0246181670064393,0.0165043484031856,0.0205261618949008,0.0421628293227564,0.0538019153786722,0.0559591534790354,0.0391353473729138,0.0309610284324939,0.0371286986558972,0.0336470704962938,0.032186468645254,0.0354967834682753,0.034357566559559,0.0654474320478354,0.0892714559124939,0.0991542195712945,0.0926556182584533,0.0864482059970923,0.0311564879805673,0.0232916582340578,0.0546537896325921,0.0356754085401545,0.0368316373725852,0.0275189413657949,0.0344540235732518,0.0274171992381019,0.0398165245372969,0.0346427855194223,0.092126582264393,0.0830851244738592,0.0750583810939869,0.0804292922517697,0.0717037137874263,0.0496406305085371,0.0497779161285734,0.07775681313371,0.0499698435052138,0.0775272745646327,0.088097257910019,0.0830677733545988,0.0835211014874216,0.0831783673776271,0.0821671073371044,0.0303422324109635,0.005632532639776,0.00331006442164,0.0034415485027984,0.0032627047552014,0.0806488232993268,0.0821144489218813,0.0830057576761441,0.0830057576761441,0.079439628291176,0.0526563566868183,0.0466724037498513,0.0429435637058794,0.0406962331221788,0.036940330006535,0.052797880941434,0.0474132618805994,0.0444296171963831,0.0422840055038142,0.0390651341732881,0.0575963033531281,0.0719637735657838,0.0630274528134554,0.081065593844236,0.0875760046671367,0.0427754462286103,0.0481763577782581,0.0489233963823803,0.0668556735935464,0.0472127719416267,0.0117845622642047,0.0045563198763261,0.0120062969197721,0.0093414956113219,0.0125053563711237,0.0419208922267045,0.0419208922267045,0.0419208922267045,0.0419507444776983,0.0003445566954025,0.0401951887845348,0.0600216234679762,0.0617672906778346,0.0540244846330092,0.0437172835188236,0.056347284253606,0.0603708874781015,0.0671730944372129,0.0725598475260556,0.0770259993934063,0.0340835599230546,0.038360002582297,0.038869337313063,0.0358770537106289,0.0391726973402021,0.0715650977523606,0.0715048738123876,0.0684407081263395,0.0684368677330832,0.065260884837734
32987,7604,459769,0.1832967467282274,4.3381115202524985,0.2305150513838785,396,5,3309,5,13.937884621214415,60.4640978432404,0.0872670346197638,0.0877343805524475,0.0761182286802759,0.0495132512257605,0.0472668441764147,0.0259950063352617,0.0962372644343477,0.0845340328330372,0.0357410393201387,0.0298504194932527,0.0679028734907772,0.0629448276309807,0.0585527704240227,0.0290469054190094,0.0064235337525727,0.087269271657489,0.1007032730248516,0.1112960455335812,0.1080415548056952,0.1035301403413153,0.0770128145794701,0.0667264732516794,0.0859915999539427,0.0815420696369968,0.0828585378493459,0.0706213481783321,0.0807265136292298,0.0713637156963862,0.0838631339360116,0.0775266309658172,0.0926440528287282,0.0969649816341315,0.0790628494929731,0.0973647128912525,0.079586490631625,0.0892924414706561,0.0897349946788628,0.0956249813552734,0.0902166658608396,0.0962829610808453,0.0985554469586591,0.0980403429486977,0.098566716606871,0.0983726666492284,0.0975164936585153,0.0722858453746187,0.0257228676300945,0.0185964578797065,0.0190261800147506,0.0186258707222862,0.1101686026659882,0.1102370386784392,0.1099678496855179,0.1099678496855179,0.1111345683805545,0.0891131408872706,0.0842310920156076,0.077658331454109,0.0775717648276043,0.0696274466502992,0.0890619026814667,0.086158962892241,0.0814318360245908,0.0764702363858779,0.0740784415037053,0.0828552186821165,0.1058108661056611,0.0786630248667878,0.1045605522204592,0.108706232584487,0.0233452288958995,0.066358685326907,0.065550446816276,0.0839069521969305,0.061498381901468,0.0429848530975631,0.0452593207044818,0.0782697320777278,0.0528939032180136,0.0474287485609777,0.0225035293387798,0.0225035293387798,0.0225035293387798,0.0224648500705139,0.0005222145106092,0.0603294013960584,0.0974858158074358,0.0993969091473813,0.0810002842670726,0.0679419818627181,0.0616805857579524,0.0702859907490048,0.0828378393150546,0.0892809030443865,0.0941359582348988,0.0162617267656147,0.0785025013749854,0.0742290442935833,0.0172192758762292,0.0741470887796569,0.0979838522593792,0.0979269605280054,0.0982446200820687,0.0982446200820687,0.0942682321665339
6040,3416,999611,4.84480415496999,1.7681498829039812,0.5655629139072847,2277,18,3428,5,165.49850993377484,292.6261709601874,0.4235126212483534,0.3486201263156296,0.3080737984772009,0.2381539705821981,0.2261495667680984,0.3270556915279633,0.415798535715555,0.4325969920384315,0.4292997168327656,0.406976808710103,0.4028097340845248,0.3927128919336379,0.3614368453307598,0.1876476455693974,0.0829435449686609,0.314996096005544,0.38068595547633,0.4506276711209184,0.4824502125160749,0.4865211377283772,0.1921764390861201,0.1847095218914362,0.4264530496479281,0.1830821688830282,0.1931798707253759,0.0965781674293711,0.1443809033720217,0.096152325007382,0.154879872913363,0.1144180879033265,0.308733411503517,0.3410739923953858,0.3410739923953858,0.3586642728557632,0.366407661664646,0.3042163085487118,0.3047913426135902,0.3369543116998316,0.3046290754336703,0.3537153447715713,0.4216624959600341,0.3984125312074672,0.3831859613318013,0.3738184439826246,0.3700088371347663,0.36018271089957,0.1182082664660113,0.0887530179533741,0.0934959028583665,0.0922240238919881,0.4092788078845025,0.4188029563250614,0.4192773272214131,0.4192773272214131,0.406827855787046,0.4013664291068119,0.3990351144452767,0.3764609543250339,0.3180722104151925,0.3197860760656889,0.4024267362043722,0.3786341093881093,0.3543997228966179,0.3192326075536389,0.3191953156234152,0.4599943287786343,0.4232214621131213,0.425021005136348,0.410133585375573,0.4355651117300881,0.231656369720672,0.3801404634073681,0.3791021158253755,0.3966068385229929,0.3265392640152537,0.1724517400229349,0.2793955313381242,0.2718967195819221,0.2184339048842341,0.1586237915902534,0.2324982869726584,0.23251222220115,0.2324982869726584,0.2296664625517616,0.0104085875375161,0.429426471020314,0.4529160216306466,0.4518240586914003,0.4621049244508793,0.4491244575927398,0.3725958936271386,0.4052975485165292,0.4302455929872661,0.4313176262796808,0.4251133218210416,0.1531994898863933,0.4158216536974551,0.4252694866835934,0.1541758155722594,0.4255905939885326,0.3729234010241,0.3729141108717723,0.4107522162748297,0.4107568613509935,0.4270285255195339
7025,9432,118668,0.1790950168880678,0.74480491942324,1.342633451957295,2499,5,380,5,16.892241992882564,12.58142493638677,0.0270948554512714,0.0318121339487394,0.0301465822360045,0.0201778120908461,0.0155431558732577,0.0111267839195831,0.0113786703404545,0.0112893376538537,0.0334840389478088,0.0245098559872997,0.0126324851670156,0.014443329283099,0.0150326118419765,0.0103590361777728,0.0030770160599458,0.0459447483562297,0.0642287907404674,0.0646786997744772,0.0591318186016242,0.056489109160095,0.0228832375952656,0.0181293204924935,0.0379065649435,0.0321441532142286,0.0336640424517339,0.0297477636336567,0.0309057951146766,0.029705900053486,0.0374767594321766,0.0367603796231234,0.043518933640053,0.0389277381658366,0.0246037417689127,0.0394045068593999,0.0244926963928678,0.0474307383371855,0.0459278556432231,0.0369194844976196,0.0446121562196552,0.0367299852520779,0.0525215717620633,0.0481022037569936,0.0498387250855118,0.0439806634864515,0.0390140461069204,0.0319304683973373,0.0165843941112436,0.012668185863552,0.0125232558437058,0.0127475233707796,0.0597692737975458,0.0639254689336598,0.0644267234153713,0.0644267234153713,0.0646220985098909,0.0349300235316007,0.0324992919530229,0.028982535936491,0.0241360255207752,0.0197831580663716,0.0338290238671513,0.0325662687410872,0.0293456679470357,0.0243450845964387,0.0217148413476464,0.0418880372775452,0.0393155559241502,0.0460067908059455,0.0466555326572395,0.0511912669065142,0.0109508918757333,0.0361684560087011,0.0373274189587747,0.0397963081191596,0.0397183692461185,0.0177409714383754,0.0157364541726041,0.0250129073845453,0.0255948867661366,0.0192737445411738,0.0112742765522812,0.0113653485121652,0.0112742765522812,0.0111232594823021,0.0003561857229974,0.0209555626770489,0.0406085045156883,0.0421618466197053,0.0363649189943776,0.0293388127976812,0.0190712667136441,0.0240935792349752,0.0350066013042076,0.0421892083962863,0.0483330188056115,0.007320716611751,0.0515362137821024,0.0514879459670679,0.0078900592504092,0.0521951259341381,0.0572512090147267,0.0462737632133612,0.0542314694937951,0.0503325909761555,0.053489249515228
936,2028,20050,1.0562593772652944,0.4615384615384615,2.1666666666666665,440,5,87,5,21.42094017094017,9.886587771203155,0.0362261963534755,0.053823039040109,0.0517235756602907,0.041475158178732,0.0288994352524745,0.0017606436894376,0.0260159599116555,0.0302404340269401,0.0411217048794577,0.0580906582308229,0.0308725387463308,0.0323193787150743,0.0340015185000851,0.0255168488125851,0.0190203076200633,0.0670394303480522,0.0761555656017232,0.074329478948156,0.0677754480648747,0.0646861125211071,0.0132002262630249,0.0136630108848329,0.0319258556806968,0.0384859170090953,0.0409542788458329,0.0539944685608433,0.054263452138847,0.0549748094142327,0.0599911841356147,0.0599908268762747,0.0468049810925585,0.0572221136513684,0.0514462761809837,0.0585194376955332,0.052659670895936,0.0585200396631089,0.0617081118621796,0.0556655455992697,0.063355566104301,0.0585935538203061,0.0598787433398666,0.0588828424618904,0.0601605742300642,0.0601605742300642,0.0588828424618904,0.0352588410749232,0.0399309024153625,0.0295902055703997,0.0296625712624513,0.0291922947563682,0.0359942484028207,0.0637830260299998,0.0706545697589279,0.0706545697589279,0.0709695547559904,0.0331843936647913,0.0542381866770786,0.0589354022498475,0.0587634035727602,0.0546079091510263,0.0365533429083468,0.0575690643792438,0.0577772800352452,0.0625398361734789,0.0572854147905485,0.0570574273633409,0.0611708197233705,0.059832314664601,0.0600178751725622,0.062863699128514,0.0109274105342195,0.052628198956016,0.053747459745088,0.0578665235598046,0.0525876624632245,0.0403045459112757,0.0447597184350704,0.0403047936722673,0.0573320141302551,0.0179929348021671,0.0213914672902781,0.0210184629475846,0.0213914672902781,0.0188707916954847,0.0027521567877597,0.0539029719818956,0.054845275426783,0.0555706971547095,0.0688089608262365,0.0619780630884482,0.0377763371996354,0.0430979232151218,0.0532370040055534,0.064586161778213,0.068585793803483,0.0152207943461881,0.0654580294589853,0.0644461071673274,0.0167959870260129,0.065013086680447,0.0684747120482281,0.0322214315344864,0.0659678065438185,0.049644237848838,0.0659165645637825
4911,3166,42380,0.2725712888402831,1.551168667087808,0.6446752188963552,359,5,152,5,8.629607004683363,13.385975994946303,0.0089456414811966,0.0067717276315297,0.0061101246861497,0.0055393163300781,0.0039065179661869,0.0031649885775695,0.0124842204315183,0.0125869305533092,0.0112938257487181,0.0054658922158568,0.0117270286876138,0.0110420631254887,0.0074742193670995,0.0104248850147262,0.0112964512485354,0.0074395605420551,0.0100265855597694,0.0129863174507359,0.0133117974216265,0.0132697257229556,0.0073550509979116,0.0069708433135242,0.011233180820124,0.0086879147512183,0.0095124306505928,0.0098912716930466,0.01084661999979,0.0100277020603625,0.009275283326172,0.0090486643528497,0.0031675801968694,0.0033449250463387,0.0021424786491208,0.0034990923654765,0.0021522449886267,0.0083144393608995,0.0088654426740886,0.002999388868197,0.0093258765404414,0.003456952575838,0.0037052192106985,0.0035628117256854,0.0038153764165661,0.0038153764165661,0.0035628117256854,0.007366945330892,0.002202042640719,0.0023523738465824,0.0022259349612445,0.0024133120086164,0.0086675522995792,0.0101339146759964,0.0113758476580594,0.0113758476580594,0.011710385683736,0.0079712631541114,0.0102686092185362,0.0085443435442138,0.007112033679606,0.0061951594416122,0.008654364568146,0.0096060953986131,0.0093724166875179,0.0071327365860835,0.0077865116065569,0.009069251946961,0.0155813212693201,0.0076126559100496,0.0114407841371996,0.0147734874066679,0.0050107350411022,0.0066797771788507,0.005935526824405,0.0070044954680816,0.0047431807160573,0.0047198735092645,0.0045899663405339,0.0120712584563545,0.005613904166291,0.0034350390559034,0.0124265948545195,0.0124851182951133,0.0124265948545195,0.012281942710519,0.0010935401907989,0.0046874254626902,0.0102213350947762,0.0099164218484278,0.0064822190706257,0.0069541404072326,0.0132437995218198,0.0121385076854498,0.0104793081667287,0.0099593506947692,0.008847448052424,0.0086530519832038,0.0123102285530756,0.0094773649628221,0.0110879517509445,0.0088642467546594,0.0154329753695217,0.0035448558069326,0.0154232090300158,0.0110910306750208,0.0154232090300158
2287,7055,128530,0.7966018760088839,0.3241672572643515,3.084827284652383,348,5,1274,5,56.20026235242676,18.218284904323173,0.2028415596685505,0.1919366492530617,0.1544131992103827,0.0980463725002034,0.0926070185795382,0.1863557868153254,0.1867898284425997,0.1938913494637003,0.1793662586211026,0.151661303345174,0.1917387486056138,0.1661628786615331,0.1631126920419231,0.1716152071194437,0.0838859756836025,0.1806393505649755,0.2165949301355635,0.2483603633267008,0.2306446522554671,0.217180793511151,0.1671811370777541,0.1630634139926439,0.2306059658987774,0.0889545156492622,0.1008940514793467,0.0747684592055331,0.0873704309858593,0.072430142376051,0.1158930974026005,0.1086560598579873,0.2011470384338009,0.2143202090623244,0.2142611637123779,0.217269821136771,0.2170342973522845,0.2009448195322138,0.2007121429806605,0.2179201091388923,0.2006341126519815,0.2164936009684189,0.2286153214712668,0.2259498558124894,0.2247770525744821,0.2243007043716375,0.2237287104814996,0.1543612994887184,0.0336788467263156,0.0280392901534654,0.0266020484693552,0.0274265216900917,0.2121511376075721,0.2287146682173595,0.2253861354434407,0.2253861354434407,0.2201677561505196,0.2061799493718678,0.1835488368926736,0.1748241958338509,0.1389555438999802,0.1225826544274309,0.2097483351704277,0.2005676351320764,0.1908111710772257,0.1568872581239255,0.1438837472632959,0.1891963003073963,0.2342439417283044,0.1465174781803019,0.2375296499351979,0.2399555821530195,0.1864407842233072,0.107092352551807,0.1097315031653599,0.1406286745529692,0.09619790597742,0.0538788976088083,0.0335112590082047,0.1737229334167154,0.0849158684508948,0.0922587223906176,0.1859196430019453,0.1859196430019453,0.1859196430019453,0.1817497314562912,0.0014550010609749,0.150679316107461,0.2320764287262862,0.2366274954034119,0.2116315732029103,0.1924253460089994,0.20954963288943,0.2152974026716056,0.2133750859452626,0.2100445803254456,0.206582080691936,0.1558161425618831,0.1840224025357408,0.1818933510322431,0.1554589034642171,0.181018376357563,0.216184504733237,0.216184504733237,0.2126945864148922,0.2126945864148922,0.2091035101843944
9983,7814,545591,0.6994114207103189,1.277578704888661,0.7827306420915556,663,5,3846,5,54.65200841430432,69.82224212951114,0.1573488692762659,0.120368155883397,0.0888995107396183,0.053272928826226,0.0547192592721735,0.1085641618035719,0.1601050958023327,0.1766151597442027,0.1397577226718027,0.1180032836216987,0.1378039169145505,0.1224898384969598,0.1175278390992091,0.0973066779399159,0.0451529198696958,0.1089574043588987,0.1576956408793366,0.195231223190323,0.1951227543262751,0.1881583766119215,0.1220103483760263,0.1131441051861554,0.1618371929303022,0.0714755351943741,0.0800645509721209,0.0435711825311598,0.0597874008946761,0.0428617833397697,0.0723678614250986,0.0597325732731309,0.1601427952061277,0.1670548784728923,0.1669372971797654,0.1677913486717835,0.1677602613552658,0.1405782021658453,0.1406496961036701,0.1663003529099596,0.1406393648058424,0.167200089621518,0.1816207126590356,0.1759174293857675,0.1737556744494169,0.1725376179369765,0.1721258360538372,0.1015914383699261,0.0203902849855266,0.0107541839088434,0.0111762980965224,0.0120657154669624,0.1732664303982264,0.1731360226791732,0.1738086489473976,0.1738086489473976,0.1712468577168414,0.1760045136933684,0.1417045514253037,0.1296309253885063,0.1151278046537554,0.1100703222270421,0.1760759870981962,0.1445684639212981,0.1369695305178739,0.1243074893309183,0.1168499805316831,0.1206391711312039,0.188373101494447,0.103764285275017,0.1929502701633262,0.1965104098530545,0.1066236820578909,0.0874771096177011,0.0892024175754662,0.1044533152848183,0.0818805127813874,0.0341913077654352,0.0208184271691412,0.0540673422203513,0.0288355227663764,0.0365055617810896,0.1083083189478946,0.1083083189478946,0.1083083189478946,0.1072590767031561,0.0015354627961142,0.1296708536214291,0.1720128750284036,0.1765567516273615,0.1546464666317802,0.1364193510538525,0.1551810008315708,0.1636372827721609,0.1675350050422084,0.1632066387366765,0.1595485193798187,0.0901924260722737,0.1294156302238649,0.1375097224032807,0.0887152653489931,0.1363566278585527,0.1630432614696547,0.1630432614696547,0.1678538414382397,0.1678538414382397,0.1657529638199866
4905,2420,53258,0.4486735579312726,2.0268595041322315,0.4933741080530071,94,5,311,5,10.8579001019368,22.007438016528926,0.0263218304057229,0.0296367255287067,0.0268522285814499,0.0193183007360664,0.0142035719630187,0.0130860942902201,0.0132181011525512,0.0153192798146777,0.0324982418290524,0.0218977870086521,0.016275232139169,0.0203039164574156,0.0181363854426964,0.0188231282804774,0.0143841372527798,0.0402574865078208,0.0528043629100109,0.0550059935799546,0.051437809920141,0.0492917026001421,0.0220424047306248,0.0188729320300697,0.0353581657528435,0.0321355729959057,0.0346780503365576,0.032470242717078,0.0333772285930485,0.0322974806753687,0.03699527630848,0.0361684520180806,0.0514331119426695,0.0456833783537501,0.023507624501041,0.0506035767152436,0.0235100212811712,0.0416243663176583,0.0415507763455135,0.0499679805809373,0.0413646888040731,0.0502023185760069,0.0517823792335918,0.0506164397071615,0.0515296145350663,0.0515296145350663,0.0506035767152437,0.0253039197967157,0.014105503708468,0.0118762326530038,0.0111414226589377,0.0114362834417926,0.0455706885944112,0.0538520598737385,0.0534770166102148,0.0534770166102148,0.0521516823320018,0.0350705230492453,0.0332972526840888,0.0316740387121935,0.0271777332545214,0.0245142120234373,0.0316382470332194,0.0323907899522935,0.0312755730414429,0.0252763153486316,0.0250719580170152,0.0331053894038908,0.0398989226485724,0.0370584196425888,0.0440220598334778,0.0461080116210522,0.0134984778036021,0.0318420531514581,0.030227345065306,0.0298925889843808,0.0332477665648841,0.0198281351318369,0.0201475714650252,0.0322193222305028,0.0279574897616169,0.0139765329179924,0.0130282618747001,0.0130320345062085,0.0130282618747001,0.0121693301281509,0.0011080539789896,0.0219289732530032,0.0387255046785828,0.0397469038803357,0.031810240972582,0.0258663432030038,0.0215106844961132,0.0221237965960195,0.0274926881688705,0.0373877833069216,0.0433657413207966,0.0098263422015004,0.0493394031617394,0.0442401455272863,0.0102491316206446,0.0446001729524678,0.0497217238195357,0.0338421039159326,0.0483081376289964,0.0422405871616364,0.0475483436997137
