num_users,num_items,num_interactions,density,user_item_ratio,item_user_ratio,highest_num_rating_by_single_user,lowest_num_rating_by_single_user,highest_num_rating_on_single_item,lowest_num_rating_on_single_item,mean_num_ratings_by_user,mean_num_ratings_on_item,BPR_0,BPR_1,BPR_2,BPR_3,BPR_4,CDAE_0,CDAE_1,CDAE_2,CDAE_3,CDAE_4,DMF_0,DMF_1,DMF_2,DMF_3,DMF_4,EASE_0,EASE_1,EASE_2,EASE_3,EASE_4,ENMF_0,ENMF_1,ENMF_2,ENMF_3,ENMF_4,ImplicitMF_0,ImplicitMF_1,ImplicitMF_2,ImplicitMF_3,ImplicitMF_4,ItemItem_0,ItemItem_1,ItemItem_2,ItemItem_3,ItemItem_4,ItemKNNRP_0,ItemKNNRP_1,ItemKNNRP_2,ItemKNNRP_3,ItemKNNRP_4,ItemKNN_0,ItemKNN_1,ItemKNN_2,ItemKNN_3,ItemKNN_4,LINE_0,LINE_1,LINE_2,LINE_3,LINE_4,MacridVAE_0,MacridVAE_1,MacridVAE_2,MacridVAE_3,MacridVAE_4,MultiDAE_0,MultiDAE_1,MultiDAE_2,MultiDAE_3,MultiDAE_4,MultiVAE_0,MultiVAE_1,MultiVAE_2,MultiVAE_3,MultiVAE_4,NCEPLRec_0,NCEPLRec_1,NCEPLRec_2,NCEPLRec_3,NCEPLRec_4,NMF_0,NMF_1,NMF_2,NMF_3,NMF_4,NeuMF_0,NeuMF_1,NeuMF_2,NeuMF_3,NeuMF_4,PopScore_0,PopScore_1,PopScore_2,Pop_0,Random_0,RecVAE_0,RecVAE_1,RecVAE_2,RecVAE_3,RecVAE_4,SVD_0,SVD_1,SVD_2,SVD_3,SVD_4,SimpleX_0,SimpleX_1,SimpleX_2,SimpleX_3,SimpleX_4,UserUser_0,UserUser_1,UserUser_2,UserUser_3,UserUser_4
22363,12101,198502,0.0733522706417427,1.8480290885050823,0.5411170236551447,204,5,431,5,8.876358270357287,16.403768283612923,0.0676632284477832,0.0683365415805159,0.0662354058468175,0.0467481114283868,0.0365559750409725,0.0173779144831776,0.0336271789641193,0.0530626800646475,0.0569225208305384,0.0405630438316124,0.0420999077983829,0.050276956196779,0.0485744132350132,0.0336273280198513,0.0149255537597888,0.0760809770106375,0.1005529932165445,0.111106259701931,0.1063784638600181,0.1041546659057726,0.0800385983366799,0.0722568173478158,0.0712909433027484,0.0903165162978246,0.0908844399301851,0.0850418846606745,0.0885815004801723,0.0861075408714365,0.094532202781096,0.0926689032124348,0.0824206083035398,0.0799571429281217,0.0343253524635718,0.0826168082341225,0.034235631559783,0.0894564844110187,0.0900486635409597,0.0794540633688442,0.0902636642722924,0.0807853643365949,0.0845687533759348,0.0825590136485364,0.085804876109844,0.0858182911257185,0.0826218761290084,0.0661075834587885,0.0321439892566306,0.0260611064619918,0.0258993206607569,0.0269053403829596,0.1145704604189601,0.1160578556274571,0.117022448503019,0.117022448503019,0.1167598548906959,0.0779648143297921,0.0767856876686192,0.0709482783708066,0.0680187299174017,0.0634045074453337,0.0760018568085464,0.0788998480341322,0.0738503828248048,0.0669998346191164,0.0648452553076261,0.0663888622717938,0.0771795213039678,0.067654089911837,0.0819900253323765,0.0920278287051528,0.0050361921512929,0.0583008415773013,0.05936727967382,0.0453777104962124,0.0597414947439428,0.0451945496706932,0.0427855606163525,0.063367651641139,0.0523345179715076,0.0472570480293057,0.0196461416923787,0.0197000146926363,0.0196461416923787,0.0188103329692114,0.0008076797771829,0.0554498537479353,0.0817676803166227,0.0845115727580065,0.0774585039489121,0.0586247869745163,0.0466042371576065,0.0522773018641193,0.0608005286509958,0.0690508308437476,0.0747726012851442,0.0123416123145586,0.0910601127571122,0.0836367291778014,0.012871065372295,0.0832481195909626,0.1049481144095014,0.0616622375820604,0.1030402720196128,0.0827496559296853,0.1025596063225182
1819,14868,984499,3.640240086741704,0.1223432875975248,8.173721825178669,7025,15,1541,5,541.2308960967565,66.21596717783159,0.4914291386336466,0.4167092506784645,0.3744747244692269,0.2819852613942773,0.2462886899308009,0.4020694259012016,0.4783927153415883,0.5011163032191069,0.4813940591813049,0.4890050786669808,0.4622908104051589,0.4543170414583278,0.4475638105709573,0.3939178599788825,0.1118627450980391,0.38458371510598,0.4437985723884569,0.5359084880057943,0.5872846584116512,0.5926467970365716,0.3634828136862221,0.357539857064321,0.4188474829184009,0.2257406389347016,0.2073570425054756,0.1056413780465456,0.1454004467830745,0.1042070909360628,0.1558255888024991,0.1200910145989859,0.4423820867911027,0.4329909159925652,0.4329909159925652,0.4330071467839472,0.4322374931280923,0.4323917729085403,0.4334532317599937,0.3742376763789629,0.4330534394443135,0.3721904587380123,0.5132673630199743,0.4756826531235546,0.459808197422271,0.4499548417497839,0.4419300679773467,0.379106652006597,0.0818832953742244,0.0578536523643724,0.0595975461835824,0.0591553007495832,0.4624885031894378,0.5228197073221812,0.5243881166173635,0.5243881166173635,0.5166947651334677,0.422069382270042,0.4802262275626761,0.4732523975322215,0.3833209420839987,0.4136952974336152,0.4351173241882423,0.4562769967800203,0.4134733457245826,0.3733715978603279,0.3732495178756861,0.5367611281272634,0.4782473799488643,0.5063229840222693,0.4366433676274248,0.4800009598855118,0.4009173451311988,0.5206006265434523,0.5264288332155292,0.5482891785997889,0.5102945103274955,0.17393461434418,0.234197666605583,0.2264450640069111,0.2079457577423492,0.1672197352461233,0.3998706336117001,0.3999109488031973,0.3998706336117001,0.3986448161819244,0.0082061048718552,0.5237524978838888,0.4564974213984659,0.4568345593689188,0.5615014790963114,0.5453705158075691,0.4639378866811522,0.4790460046947127,0.492054678569247,0.5004717400979083,0.5031718980427062,0.2491616272677295,0.4132538373604893,0.4287239194743318,0.2497837203417192,0.4318567239980104,0.4183739103117882,0.4183849053640147,0.4634740438231367,0.4634740438231367,0.4865488189045088
9930,24780,206241,0.0838155222148258,0.400726392251816,2.495468277945619,1747,5,218,5,20.76948640483384,8.322881355932203,0.0166830112373918,0.0157088588372575,0.0148555123962978,0.0086436404034591,0.0064812816701033,0.0073202736616633,0.0082186655796927,0.0085679918157259,0.0199909445483463,0.0151906200546683,0.0135179190843842,0.0130991304208826,0.0138065905784938,0.0095488898479834,0.0011708387282405,0.0252411643408621,0.0316050608225834,0.0333946594414872,0.030766955993542,0.0295201649642736,0.0159251666426892,0.0134441886858804,0.0142322367684905,0.0228344123147748,0.0230282373439472,0.0220430074010134,0.0229511980690228,0.0223001007049345,0.0263178759251266,0.0262357694336545,0.0157672756917469,0.0190758803689316,0.0132803593407822,0.0194272127112006,0.0139280199491679,0.0199745919851659,0.0219162390703175,0.0175811473968573,0.0229960677120797,0.0184038028101471,0.0214200754487763,0.0205926964945091,0.0199577838520436,0.0196840822263782,0.019562516983967,0.0156890695183746,0.0080999216739397,0.0064020204926549,0.006169376108953,0.0066592416758579,0.0242072603462331,0.0249364280119566,0.0257170590962131,0.0257170590962131,0.0253198260841764,0.0199584791956392,0.0238756134209305,0.0238126408670215,0.0189932223980561,0.0142516424495276,0.0207712079796671,0.0252888233507568,0.0258084528205373,0.0222178903115458,0.0111086814047538,0.0109776451030227,0.0100807237967358,0.0129740325133073,0.0123667657731101,0.0169453236145078,0.0026941846896529,0.0097027605939992,0.0097769625473552,0.0057787928195782,0.0116614635783819,0.0084730734186927,0.0076784075832413,0.0167215108937162,0.0133554484566568,0.0102026726769928,0.0075775747694176,0.0075854633226234,0.0075775747694176,0.0076195031889895,0.0004291548777953,0.0170646989242155,0.0250004715548521,0.0254786041976373,0.0207624162790325,0.0196687127351779,0.0044948528589011,0.0049162550552278,0.0077726226442238,0.0117948416694639,0.014012612094183,0.0050389232564458,0.0260984830320177,0.0257397576687606,0.005355720200131,0.0260079365079364,0.0342132227177543,0.0049620518230789,0.0341447433622659,0.0133200258955545,0.0341326587701209
576,550,13116,4.140151515151516,1.0472727272727274,0.9548611111111112,146,5,352,5,22.77083333333333,23.847272727272728,0.3177240410052909,0.4235141093474426,0.4170093419312168,0.3264693562610229,0.259319885361552,0.1644813712522045,0.3671434082892416,0.4000311397707231,0.4158060515873016,0.3058242394179894,0.328667328042328,0.4055820105820105,0.421052414021164,0.4023236331569665,0.3764933311287478,0.3383148699294532,0.4199103009259259,0.4573121968694885,0.4355329585537918,0.4207615465167548,0.0476680996472662,0.052894207451499,0.3048521549823633,0.3675376157407407,0.3852316192680776,0.2175672398589065,0.2371436838624338,0.2240918485449735,0.1840860615079364,0.1875939704585537,0.381639522707231,0.4075209435626102,0.368111221340388,0.4088813106261022,0.36947158840388,0.3975429894179894,0.3982569995590829,0.4092118606701939,0.3990574018959435,0.4088118661816578,0.4062872023809524,0.4088813106261022,0.4092243992504409,0.4092243992504409,0.4088813106261022,0.1427533895502645,0.1181507660934743,0.0928226962081128,0.0941172012786596,0.0947453703703703,0.3569470623897707,0.4392631172839506,0.4453086419753086,0.4453086419753086,0.4401346175044091,0.4127278990299823,0.4313558201058201,0.4310646770282186,0.4078147045855379,0.3958655753968253,0.4106011629188712,0.4360073578042328,0.4270816798941799,0.4133679177689594,0.4096006944444444,0.2162761794532627,0.4052380952380952,0.1804982363315696,0.3023703428130511,0.4083538635361551,0.3297659005731922,0.1422591490299823,0.146184551366843,0.1713842041446208,0.1022196042768959,0.3737697034832451,0.3879122574955908,0.4025717868165784,0.4231323026895943,0.1360429067460317,0.329260085978836,0.3291086585097001,0.329260085978836,0.1876711309523809,0.020234512786596,0.3121103395061728,0.4372383432539682,0.4437680500440916,0.4222676917989417,0.4222977292768959,0.4170608741181658,0.4287730103615519,0.4316030092592592,0.4303046461640211,0.4280667162698412,0.2470413084215167,0.4448560130070547,0.4314190641534391,0.2444511959876543,0.4354016479276896,0.4421817129629629,0.4421817129629629,0.4096655919312169,0.4096655919312169,0.3926630015432099
24303,10672,231780,0.0893655752052377,2.277267616191904,0.4391227420483068,773,5,802,5,9.537094185902976,21.718515742128936,0.1002500148587051,0.1064832906512945,0.1006270700135654,0.0662439903885403,0.0520283569407134,0.0214900244205267,0.0336690910848421,0.0885536177191528,0.0702905285061808,0.0475217149362316,0.0544343731814414,0.0702436174513695,0.0678845710471435,0.0365588022642706,0.0155273566722769,0.0941060415168549,0.1269901259822256,0.14060774389993,0.1349728722497515,0.1315125182141599,0.1162424783928301,0.1048118724646313,0.0992339602727208,0.1302650760341168,0.1303402741447426,0.1234009420745625,0.1281525339154026,0.1246324119629884,0.1349008058969791,0.1304221015238173,0.1030665363019392,0.1072110014506014,0.0538608206315896,0.106820589789359,0.0541224546711523,0.1221306011603505,0.1224243300030239,0.0977238684361261,0.1219384372822219,0.1029085768364869,0.1112811175575031,0.1052028327549867,0.112550740028829,0.1129924321838899,0.1069052158300398,0.1018005321702395,0.0381146687096569,0.03106918017176,0.0327023837281829,0.0315303421290335,0.1497012681823198,0.1513281037222525,0.150722544541826,0.150722544541826,0.1513902065784549,0.1150402132077233,0.1050947626166734,0.0957099685256702,0.0923963793091061,0.0821644659454805,0.1121982980741158,0.1087503796317522,0.1021252095730554,0.0945488897118325,0.0884127180065952,0.0936306217339422,0.1095128989888895,0.0939640674056177,0.1163405131902848,0.1252815251105585,0.019697937219848,0.0754167915777593,0.0757866982259032,0.0726968811088055,0.0743417626277766,0.0668323657213917,0.0637848844841808,0.0971923447951098,0.0768176898926189,0.0643055922941122,0.0217267840079837,0.0217080620395025,0.0217267840079837,0.0217007731098583,0.0009005583607484,0.0723281435631762,0.1157812968416597,0.1186682289533788,0.1022893117251837,0.0782685330506586,0.0583188403809314,0.0713536508981515,0.0855034847745624,0.0935428443415111,0.1040616450121448,0.016635636465287,0.1277228299595908,0.1274697519216713,0.0172935831947064,0.1271688255875393,0.1292568786007867,0.1040393830796249,0.1283867854840573,0.1227225817702301,0.1282238948878869
1062,3895,40825,0.986947871262834,0.2726572528883184,3.667608286252354,318,5,273,5,38.44161958568738,10.481386392811295,0.0681738558574716,0.0653835231518847,0.0601032044958598,0.0377455684094101,0.0297050339281977,0.0465650315367829,0.0570531043553642,0.057834798074911,0.0629019071533195,0.0483409559680745,0.0584208441694317,0.0629286611066271,0.0594315158580694,0.0580313424804949,0.0511957074103966,0.0740709353421217,0.0871465189968014,0.0940343915343914,0.0856449346844826,0.0814630974800466,0.0354259707649537,0.038326233820584,0.0748830448689205,0.0650149463426299,0.0690902908558275,0.0634994619316652,0.0663596687890472,0.0644751591785489,0.0688120646877708,0.0664316354288105,0.0595977939198277,0.0865750455863449,0.0826390757181717,0.0918502824858756,0.0885797237915881,0.0843474426807759,0.0829000388604907,0.0742426688189399,0.0813658715212387,0.0910979583295967,0.0714087675245867,0.0828210474396914,0.0919984754730517,0.0929788060861506,0.091924790003886,0.0470878546019788,0.0215979882222819,0.0162686455624308,0.0169771022030908,0.0173479209637401,0.0494093952709771,0.0773331988162496,0.080776836158192,0.080776836158192,0.0815147370938331,0.0630615340926075,0.0652960870474994,0.0585116432009086,0.0482634591815382,0.0417453591606133,0.0639919439213224,0.0642310854034017,0.0580373210175469,0.0524485098496397,0.0469586434699428,0.0726243535706812,0.0805391145786625,0.0679997309658326,0.0775032881953785,0.0848601022329835,0.0553052043165036,0.0551481929871759,0.0547097420261261,0.0557711565479926,0.0489816309449077,0.0493631363405374,0.0441869936926433,0.073576659791349,0.0639002481092876,0.0284544734403491,0.0572329088572025,0.0572660897378411,0.0572329088572025,0.0553789645173825,0.0028147699757868,0.0479583295967476,0.068840612202194,0.0683258601620183,0.0681831973216153,0.0532568080590678,0.0691295997369443,0.0728152930977789,0.0777797208023196,0.0828859892984186,0.0888524945445848,0.0505110901862313,0.0924378232146593,0.0882333423011388,0.0504793292081427,0.0863160254685678,0.0827224015783337,0.0786451887723073,0.0772450153947328,0.0763975577676142,0.0759435626102292
23724,29794,687070,0.0972040269729623,0.7962677049070283,1.255859045692126,1763,5,1340,5,28.9609677963244,23.060683359065585,0.0424515225356145,0.0630326265278212,0.0602953107562363,0.0405894472946824,0.0356819830163279,0.0236589897578769,0.0308170816238595,0.051099977786877,0.0678029013550004,0.051206942002339,0.0359757917104907,0.0356347667488284,0.0308421249126863,0.0218062112441221,0.0163963189108611,0.0871943822209375,0.1260420563999217,0.1314747807457721,0.1180934550237787,0.1109143978504119,0.0674889001292643,0.0588390297950236,0.0619797746839981,0.079009341554865,0.0802688356576823,0.0700753573502687,0.0757420688446231,0.0694866293057997,0.0830967869922093,0.0788798397175988,0.1060069837523049,0.1059394779380868,0.074745592836134,0.1074096487917934,0.0751844692803215,0.0682209161976485,0.0668459439640521,0.0950043991350263,0.0671290809922574,0.0986426142704594,0.1154883943123699,0.1065032195646762,0.1101614164746435,0.1100627119279116,0.1064731013801574,0.0455360153671989,0.0229731428624953,0.0174968921700079,0.017801690338362,0.0178524091871334,0.1348087062060253,0.138076179637257,0.1381669891583902,0.1381669891583902,0.1378012320254353,0.0689006310667918,0.0746536057518606,0.0647950103438216,0.0643978771748118,0.0498927949193502,0.067367346843194,0.0776553814635503,0.0732669013764106,0.0706108709149933,0.0528962834501529,0.0638215302700633,0.0597323385601078,0.0685706424142184,0.0706319298921726,0.088941598220809,0.0211749939114632,0.0503830291741267,0.0510893295383684,0.0469630713522974,0.0560940331002293,0.0381824547106539,0.0280715898172903,0.0513771734737844,0.0433134887181422,0.0436092009163581,0.0238485774234382,0.0238238519428453,0.0238485774234382,0.0236987826941038,0.0003888969177284,0.0612746385014973,0.0942707338091758,0.0964466764618509,0.0859428935402632,0.0686510512427305,0.0408448814809461,0.047200136222645,0.0555246177603283,0.0613485606966891,0.0685285177691601,0.0179091663923479,0.0819593647046858,0.0927012896992664,0.0178439153439153,0.0939471916457247,0.0921021643075259,0.0847414178395462,0.0859592757183803,0.083073148750311,0.0794681562840388
35598,18357,296337,0.0453480454569589,1.93920575257395,0.5156750379234788,296,5,1042,5,8.324540704533963,16.142997221768262,0.0423448191756804,0.037579855565276,0.0347114716628452,0.0209491370569239,0.0173766740061194,0.0164490291500235,0.0249522601144882,0.0487405124418439,0.0217359745553744,0.0155001061233152,0.0309968122874746,0.0288187003550225,0.0284886590739447,0.0224741937526363,0.0142489991857933,0.0403466063279816,0.0618307408923454,0.0734470435738764,0.0719194675641666,0.0710374780284606,0.0540315690109217,0.0479489105416123,0.0434450414995669,0.0600746162839538,0.0599601948388396,0.0564012558222906,0.05929469686633,0.0567906615049712,0.0621601133289991,0.0602790731064791,0.0401775291460104,0.0413976997994358,0.0150241586605988,0.041185194549007,0.015035573605437,0.0569156373150979,0.0576134092605523,0.0374123590856271,0.0576562710407308,0.0396429998296675,0.0417229231711786,0.0405196542163505,0.0452431004238689,0.0454692813132893,0.0411318073870744,0.0391950791778028,0.0127941064996517,0.0104540963153805,0.0104916028812034,0.0107562646198243,0.0744106544241382,0.0754705811009535,0.0762468486280217,0.0762468486280217,0.0769334753958889,0.0419325234073253,0.0404883522973022,0.0378004850459763,0.0366755957397285,0.0320042770371439,0.0416975204599508,0.0430114608721552,0.0402635848990981,0.035326431750669,0.0332086428968275,0.0390479936004965,0.0496475033821232,0.0397836912542794,0.0476945846788253,0.057853635882879,0.0165765242741477,0.0365689284309712,0.0364405571206514,0.0164744385496955,0.03693459682504,0.0207399626517273,0.020682756388133,0.0344573107816829,0.0241116876550046,0.0212018710699816,0.0160478228222201,0.0160263796699831,0.0160478228222201,0.0163687678191301,0.0005481246940036,0.0258658191070123,0.0408152388621796,0.042057289646199,0.0424943638709861,0.0302581182106716,0.0288910960754884,0.0320453975923384,0.0377908380798991,0.0424976568150341,0.0459715277387618,0.0123299396167253,0.0638501026007346,0.0590493402072703,0.0124816268436696,0.0558045841705035,0.0704153323220405,0.0365369665854243,0.0703237831267495,0.0566374337063701,0.0703209338495028
4096,136,97879,17.570764878216913,30.11764705882353,0.033203125,130,5,4094,163,23.896240234375,719.6985294117648,0.7464214797247024,0.6695385354662698,0.6181487552703373,0.5104048084077382,0.4003611537388393,0.7135829574342758,0.7650569467695932,0.756612820095486,0.5523917836991568,0.5229603213355655,0.6516402762276785,0.2374855647011408,0.2499160427517361,0.4201553393167162,0.0582227725074404,0.7744267151847718,0.7764662969680061,0.7883263385106647,0.7918385726686508,0.7865768771701388,0.6949248783172124,0.6883848935081845,0.7538875519283235,0.7219342719184028,0.7198420448908729,0.335491226438492,0.2683369373139881,0.2959747605096726,0.1125064910404265,0.162700950985863,0.6848646763392857,0.6903029087611607,0.5800001743861607,0.674820808531746,0.560514167906746,0.6900379774305556,0.6901314484126984,0.670816902281746,0.6901314484126984,0.670816902281746,0.6710237242683531,0.670816902281746,0.6710237242683531,0.6710237242683531,0.670816902281746,0.4374989924355158,0.1160483320932539,0.1921663605220733,0.1641720338851686,0.1568151661706349,0.7289905172681052,0.7519113498263889,0.749338650173611,0.749338650173611,0.7305349586123512,0.7482057214161706,0.7691546921502976,0.7570907931857639,0.7107989598834326,0.6520152839781745,0.7465860033792163,0.7685970633370536,0.7582744876922123,0.7280566793774802,0.6231522623697916,0.1801202876984126,0.5854051378038194,0.49629638671875,0.7135468594990079,0.7023615180121527,0.6638328334263393,0.2546654304625496,0.3854848322792658,0.5779772174169147,0.699127701047867,0.4443501596602182,0.4691767035590278,0.7270815119667658,0.4236281622023809,0.2597835673983134,0.6736337038070437,0.6734438941592262,0.6736337038070437,0.1876671781994047,0.1043753293960813,0.7582298060825893,0.7447381882440476,0.7414427354600694,0.754669925750248,0.7024678548177083,0.7507481941344245,0.7512480042472719,0.7397650824652777,0.7328638082837301,0.7328265090215774,0.6434141128782243,0.7193032885354663,0.7299565197172619,0.6391984824528769,0.7327334643167163,0.7663823590959822,0.7663823590959822,0.77135498046875,0.77135498046875,0.7703504968067956
132,294,2027,5.223149866007009,0.4489795918367347,2.227272727272727,66,5,29,5,15.356060606060606,6.894557823129252,0.0379437229437228,0.0903932178932178,0.1373569023569023,0.1649975949975949,0.1574621212121211,0.0411676286676286,0.090585618085618,0.1206986531986531,0.1839430014430014,0.1720496632996632,0.0871314333814333,0.081058201058201,0.080602453102453,0.0841251803751803,0.0833201058201057,0.169599567099567,0.195580808080808,0.1973653198653198,0.1843079605579605,0.1805080567580567,0.0443013468013467,0.0425216450216449,0.0785906685906685,0.1152104377104376,0.1361970899470899,0.1506703944203944,0.1455820105820105,0.1461008898508898,0.1221903559403559,0.1176743626743626,0.1408489658489658,0.1694558682058681,0.1325871813371813,0.1726232563732563,0.1357545695045695,0.1718205868205867,0.1725703463203462,0.1726232563732563,0.1725703463203462,0.1726232563732563,0.1762109187109186,0.1726232563732563,0.1762109187109186,0.1762109187109186,0.1726232563732563,0.0442688792688792,0.1544817219817219,0.1475120250120249,0.1461423761423761,0.1433814333814333,0.0812043049543049,0.1639171476671476,0.1809072871572871,0.1809072871572871,0.196147186147186,0.1719264069264069,0.191101491101491,0.2003493265993265,0.1719871332371332,0.1619215969215968,0.1466720779220778,0.1889405964405964,0.1934595959595959,0.179877946127946,0.1733928571428571,0.0914544252044251,0.1581896344396343,0.1843007455507455,0.128599086099086,0.1551593314093313,0.0474368686868686,0.1178222703222702,0.1417454304954304,0.1755862193362193,0.1808694083694083,0.1396182058682058,0.1609060846560846,0.083339947089947,0.1636856661856661,0.1118344155844155,0.0879755892255892,0.0873069985569985,0.0879755892255892,0.0592622655122654,0.0420983645983645,0.145856782106782,0.1700703463203463,0.1689538239538239,0.1855008417508416,0.1697907647907647,0.1541841029341029,0.1857924482924483,0.1824669312169311,0.194762506012506,0.1923761423761423,0.0771061808561808,0.1545725108225107,0.149870731120731,0.0740927128427128,0.1544366281866281,0.1978066378066377,0.0064399951899951,0.1978066378066377,0.1154226791726791,0.1978066378066377
547,547,4524,1.5119866046810089,1.0,1.0,40,5,50,5,8.270566727605118,8.270566727605118,0.0164995211978758,0.0262104988247583,0.0252385305127534,0.0287424915121441,0.0297719160790458,0.0190188909201705,0.0452563767737442,0.0577914163837381,0.0453234090711238,0.0345338208409505,0.0427391834247409,0.040216766779838,0.0404361452076259,0.0374527726995733,0.0422943327239487,0.0358170105336466,0.040386959171237,0.0454300513624096,0.0455706450770435,0.0455706450770435,0.0217032297379646,0.0214076782449725,0.0308775137111516,0.0335470531905631,0.0316148689823278,0.0311195264211717,0.0310281187429267,0.0279472447114128,0.0300679028466962,0.0314599112039696,0.0344802820579785,0.0370183685905806,0.006107338730739,0.035555845738661,0.006107338730739,0.0394032384434577,0.0400248106555235,0.0362871071646208,0.0400248106555235,0.0362871071646208,0.0386941760250717,0.0368355532340906,0.0386941760250717,0.0386941760250717,0.0368355532340906,0.017501523461304,0.0319326194828936,0.0275084878558369,0.0310733873073909,0.0279350570209801,0.0234190824410202,0.0330560633759901,0.0357900235048315,0.0357900235048315,0.0376573517889788,0.0457895882301731,0.0383581439888568,0.039210847044485,0.035240706886045,0.0363780795682075,0.0471389396709323,0.031380255941499,0.0341290154087228,0.0330752154609558,0.0312004875076172,0.0267310873160964,0.049604770610255,0.0259693566640549,0.026325411334552,0.0520301210063549,0.0520144511186558,0.0265852703055627,0.0253212326978322,0.0263110472708278,0.0220910594585183,0.0295529729259161,0.031173500478802,0.0585318185775223,0.0360516235744754,0.0288547923739879,0.0585318185775223,0.0578493079132932,0.0585318185775223,0.0350644206494297,0.0164015843997561,0.0251771567859318,0.0301893444763645,0.0362126751980499,0.0297723513537041,0.0298846522155479,0.049428919648298,0.0499038043005135,0.0413132236441194,0.032276486462958,0.0326451640985461,0.0399490728649777,0.0356063375990249,0.0336415077914163,0.0439466353268912,0.0351532166797248,0.0489374945590667,0.0002742230347349,0.0489374945590667,0.0135627230782623,0.0489374945590667
1686,962,13272,0.8182833805609605,1.7525987525987523,0.5705812574139977,66,5,296,5,7.871886120996441,13.796257796257796,0.078370003200964,0.1229147602101338,0.118677154531247,0.0968085917641077,0.0816049539626051,0.0135516579110884,0.0755975917452785,0.0778870342126569,0.1154210679922423,0.1090984108154926,0.0852801314278182,0.0843828258863845,0.0904570317648609,0.0809168408367696,0.0814819051384887,0.1155360202602195,0.1402620553955073,0.1565075128509291,0.1556406635410193,0.1549472311660923,0.0804878175073904,0.0784545463104181,0.1195057334914985,0.1204006853828917,0.125408781939031,0.1275492854318476,0.129150238189384,0.1266003878815266,0.1210501986480633,0.1222504189497071,0.1433316857783049,0.1373989342672616,0.0547668003539889,0.1450901447965504,0.0548463066523564,0.1481776158466549,0.1484370351541169,0.1441677022726844,0.1484765764747971,0.1435172475474966,0.1465141030710425,0.1451494567775706,0.1477893106629761,0.1477893106629761,0.1451494567775706,0.0715463010035963,0.0715776516221355,0.0580693950177935,0.0552745768137226,0.0564595925361049,0.1130266527330583,0.1554215387222504,0.1585796663465702,0.1585796663465702,0.1582685138112184,0.1328748423054472,0.1399148449415353,0.1366516974524091,0.1206713080645464,0.118470645276695,0.127461164774332,0.1376218719990961,0.1399382402229377,0.1254587734658908,0.1242898567097854,0.1054059104859816,0.1430136135118341,0.1060401250258901,0.1230647347907133,0.1475081907021408,0.0746059989832231,0.0911345534655142,0.0878485284979946,0.0957376339226872,0.0777843209248902,0.1042128452804609,0.1088248696077877,0.1080797510779717,0.1331123255945319,0.0478084223013048,0.0739624169161535,0.0728265924796173,0.0739624169161535,0.0677381893840968,0.010500762582613,0.0928834566645954,0.1407864956975276,0.1448756331318608,0.1281353442919278,0.1288324954339189,0.0942936225498502,0.1027726938936902,0.1171785855504716,0.1334543109454141,0.1465963866764578,0.068128377487808,0.1524397465589635,0.1426203656630702,0.0754165960571654,0.1459185825377996,0.157560818317046,0.0852476510572595,0.1565925266903914,0.116475879794385,0.1565925266903914
241,1594,20539,5.346553725849529,0.1511919698870765,6.614107883817427,702,5,77,5,85.2240663900415,12.885194479297365,0.2268234209313047,0.3030870052031877,0.3177754725680036,0.2886629783310281,0.2290291773694263,0.1205674109201079,0.1611486530988605,0.1979875518672199,0.2854811302114206,0.2473506553382071,0.14113548047158,0.2124115787393795,0.2311693999868273,0.1706494105249291,0.1266113416320884,0.3551600474214582,0.3944530066521767,0.3990792333530922,0.3656000131726272,0.3382391490482776,0.0433362971744714,0.0466613976157544,0.1418283606665349,0.2163913587565039,0.2449443456497398,0.3175080682342092,0.323454192188632,0.3247599288678127,0.289356517157347,0.2904109859711519,0.3090127115853257,0.2927711914641374,0.2840574985180794,0.2819195811104524,0.2720440624382533,0.2393673845748534,0.2380050055983665,0.2702035170914839,0.244771784232365,0.2672640453138378,0.3317144174405585,0.299356517157347,0.2945840742936178,0.2931930448527958,0.2892224856747677,0.1326029111506289,0.1836056774023578,0.1513548047158005,0.1500174537311466,0.1483514456958439,0.2133619837976684,0.3526216821445037,0.368350128433116,0.368350128433116,0.3729160903642231,0.2291454258051768,0.3376029111506289,0.3277290390568398,0.3108216426266218,0.3041401567542646,0.221934729631825,0.343661990383982,0.3419156293222682,0.3274313376803003,0.3267048672857801,0.2796239214911414,0.3314022261740104,0.3432549562010142,0.1394800105381018,0.3350408351445695,0.0935704406243825,0.2373868800632285,0.27103240466311,0.3179160903642231,0.2679612066126589,0.2632872291378515,0.2863050780478166,0.2018046499374299,0.3202242639794507,0.1287252189949285,0.1240782454060461,0.1221049858394256,0.1240782454060461,0.09886781268524,0.0152058223012579,0.3108628070868734,0.2984910755450174,0.2953517091483896,0.3718948824343014,0.3408397549891325,0.2373509846538891,0.2775880919449384,0.3234044655206481,0.3549650925377066,0.3541302772838042,0.0761229664756635,0.3488997563063953,0.3529740499242574,0.0798366594217216,0.3558588552986893,0.3181614305473226,0.2877464927879865,0.2904531383784495,0.2737173154185602,0.2902041757228478
4353,8342,58664,0.1615521787045125,0.5218173099976025,1.916379508385022,489,5,78,5,13.47668274753044,7.0323663390074325,0.0263436455062919,0.0324007890927256,0.0322698631485674,0.0232798763122677,0.0151079350493547,0.0040627700655267,0.0078020813961543,0.0083895798919919,0.0276432236115213,0.0362314076407804,0.0105826304792534,0.0172792527685704,0.0176956596253632,0.014495695360616,0.0079011737936617,0.0528668606580391,0.0634096718555712,0.061400694284912,0.05738122586503,0.0564970883061854,0.0262662495122866,0.0228611904214936,0.0274499797621782,0.0474568715609376,0.048933248006301,0.0492999172254857,0.0488305091544236,0.0495889169665875,0.0565390954605289,0.0558356032511786,0.0499410186005636,0.0533804637560667,0.0262268860373615,0.0521407057347787,0.026263642297412,0.048189006669365,0.0500271478527853,0.0505771243331546,0.0510500694649557,0.0513279839847723,0.0528450913254496,0.0522689697672467,0.0525565109266004,0.0525565109266004,0.0522919424297783,0.0260926600519983,0.025185805082428,0.0159626457214327,0.0167350559183777,0.0167825145220044,0.0434854269451099,0.0541920368729465,0.0552910052910052,0.0552910052910052,0.0565168520888713,0.0303652653342521,0.0422479114932594,0.0455194374250197,0.0418479683779476,0.0382426277808772,0.0297521869610083,0.04290795619879,0.0472709753171503,0.0458385021824028,0.0408572814224089,0.0213542749207807,0.0216250970868475,0.0273354263981417,0.0260473346241781,0.0345891904506652,0.0022452678138411,0.0203245709034819,0.0201961063160235,0.0213592158664522,0.0241574137887025,0.0204033525501478,0.0190454858718125,0.031203165851684,0.0325489263015106,0.0155123815358135,0.0078486101539167,0.0077714329471737,0.0078486101539167,0.0077991824649301,0.0014517264138215,0.0406892710373068,0.0527523437585463,0.0529482312873077,0.0480054259241026,0.0442449286935847,0.0098374957609967,0.0126618387610806,0.0183020102902941,0.0232829940307541,0.0285996885927967,0.005313467449925,0.0472086938765091,0.0473213146197294,0.0060151728966339,0.050009371387731,0.063072921794493,0.0012445348765127,0.063072921794493,0.0113969384369108,0.063072921794493
6459,3905,46115,0.18283354931203,1.6540332906530089,0.6045827527481035,38,5,124,5,7.139650100634773,11.80921895006402,0.2969043564166648,0.35830789817088,0.358091146351713,0.2999844808646481,0.2224047655910173,0.0114427266494149,0.0139544673729531,0.0142228267681123,0.3468278666165335,0.3167630622461091,0.0184082749061847,0.1003021992199883,0.1397881877631064,0.0816486040150693,0.0425859081827497,0.3025958979349596,0.3603368131584573,0.3784434417829679,0.3738952661107793,0.3735837775271123,0.356894514114672,0.3472704384432205,0.2948121484233885,0.3492086346847145,0.3465850161089362,0.3290177235160978,0.3250921932482545,0.3278226763688909,0.3558645743480857,0.352973370490788,0.3829663666054748,0.3803298461356984,0.1284330834052152,0.3841529353651972,0.1284268904960962,0.3763143712354116,0.3761533555983161,0.3832654693709036,0.3761533555983161,0.3832757908861021,0.3874981384410088,0.3843542049115667,0.3874981384410088,0.3874981384410088,0.3843542049115667,0.302513694438915,0.2820263714713319,0.1929731861780166,0.1957878633726287,0.2009062290344222,0.3928557052175259,0.3963880963439718,0.3938731485782112,0.3938731485782112,0.3862517048931354,0.3530294015732938,0.3569963653521479,0.3414777829385353,0.3278331084717522,0.3154304071837746,0.353131289673324,0.3568817228083368,0.3468830498602909,0.3348838829540176,0.3247486711049182,0.3025338582561062,0.303416863881332,0.3418907541341354,0.3623066374715236,0.3600969485177566,0.0147038093763592,0.2660714470027056,0.2635250186155898,0.2682879186664603,0.2940123784457272,0.3030526618450445,0.3271628735098312,0.3295937009267246,0.3630409026902291,0.1978394488310883,0.0127896843828102,0.0127432375644172,0.0127896843828102,0.0129202515500703,0.0023429839500438,0.306905314843076,0.3724580688445064,0.3723711838040681,0.3386128620824394,0.3301382714411047,0.0828755004091742,0.1393529147221668,0.2240735334232779,0.2839030441097324,0.3290001032151519,0.0287022906391229,0.3008886824585849,0.3315573323306718,0.0140347540161752,0.3332541157041853,0.370194376248719,0.1399346795538156,0.3702052138396773,0.3007212158744903,0.3702052138396773
5199,8640,751531,1.673067024997685,0.6017361111111111,1.6618580496249278,636,50,1424,10,144.55299095979996,86.98275462962962,0.2226966724370071,0.2742642815926139,0.2581457972687054,0.2016426235814579,0.1923639161377187,0.0638315060588574,0.2098942104250817,0.3139142142719753,0.3559453741104058,0.3324639353721869,0.1939142142719753,0.1903558376610886,0.1762377380265435,0.08178111175226,0.0333256395460664,0.3308174648970955,0.4709367185997307,0.5402538949798038,0.5070552029236391,0.4681438738218887,0.1102673591075206,0.0932525485670321,0.3332371609924985,0.1512098480477014,0.1679823042892863,0.0822350452010001,0.1269551836891709,0.080542412002308,0.1418734371994613,0.1049240238507404,0.4693633391036737,0.3968109251779187,0.3968109251779187,0.3114291209848047,0.275495287555299,0.13978457395653,0.1413694941334871,0.241850355837661,0.1435314483554529,0.2480938642046547,0.3477591844585497,0.3012079246008848,0.2884208501634929,0.2824196960954029,0.2798345835737642,0.2360415464512406,0.128313137141758,0.0922061934987497,0.091894595114445,0.0928909405654933,0.4594075783804577,0.4721138680515483,0.469671090594345,0.469671090594345,0.4677399499903828,0.2059973071744565,0.3029505674168108,0.2775533756491632,0.2224812463935372,0.2440430852086939,0.207005193306405,0.2603693017888055,0.2346143489132524,0.209740334679746,0.2330525100980957,0.4394806693594922,0.3167993844970186,0.5038776687824582,0.4076630121177149,0.4361915753029429,0.0603423735333717,0.4125754952875552,0.4150721292556261,0.4137564916330064,0.4690594345066358,0.1851586843623773,0.1467936141565685,0.2121831121369493,0.1729409501827274,0.1853856510867474,0.0617926524331601,0.0618657434121946,0.0617926524331601,0.061584920176957,0.0034391229082515,0.3327370648201577,0.278318907482208,0.2785266397384112,0.38755529909598,0.3440738603577611,0.1581881130986728,0.2117791883054433,0.2847432198499711,0.3290248124639353,0.3567185997307174,0.0461704173879591,0.2695518368917099,0.2922523562223504,0.0462011925370263,0.2944450855933833,0.3021004039238315,0.3021004039238315,0.2980073090979034,0.2980073090979034,0.2755760723216003
2067,967,11267,0.5636913150912878,2.1375387797311274,0.4678277697145622,16,5,49,5,5.450895016932753,11.651499482936918,0.0192549588776003,0.029059829059829,0.0287856797290759,0.0245928076116754,0.020335429769392,0.0120948234155781,0.0291727140783744,0.0291727140783744,0.0361232059345266,0.0273181744879857,0.0353652636671504,0.0370585389453313,0.0389937106918238,0.029833897758426,0.0351717464925011,0.0277535881309465,0.0286244154168681,0.028140622480245,0.0272214159006611,0.0272214159006611,0.0269956458635703,0.0264150943396226,0.0292210933720367,0.0262538300274148,0.0258022899532332,0.026947266569908,0.026173197871311,0.0254475084663763,0.0258345428156748,0.0266569908079341,0.0211256248992097,0.022722141590066,0.0003225286244154,0.0211256248992097,0.0003225286244154,0.0260603128527656,0.0260603128527656,0.0212223834865343,0.0260603128527656,0.0212223834865343,0.0222867279471052,0.0215610385421705,0.0222867279471052,0.0222867279471052,0.0215610385421705,0.0169811320754716,0.01673923560716,0.0144654088050314,0.0149492017416545,0.0166263505886146,0.0214884696016771,0.0258748588937267,0.025294307369779,0.025294307369779,0.0237864860506369,0.0383325270117722,0.0296081277213352,0.0320754716981131,0.026173197871311,0.0245605547492339,0.0362844702467343,0.0264796000645056,0.026947266569908,0.0259958071278825,0.025963554265441,0.0300596677955167,0.0357522980164489,0.0253830027414932,0.0257216577971294,0.0331075632962425,0.0292210933720367,0.0253346234478309,0.0238832446379615,0.022867279471053,0.0214965328172874,0.0228914691178841,0.0229398484115464,0.0339783905821641,0.0250685373326882,0.0157071440090307,0.0297048863086598,0.029269472665699,0.0297048863086598,0.0272859216255442,0.0106434446057086,0.0268505079825834,0.0286244154168682,0.0319142073859054,0.0264554104176745,0.0253830027414932,0.0375423318819544,0.0364779874213836,0.033913884857281,0.0292049669408159,0.0248508305112078,0.0386389292049669,0.0280922431865827,0.0257539106595709,0.0386873084986292,0.0271730366069988,0.0318174487985808,0.0,0.0318174487985808,0.0005805515239477,0.0318174487985808
763,2628,39652,1.9774941102074444,0.2903348554033486,3.444298820445609,595,5,243,5,51.96854521625164,15.0882800608828,0.1287143481245709,0.096476939399613,0.0795522062035823,0.0568368387110195,0.0444358110216563,0.1220868959204476,0.1360065738833759,0.1429943414674738,0.1135595706172376,0.0813517027606149,0.1234854063949738,0.1222815119931764,0.1031579604318791,0.131676444278017,0.1203398240029956,0.0747647132247394,0.094288938817117,0.1166650023923942,0.1281233227235848,0.1314295075828496,0.0238001622667415,0.0294160477646715,0.1136349830452058,0.0631246749464311,0.0697749069046578,0.0575201273169818,0.0569867274126775,0.0612755622126526,0.0509038049470552,0.0538530029748901,0.1074945391000436,0.1072611246333395,0.1031982150658427,0.1032971353679085,0.098028459090058,0.1233535126588861,0.1230563356841207,0.0955770871039547,0.1244623353928727,0.0993189997711622,0.1101049532963032,0.0977025733840936,0.0989166614658095,0.1007847053194365,0.1024059164950383,0.0810934281969668,0.0244999895982857,0.0192852982171461,0.0193908756163015,0.0176305935218123,0.0945142399467431,0.1021255902972809,0.1083587135159874,0.1083587135159874,0.1062723376812498,0.1361871476419313,0.0913115521437932,0.0810233206432419,0.0833843017329255,0.0793249287482576,0.1350149784684515,0.0940533399904303,0.0895185046495662,0.0855778152239488,0.0855211258815452,0.0638484262206411,0.1285932721712537,0.0382676985167154,0.0593437558509642,0.1312348915101208,0.1241039963385965,0.0649126256006989,0.0680131685701803,0.1073647257067964,0.0540724791445629,0.0700011441885622,0.058798393975327,0.126385508331773,0.0822116124737356,0.0426905073956187,0.1274888181572323,0.1276147829162245,0.1274888181572323,0.1174372256547878,0.006893007967713,0.0645667686034658,0.129763361001893,0.1321202854230377,0.0871857122053714,0.0848447024069566,0.1348189061557344,0.1322758950675071,0.1285233726518129,0.1240163098878694,0.1245031101125465,0.1001713162329151,0.1320065946868043,0.1216710353866316,0.099742453556346,0.1262892924753999,0.1251385508331772,0.1251385508331772,0.1321892487882003,0.1321892487882003,0.1318152031454783
9906,12381,123518,0.100710836617455,0.8000969227041435,1.24984857662023,509,5,529,5,12.469008681607107,9.976415475325094,0.0684443210624312,0.0715686180253109,0.0673285390608225,0.0457717224449507,0.0323887398690548,0.0149569845435986,0.0173844455340517,0.018506444707232,0.0807236034598239,0.0689681177673303,0.0244655475757837,0.04085769727502,0.0376847845942333,0.0277865106605263,0.007425201657485,0.0894609648152954,0.1115110370819031,0.1125581017116449,0.1048322244975787,0.102680193821926,0.0736561295222712,0.0670409708401834,0.0536019215546774,0.0895522194341091,0.0904726812994528,0.0866835555811933,0.0860481382134924,0.087153921464945,0.0984502658321555,0.0993229932796861,0.0782747028416318,0.0855114024208512,0.0503836860136072,0.082497540371556,0.0505248142059165,0.0968878890138732,0.0997728088476119,0.0783543723701203,0.1009562186136988,0.0812677902441681,0.0836212060030957,0.0823462531927098,0.0861645499440774,0.0862493951076627,0.0826058361294581,0.0665791936264376,0.0430724765173583,0.0316203984117369,0.0328633600287143,0.0332421508208909,0.0980201353035998,0.1053132461006476,0.1054850755835007,0.1054850755835007,0.1052693333205143,0.0796855361028589,0.0936941215681372,0.0914648249097067,0.0797360506218773,0.0703007476629523,0.0796228676543636,0.0961929197952819,0.0978150087008354,0.0867333650601366,0.0784916068183784,0.0433271001381237,0.0428365925413169,0.0562086710315056,0.0576072782568845,0.0745539339633827,0.0139043597114462,0.0356185765240882,0.0365590519133825,0.0334968522223911,0.0421611961966292,0.0436456340393347,0.0428206570332554,0.0710938376292706,0.0612181650370626,0.0435462874832953,0.017484200692862,0.0173765218450257,0.017484200692862,0.0171366640067427,0.0008303769721092,0.0713094677267905,0.0978363441749268,0.0978941174019914,0.0835405910799611,0.0751110678472882,0.0229176401026794,0.0297998086777613,0.0395490467537711,0.0448388182246449,0.0567234304045327,0.0154006951054194,0.0936327750697828,0.0874127112316088,0.0158839600178182,0.0912429936642534,0.1108152266223132,0.0217737286044372,0.1106760693374866,0.0623920327266783,0.1106760693374866
57728,10291,890388,0.149877074903027,5.609561752988048,0.1782670454545454,417,5,4686,5,15.42384977827051,86.52103780001943,0.1424225211610881,0.1486177486977791,0.1314721763035406,0.0951275494491957,0.0943409046915143,0.1005776638884489,0.1506771397005772,0.1170646097846936,0.0685351885580543,0.0708980553025903,0.1096850294649455,0.1055541793699186,0.09509600029036,0.0392221677797134,0.0264313237998451,0.1443038425412662,0.1610020116232006,0.1784624404431949,0.1787741293048076,0.1746323673362544,0.1484097590671523,0.1361821228398971,0.1271488348203286,0.1538850779132791,0.1548726457739414,0.140691712695333,0.1518028100583359,0.1404233922412275,0.1524662786400591,0.1448946619945095,0.1558411848779607,0.1586527445073557,0.1244999359338154,0.1588048948214725,0.1248491021385456,0.1477165175821806,0.1482853799317213,0.1540290591014675,0.1487968590521943,0.1560458254694153,0.1615296172746629,0.1601755083500509,0.1598946826166719,0.159635310806233,0.1590974586896842,0.1088626932434096,0.0399114470598845,0.0313275805749128,0.0317044038490303,0.0325306624058529,0.1785457979731988,0.1791620665496427,0.1790186586575686,0.1790186586575686,0.180448170456745,0.158404916983423,0.1541084558014816,0.149459098553039,0.1498601047495864,0.1329135843407946,0.1575671663829057,0.1564645337301587,0.1529340841450216,0.1483085523681941,0.1454260263787702,0.1176450026726322,0.1717030056664202,0.1089275444448843,0.1665914452671311,0.1689409832207088,0.0317494206547178,0.1042338151770315,0.1059408256673881,0.144316228211998,0.0949279832844999,0.0948173990008974,0.0937549603174602,0.1276257786928518,0.0941249590306373,0.0798776212143208,0.055762789040228,0.055780925544645,0.055762789040228,0.0560676698386301,0.0009935152922957,0.1245329368928835,0.1697607540452433,0.1718695804957237,0.1481404624973603,0.1372164232701579,0.1086631380772005,0.1256948857587196,0.1365282672104318,0.145971456452592,0.1516183489401857,0.0416936940726955,0.1327516055040826,0.1291190115990039,0.0406643594591383,0.1291050723920388,0.1609797245648998,0.1608601985116847,0.1598277100820926,0.1598051906807623,0.1553327633367648
943,1349,99287,7.804925214624242,0.6990363232023721,1.4305408271474018,648,19,583,5,105.288441145281,73.6004447739066,0.3582652460064973,0.3647277348549883,0.3193907488764328,0.2371448770388324,0.214511605985625,0.217033025299197,0.3152090592334494,0.3547829453449814,0.3712659698025551,0.3296415526267063,0.3514101398777963,0.360983689339999,0.3615637361342557,0.305640811998182,0.211062212796041,0.2475249541315289,0.3327755053948055,0.4094091804272078,0.4251813698261206,0.415128768368429,0.0365799794643908,0.041382366308135,0.266287347034961,0.2357576293154235,0.2233496608258007,0.2029202646063727,0.2180667070645861,0.199920971569964,0.2434470366442795,0.2289679173189247,0.2920248615529633,0.3195533505024491,0.3195533505024491,0.3317758252116682,0.3393261963675537,0.3023992997693952,0.3063391068693296,0.3322105236580316,0.3055197865643252,0.3422624518170647,0.3812144624551835,0.3469736908549209,0.3433368681512901,0.3433368681512901,0.3434407244693564,0.3152290057062061,0.1465066740729518,0.1376653369018162,0.1418604083556363,0.1442028985507246,0.2878411520140045,0.3780838761803767,0.3872377080913666,0.3872377080913666,0.3798820044101062,0.3146041003888299,0.3985508088000134,0.3908589607635206,0.3386209160228248,0.3349835883452002,0.3174476931104714,0.4018167281051692,0.3939494857681495,0.3397336262182497,0.3413569492837786,0.3436418724435691,0.4028573953441398,0.2608556784325607,0.3197451564577757,0.4119159554949586,0.198370869733542,0.3116882122237371,0.3124790014980895,0.329633220555808,0.2543591038394855,0.2622709522126277,0.2735506404753488,0.3809872241579558,0.2906083253379117,0.1857992896699153,0.2140452625023144,0.2138331734249019,0.2140452625023144,0.2053170395057987,0.0188231581073574,0.3887150936726758,0.3554346984463633,0.3564077833324917,0.4253719133464627,0.418552071234998,0.3655481492703125,0.3812769950680873,0.3837746806039489,0.381022151525863,0.3727450386305105,0.1499521957952498,0.3880951539329058,0.3955335050244912,0.1503576899123028,0.3935667996431516,0.3655634668147923,0.3655634668147923,0.3823195138783686,0.3823195138783686,0.3747376660102005
42382,8738,678297,0.1831582176772596,4.850308995193408,0.2061724316926997,433,5,4152,5,16.00436506063895,77.62611581597619,0.1503034194660356,0.1527105865547892,0.1352998877181312,0.0966375793706971,0.0930748565765789,0.0809917882179691,0.163369540303498,0.141102135677545,0.0706528040879887,0.0676172574011278,0.1225215593921647,0.1159529127744407,0.1022614834240052,0.0606491169132148,0.022397785298191,0.1451123698814935,0.1633960321580065,0.1821519093535515,0.1822145482546124,0.1776580335467362,0.1483912363964036,0.1376178079493165,0.1381870616681385,0.1557845611306986,0.157144064978169,0.140730066223082,0.1517067218563136,0.1412571187378888,0.1540084795656736,0.146305997679458,0.1593738900087113,0.1630182886864968,0.1300608486831411,0.163154701044843,0.1304008065718225,0.1519472065484523,0.1525458190921123,0.1595308524208764,0.152953037490459,0.1611820213432926,0.1668282619231134,0.1649765960841416,0.164614887796781,0.16432858401253,0.163647892973432,0.1152016036307716,0.0408417207664529,0.0327864123957984,0.0338447102056652,0.0341209374599728,0.1827443684912657,0.1830394641930199,0.1826488483805269,0.1826488483805269,0.1831024195656586,0.1620966223306839,0.1592764279984089,0.1532659660847334,0.1541310158625291,0.1440076031828426,0.1613779621926948,0.1613410848271166,0.1576777296890788,0.1524042083603925,0.149444566164282,0.1251779113325288,0.1765691653314936,0.109116916960105,0.1707180627744781,0.1748963827111389,0.039114900156026,0.101747960537305,0.1022072993701278,0.1477250693428551,0.0945347362200035,0.0953045093267357,0.0912668581975126,0.1382363769285103,0.0905819612698711,0.0836850306322015,0.0433072646893371,0.0433049726111638,0.0433072646893371,0.0429878624723133,0.0011570369421579,0.1268896349378629,0.1759445384496113,0.1772169058742367,0.1540777250449988,0.142384710715016,0.1201660239859239,0.1306109118650999,0.1419950124828374,0.1512040919587755,0.1582354275137767,0.0351907462212543,0.1401405208710196,0.138365375612438,0.0361617016208587,0.1385679380210077,0.1673320828024475,0.1671268069778049,0.1660655579300287,0.166016008593046,0.1614945398353448
44081,8254,606353,0.1666516538460183,5.340562151684032,0.1872462058483247,381,5,3023,5,13.755427508450351,73.46171553186333,0.1705945476275096,0.1758584395321311,0.1574869423280303,0.1120022177787427,0.1075562771708503,0.082549849609467,0.1858694708118495,0.1530633451478032,0.0757863284148984,0.0738489731925678,0.1482842786169616,0.1436798635124444,0.1355914022634378,0.0688999759821655,0.0078429482089788,0.1616783136959629,0.1823493204969351,0.203751438099343,0.2052658795874693,0.2007248056697932,0.1748453028209612,0.1596951103362028,0.1673912184747918,0.1801030138241181,0.1818932283030193,0.1659907662769439,0.1793111274590823,0.1655368760179222,0.180476600975909,0.170576696291063,0.1826882276242544,0.186703642248775,0.144392896122326,0.1867970147308183,0.1447426148760056,0.1861146219639674,0.186512059509496,0.1831863456270797,0.1867267724675678,0.1856400986927744,0.186861924098602,0.1866079183955366,0.1874334945444947,0.1874623987659081,0.1867785224386707,0.1466788322219233,0.0511096041450389,0.0439906081985435,0.045270987428266,0.0454936169094195,0.2065066203882246,0.2069282468097149,0.2065094092656987,0.2065094092656987,0.2081773722472662,0.1798827087075992,0.1767709497991251,0.1694553604961717,0.1692393098131397,0.1524130991900552,0.1805626366757012,0.1799116507381973,0.1743382330435709,0.1678314362124847,0.1400377947811081,0.1598402832015953,0.2012188654868039,0.1465103761005623,0.1950870097364051,0.1977451664558354,0.027314861926259,0.1396237788083481,0.139425386814965,0.1750371124153479,0.127592692816939,0.1125735217599058,0.115817126696417,0.1682195366898526,0.1112070204093978,0.1119576623553393,0.0393380854077071,0.0393385391179224,0.0393380854077071,0.0388662339855597,0.0013193514968655,0.1407513333138885,0.1946740920304359,0.1960443364902201,0.1709112589630272,0.1545261464915057,0.1278713411061814,0.1488665724677838,0.165929573011876,0.1758180899304058,0.1831691100402109,0.0308607746993899,0.1528883678423162,0.1417552517857638,0.0306675013494277,0.1409560412415383,0.1893826768398579,0.1893055461032593,0.1890496463400889,0.189045109237936,0.1843914899807461
73064,7711,870531,0.1545148033080446,9.47529503306964,0.1055376108617102,970,5,4411,5,11.914636483083324,112.89469588898976,0.1139841217701723,0.110147713507097,0.0977262801996596,0.0725046708343543,0.0700872739967916,0.1066618318099895,0.1054612459787374,0.068274427594681,0.0507675125873554,0.0545244145597944,0.0713774008088581,0.068216224653663,0.0562499076695534,0.0446985867141483,0.0323489886666005,0.1275090787984962,0.1376793437456006,0.1504574669478725,0.1494136158514648,0.1453502082974873,0.1175702276238791,0.1074826147200366,0.1004645123040638,0.1265579176942501,0.126329924493247,0.1182548383326467,0.1275254527885098,0.118427967696075,0.1269733080282735,0.1214693901758666,0.138321354272575,0.1423965562264176,0.103308476890884,0.1420733714212718,0.1033972444684285,0.1198412969972834,0.120812817508112,0.1364769297715071,0.1216606814812497,0.1391783285451849,0.1406765855636023,0.1417507319088809,0.1431274277476237,0.1431825196957135,0.142420216718024,0.0736903664801808,0.0252181725002128,0.0201976534162699,0.0204687127962612,0.020999641106123,0.1480341935489477,0.148472172255157,0.1483898710675919,0.1483898710675919,0.1472241513854346,0.128064914604113,0.1288232886497421,0.126456384617791,0.1248346698437029,0.0639635668402913,0.1276446926721343,0.1279646372217268,0.1261544282116656,0.1255367473004749,0.1030395769571013,0.0803314608718774,0.1367837232067906,0.0653641480224338,0.1311822511770502,0.1344139373786669,0.0480367234031828,0.0704977382299318,0.0738556759979074,0.1173157985866706,0.0670141550178229,0.0698918267350737,0.066495758665158,0.080683923118501,0.0615606843489247,0.0527952640781119,0.0461938858995548,0.0461938858995548,0.0461938858995548,0.0454694373187064,0.0012974936954598,0.1056200749853574,0.1381348913064258,0.1394385407270685,0.1233252071677971,0.1162805765851725,0.0972623197057938,0.1033975594781873,0.1117488918173933,0.1202418688377573,0.1269881927824963,0.0385313213116919,0.1273097384506559,0.1339465758656468,0.0389251899617469,0.1337026094973921,0.1172210132364927,0.1172196445734028,0.1163734599281516,0.1163789345805112,0.1151377537675166
87271,13209,752937,0.0653158746238652,6.606934665758195,0.1513561205898866,565,5,6282,5,8.627573879066356,57.001816942993415,0.114230919633115,0.1126518409268119,0.098791793961266,0.0692294882225098,0.0655669031677098,0.1150364982422022,0.0875745656705539,0.0532639626647372,0.0345812078159019,0.042003679289089,0.0601750249587445,0.056881841146889,0.0477999446351475,0.0444923139434488,0.0336950582504087,0.1154174126098361,0.133296026626056,0.1497692136863224,0.1466775986786642,0.1429518605882461,0.1216590058007596,0.1149985958716807,0.0859671734078466,0.1271454134930547,0.1272137228807256,0.1205371754794815,0.1265562279729642,0.1202917976898451,0.1267377679416042,0.1230112041073299,0.11631869565937,0.1241717925535,0.0800545354708822,0.1196518243755584,0.0801220382122972,0.1324634594702543,0.1327507383041294,0.1120506675702559,0.1328967530987675,0.1172868603236078,0.1170846449292324,0.1170980678139413,0.1219963439917949,0.1227050159210326,0.1191575657507639,0.0711122596953513,0.0230092397827384,0.0197581479911234,0.0200362772556857,0.020184962076713,0.1525624905307732,0.1521710333784218,0.1523429708918015,0.1523429708918015,0.1526833701553252,0.1271408800865321,0.1225893008332191,0.1212367114805496,0.1175657307569397,0.09302916312679,0.122956515855646,0.1228277316434321,0.1203877658590563,0.1147152247705695,0.0818887944921793,0.0735551301337759,0.1278327197547213,0.0642426601101876,0.1190398154044152,0.123757638358021,0.0583518552772943,0.0725158214523524,0.0743060277664555,0.1061382169716552,0.0689703392443133,0.060360340795766,0.0596394218483457,0.0953812035598653,0.0564357121122254,0.056521132040262,0.0548988891198788,0.0548988891198788,0.0548988891198788,0.0549824483960107,0.0007012911614668,0.0947529234333556,0.1296601300128244,0.1313614251756933,0.1156430771290231,0.1124235445764361,0.0820337134483299,0.0897001403946436,0.1026185174332897,0.1100359153106915,0.1180483834972725,0.0440733071387011,0.1138428827700177,0.121262615101691,0.0441758612517512,0.1197155321509918,0.1251909123432882,0.1242478346504311,0.1251107915446011,0.1248514843291458,0.1234928564971763
2928,1835,20473,0.3810433138279656,1.5956403269754769,0.6267076502732241,51,5,169,5,6.992144808743169,11.156948228882834,0.0731115827478532,0.100242405022118,0.092150175644028,0.0707281366553907,0.0553275435857402,0.0047131147540983,0.0398985167837626,0.0397118136872234,0.1113183060109289,0.0815729898516783,0.0389434523809523,0.0872271012230028,0.0910702359267932,0.0869192362737444,0.0701782461618526,0.0906669865122733,0.1193973349813513,0.1369975984473935,0.139108606557377,0.1391962659380691,0.0797876821493624,0.0748689988290397,0.110575830514355,0.1109609463093069,0.1143839990458842,0.1131496660595021,0.1166211293260472,0.1137614927573943,0.111653954159077,0.1094367735709948,0.1119559100962789,0.1064075104085349,0.022378241824963,0.1127485850897735,0.022378241824963,0.1265503567091681,0.1262584298291265,0.1123620055945875,0.1262509486945962,0.1126301880041633,0.1174792642466822,0.1130218091334894,0.1176573477751756,0.1176573477751756,0.1130218091334894,0.0749799960967993,0.0488960447567004,0.0341501593806921,0.0360946851418162,0.0358145491803278,0.1074553029317373,0.1333352307225258,0.131268621519646,0.131268621519646,0.126854074507763,0.1118021131494491,0.1138028016306704,0.102373715196461,0.0915407613409662,0.0884835523462572,0.1050860872582183,0.1088139691213461,0.1106054026801977,0.095671106557377,0.0934275251539595,0.0956981036950298,0.1306831414259692,0.0895858541504032,0.1055225138780466,0.1368442622950819,0.0432722645068956,0.0762210512620348,0.0761968188914909,0.0900896109810044,0.0595288240523895,0.0761235254575418,0.0781686670569867,0.0778570073293433,0.1024277365773266,0.0389503642987249,0.0392468449128284,0.038911007025761,0.0392468449128284,0.0348187451209991,0.0046318793911006,0.0674893746205221,0.1122706598577499,0.1172342299852545,0.1006028547575678,0.0941204787926099,0.1009840131407753,0.1046908339838667,0.1069683786538294,0.1122911787665885,0.1121582259953161,0.0336986078584438,0.1309889463526758,0.1191084168184577,0.0364195452771271,0.1211000791482348,0.1391993017607771,0.0450990437158469,0.1391993017607771,0.1018643746205221,0.1391993017607771
5536,15429,200180,0.2343617997337796,0.3588048480134811,2.787030346820809,390,5,321,5,36.15968208092485,12.97426923326204,0.1202052223827873,0.166079915588586,0.16691742074961,0.1180853748050279,0.0880184965363794,0.0127031293008532,0.0158331182906688,0.0354931501743278,0.179941995825305,0.1384664447426369,0.052937239081567,0.0586265798467749,0.0592990039223781,0.0322987630745939,0.0097428663180107,0.2314885396596017,0.2590571956142765,0.2500154400633085,0.2111398551472612,0.1947267667905312,0.1533914378612716,0.1373951738691622,0.1200858306954766,0.1671892633498485,0.1660238898064042,0.1496528351224882,0.1485732922745206,0.1500596815074777,0.1767948034223322,0.1791104258418203,0.1694733031700155,0.2050638533351683,0.1994564438251215,0.2131206131296448,0.209405765437196,0.1757996757778297,0.188115050692724,0.1977724877282319,0.1897145810395448,0.2082395317230938,0.209895145196807,0.211820608542068,0.2161086309523809,0.2170055165611523,0.2147659905725295,0.1255247184374712,0.1149979929351316,0.0929030042893842,0.0955858192265344,0.0969169046472153,0.2291494489173318,0.2359738135379391,0.2356414435957427,0.2356414435957427,0.2367020340168822,0.1385814065510597,0.1994757116478576,0.1887871450362418,0.1634890959032938,0.1492833344802275,0.1533566009496283,0.1960986386365721,0.1913080185108725,0.1829605066978621,0.1720394502936049,0.1112717766538214,0.1060838580374345,0.1404364505917973,0.1392293874438021,0.1669151843058996,0.0022552814478392,0.0949418811358839,0.0966017811267088,0.0996362338287915,0.1146846040921184,0.1200288873979263,0.1150655593403064,0.1590326377419946,0.1552680435131662,0.1307034905725295,0.0135476305165611,0.0135491788237452,0.0135476305165611,0.0130772318561335,0.0007156763235158,0.1684999197174052,0.2151922338058537,0.2196931484539866,0.1884323103036976,0.1855485021561611,0.0447731299889897,0.0634234792182768,0.0868543415680337,0.1064135614505917,0.1326737401367097,0.0109286975869345,0.1502879994724286,0.171372875378475,0.0105506239104504,0.1757736231535002,0.1977930314707771,0.1367484832324065,0.1839238261537755,0.1659767667905312,0.1826035932195614
24523,4305,291882,0.276477987457128,5.696399535423926,0.1755494841577294,810,5,3746,5,11.90237736002936,67.8006968641115,0.1429360419017067,0.1368853373153418,0.1267294616197686,0.0903444029544017,0.0814899197319781,0.1024701300819638,0.1522829782730692,0.1351782486023809,0.0573689746392922,0.0574349347454187,0.1188670791074656,0.0973262709642842,0.0945017149433411,0.064184235207764,0.0625236205208068,0.1406286615286329,0.1587527452362504,0.1757291243918083,0.1759664849778212,0.1729280837102065,0.130384549910709,0.1265017486014101,0.0899088319420252,0.1339721990822997,0.1359280791793126,0.1250051231464597,0.1312383839207636,0.1262412675110958,0.1276483851570504,0.1254862814241764,0.1438698558981558,0.1493727365757704,0.115246949899317,0.1496072168078039,0.1155287326636671,0.1520041826623402,0.1530544438683735,0.1434299449366936,0.1539527809655852,0.1445678983578098,0.1629078565052956,0.1540911318108234,0.1535873999724262,0.1522640747364475,0.1495335024004028,0.0861785049215216,0.0285101223406079,0.0274128466376559,0.0278061282281809,0.0286494894006209,0.1780201806014308,0.1802161365844438,0.1808106125186009,0.1808106125186009,0.1810310631613082,0.1489083555508951,0.1525883669946386,0.14757249915693,0.1447478719362256,0.1320206912979003,0.1464046385997207,0.1488123653272696,0.1453186286408159,0.1432153520925285,0.1212807866149626,0.076214360474035,0.1661901978641365,0.0561263316782624,0.1456182598907795,0.1634340453956732,0.1016439215792883,0.0706639410103504,0.0708417332869887,0.1142740634156855,0.0513344777076783,0.0911182796325315,0.0889450557914856,0.1402721254876374,0.0945425965517307,0.0696756818509866,0.1020257400082462,0.1020230214719061,0.1020257400082462,0.1020507052336355,0.0023692756201013,0.1097819086584734,0.1621812791231296,0.1634287377771045,0.1355790935493663,0.1267382871538153,0.135943571600098,0.1410336069345978,0.1441243626812276,0.1497627818135097,0.159423754441085,0.0810365455429272,0.1470230603081395,0.1541098379299251,0.0833094037408354,0.1547358909582128,0.1578546152656171,0.1576833474761949,0.1589791345863196,0.1589465121502392,0.1561371961145642
147,453,2941,4.416512741962126,0.3245033112582781,3.0816326530612246,93,5,31,5,20.006802721088437,6.492273730684326,0.0272664938991469,0.0879284094590216,0.1004302991037684,0.0894217687074829,0.0876082496490659,0.0237182809631788,0.0803250188964474,0.0969209588597343,0.0949999999999999,0.0931492279451462,0.0813902386351365,0.0749686858870531,0.0789110247273512,0.1014490875715365,0.0976805960479429,0.0907736745491847,0.1138802505129035,0.1321541950113378,0.1211791383219954,0.1183657272432782,0.0388133030990173,0.0359372637944066,0.0655301803260986,0.1003806284418528,0.1084153979051937,0.0795702407947305,0.0858400820645718,0.084441744951949,0.0663950977216283,0.0685395745599826,0.1078150307742144,0.1157963502861461,0.0876330849800237,0.1148796026347046,0.0869884461721195,0.117897635244574,0.1195545837382571,0.1154389374797537,0.1192576395637619,0.115151711478242,0.1138591944714393,0.115151711478242,0.1140859518410538,0.1140859518410538,0.115151711478242,0.030598747435482,0.0831162941367022,0.0634056797322102,0.0679613432674656,0.0687360976136485,0.0702337760501025,0.1079186912860381,0.1137064031961991,0.1137064031961991,0.1103088219414749,0.118475866537091,0.1077194687398768,0.1120597127739984,0.0974101068999027,0.1036070618723679,0.1087803692905733,0.1144962747003562,0.1133079581038764,0.1103952057013281,0.1087010042112082,0.0608773350610084,0.1142635784472518,0.1020602526724975,0.0707445200302342,0.1142635784472518,0.0540778533635675,0.0615106360004318,0.0749719252780476,0.0819295972357196,0.0964604254400172,0.0980018356548968,0.1139374797538062,0.0805075045891371,0.1173577367454918,0.061038764712234,0.0772438181621854,0.0772179030342295,0.0772438181621854,0.0188915883813842,0.0165300723463988,0.0764744628009933,0.1097710830363891,0.1086691501997624,0.1172281611057121,0.093726379440665,0.104146420472951,0.115933484504913,0.1218426735773674,0.1153579527048914,0.1232167152575315,0.0482113162725407,0.1024667962423064,0.1048504481157542,0.0656521973868912,0.1041194255479969,0.1272751322751322,0.0274344023323614,0.1272751322751322,0.1134656084656084,0.1272751322751322
66519,28237,551682,0.0293713932950357,2.3557389241066686,0.4244952569942422,277,5,1064,5,8.293600324719254,19.53755710592485,0.0164732835611832,0.0144048495990045,0.0128132682940331,0.0082843689247874,0.006919269038062,0.0103304855970259,0.023150861300638,0.0176470978455373,0.0086479110754129,0.0076840284563641,0.0105813758427296,0.0081006214479357,0.0090035535854775,0.0095734086716361,0.0068096894144338,0.0253115722754472,0.0374549257557871,0.0459726353396582,0.0439557572403826,0.0429110336538289,0.0240423227926046,0.0206259102006181,0.0198572433177583,0.026687082125002,0.0263609585708534,0.0241228046313059,0.02580827246637,0.0240328136345815,0.0285709274614699,0.0269230142384428,0.0249390208836381,0.0226855210481692,0.0072180570439713,0.0253103206936697,0.0072387600439735,0.0311553328718348,0.0312241507796912,0.0237293414436786,0.0312807105834661,0.0245190644897495,0.0261168738756344,0.0250026869038729,0.0270029030970265,0.0270933188440967,0.0252958064016558,0.0157931138901237,0.0060747722872829,0.0051183526272598,0.0052183574713227,0.0051691007486343,0.0423982418676415,0.0442267276779971,0.0446036124778288,0.0445481527297248,0.0448376737807576,0.0199696267709165,0.0193718145215461,0.0183733481566431,0.017959804777105,0.0147504961585148,0.019577058422501,0.0200508674332694,0.0181840777321767,0.0164698593097997,0.015187361434148,0.0177813774176467,0.0213759560760417,0.0195007787487379,0.0226563087238232,0.0278442941591815,0.0093207943690512,0.0178084886595236,0.0181937718236369,0.0091798321377088,0.0187402035985898,0.0072627214518252,0.0064725832003602,0.0108220923631557,0.0081463190967993,0.0084194156723809,0.0103569788032873,0.0103569788032873,0.0103569788032873,0.0103392872355123,0.0003796409046036,0.0120327871473408,0.0204720360360101,0.0215366345980154,0.020331792062275,0.0176304240082257,0.0123806350113119,0.014826190010874,0.0173576996857562,0.0186795227619653,0.0203596836039446,0.0075361139209061,0.0305709014514768,0.0295660757625759,0.0075680596807642,0.0295270750903727,0.0420328718587862,0.0190031789461275,0.041961383750722,0.032789267513256,0.0419618347496847
36088,17932,347987,0.0537738926330377,2.012491635065804,0.4968964752826424,148,5,405,5,9.642734426956329,19.40592237341066,0.2173943675600735,0.2520049996833137,0.2468907001579912,0.1786329712554495,0.1343177655677655,0.0101507734180644,0.08439135112406,0.2246158420510005,0.1501460825037914,0.1077777931722456,0.0633011017160872,0.0827713472886383,0.0754965925445031,0.0326948785684375,0.0059293068442923,0.2219426234988194,0.277067655167439,0.2991093112778991,0.2936144715035204,0.2907440036348537,0.2561261954903885,0.2580189541086515,0.1740824655251888,0.2501535818088412,0.2496052462587044,0.2413533100744916,0.2351548573504625,0.2415117125509776,0.2613947431850889,0.2650033427987318,0.2680036058242109,0.2652759832226691,0.106754619659879,0.2692782677616971,0.1067580064428046,0.2864498553799706,0.2851135056106237,0.2657490948052907,0.2847970239414763,0.2681391936993521,0.2725426954569605,0.2691352795459424,0.2752664342541864,0.2752752091008575,0.2692851952722269,0.2235913534112381,0.1357170171327231,0.1178133104087714,0.1198269485877554,0.1207426775114094,0.3133424358622485,0.3123523692525854,0.3111123536645871,0.3111123536645871,0.3114770969904255,0.2155704837909448,0.2096415310194128,0.1968507603107746,0.2043395861263296,0.1911274732312195,0.218784459416664,0.2178020724472453,0.2050045259735461,0.1964089104939248,0.1972708335532542,0.1921958646940635,0.1933783731478255,0.2286324456443332,0.247544905662701,0.2697838770659375,0.0094205588279795,0.1651284492404809,0.1663996144345567,0.0117881839981983,0.1999744825699436,0.1712543104509963,0.1573840840555537,0.2236486648158117,0.2041621890757337,0.1887242802426519,0.0102463928562631,0.010280410231779,0.0102463928562631,0.0099320070339522,0.0006121830059149,0.1743361949449845,0.2240788544228746,0.2275005629976811,0.2156688324483713,0.1822607501768164,0.0507290907939322,0.0778459114932457,0.1359166811814506,0.1787520386673844,0.2181163571059103,0.010336505473393,0.225090497478826,0.2251762710552335,0.0103126088608796,0.2218587962229892,0.2868299821776046,0.225094295513964,0.2874800509688838,0.2763291605528637,0.287494158899058
1090,3646,52551,1.3223238235190506,0.2989577619308831,3.3449541284403668,899,5,177,5,48.21192660550459,14.413329676357652,0.1441965195864278,0.1610487112276102,0.1504129168486966,0.0995448521916411,0.0722753749817969,0.0528427260812581,0.0767849133537206,0.0958930391728556,0.1306990680064074,0.1127496723460025,0.1149839813601281,0.1432056210863549,0.1377297946701616,0.1184056356487548,0.0786828309305373,0.1171071792631425,0.1543328236493374,0.1757149410222804,0.1726016455511868,0.1657302315421581,0.0502771224697829,0.0529104412407164,0.1479234745886121,0.1327741371778068,0.1310650939274792,0.1247072957623416,0.1310780544633755,0.1288459298092325,0.1326806465705548,0.1314324304645405,0.1199647589922819,0.1378513178971894,0.1231724188146205,0.1438415610892675,0.1327039464103683,0.1443756371049948,0.1423645696810834,0.1382681665938546,0.1427364205621086,0.1422637978738895,0.1601970292704237,0.1477932139216542,0.1549066550167467,0.1546687054026503,0.1495623998835007,0.1045872287753021,0.0526981214504149,0.0361876365224988,0.039848114169215,0.0395308722877529,0.1287716615698266,0.1671968108344254,0.1706406727828746,0.1706406727828746,0.1709983253240133,0.1479657055482743,0.1671646279306829,0.1517935051696519,0.1136988495704091,0.1086962283384301,0.1458934032328527,0.1693154943934759,0.1547908839376729,0.1331704528906363,0.1309202708606378,0.1477852774137177,0.1683508082131934,0.1319683995922527,0.138804863841561,0.1788974078928207,0.0502102082423183,0.1290835153633318,0.1314089121887287,0.1425981505752147,0.1130514052715887,0.1113686471530508,0.1237967088976262,0.1594606815203145,0.1410449250036405,0.0690531527595747,0.0688845929809232,0.068977865152177,0.0688845929809232,0.0662441386340468,0.0036819571865442,0.1186631716906945,0.1602411533420707,0.1583992281928061,0.1469598077763215,0.1297494539100043,0.1424844182321246,0.1484598805883209,0.1573413426532692,0.1600180573758555,0.162783238677734,0.0543169506334643,0.1781188291830493,0.1767403524100771,0.0546329547109363,0.1770997524392019,0.1612395514780835,0.1598572884811416,0.1499777923401776,0.1497943061016455,0.1434302461045579
19445,7050,160792,0.1172917247957049,2.7581560283687945,0.3625610696837233,125,5,780,5,8.269066598097197,22.807375886524824,0.0336095948279028,0.0263103911316818,0.024454529870575,0.0173436881395224,0.0142000187749737,0.0279264837331177,0.0268217316239943,0.0349780414437137,0.0220012203732954,0.0151223516062806,0.0304229797515988,0.024718163154522,0.0253303579081413,0.0246430714224491,0.020508642610211,0.0340689204798229,0.0478915214667335,0.0584409914818759,0.0585175199075944,0.0576738705424742,0.0341239801311798,0.0290302685229401,0.0379146759072189,0.0427173631773785,0.0422461521507548,0.0403016893394881,0.0428090666797274,0.0405432783553122,0.0439873268927009,0.0427654964960184,0.0310927116368103,0.0339628255519229,0.0178891990841077,0.0327317464398975,0.0179064557339177,0.0474054700477945,0.0478823870338398,0.028457827735534,0.0481409469933511,0.0313570020448394,0.0309424628684078,0.0318931214210205,0.03550256523283,0.035796985392254,0.0327509458913418,0.0303736872824041,0.0090367867040533,0.0081202292179406,0.0084970592676943,0.0085202953385004,0.0548371679176512,0.0575478659793393,0.0577864754884554,0.0577864754884554,0.0585522944242408,0.035567334810842,0.038134967572355,0.0344189349692049,0.0308398372291403,0.0295335929177532,0.0334379344263632,0.0382586048561877,0.0355983339251531,0.0316772010595615,0.0298317190937401,0.0335847179876492,0.0467780145057079,0.0319307081022174,0.0418994110372356,0.0518693302640332,0.0280627247384767,0.0345713306150436,0.0346417000330602,0.0426443326109049,0.0300052120959808,0.017288355026591,0.0174519462709228,0.0328317476643524,0.0194569298020056,0.0158496859273407,0.0269286959148105,0.0269286959148105,0.0269286959148105,0.026002355034754,0.001325635594085,0.020931834600644,0.0425661756602872,0.0432304546400714,0.0342090919851269,0.0266403531327676,0.0333768831094621,0.0368524287061185,0.0362780002204018,0.0387120572065287,0.0393761647626394,0.0205882117653781,0.0541276779847105,0.0454607745901137,0.020643589774986,0.045167248282702,0.0569850698143318,0.0392538621345512,0.0568922316505241,0.0525817833776177,0.0568874603582754
1208,406,31668,6.456953642384105,2.9753694581280787,0.3360927152317881,145,5,989,5,26.21523178807947,78.0,0.680412724692526,0.6872715625985493,0.6664545884578996,0.5690085278040575,0.4955854488594554,0.653336946809629,0.6878214022916009,0.6964943366971512,0.6169775570272259,0.5581041732366235,0.6811094686218858,0.6649166272469252,0.6671940371071166,0.6329719200042048,0.4852632581730264,0.6779882134973194,0.7022770156627772,0.714150701671397,0.7140915720592872,0.7113946047513927,0.3278772469252601,0.3251590586565752,0.6843088405340061,0.6628474193209293,0.6411007305792074,0.3421644723010617,0.3937713523599285,0.3976795569221065,0.1201452617470829,0.1429870309050772,0.6064723930411017,0.6375107747293177,0.6011697151266688,0.6456771654577945,0.6093857747293178,0.6922943603489962,0.6921652606958898,0.6447144696730789,0.6922149295700619,0.6457268343319668,0.6467885393671817,0.6457268343319668,0.647257174392936,0.647257174392936,0.6457268343319668,0.4007811678755387,0.1171990302743613,0.1216434747188058,0.1262825869862293,0.1269741406496373,0.6744891201513717,0.7052257437191212,0.7091038578786923,0.7091038578786923,0.7030774992116051,0.6879722485020499,0.708555857773573,0.7038284452853989,0.7018619257857669,0.6949964522232734,0.6820305108798486,0.7113863266056974,0.7060513902028802,0.7042658730158731,0.6971588221381267,0.0664514348785871,0.220401030169242,0.2992746110585514,0.2620098812151791,0.6399505282245348,0.676953510984968,0.0224714206874802,0.1877777777777777,0.5710308262377798,0.2131052901292967,0.5969485835172922,0.597833162514454,0.6846948912015137,0.6552598417954378,0.3497058630295385,0.6822447571743929,0.6819573215599706,0.6822447571743929,0.5123590087249028,0.0271822111846945,0.6917872253758015,0.7068237543361715,0.7052514322506044,0.7117377536003364,0.7121157232208557,0.7077503153579313,0.6999565068853149,0.7044826815936088,0.7047418006937874,0.7051060391043835,0.5469200042047724,0.6762747687375171,0.6756324240512982,0.5499772022495533,0.6764369809734048,0.675249658362241,0.6751977557027227,0.6843863003258699,0.6843863003258699,0.6911806212551246
16638,10217,134476,0.0791079752799754,1.628462366643829,0.6140762110830629,142,5,504,5,8.08246183435509,13.161984927082312,0.0394368313499218,0.0332746991492032,0.030371429334646,0.0199564536717439,0.0151697348010005,0.0220064510958848,0.0223353644458945,0.0236023150294696,0.0305637219827626,0.0190271695888356,0.0258720952419112,0.0257601741662325,0.0227842508161656,0.0243970677183803,0.0124805141033052,0.0403054730326637,0.0600868303004977,0.0714118426550809,0.0708408414854501,0.0704047914794398,0.0418245382057137,0.0355154723266875,0.0457984447535474,0.0553444114352876,0.0543863731332176,0.0511828392454068,0.0549976912670745,0.0508659274905217,0.0581395858018648,0.0554900524139615,0.0407455347006374,0.0378216723240163,0.0087001547423472,0.0409602039317149,0.008704963012572,0.0535589738159157,0.0537188488008898,0.0392196864320917,0.0538707672434682,0.0403692398544543,0.0431980959631518,0.0409522283088817,0.0448858989843482,0.0449099403354722,0.0410543658902836,0.0371400236979032,0.0129330114463543,0.0097567244231506,0.0096388979520966,0.0101664291152209,0.0669146646517724,0.0702653421027023,0.0697762007796266,0.0697762007796266,0.0691387567568598,0.0362075484118397,0.0391262972312377,0.0348637418264175,0.0319674506818394,0.0302753354817905,0.0354421843666343,0.0406733152450786,0.0387263664932254,0.0329437012614076,0.0312887738338513,0.0418336300341348,0.0504313514483005,0.0409846221214774,0.0497669563077063,0.0600455163834175,0.0228560171113362,0.0354269629476985,0.035589704768392,0.0307236017378462,0.0344568228782076,0.0183711698406974,0.0167313207287963,0.0326764701954027,0.0228372419609346,0.0173030469550483,0.0222730429672369,0.0222682346970121,0.0222730429672369,0.0219226259642775,0.0009619164009715,0.0241094444349041,0.0420781076785403,0.0450452206366378,0.0401476587349288,0.0275834769136247,0.029969566702347,0.03359629515147,0.0406939316576892,0.043935817224674,0.0469619841365242,0.0155809039166413,0.0623562670650661,0.0484031438836703,0.0164260337303971,0.0497843576666151,0.0709738702950026,0.0230130872720125,0.0709678599572216,0.0489958681312809,0.0709678599572216
643,1339,9596,1.1145477753761135,0.4802091112770724,2.082426127527216,89,5,49,5,14.923794712286158,7.166542195668409,0.0336415364486903,0.1003937396627909,0.103035251425609,0.0947143844577747,0.0856936730109358,0.0053088202621639,0.0265629860031103,0.0286595571354513,0.0795966328470215,0.1159669456170233,0.0335980893134858,0.0382705077883926,0.0471231084450368,0.046752696931546,0.0345085042829988,0.1248179416919696,0.1402350095040608,0.1382074353847293,0.1366538300130834,0.136884149201412,0.0245310918561307,0.0231301686045076,0.0763973438001431,0.0947442543632278,0.1089198696585943,0.1314311634451603,0.1338476634821891,0.13260312523143,0.1386590634180058,0.1379167592386876,0.1251263916660495,0.1320484336814041,0.0850499888913574,0.1308664741168628,0.0851121972894911,0.1249177960453232,0.1274593300254264,0.1305446937717543,0.1271793922338245,0.1304410131081981,0.1310764274605643,0.1308768421832184,0.1317088795082573,0.1317088795082573,0.1308768421832184,0.0306503493050926,0.1008600557900713,0.0768168801994618,0.0802685822903552,0.080194771532252,0.0493058332716185,0.1277886395615788,0.1406176405243279,0.1406176405243279,0.1415585425461008,0.0892633735713051,0.119375817719519,0.1276055938186575,0.1195270186872052,0.1120964477029795,0.0851267619541336,0.1120659606507195,0.1214862129403341,0.1210745760201436,0.1205277839492457,0.1151271322422177,0.1053283221012613,0.1273413315559504,0.1241838850625786,0.1202793206447949,0.0192033869016761,0.0923894690068873,0.0938180404354587,0.0956003604137351,0.1016548174479744,0.082415265743415,0.1018013280999283,0.065740946456343,0.1168660050852896,0.0415526179367547,0.0290972376508923,0.028881729985929,0.0290972376508923,0.0225117875040114,0.0090188600064182,0.1010644548125107,0.1146968574884593,0.1154312621886493,0.1329150312276283,0.1179379890888444,0.0670297958478362,0.084692167172727,0.0981870695401021,0.1104000345602211,0.1323505887580537,0.0237831099261892,0.1317426991532745,0.1284324471105186,0.0376417586215408,0.1300277716063096,0.146836628897282,0.0055084055395096,0.146836628897282,0.0605471623589819,0.146836628897282
3527,6339,77546,0.3468432039803104,0.5563969080296577,1.797278140062376,1024,5,356,5,21.98639070031188,12.233159804385547,0.1251771369165755,0.1732958222510249,0.1691944680717008,0.122444430943155,0.0894430943155071,0.0357424359026286,0.0424633552504263,0.0504705874411005,0.1557004468926782,0.1413829145683412,0.0815429948560087,0.1172574380853371,0.1137234080854721,0.08695692188604,0.0384963614025138,0.1603124198360943,0.2033878110359538,0.2073335403531036,0.1887599290732264,0.1793030859447076,0.1229288572058631,0.1120562238693795,0.1643592513084999,0.1807099878038352,0.1868547846319323,0.1838394291654853,0.1872111961692341,0.1828181016287055,0.1968300322680815,0.1942778385335799,0.1509403873069877,0.1573005297005863,0.1077711846481338,0.1592836665901593,0.1095936561941665,0.1699840233272941,0.171033098077391,0.1495672777912981,0.1706783663683151,0.154732069621337,0.1726948798610267,0.1625363747237861,0.1664201556248621,0.1658094248000683,0.1594555380038793,0.1285267168014545,0.0852297244386838,0.0603236484084229,0.0619587670622543,0.0620192978429439,0.202741931854492,0.2223754618566072,0.2219763862448863,0.2219763862448863,0.2170518134481842,0.1523120508008514,0.1748453652323796,0.1724900427990873,0.1464067668462337,0.1384918384705739,0.1550777449246402,0.1783570505983321,0.1734191790315974,0.1616395740793245,0.1542282662994315,0.143661144639313,0.1349790730014716,0.1566018154733776,0.1635585798443751,0.176334242420151,0.022945958839069,0.1146290662772775,0.1165192260890727,0.1312384287426876,0.1192881254337812,0.1243176898393796,0.1320592841616374,0.1436709780784064,0.1620260934919284,0.0970013411280776,0.0389243297734933,0.0387157123505294,0.0389243297734933,0.0382576136020989,0.001963942556514,0.1318481014936925,0.1949436096147181,0.200309562063177,0.1744384138685244,0.1635884401960387,0.0773529372055031,0.0965721351389057,0.1202936305417167,0.1384840527270354,0.1592037614592193,0.0328961615834311,0.1895148761706742,0.1931691576545559,0.0320757782368215,0.1958482410070161,0.1839957515942772,0.1340044824280718,0.1775465906994117,0.1609378895684537,0.1772057956534848
27879,10429,194439,0.0668749575731001,2.6732189088119664,0.3740808493848416,152,5,837,5,6.974389325298612,18.644069421804584,0.0753669030054481,0.0688540216593589,0.064092077042685,0.0430138062614119,0.0343054196223247,0.0304165648946666,0.0449939676960014,0.0812483424686157,0.0414909014408637,0.0323325345298873,0.0522668595637496,0.0499624141058553,0.04696544363767,0.0334104153037758,0.0192186814106537,0.070068117494137,0.0972544704240604,0.1139940058427091,0.1106458237610717,0.1090612806931541,0.0907922473364203,0.0805194756023335,0.0708606096527111,0.1041718207423576,0.1043218084727822,0.099866415353879,0.103300737825649,0.099736295225911,0.1066541095675928,0.1041063678242199,0.0682644016631963,0.0764482397571819,0.0196652313256208,0.0686605523757143,0.0196771507483871,0.092597027859053,0.0929405218811223,0.0661620511997139,0.0930906690306238,0.0678104843094619,0.070913357439775,0.0683081451191856,0.0737816909467613,0.0738207884753671,0.0686065093086506,0.0697081463717641,0.0207268143456672,0.0179563556115799,0.0185498358268184,0.0184161657776205,0.1204327943260472,0.1207735896108864,0.1207508410779689,0.1207508410779689,0.1200953439950534,0.0803491818669909,0.0815818130162259,0.0755238482398709,0.0732171595278234,0.0675083823119978,0.0782308183265892,0.0845216972210407,0.0786217423708007,0.0720703271564134,0.0706684242619892,0.0604244248245108,0.08748707709108,0.057479516072005,0.077642798214734,0.0996979919459204,0.0259281236317714,0.0583731759148234,0.0588123944858139,0.0646938650874606,0.0562755541132615,0.0430520070577102,0.0409189484945429,0.0654454567555826,0.0459750213080676,0.0391638184740519,0.030470568106961,0.030470568106961,0.030470568106961,0.0303636092934489,0.0009280581560792,0.0504529921537346,0.0882560008471984,0.091741915317725,0.0772344861040653,0.0598703154277241,0.059039155602698,0.0629980607808004,0.0687865333012217,0.0752107577131788,0.0792019310205041,0.0243883602438428,0.1072937102911276,0.0956783993413714,0.0247518328923687,0.0944754685355136,0.1075926068264387,0.0656965816564438,0.1075654600350607,0.0923901189778731,0.1075578079193703
5130,1685,37126,0.4294977470051654,3.0445103857566767,0.3284600389863548,123,5,455,5,7.237037037037037,22.033234421364984,0.2134894025186422,0.2529160865125777,0.249769222438813,0.1997054209598068,0.147618026547851,0.1038284600389863,0.1079584609672328,0.1539379621894241,0.2469338160215352,0.1908865063894303,0.1038433274544385,0.1821222655403941,0.1848285064513134,0.1361901048918592,0.09055291005291,0.2717132491723134,0.3095958105139391,0.319650143878214,0.3027740029085058,0.2943991305424053,0.2010380890497849,0.1818005817011664,0.2468858256752993,0.2811844271171756,0.2800804016213373,0.2812266932764008,0.2849905009437173,0.2807571707045391,0.2864960085398682,0.2835829233577771,0.3021781150406881,0.2934121105232216,0.0967631733655125,0.3043234629784336,0.0968291716946687,0.2978848046041028,0.2977768959435626,0.3017243726600451,0.2980251554812958,0.3039241313159441,0.3079658714687954,0.3044950029394473,0.3097024660416473,0.3097024660416473,0.3044950029394473,0.2248491908784306,0.0994071289334446,0.0640107057767876,0.066102679538352,0.0704300875645904,0.2522857606980414,0.3095250317150901,0.3081378446115287,0.3081378446115287,0.302392493579628,0.2384454345740894,0.2600868374640304,0.2600234382251926,0.2267555772146415,0.1428764349144465,0.2324832451499117,0.2521793062904173,0.2476638200439369,0.2281213682354033,0.1787182926451932,0.1742456140350877,0.2758292335777715,0.1643808750270738,0.2846948698907763,0.296364151118537,0.1128469321451777,0.1186579566199449,0.1318779665212413,0.2254544540363253,0.1241999443052074,0.199089266375816,0.2072676134781397,0.2002509514527058,0.2534584145549057,0.1037153067854821,0.1060867446393762,0.1057943469785574,0.1060867446393762,0.1092826510721247,0.0065349484823168,0.2482175809895107,0.271823602215415,0.2742359138587208,0.2736171137720845,0.255854512825273,0.1938233546830037,0.2040502336087131,0.2304749837556854,0.2644988087502707,0.290283997029611,0.1010392648287384,0.2928520375011603,0.2910774621739533,0.1019973544973544,0.2967025124539744,0.2810768124013737,0.2396590086326928,0.278789705745846,0.2668709273182957,0.2789244871437853
1807,2062,28059,0.7530527096639483,0.876333656644035,1.1411178749308246,460,5,202,5,15.527946873270617,13.607662463627548,0.0871194472993033,0.105243980639664,0.0984546428791032,0.0739410669266783,0.0563930394146221,0.0198467160337663,0.0634352298381075,0.0641433227044737,0.1004701733118998,0.0891600126492212,0.0688260819915495,0.0960435168348837,0.0906286399451866,0.0872531425409123,0.0739503781590112,0.0856035171862509,0.1110935427482189,0.1243211145369418,0.1208093744784391,0.1170717052731441,0.0327121599423757,0.0337944589383437,0.0907143296351928,0.0910055252501295,0.0943512003583945,0.0990206516105796,0.1007393645523141,0.1004258571165045,0.1031482506302649,0.1015746084451119,0.0854120659516342,0.0886299312198592,0.0620776345956201,0.0899126413155189,0.0629065538777768,0.1109687634507778,0.1094688205479571,0.0809554114949798,0.1100844599046037,0.0875797823279837,0.0996517511265712,0.0900113315940653,0.094876801855219,0.094876801855219,0.090377500197644,0.0842464929155576,0.0416549837053433,0.0303211935945748,0.0341340993139553,0.0347727971468978,0.0900350928048769,0.1220858478052722,0.1260479089256067,0.1260479089256067,0.1242300225753462,0.1050600838010909,0.103868904876099,0.1070955104048628,0.089564743809348,0.0844409746927732,0.1071609964775432,0.1071044702699378,0.1074132342477665,0.0950256937307296,0.0924557496859654,0.0986807477095246,0.1132271765005577,0.0874440667246422,0.1039670681037586,0.118070818070818,0.0500704491351973,0.0692776328387838,0.0661852056816085,0.0777917885471841,0.0557277694328053,0.0781082826046854,0.0799297704693387,0.0926757495102818,0.0971433402728366,0.0390040934285538,0.062472834918878,0.0627538408833372,0.062472834918878,0.0570926994668001,0.0051795925896644,0.0732573940847321,0.111533981605924,0.112749229188078,0.1038557725248372,0.0931218980859268,0.088908389771699,0.096643081139484,0.1036579527586721,0.1100422079918482,0.1155707521894571,0.0500917946961112,0.1261433929779253,0.1195943904217285,0.0513706397519346,0.1192755246352368,0.1173121283193225,0.0985633471244981,0.1144409307718659,0.1110559464516298,0.1143966584973778
34151,23098,470966,0.0597051444695103,1.478526279331544,0.6763491552223947,3544,5,2544,5,13.79069426956751,20.38990388778249,0.0424346680684708,0.0311290287346625,0.0253273161723865,0.0158204156795705,0.0162421119463372,0.0263660270702523,0.0310263916601944,0.0437795983570631,0.0196976360356641,0.0167668264147137,0.0356686434151222,0.0315383313974863,0.0285962227511523,0.0251608077664415,0.0154442571343979,0.0251391439419608,0.0382152350462209,0.0462712519050546,0.0462870012870012,0.0456438631790743,0.0384049410809973,0.0343744123321587,0.0244784600418402,0.0406269053452151,0.0333849458497345,0.0407017898567194,0.0439952861079621,0.0409157392960209,0.0437558081220052,0.0410152041842182,0.0091187062313822,0.0099434723378384,0.0086675702168659,0.010107094402869,0.0088149897304826,0.0384234699023431,0.038652039285842,0.0083726196402252,0.0389277685052332,0.0086374100458607,0.0156420946561791,0.0136798034685358,0.0145282110775068,0.0138683661218871,0.0118049577204506,0.0276957355126368,0.0073370716328462,0.0061632813745489,0.0062644636588297,0.0060876183411394,0.0431079175445372,0.0437781644823898,0.0437183066056305,0.0437183066056305,0.044088534440647,0.043630098911789,0.0336115584707133,0.0314298519228096,0.0271269845917732,0.0208473409177634,0.0441952360966445,0.0364157060635933,0.0354298184579874,0.0320714631982236,0.0215455542216105,0.0252574932152396,0.0347128114029522,0.0241625009934868,0.0352836143681213,0.0412349379250787,0.0242639900386378,0.0198767757331143,0.0211968328962266,0.0262105507637816,0.0206770336096179,0.0140126157731791,0.0157101235270248,0.0264098799310066,0.0166432180516687,0.0172036957248224,0.0262095859983183,0.0262113429014837,0.0262095859983183,0.0263867427247708,0.0004186426017411,0.0192692282128901,0.0305706054297603,0.0325284532326785,0.0321329315695512,0.0281442710315949,0.0258018450271971,0.0288171021973838,0.0309026578040662,0.0328388650219635,0.0351311077367415,0.0220039316518189,0.0495851988809734,0.0390631894857246,0.0220841008164951,0.0394916763226622,0.0491897376404418,0.0408911868066797,0.0482098504633715,0.046568902906931,0.047811567952413
39387,23033,278677,0.0307183380910067,1.710024747101984,0.5847868586081703,136,5,441,5,7.075354812501587,12.099031823904832,0.0202840011267918,0.0186380447017205,0.0175515247356209,0.0106096645376102,0.0076310187754318,0.007674651736271,0.0107667383606144,0.0245679905665433,0.012936380991069,0.0092162549805934,0.0146995060411923,0.0144786088875508,0.0135961547219068,0.012520340487817,0.0062813388995885,0.0246432490617119,0.0393778363741803,0.0493158063997426,0.04903332660321,0.0489338477243115,0.0337308680126106,0.0294023972940873,0.0284681775994899,0.0403313296104064,0.0400797741257791,0.0374818981849219,0.0398312270465518,0.0374856561729133,0.0422758576776399,0.0412780201831157,0.0258744404829407,0.0276012833176363,0.0030622967613598,0.0259019130879135,0.0030622967613598,0.0321411222218594,0.0326576511224998,0.0253488218858772,0.0327404195486303,0.0255288002930625,0.0284660255720503,0.0260068909208218,0.0289197124504459,0.0289146346328918,0.0260199723460443,0.0207214228689588,0.0061340721154872,0.0048952176227672,0.0048793776530085,0.0049017361703018,0.0492078040413785,0.0507925868699727,0.0506080787271281,0.0506080787271281,0.0505199181423569,0.0238851470209532,0.0239096817457697,0.0222694640605372,0.0208746863137905,0.017994254006136,0.0233343388218092,0.025654089396187,0.0237792362398196,0.0200443583633468,0.0188701876092385,0.024449367106462,0.0293737700901231,0.0269586834911688,0.0314003955861675,0.0373411761434458,0.0074511330585669,0.0225856287285184,0.0232623970281064,0.0066191850425226,0.024493540089168,0.0085579965349939,0.0081426693442079,0.0129171598396215,0.0113997004087642,0.0093517742740836,0.0070553010601757,0.0070857679654998,0.0070553010601757,0.006907881135545,0.0003367157240262,0.0134629446263995,0.0216386399347782,0.02225453285892,0.0241093850561441,0.017920555126359,0.0168757840895855,0.0182778299664581,0.0220591356184317,0.0250762458485818,0.0283069709971986,0.0058741483069306,0.0425231594825623,0.0367774839897621,0.0059130822715253,0.034428457379177,0.0483830939303556,0.0089792095611274,0.0483881596578678,0.0219750997529198,0.0483881596578678
19412,11924,167597,0.0724059057180122,1.6279771888627976,0.6142592211003503,550,5,309,5,8.633680197815783,14.055434417980544,0.0610739388825108,0.0657276386067854,0.0624745043975416,0.043496622118866,0.0306606778984689,0.0116492457619079,0.0128933011490191,0.0172676081559761,0.0644254126886003,0.0446205955079332,0.0188448276144031,0.0288531026463747,0.0284898557266164,0.0200126619436839,0.0089566264035663,0.0750056911287077,0.101728610841273,0.1107206269072639,0.1074342331204065,0.106362158573162,0.0714227617346821,0.0660043206787488,0.0539463684711469,0.0812530213678987,0.080842131687485,0.0762358989203208,0.0774644467993942,0.0760921815666303,0.0875277238101779,0.087002058945702,0.0856220992415098,0.0781844727038421,0.0187963221898415,0.086035777247914,0.0188100593970673,0.0916658735064875,0.0914418752596168,0.0830221978550331,0.0917087245984319,0.0848097274145594,0.0893664489973473,0.0860296568314803,0.0901205112857698,0.0901328011800914,0.0860947613814397,0.0623549866062228,0.0367908248538786,0.0274073065588622,0.0282554237437814,0.028119854679972,0.1143948024295231,0.1165066159371227,0.1163807733066438,0.1163807733066438,0.116484117171836,0.0713356940069797,0.0719414394303637,0.067095839915745,0.0602241209005065,0.0566467477161892,0.0699877223710419,0.0732589030185877,0.0681992361131552,0.0604121325705912,0.0571217239213838,0.0521667296288664,0.0565543527322323,0.0606842273965702,0.068018158461956,0.0809737799233986,0.0047433840628771,0.0443348943052734,0.0447303746005579,0.0173582900774843,0.0496897517163331,0.040883302424617,0.0364286777283891,0.0581619698501008,0.0537679810230294,0.0411746865790755,0.0125248332728241,0.0126034051920101,0.0125248332728241,0.0121609281118862,0.0008449363672936,0.050951489669293,0.0780356529588962,0.0805805564550154,0.0750452183071181,0.0517271921475506,0.0288443124691321,0.0356294502827574,0.0434611874834417,0.0490981278149009,0.0588761942375686,0.0098868969938411,0.0896984110630308,0.0857840633677744,0.0101625773944442,0.0863019111071861,0.1088537690644634,0.0331276840703998,0.1087918821282204,0.0739901517307245,0.1087918821282204
610,3650,90274,4.054525039299349,0.1671232876712328,5.983606557377049,2132,12,329,5,147.99016393442622,24.732602739726023,0.2427927400468383,0.2684221962008847,0.243139344262295,0.1748302107728337,0.1548866770752016,0.1704534218058807,0.2093398386677074,0.2443810824876398,0.2587105126203486,0.2323549310434556,0.2361761644548529,0.2431669268800416,0.2406170960187353,0.2083421805880822,0.1644380692167577,0.2620268019776216,0.3092781680978402,0.3470417642466822,0.340983866770752,0.3274175123601353,0.0273252667187093,0.0341497527972937,0.1803205828779598,0.1636891751236013,0.1700762425188654,0.1837920895134009,0.2033460837887067,0.1858127764767109,0.2247301587301587,0.2234569346864428,0.2303030184751496,0.2528205828779599,0.2528205828779599,0.2544989591465001,0.2503350247202706,0.238787275565964,0.2410468384074941,0.2341304970075461,0.2419738485558157,0.2223648191517044,0.295147671090294,0.2704879000780639,0.2614143897996357,0.2537531876138433,0.2450921155347384,0.2215597189695549,0.1022027062190996,0.0851321883944834,0.0879716367421285,0.0880335675253707,0.2210680457975539,0.3020346083788706,0.3089336455893832,0.3089336455893832,0.3114986989331251,0.2170334374186832,0.2973502472027062,0.2815321363518084,0.2588436117616445,0.2538538901899557,0.218903721051262,0.3017397866250325,0.2856310174342961,0.2602745251105907,0.2572423887587821,0.2648894093156388,0.2986605516523549,0.2203416601613322,0.231679677335415,0.3187522768670309,0.1689337756960707,0.247963179807442,0.2583367161072079,0.287787795992714,0.2380088472547488,0.2015249804839968,0.1861748633879781,0.2542492844132188,0.2299613583138172,0.1590880822274264,0.1704785323965651,0.1707945615404631,0.1704785323965651,0.1653032786885245,0.0096708300806661,0.275383554514702,0.242719489981785,0.2387723132969033,0.3212037470725994,0.3067004944054124,0.2638853760083268,0.2771658860265417,0.2965228987769971,0.301687483736664,0.300331381733021,0.1289296122820712,0.2939132188394483,0.2886389539422326,0.1307665886026541,0.2906159250585479,0.2905843091334894,0.2905843091334894,0.2938282591725215,0.2938282591725215,0.274895394223263
38609,18534,346355,0.0484020492904037,2.0831444912053523,0.4800435131705043,292,5,1089,5,8.970835815483436,18.687547210532,0.0554040878699636,0.052867893701896,0.0496292006921652,0.0347840210790558,0.0275215952198002,0.0166273387198559,0.039820310833028,0.0606645317092362,0.0343357478538394,0.024917047879699,0.0322293860260396,0.0332878015529728,0.0315966217269021,0.0205300742034404,0.0039988332352806,0.0594975799293445,0.0793579196724836,0.0902798755286516,0.0876281930317258,0.0860157801022624,0.0634151569232767,0.058834129471416,0.0531536379995288,0.0672706524138832,0.0672300623220097,0.0623803233640317,0.064479634446611,0.0625014132324603,0.0702637060936938,0.0680077533530096,0.0634015693355484,0.0624894269655853,0.0213297808266597,0.0639957333741166,0.0213286379070263,0.0713368048489393,0.0715302213851774,0.0617870473493514,0.0714916889597662,0.0628700993723397,0.0657674088655206,0.063829368676684,0.0670626759859839,0.0671107032779181,0.0639497678598664,0.0552303949198455,0.0240468255818303,0.0201154780508039,0.0213929312476282,0.0214278910213795,0.0908116373886012,0.0918777018435129,0.0925052120013139,0.0925052120013139,0.0927044315269857,0.0588514952718894,0.0572103181797812,0.0536624345750456,0.0528147828843261,0.0481333511760354,0.0587308165256311,0.0597008202298419,0.0561895799441449,0.0516948305909428,0.0493099334927664,0.0505975578520839,0.0595928472142566,0.0511505747282378,0.0603429683925163,0.0693177263135044,0.0056959722772097,0.0465454760733063,0.0453993722986703,0.0079702055651963,0.0474361434767039,0.0310520328552393,0.0292309219784678,0.0480527547857703,0.0363273860400177,0.0342558627049289,0.0144705465910366,0.0144757267303823,0.0144705465910366,0.0146377931455244,0.0005330075601255,0.041020672456089,0.0596810555315048,0.0610655834419723,0.0595409492070891,0.0472043507414793,0.0323902499088336,0.0365202187827741,0.0461934794379301,0.0505613852679303,0.056800990557757,0.0112775970895838,0.0707627241283901,0.0675736288972839,0.0115421357056726,0.0655348946108872,0.0865388282278126,0.0535484941211584,0.0857030867463667,0.0702825025993198,0.0852087267258599
1474,1021,15887,1.0556468835592316,1.443682664054848,0.6926729986431479,103,5,182,5,10.778154681139757,15.560235063663075,0.1887012448579612,0.2325092072106997,0.2206090758329564,0.1792209945941289,0.1499507333462556,0.0137940169283452,0.091504975124378,0.0955504404385001,0.240336413172234,0.1960401455923843,0.112331685727208,0.1215683487325277,0.1721544334604035,0.1533138420451853,0.1505339105339105,0.1821620792143179,0.2277401951282548,0.2560676595378087,0.2501291701664835,0.2459691262303202,0.1408764080032736,0.1332341000624582,0.2287523960285153,0.2191014623850444,0.2230602399259115,0.2031246365574723,0.2080367103874566,0.202806422433288,0.1941970343089746,0.1942344554284852,0.2249300036613469,0.2364713230384872,0.1704039327173654,0.2359619112231052,0.1705141500290753,0.245186567164179,0.2462433503478279,0.2357089013805431,0.2467917985828433,0.235948342702074,0.2386853072300833,0.2358805000969179,0.24033565936551,0.24033565936551,0.2358805000969179,0.1654669832654906,0.1246667097413365,0.087414712153518,0.0907006095065796,0.0929477073506923,0.1989528009304128,0.250576877517176,0.249240755098964,0.249240755098964,0.2413471603023841,0.2315853093838168,0.2323142943292196,0.2322729964894144,0.2119844500441515,0.2021160431608192,0.2281779953048609,0.2322519975878184,0.2349993538799508,0.2182806207059938,0.2142763455450022,0.1914391247227068,0.2426343929702138,0.1636625314983523,0.1967755917382782,0.2471772630354719,0.0901240012060907,0.1583534707415304,0.1568314272791884,0.1645076026792444,0.118998513923887,0.198875751114557,0.2045830371949774,0.2057250543817707,0.2343874781934483,0.0838401068251814,0.0932140703409359,0.0928714651848979,0.0932140703409359,0.0763584674032434,0.0111853072300833,0.1771881393896318,0.2422651892054876,0.2466363528676961,0.2222589433783463,0.2064327712088905,0.1913476987357583,0.2066452908617087,0.2171004824363032,0.2402447718119359,0.2452417027417027,0.07547829036635,0.2492537313432835,0.2387509961017423,0.0801758523400314,0.2410082703366284,0.2484455428485278,0.202081852641554,0.2458971376881824,0.2388528138528138,0.2460235618444573
854,8870,450123,5.9422335108475535,0.0962795941375422,10.386416861826698,4085,22,730,5,527.076112412178,50.7466741826381,0.4795132151221145,0.3923246347719415,0.354609772870897,0.2868976989702984,0.2470606111296977,0.40307962529274,0.4381297163674212,0.4763290398126464,0.4348990743838518,0.4593218653581651,0.450649325303892,0.433226831716293,0.4270133080554625,0.3831445857031337,0.1462654734024757,0.4170158172558641,0.456206460726367,0.5314681610349058,0.567509200401472,0.5671073566038437,0.0907173525147763,0.109399371770566,0.394333296159994,0.2562173339281067,0.2095254823240771,0.1083539645366343,0.1356744173079067,0.1092212185420616,0.1669732537823872,0.1457597301215568,0.4458989442771644,0.4350326196052191,0.4350326196052191,0.4337286717965874,0.4306373369019739,0.4294298539087766,0.4317800453514738,0.3715163005092747,0.4311201256458867,0.3676689528270324,0.5108814728077024,0.4660624140366529,0.4494385896435077,0.4375316902717371,0.430030296271514,0.3902156983011783,0.1422046578194118,0.1147659008958774,0.1151849373629232,0.1151137504182,0.3781904018437976,0.4661921489907438,0.4924882903981265,0.4924882903981265,0.494313594290175,0.4031195866324671,0.4647156239544998,0.4469237203077952,0.3806570387717928,0.3682307349169175,0.4100416341399947,0.4661361101817776,0.4344950001858667,0.3802081706999739,0.4141314449276979,0.4866616482658637,0.4620384000594772,0.4209067506784134,0.3863472547488941,0.492570629344634,0.4016267982602877,0.4564175123601353,0.4587251403293557,0.4980578788892605,0.4240794951860526,0.2231596409055425,0.2189908367718672,0.2992225196089365,0.2112605479350209,0.2474778818631277,0.3938087803427382,0.3940403702464592,0.3938087803427382,0.3910342552321474,0.0135597189695549,0.4944805955168952,0.4020138656555518,0.3997979629010074,0.5264567302330769,0.5101376342886882,0.4656652169064347,0.4776378201553845,0.4871572618118285,0.4904495186052562,0.4910704992379465,0.2412364781978365,0.4555417084866732,0.4769418423106947,0.2436102747109772,0.4767032824058585,0.4082174454481245,0.4082408646518717,0.4579257276681163,0.4579257276681163,0.47790537526486
4898,13073,126702,0.1978743167782559,0.3746653407787042,2.66904859126174,554,5,183,5,25.868109432421395,9.691884035798974,0.0153034766376946,0.012271481070991,0.01082762967716,0.0068772968558594,0.0058471549774121,0.0109810126582277,0.0127850369765436,0.0134056498603252,0.0172200023333138,0.0125135947941174,0.0132770907464659,0.0112174551323182,0.0117590594152455,0.0107582297925294,0.0041099541763077,0.0278876055662498,0.037402584145132,0.0349363361786799,0.0287874869561271,0.0264358306273372,0.0113539215876904,0.0092528372448747,0.015134975727054,0.0201242003538858,0.0212779592577468,0.0213026048856999,0.02119629327163,0.0216073616053199,0.0263583937726444,0.0261715018115589,0.0206798045201474,0.0231185226234225,0.0168143459915611,0.0234227284217075,0.0175334603693116,0.0241609468069247,0.0254910329450957,0.0208641849280885,0.0265952899466578,0.0217870429783455,0.0234233117501798,0.0225834807858082,0.0236389812492302,0.0239277612501376,0.0233678307310401,0.0121126698944175,0.0071501811558977,0.0053642562237906,0.0054911787772138,0.0060069707752434,0.01953541127898,0.0225425343677691,0.0223337999961111,0.0223337999961111,0.0227860091906641,0.0194988236209142,0.0180025050717169,0.0192840129110034,0.0153789690641466,0.0140896835118966,0.01960494079216,0.0202848911444256,0.0226577093339036,0.0211730411505829,0.0178002197203911,0.0117421428895499,0.0122266133893328,0.0135734540175127,0.0129297024376648,0.0183265602416275,0.0099901482302461,0.0092493696811785,0.0094846779054618,0.0119036276549547,0.0098612488414447,0.0075174998541678,0.0063791343405471,0.0143298852139194,0.010262206148282,0.0072097616779119,0.0124604146817294,0.0124685812803411,0.0124604146817294,0.012419581688671,0.0012489224626831,0.0113306694666433,0.0220897580483125,0.0226931627421622,0.0192952095769572,0.0171205772359303,0.01147599927408,0.0123205616805044,0.0126730541134379,0.0136804785886043,0.0151591676550842,0.0093332393526349,0.0282499659725057,0.0281199485374658,0.0096335076837322,0.0282126329502809,0.0339647864045577,0.0123115686998904,0.0331560338849027,0.0191158684788737,0.0331192841911502
1429,900,10261,0.7978384262499028,1.5877777777777775,0.6298110566829951,42,5,163,5,7.1805458362491255,11.401111111111112,0.0393712997211947,0.0984708476345984,0.0926188810023659,0.0730673575705065,0.0626675330734112,0.0113659235562664,0.0842963777533406,0.0844340031323935,0.1145992313417085,0.0852824152754173,0.082453097404112,0.0819100380996811,0.0962777277927732,0.0925014717806879,0.0885584324702588,0.0879390071867328,0.1209086718428915,0.1443952925233541,0.1449409621557976,0.1430305352838592,0.0643518611083341,0.0642002954669154,0.100623868395037,0.0931639397069767,0.0936845057593832,0.0906382529685538,0.094741022137803,0.0917820764881646,0.084685316627234,0.0861138880558054,0.1047006453619469,0.105790540615593,0.0270431648283292,0.1062454041565307,0.0270431648283292,0.1307135637086651,0.1308735157230608,0.1051222411054461,0.1309551578970753,0.1059211680940162,0.1142406722427715,0.1062454041565307,0.115866517822431,0.115866517822431,0.1062454041565307,0.030257922623213,0.0486462950003887,0.0376006087062769,0.039019016517267,0.0398690948271073,0.087144356692992,0.1298554322592111,0.1319713530385328,0.1319713530385328,0.1306135381607739,0.1214685038932764,0.1198936430182056,0.1159601008586312,0.0955704955180112,0.0900746442733846,0.1189753074077776,0.113587923622913,0.116736479056283,0.0989460939495928,0.0968652737512079,0.0833617692470036,0.1430313683672675,0.0721750697013117,0.0848617636931142,0.144036733424417,0.0883050084974507,0.0568110677907738,0.0570689904139868,0.061450453752763,0.0461178868561653,0.0833355548890888,0.0874999166916591,0.0925316294000688,0.1077346240572272,0.0328477567840758,0.084095937885301,0.0837215502016061,0.084095937885301,0.0605218434469658,0.0118878225421261,0.0716010752329856,0.118964755017939,0.1169237562064713,0.0975100247703466,0.0990236262454596,0.1056086507381118,0.1127279593899607,0.1214886645117575,0.1204311484332477,0.1196940917724682,0.081897764004132,0.1279333977584502,0.1107972608217534,0.0784756239794727,0.1138266853277349,0.1432759061170537,0.0621841780799093,0.1431126217690247,0.111769024848101,0.1431126217690247
19856,8510,157836,0.0934081438057894,2.3332549941245597,0.4285858178887993,147,5,520,5,7.949033037872684,18.54712103407756,0.0660260422662215,0.0630089061880459,0.0585177803998311,0.0392343324316027,0.0317731236330147,0.0232195458091912,0.0305962093741605,0.0551307709156721,0.0460246233196474,0.031985857699244,0.0427735609083815,0.0437596528337361,0.0413097996047733,0.0422364316731258,0.0199383577631965,0.0678398796733304,0.0943129021014798,0.1072252959402938,0.1031714135425859,0.1013233615363953,0.0717188839005921,0.0630366256091477,0.0700788094918332,0.0862777234181343,0.0867182843457017,0.0797675725541357,0.0846063162708005,0.0798768154522082,0.0889803489889105,0.0860745622449892,0.0741776425181944,0.0758251753897905,0.0286301249952035,0.0755440361075936,0.028645453615236,0.0887393079377869,0.0887454433828325,0.070119647173938,0.08868102320837,0.0732580692094189,0.0761950328076435,0.0752623012675389,0.0810772602419962,0.0811509015706739,0.0755960774720846,0.0626708491615824,0.021906008978934,0.0172745633641584,0.0174157865200874,0.0178486291776984,0.1087090344128518,0.1099252075259327,0.109568012707366,0.109568012707366,0.1086091006037117,0.0678843866313648,0.0716546435925968,0.064597370911835,0.0605880354424874,0.0561579843124463,0.0667096747374748,0.0723236349334253,0.0667648377844288,0.0608219617755777,0.0589586850722023,0.0626213858831203,0.0831536667178286,0.0641726062571146,0.0794894870048475,0.0951066248417174,0.0190019289679341,0.0575885822365475,0.0591152928066203,0.0655562830154892,0.0567406797193762,0.0394956224498931,0.0378368379315195,0.0614964090659094,0.0451363947405445,0.0371570985700215,0.0218095925584845,0.0219005810086591,0.0218095925584845,0.0221431289410741,0.0011310842830282,0.0457821713160149,0.0782802047759742,0.0816070829016537,0.0680336718020541,0.0510209300615222,0.0523878192829643,0.0579354527199007,0.0642906985853701,0.0699939085223129,0.0768235182200733,0.0177372158909225,0.0937694455636135,0.0849090275379557,0.0182129746875918,0.0846483970300448,0.0989036419362264,0.0673716113157591,0.0982317727319237,0.0882515820255042,0.0982343348298222
14681,8713,151254,0.1182451988461481,1.6849535177321244,0.5934881820039507,204,5,742,5,10.302704175464887,17.359577642603007,0.0669980689866936,0.0725966290519113,0.0704173951214343,0.049007571604806,0.039682761327404,0.0229752903818021,0.0434637956628965,0.0575618632440374,0.0652625086090108,0.0455208492133769,0.0515484488643673,0.0585553890516086,0.0556005332451078,0.0396555422568636,0.0193894873300226,0.0751042271459817,0.1019333216564331,0.1124971645675275,0.10874772814014,0.1051642929042288,0.0762762905947974,0.0665121964141104,0.0741282275006135,0.0947524443103762,0.0939622803688602,0.0886931170079456,0.0930380104724495,0.0889131076448016,0.0973229084563461,0.0943854815045469,0.0836952577729772,0.0835522373697565,0.0418030269120112,0.0846249012058561,0.0419143575055978,0.0861019966418099,0.0867014811282912,0.081732879015421,0.087180147539796,0.0832351122225789,0.0879428815778519,0.0847192624523868,0.0891921639350288,0.0891206915752245,0.0847672620804559,0.0695973577769776,0.0260623924887257,0.0201890468513994,0.0212846374160316,0.0222451489507548,0.1126250212184412,0.1169407927101544,0.117355722708219,0.117355722708219,0.1167474048629964,0.0816390313362589,0.0820076862114188,0.0759244104516905,0.0708166748296847,0.0671348454919056,0.0798062499526977,0.082355614588773,0.0786868677039645,0.0708358390014952,0.0697664674025275,0.0626149120502365,0.0839256873423483,0.0610722692001214,0.0841148369072215,0.0964277497207815,0.0224707996406109,0.0549771165192457,0.0550779433086496,0.0762831886154547,0.0479729820316292,0.0459921905324125,0.0442264107695617,0.0668371440032089,0.0555583828790694,0.0434658661502881,0.0225428180036176,0.0225411151223425,0.0225428180036176,0.022586563131485,0.000978037696926,0.0550073575283029,0.0885676930445678,0.0908942559381902,0.0807637071130701,0.0621303801587841,0.0569800725049004,0.0655839747519469,0.0679461089433161,0.0729061101542539,0.0793321569937604,0.0202709040839957,0.0921980359021432,0.0855094912655705,0.0205101075464129,0.0877455311529965,0.1046071588047611,0.0695924005003767,0.1034090547873668,0.0868176176312542,0.1006370019342568
1761,443,10730,1.3754241318356208,3.975169300225734,0.2515616127200454,10,5,565,5,6.0931289040318,24.221218961625283,0.19778534923339,0.2186825667234525,0.1826235093696762,0.1330494037478705,0.1081771720613287,0.0436683702441794,0.2831913685406019,0.283304940374787,0.1974446337308347,0.1323679727427597,0.2705281090289607,0.2636002271436683,0.2152186257808063,0.202839295854628,0.2357183418512208,0.2018171493469619,0.2476433844406586,0.2834752981260647,0.2922771152754116,0.2912549687677456,0.1985235661555933,0.1928449744463372,0.1343554798409994,0.1699034639409426,0.1716070414537194,0.0860874503123225,0.0957978421351504,0.0919363997728563,0.0604770017035774,0.063373083475298,0.2626348665530947,0.2671209540034071,0.1154457694491765,0.2622941510505394,0.1154457694491765,0.286939239068711,0.286939239068711,0.2631459398069278,0.2869960249858035,0.2622941510505394,0.2662691652470187,0.2622941510505394,0.267007382169222,0.267007382169222,0.2622941510505394,0.0716070414537194,0.0335604770017035,0.0287336740488358,0.0314593980692787,0.0328222600795002,0.25587734241908,0.2556501987507097,0.2654173764906303,0.2654173764906303,0.2748438387279954,0.2636570130607609,0.2776263486655309,0.2747870528109028,0.2432140829074389,0.2385008517887563,0.2563316297558205,0.2760363429869392,0.2760363429869392,0.2564452015900056,0.248892674616695,0.0505394662123793,0.2931289040318001,0.0327086882453151,0.1824531516183986,0.297671777399205,0.2805224304372515,0.0450880181714934,0.0436683702441794,0.0463373083475297,0.0215786484951731,0.1875638841567291,0.187052810902896,0.2844406587166382,0.2355479840999431,0.0546280522430436,0.282396365701306,0.2825099375354911,0.282396365701306,0.1473026689381033,0.0262350936967631,0.1472458830210107,0.2749574105621805,0.2755252697331062,0.2018739352640545,0.2319136854060193,0.2720045428733674,0.2633162975582055,0.2580352072685973,0.2617262918796138,0.2701873935264054,0.2684838160136286,0.2207836456558773,0.2221465076660988,0.2735945485519591,0.2257240204429301,0.2907438955139125,0.2735945485519591,0.2905167518455422,0.2879045996592845,0.2904599659284497
25587,15254,546349,0.139980339125212,1.6773960928281106,0.596162113573299,1214,5,8026,5,21.35260093015985,35.81676937196801,0.2108401339718023,0.2381585235806129,0.2197756828399341,0.1592818339670256,0.1512137984256638,0.1462216707268881,0.205749773105266,0.2414464996795867,0.1878416277859353,0.1305238585318313,0.1931098691609888,0.1782931498572253,0.1555010604963706,0.1171550533163852,0.0928234948178669,0.2469858608755313,0.2925375361123983,0.2973000022953124,0.2720078431445532,0.2580362144466963,0.2345392594577727,0.2234829877027086,0.1324895268616689,0.2431712346485472,0.2454602008336326,0.2227968536849999,0.2338392077822257,0.2245430932498583,0.2473199870221795,0.2431006755042398,0.2289850779878919,0.2422649801703617,0.1897600623084266,0.243384574632083,0.1923030358298267,0.2449985877428474,0.2455460461099172,0.2314522267426244,0.2459196278095708,0.2369898470951424,0.2475354486188112,0.2462294220589448,0.2490820549373721,0.2489897957854341,0.2456487142218177,0.1141465159949155,0.0557580641459172,0.0490567816866327,0.0499383553528236,0.0503395077237262,0.2960223724721321,0.2961266820142421,0.295762142978112,0.295762142978112,0.2955079030087823,0.2852787067589505,0.2899541278712342,0.2807189414763573,0.2684572119646571,0.2479790549640473,0.2852248103420574,0.2896478339384893,0.2873856422625328,0.2755316346780762,0.2071495259559511,0.1232845238250326,0.2162763022641085,0.1137240823558093,0.2269606620673568,0.2486219378516247,0.1349081378750741,0.0825050293689928,0.0873698506014366,0.2004488735181586,0.0834256163022682,0.1517435999555825,0.1294541995222027,0.2021482294146146,0.1583498626844857,0.1518208372183046,0.1413687289118171,0.1413804070891653,0.1413687289118171,0.1412296236742244,0.0006484753852557,0.2219359347287592,0.2974626437904665,0.3021443584012466,0.2852602263922465,0.2385610345283225,0.1782535743287296,0.188244861446878,0.2007974783821893,0.2083795311483199,0.2148288720524621,0.1274959568382009,0.2072212296546919,0.2158487506986744,0.1289413708970514,0.2151976636201046,0.2726364485685625,0.2664442415884555,0.250526836234422,0.2488116423208461,0.237500178351978
23421,11888,802784,0.2883264452539774,1.9701379542395692,0.5075786687161095,2389,5,2629,5,34.276247811792835,67.52893674293405,0.1315257573077478,0.1498416866426344,0.1379739421208615,0.0991268519704538,0.0925695295837475,0.0612892513366446,0.1531306052159132,0.1737174988122855,0.1467709178372685,0.1191715886502615,0.138417052800939,0.125905519602202,0.1132443953770967,0.0571412034919143,0.025948609408325,0.1506507997503257,0.1775426035378641,0.1966905192260642,0.1999376051745719,0.1976251742602453,0.144424122836445,0.1270679684423759,0.1659829734948217,0.1520260443246224,0.1553878421413966,0.1333660708779191,0.1488734604611381,0.1324776638520714,0.1525246641360385,0.1405809126662207,0.1689002577391202,0.1717774782229758,0.148090046715639,0.1722375794887642,0.1485635262886447,0.1336420713197964,0.1366481308661403,0.1641055713804529,0.1386640567446254,0.1666083856368216,0.1783608185029986,0.175071686446094,0.1745794542003072,0.1735548547870822,0.1731210153958969,0.137758598137745,0.0345398546820347,0.0252535304431038,0.0264980450999407,0.0273033155023675,0.197586425287847,0.1982435312767065,0.1978577799193912,0.1978577799193912,0.1959025138882958,0.1830578174654003,0.1657309035508087,0.1568431058004517,0.1574756916700044,0.1434321423657916,0.1808253039769627,0.1666007713875011,0.1646104737099997,0.1613183664368498,0.1356393326298539,0.1707639697924057,0.1738231562639145,0.1498553123197672,0.1835941933809232,0.192942380430532,0.0416358979155187,0.1210716437493688,0.1221545208038098,0.160018932270117,0.1005983403850702,0.1019590172433773,0.1010986477337187,0.1228307725464123,0.1053215978334461,0.0845790306216845,0.051184420710487,0.0512024549939241,0.051184420710487,0.0518557013343742,0.0011140083888898,0.1443124099048269,0.1828794230926932,0.1845311459055534,0.1682054329210727,0.151388951578525,0.1446932918022965,0.1562999899018856,0.1650598465764342,0.1729929048886394,0.1791895416066031,0.0386505496695069,0.136248787717982,0.1396437534352226,0.0380849264972487,0.1399398010061516,0.1770624348112499,0.1770069290685404,0.17917990773441,0.1791756380618939,0.176716120318016
22178,17803,240938,0.0610224626172515,1.2457450991405945,0.802732437550726,2767,5,300,5,10.863829019749302,13.533561759254058,0.1872036889123641,0.2231304045049648,0.2190196312089629,0.152249401308604,0.1027917341223319,0.0092560803141107,0.0128645898194549,0.0505235561624775,0.2468095438494031,0.1789893996195285,0.0577217054796186,0.0871653197004896,0.0807725981846731,0.0371723909150637,0.0028830121942665,0.2415507359645694,0.2932186157596473,0.3055058566547429,0.2916293066058599,0.2810826652180697,0.2455307383120982,0.2513809588223421,0.1130621722942942,0.226020598848852,0.2245146412790023,0.2115106740985989,0.2012727327381488,0.2111800912387078,0.2333166036126176,0.2425383441620252,0.2296689447715238,0.231075418654551,0.0994444909655929,0.2323102795992596,0.0994589232572819,0.2343834731114918,0.233128114233038,0.2152695650057901,0.2325668151049159,0.2192653738081638,0.2576743469504313,0.2449203915792426,0.2502372399646725,0.2478368524792908,0.2366144377310848,0.186198653176965,0.1340725865901715,0.103016495683553,0.1078578013103217,0.1098464408458546,0.3213001587444729,0.3213985008738819,0.3216449341332108,0.3216449341332108,0.3196281170958779,0.2419526822662812,0.2536038967545415,0.2402400169193838,0.2253982711309791,0.154589007124177,0.2476355733624197,0.2592674529456474,0.253976609882237,0.2253513277135785,0.1568871733320736,0.0875162824019799,0.0674764638774017,0.1396266284191254,0.1342853814805748,0.2043106353071183,0.0044103802280824,0.0804434825302351,0.0792065531836926,0.0253138853461244,0.1145242962065939,0.1374583027367317,0.1139089860250469,0.1966642404098441,0.1827703415511152,0.1585075335632193,0.0108493258727724,0.0108959185922843,0.0108493258727724,0.0109346349234976,0.000588664299098,0.204628832805855,0.2743580260432546,0.2778088073838366,0.237313178224667,0.2097820913618099,0.0144591594415744,0.0250406451696017,0.0524727600782699,0.0911747914063271,0.1380303947713091,0.010257855990564,0.2040217676032447,0.2317377044604476,0.0104751634323732,0.2336489793260015,0.2973042640569018,0.1470388752188283,0.2963481256271408,0.2432102312172651,0.2962842878757298
5541,3568,64706,0.3272891118227514,1.5529708520179373,0.6439270889731096,578,5,272,5,11.677675509835767,18.135089686098656,0.1443617706963673,0.1961842312573226,0.1946188442290228,0.145938358499268,0.1085226722584599,0.0319926493126275,0.0388510182392152,0.0523656265128922,0.2024244663876499,0.1572326208953171,0.0469493071848242,0.126179261092634,0.1299790450981571,0.0937955729726167,0.0437114382539395,0.1879038652698641,0.2287472033871601,0.2382972817352892,0.2228371762589412,0.2153252664839021,0.1538221569082424,0.1359824454356127,0.1985917389274183,0.214646359175325,0.2124965266140143,0.2127385893899158,0.2195465118610759,0.2139750145380897,0.2279051686848113,0.2240560697599138,0.2033430874605752,0.2037779410627271,0.1172905440826393,0.2056588404476872,0.117863616962155,0.2032670883428869,0.2030305113683564,0.1948066362441023,0.2037635891750671,0.2017684189719923,0.2111106384441522,0.2054020533798552,0.2112211422498374,0.211199743327518,0.2060558806931302,0.154418204266607,0.0985140066975475,0.0698311576329984,0.0729806951355407,0.0727676082765416,0.2377995061346441,0.2526612868572803,0.2519755330394204,0.2519755330394204,0.2482366657786257,0.1890341695241532,0.2052967202642351,0.1964588794069031,0.1702457581721252,0.1628363025412294,0.1896017422790568,0.2019859030660329,0.1965685094948765,0.1763873491404622,0.1737952005683461,0.187933700581237,0.1842416989655754,0.1957268615200396,0.215319136136678,0.2180977446624441,0.0335378978638317,0.1447034945843824,0.1445641294477244,0.162970067290587,0.1472994817851341,0.1495984765800682,0.1511430376156959,0.157018889490465,0.1863757902848319,0.1028285823142347,0.0362845942082541,0.0365419685289744,0.0362845942082541,0.0353211557136841,0.0028039606626503,0.1537060956849803,0.2234061956612037,0.2239235941022621,0.2013022547646261,0.1772278226095226,0.1043940696052227,0.1353449752637624,0.163229117430525,0.1837091895050747,0.2037034315621212,0.0275896992978746,0.2172175098758747,0.2262692826634353,0.025527610912018,0.2278680714901613,0.2165228470020023,0.1773095653469232,0.2112466376191334,0.1995443490516582,0.2108994995459532
43536,8655,714773,0.1896935404733409,5.030155979202773,0.1988009922822491,419,5,3790,5,16.41797592796766,82.58497978047372,0.1277507047624881,0.1369576646657682,0.121025577081255,0.0867906764261504,0.0857870078694223,0.0875016771378402,0.1442233630405487,0.1248689371467072,0.0679608154973369,0.0700880424447127,0.116309580321777,0.1090411693588374,0.1044259558227308,0.0290371624577798,0.0250276217310395,0.1277854069319752,0.1450147679278743,0.1625559197861429,0.1638664936297929,0.1607146977068421,0.1325162190167013,0.1192693913593857,0.1304773936402932,0.1404888419290293,0.1415857648186065,0.1278379578586303,0.1386498858087887,0.127716547662799,0.1380046799437648,0.1305588423811273,0.1502946311900969,0.1531722642965062,0.125990008998209,0.1535318317116139,0.1264063876346814,0.1416081254411601,0.1417843270010441,0.149773325706002,0.1421992144432193,0.1521008156723426,0.1538002193404618,0.1537456485564947,0.1538675673626059,0.1538547390811034,0.1537078345671234,0.1093200864965611,0.0424280052122526,0.0330567933562006,0.0340130134958552,0.0345432843754921,0.1641643770089194,0.1641357325883924,0.1643848039644621,0.1643848039644621,0.1658456894640742,0.1427442915332248,0.1395818931823617,0.133729498812878,0.1342274337457633,0.1265904024693302,0.1433706496502803,0.1418214300298092,0.1381765975102524,0.1327058960145371,0.1306347893806548,0.1238610793913302,0.1620261629857136,0.1113920517520985,0.1543455881066134,0.1558271589139146,0.0377098227046545,0.1050766561371577,0.1050344013784614,0.1349065980061018,0.093465657685958,0.0917423347508793,0.0899145461810841,0.1244196574409501,0.0900871400716356,0.0789484491579309,0.0346629882658685,0.0346629882658685,0.0346629882658685,0.0349034169131329,0.0012285490424271,0.1103108520297742,0.1561618645835155,0.1574358130180897,0.1337178627576229,0.1217768983741971,0.1139744466174317,0.1248557059875278,0.1356853970149862,0.1390135111682796,0.1430901683992229,0.0307078414944318,0.122391607675166,0.1179261333805848,0.0307601846018328,0.1182765294038722,0.147714252536124,0.1476237527198799,0.1477245177134923,0.1477199238141905,0.1437903698016018
26039,15483,709356,0.1759482011686537,1.6817800167926114,0.5946080878681977,1009,5,5427,5,27.242059986942664,45.81515210230575,0.0502929945740729,0.0473501317011052,0.0425393716507046,0.0305300718031621,0.031181317157353,0.0438994164431008,0.0628850161875623,0.0757787128830563,0.0566718390058379,0.0471616476384324,0.0467148910334132,0.0425302522406865,0.0394581509908518,0.038115333105348,0.0367288505581066,0.080399812369358,0.1053645813331284,0.1187272296683179,0.1142708678130544,0.1086044925286063,0.0547485913986163,0.0434563234513308,0.0656693256818069,0.0641619774245834,0.0657506048619378,0.0539939114527231,0.0631332427488193,0.0534000190190903,0.0699851413356155,0.0635644823363245,0.1120796491465487,0.1041413947454885,0.0888984075778883,0.1025373082013121,0.0864683134029114,0.0640542391540893,0.0645324473607049,0.0966057263311381,0.0652313196871358,0.0977234971718246,0.1050034380663436,0.1022193815503849,0.1044448223879077,0.1047503652945489,0.1036590748797438,0.0392001131392044,0.0123566786572278,0.0083649281876939,0.0085265081620547,0.0086168488415118,0.0983655652053055,0.10163117960422,0.1014608093964059,0.1014608093964059,0.0957761038539869,0.0740246193591175,0.0680597022658929,0.0642441953675103,0.064415166017762,0.061010380034344,0.0737514972961802,0.0695957589866725,0.066365735279864,0.0648097207058764,0.0617468272560633,0.0630427832000472,0.0877724438982551,0.0657523299909719,0.0954998485178214,0.1049340549615137,0.0433829719401361,0.0515245385889419,0.0544316553253148,0.0810559344133981,0.0536806511843955,0.0289515787369007,0.0137857682340957,0.026966656242742,0.0242922795294237,0.0282975871967384,0.0438919672993561,0.0438919672993561,0.0438919672993561,0.0441198672077353,0.0006989576685033,0.057991943708369,0.083166324993584,0.0846063993143373,0.0734796827957086,0.0642363591365088,0.0643575479271934,0.0686593430976855,0.0765637807025724,0.0818314073456359,0.0905353111968189,0.036371468438368,0.0615249805389595,0.0620138534566891,0.0366735732786656,0.062463773814248,0.0917321941385845,0.0914757107318265,0.0886351364284464,0.0885813709228586,0.0851205426292794
32987,7604,459769,0.1832967467282274,4.3381115202524985,0.2305150513838785,396,5,3309,5,13.937884621214415,60.4640978432404,0.1587173133620218,0.1641111986876985,0.1477706754127768,0.1018411100861762,0.0932725349716891,0.0443683129621529,0.1702614522026714,0.1621311185118139,0.0775011392174213,0.0685044036106575,0.1322761949031388,0.1242404270850325,0.1202823526920898,0.0577200806859459,0.0122434138316151,0.1452846142852812,0.1683634967310354,0.190329028126039,0.1898937291795083,0.1844671566143661,0.1615994516358296,0.1474008712426876,0.1538923077441281,0.1691000326728037,0.1708937888470734,0.1571847038347477,0.1686578863919937,0.1577286290270192,0.1711607915768645,0.1626815205220333,0.1659976440935606,0.1711593359769913,0.1314014515578767,0.1713958264463008,0.1317945693854385,0.1616936734577016,0.1623704287547619,0.1668833802253027,0.1629842588301981,0.1694571478615192,0.171784931148923,0.171863740453791,0.1728830814062874,0.1729345326513907,0.1717005063562798,0.1373748220198336,0.051236569384476,0.0441193596707889,0.0449081961580824,0.0451842332308879,0.1948065519798323,0.1947438023925731,0.1946589902419471,0.1946589902419471,0.195650208042514,0.1689340365444587,0.1636674765095051,0.1547330068940096,0.1549192924004213,0.1441933137681462,0.1695286599194198,0.1656138132337846,0.1589102416969455,0.1526252790300748,0.1508023892047901,0.1474177104881624,0.1849694540562154,0.1415468238810767,0.1800483812526435,0.1871126648737525,0.0360555625328111,0.1256808454124062,0.1265147934660166,0.1546701562568418,0.1196067955582309,0.0997426499424255,0.1026100541771866,0.1542418923087064,0.1073933959554052,0.1003210331535125,0.0416233643749028,0.0417696822365327,0.0416233643749028,0.0410486406140754,0.0014167822725739,0.1223554781801969,0.1805149767994221,0.1828682775946849,0.1547551969727371,0.1361075743643118,0.1030824649056073,0.1242171519227631,0.1448348892613299,0.1571010970651737,0.1673772881187923,0.0326371427705286,0.1587813838159428,0.1556844086246577,0.0325956136640648,0.1564524408605409,0.1757389803871751,0.1755376889693438,0.1720144130852894,0.1719931926044939,0.1650456071920588
6040,3416,999611,4.84480415496999,1.7681498829039812,0.5655629139072847,2277,18,3428,5,165.49850993377484,292.6261709601874,0.3522262298959319,0.3078613213497319,0.2829773599285188,0.2316388626090612,0.214285661726059,0.2540400767370966,0.3455830311153158,0.3622631399138021,0.3621403736991485,0.3449122910753705,0.3436911331861662,0.3352071113213497,0.3114741800693787,0.1633119809734047,0.0796366419636286,0.2540534531693472,0.3092251261431725,0.3746639072847681,0.4045194733522548,0.4073213497319458,0.1677011458004835,0.1588354488594554,0.3545364107011458,0.1954852044570587,0.2017579365079364,0.1122476479554293,0.1590778145695363,0.1116985440975506,0.1673644880689582,0.1269627483443708,0.2421522653211394,0.2648322427204878,0.2648322427204878,0.2806840376327131,0.2890250972353621,0.2291388231893198,0.2309820902974876,0.2731475875118259,0.2311838011142646,0.2804259040260696,0.3485913618206664,0.322244152738358,0.3080473693892568,0.2998555003679176,0.2966890833596131,0.3027643750656995,0.1323950909282034,0.1086708057395143,0.1126595185535582,0.1106081546305055,0.3467199752969619,0.3526720671712393,0.354268264480185,0.354268264480185,0.3478393251340271,0.3376511221486386,0.3557602754125932,0.339485585514559,0.2948420056764427,0.3004130926101124,0.3391004940607589,0.3404671107957531,0.3219357326815936,0.2980244139598444,0.2963468674445495,0.384291771785977,0.3545540050457268,0.3513605066750762,0.3439430384736676,0.3681155392620624,0.1904314096499527,0.3210270025228634,0.3204383869441816,0.3325046778093136,0.2726817775675391,0.1979657573846315,0.2669577157573846,0.2550135735309576,0.2295816777041942,0.187376852727846,0.188756307158625,0.1887877509723536,0.188756307158625,0.1889248659728792,0.0111082334699883,0.3741688478923578,0.381388941448544,0.3794490039945338,0.3985596683485756,0.3879635892988541,0.2831755229685693,0.3088761431725008,0.3293814779775045,0.3332591847997476,0.3269362582781457,0.1397049695153999,0.3453053978765899,0.3545293282876064,0.1402213287080836,0.3546651687164932,0.3275307736781246,0.3275340849364028,0.350897245874067,0.350897245874067,0.3568212577525491
7025,9432,118668,0.1790950168880678,0.74480491942324,1.342633451957295,2499,5,380,5,16.892241992882564,12.58142493638677,0.0492075580410099,0.0553288482178161,0.0522832401287916,0.0361137547308365,0.0275383268372592,0.0184013895949838,0.0205118002598429,0.0215875727277862,0.0558839631700841,0.0424193865446534,0.0249251426311924,0.032143263853584,0.0314119075862847,0.0218342879737897,0.0078615827825791,0.061694017963057,0.0876593232785403,0.0941117776648025,0.0893044342766762,0.0861836976783595,0.0428886516409647,0.0354496864938145,0.0603697904310003,0.0604210585776421,0.0617375699034061,0.0598857142857142,0.0607558041009998,0.0601622210924701,0.0697625261255154,0.0679630119188837,0.0576771733604473,0.0544247302717053,0.0304572219397841,0.0556839970626446,0.030419657685138,0.0744445461221261,0.0727345873580748,0.0519502118285036,0.0708796475173699,0.051582680901542,0.0706062814212279,0.0652254872055583,0.0675443597130429,0.0613267581765802,0.0548422301304862,0.051608665197989,0.0268410777834264,0.0207947240580692,0.0211688301417838,0.0205917302152177,0.0850458001468677,0.091998610405016,0.0928445913122069,0.0928445913122069,0.0935047619047618,0.0613413206801106,0.0549470711178895,0.0534719087160368,0.0452070270575608,0.0375054058634129,0.0604054228096932,0.0560240298254532,0.0538955544258034,0.0456596960967067,0.0416790374512794,0.0633992204711065,0.0617891091905326,0.0664488052872394,0.0694878156244703,0.0780251256849121,0.0177242162345364,0.0516311359656554,0.053313201152347,0.0585917415127379,0.053492741343275,0.0347041970287521,0.0320723493193243,0.0466672089476359,0.0447476472914195,0.0340040106196689,0.0204242896684177,0.0204759419307461,0.0204242896684177,0.0200715358978703,0.0010354064282889,0.0362899847483476,0.0656984578884934,0.0682071626278031,0.0606644071626277,0.0500507823532734,0.0331993334463084,0.0410359148166976,0.0548312602383776,0.060921403152008,0.0680938033101733,0.015253143534994,0.0852909789301248,0.0831002428966841,0.0164428401965768,0.0848303903293226,0.0861085465740269,0.0588438230808337,0.0847556685307574,0.0759264079534541,0.0846203242388295
936,2028,20050,1.0562593772652944,0.4615384615384615,2.1666666666666665,440,5,87,5,21.42094017094017,9.886587771203155,0.0554326923076922,0.0868624508207841,0.0839989485822818,0.0724625220458553,0.0552430979514312,0.0060938135938135,0.0421740605073938,0.0472289207705874,0.0679634717134716,0.0920139736806403,0.049672449464116,0.0506925790259123,0.0561864061864061,0.0429870438203771,0.0298688271604937,0.0959584011667344,0.110643315018315,0.1153466286799619,0.1073446615113281,0.1042099952516618,0.0176663614163613,0.0186896282729615,0.0476122642789309,0.0706513702347035,0.0780212996879663,0.0981477241893908,0.0995220288970288,0.0979193800027132,0.1006688373355039,0.0991546262379595,0.0837466083299416,0.0938626882376881,0.0676732295482294,0.0967419617419616,0.0696621896621896,0.0944606703887364,0.1009149029982362,0.0915176027676027,0.1011854734771401,0.0967051621218287,0.0958515635598968,0.0966849816849816,0.0983481718898385,0.0983481718898385,0.0966849816849816,0.0544970153303486,0.066559659476326,0.0501024284357617,0.0497285816035815,0.0496584588251254,0.0530999016415682,0.0998203262786595,0.1063736263736263,0.1063736263736263,0.1077958384208384,0.0585049518382851,0.0940137023470356,0.0977775234025233,0.0932681284764617,0.0875062745896078,0.0595256749423415,0.0927906661239994,0.0936624101207434,0.0987990096323429,0.0937728089811422,0.0892965676299009,0.0978544295210961,0.0953678266178265,0.0933873456790123,0.09950931013431,0.011736111111111,0.0781561185727851,0.0794173110839777,0.0848720492470491,0.0791046838963505,0.0675211979378645,0.0760405643738976,0.0646709232125898,0.096212098087098,0.0339393399810066,0.0396828788495454,0.0399125797042463,0.0396828788495454,0.0357960249626915,0.0054652523402523,0.0850438373355039,0.0869160392077058,0.0904630477547143,0.1040171788088454,0.0955219780219779,0.0504355752272418,0.0563174942341608,0.0723258377425043,0.0922506274589607,0.1011821665988332,0.0290624576041242,0.1020727343644009,0.1025500271333604,0.0301579670329669,0.1061310371727038,0.1103991147741147,0.0427757427757427,0.1096771130104462,0.0669667446750779,0.1096771130104462
4911,3166,42380,0.2725712888402831,1.551168667087808,0.6446752188963552,359,5,152,5,8.629607004683363,13.385975994946303,0.023092361494927,0.0197987349422901,0.0177911911387781,0.0144101514901758,0.0111995584903342,0.0098315734357273,0.0312636032489422,0.0323048032760921,0.0301834236715116,0.0163415946708554,0.0298892832093809,0.0287251489206284,0.0226908818234413,0.0292783126961501,0.0292266954973124,0.0183491707957193,0.0236223831825541,0.0317781106877013,0.0330316458355553,0.0331901335841469,0.0222899677756122,0.0221059299984162,0.028132488453197,0.0242506132976505,0.0268343498398476,0.0265570811233608,0.0275472618966815,0.0259080360577,0.0252927829653546,0.024230638702233,0.0101192173061445,0.011640647978461,0.0038737301748908,0.0106211678997261,0.0038859476458743,0.0211104970054267,0.0223488572786067,0.0093088886949607,0.0236174380157275,0.0106299916287698,0.0116811143109248,0.010600805448087,0.0118748646543392,0.0118748646543392,0.010600805448087,0.0185149631698195,0.0072294783657031,0.0071748229597954,0.0068928030045928,0.0062380532203378,0.0257192955238159,0.0298572527497389,0.0307412578823696,0.0307412578823696,0.0300061087354916,0.0235581444958353,0.0290017065673754,0.0241668363537636,0.0203992818195627,0.0186833412520644,0.023297650560937,0.0258241298284059,0.0251230312256579,0.0210366750378967,0.0222635127491571,0.0246470023562264,0.0353948861157168,0.0206501278309463,0.0281397122753261,0.0345688008455265,0.009299741752399,0.0158407753245871,0.0165131887276053,0.0207437789478106,0.013011477312027,0.0140213902706266,0.0134002223709004,0.0328997262381501,0.0163834185000953,0.0097113218463248,0.0322253897146994,0.032135794927487,0.0322253897146994,0.0306911921084187,0.0038390332037246,0.0145611406851479,0.0263579977568981,0.0283558128335159,0.0191759186536217,0.020368899748863,0.0337841353876783,0.0326663014353911,0.028023112998678,0.0264004356918223,0.0232444334551847,0.0225592046361746,0.0319440969899124,0.0259286247588018,0.0239682216469021,0.0258394501491629,0.0351053514462188,0.0038001344568234,0.035101278955891,0.0193680690901215,0.035101278955891
2287,7055,128530,0.7966018760088839,0.3241672572643515,3.084827284652383,348,5,1274,5,56.20026235242676,18.218284904323173,0.1214204162936125,0.129347832122209,0.1145503223881011,0.0824273498934626,0.0743842699592589,0.1062727562968052,0.1068242169335304,0.1113689174839152,0.1267191024493166,0.1079128059910744,0.1132188838222943,0.1165727958578854,0.112301032058356,0.0997676654104288,0.0533063693339163,0.1240899216412989,0.1451371450781157,0.1643346103927651,0.1517220174762806,0.1409135833315981,0.1065282722912805,0.1032670511726042,0.1504898286380576,0.0969495977956843,0.1056703520936139,0.0818221347714132,0.0926009328086284,0.0811982842984154,0.1129617020981253,0.1080687252309464,0.1302832087506332,0.1385107335457138,0.1384364003581318,0.1396948938444347,0.1397030142766915,0.1247104059522074,0.1244247680124374,0.1397819282209312,0.1243321812036284,0.140195202698482,0.1478044988582811,0.1472899271937312,0.1458651383596726,0.1449345160014158,0.1441963895308888,0.1030454050152344,0.0286470110562808,0.0239241121313705,0.0248145487607664,0.025478689070731,0.1410662058147847,0.1535474837070813,0.1526248776729755,0.1526248776729755,0.1465284111020883,0.1265330612641499,0.1339541299685593,0.1275271895669796,0.1069137846072694,0.1016432423428487,0.1268615223381292,0.1407015845253711,0.1340332868317127,0.113856650078775,0.1134171056558463,0.134369660121737,0.1534069724668762,0.1087485511621934,0.1580947869601126,0.1581370895537926,0.1066711780179204,0.0829348422068141,0.0835620935446033,0.1176400080510268,0.0734560073847349,0.0685067427349893,0.0388804908350163,0.1261498393264899,0.0875759121605207,0.0884284534393847,0.1060081134917163,0.106000340086479,0.1060081134917163,0.1058536517653263,0.0017296173680082,0.1100692318903949,0.1568768956350941,0.1578073444798411,0.1422079594117197,0.1332109369035473,0.1228239670740763,0.1295837757927831,0.1371279696837195,0.1392791901777471,0.1346250720081065,0.0987114539738063,0.1455495519881177,0.1485436317071646,0.0985635163553833,0.1485614341932662,0.1393043496366626,0.1392810294209507,0.1313722836460046,0.1313722836460046,0.1235362400316488
9983,7814,545591,0.6994114207103189,1.277578704888661,0.7827306420915556,663,5,3846,5,54.65200841430432,69.82224212951114,0.1293291293611838,0.1104047197696401,0.0917404190298109,0.0614289132795593,0.0606016418387448,0.1033035763973357,0.1263949110312928,0.1420565039932965,0.1157837212149542,0.098682212141593,0.1193932462964817,0.1110787386175545,0.1069840077337823,0.0912000718682076,0.0441093907261391,0.0918619112809235,0.1276845399083203,0.1560871179417708,0.1555903369060736,0.150313000354571,0.1127791133816376,0.1042553690480165,0.1278130838298122,0.0897615947110086,0.0963345544568623,0.0598026486296544,0.0789850603168242,0.0584387824380811,0.0892161992848159,0.0750500533446541,0.1305855589422653,0.1342613236152252,0.1340876951134388,0.1348212198833254,0.1344492542083446,0.114049566803248,0.1142385865495151,0.1337066346121739,0.1141786751763711,0.1340034646200127,0.1445723046639604,0.1408278676925376,0.1395454733364179,0.1384168880748065,0.1381249950312356,0.0799720636192638,0.0223740040608717,0.0137390548058683,0.013736542598608,0.0141260380742499,0.1419423893635052,0.1431121000939692,0.1442539300938579,0.1442539300938579,0.1428668100850811,0.1427043116154605,0.1244987669514364,0.1167430584374388,0.1087559883548063,0.1062408077859344,0.1431003499600113,0.1278556562028464,0.1225400005406015,0.1156718325915961,0.1123561085591537,0.0955198202022803,0.1507392567364519,0.0811107772101461,0.1533137365266985,0.15671369900259,0.103458681345589,0.0726129340513793,0.0734168562747146,0.0992150942316222,0.0661783285553694,0.0480166044179867,0.0271045221320689,0.0591141209898096,0.0378513790904855,0.0495549815638966,0.1032675468932104,0.1032675468932104,0.1032675468932104,0.1034107427070463,0.0017548562715345,0.1142538664936741,0.1438352341838267,0.1468029300604678,0.1303092161436346,0.1185409004832023,0.1211423785514739,0.1263374800653173,0.1333162248838899,0.131035315592062,0.1269730049019841,0.088170071661507,0.1192128841252351,0.1268964223306604,0.0881553084688414,0.1269152718351355,0.1349996899491039,0.1349996899491039,0.133109905887628,0.133109905887628,0.1284831435662848
4905,2420,53258,0.4486735579312726,2.0268595041322315,0.4933741080530071,94,5,311,5,10.8579001019368,22.007438016528926,0.0545207352393896,0.0611264339918773,0.056043509214763,0.0407378768020969,0.0322420756273966,0.0289818617219228,0.0294424866106822,0.0359588854909955,0.0643728945196834,0.0480040774719673,0.0414715305082277,0.0539323333818746,0.0474060482500848,0.0472344869990129,0.0373575554584728,0.0703627170202093,0.0889227383783958,0.0977914340727796,0.0950609031924016,0.0915865734673073,0.0498730967752374,0.0463067812242123,0.0642894843292396,0.0681918677086872,0.0716838017571962,0.0689539666359237,0.0702075465592284,0.0674409494684723,0.075590100804168,0.074876624112098,0.0923168778214649,0.0839001019367991,0.0417777777777777,0.0923445625616879,0.0417975017393977,0.0810149183696583,0.0805422228694399,0.0906097438635664,0.0811983884277461,0.0915499409413782,0.0935443586880895,0.0922154426160542,0.0945802469135802,0.0945802469135802,0.0921814636829927,0.0540591233435269,0.0296255845185508,0.024054398653787,0.0236968270148697,0.0242548905392941,0.0825987088005436,0.099507095124832,0.0995225798100415,0.0995225798100415,0.0982347458861219,0.0693193534294451,0.0704824846690289,0.0673857094315809,0.0601358024691357,0.055963998511399,0.0669057812727537,0.0680335097001763,0.0662965713638496,0.0594940698671585,0.0588467711923369,0.058344109509247,0.0755548436160056,0.0593522644531818,0.0754902836431888,0.0876029318965098,0.0293455819296797,0.0545485979645,0.0547249809879778,0.0571894082811513,0.0522790317622121,0.0428741161432292,0.042771888096047,0.0668377425044091,0.055296490461628,0.0305542611200103,0.0281165801012895,0.0280403540281215,0.0281165801012895,0.028559228516415,0.0041100432017862,0.0464858663818908,0.0779017847030079,0.0797439768296037,0.0678077277802047,0.0554530524408199,0.0439461353008753,0.0486484151254793,0.0565119330776822,0.0668562529327054,0.0726957429251006,0.0250214714496059,0.0923759688041033,0.0863946086759542,0.0251320486060546,0.0895101855896962,0.0917153859844991,0.0582239373493195,0.0900557092697764,0.0719503745772858,0.0895483714382796
