num_users,num_items,num_interactions,density,user_item_ratio,item_user_ratio,highest_num_rating_by_single_user,lowest_num_rating_by_single_user,highest_num_rating_on_single_item,lowest_num_rating_on_single_item,mean_num_ratings_by_user,mean_num_ratings_on_item,BPR_0,BPR_1,BPR_2,BPR_3,BPR_4,CDAE_0,CDAE_1,CDAE_2,CDAE_3,CDAE_4,DMF_0,DMF_1,DMF_2,DMF_3,DMF_4,EASE_0,EASE_1,EASE_2,EASE_3,EASE_4,ENMF_0,ENMF_1,ENMF_2,ENMF_3,ENMF_4,ImplicitMF_0,ImplicitMF_1,ImplicitMF_2,ImplicitMF_3,ImplicitMF_4,ItemItem_0,ItemItem_1,ItemItem_2,ItemItem_3,ItemItem_4,ItemKNNRP_0,ItemKNNRP_1,ItemKNNRP_2,ItemKNNRP_3,ItemKNNRP_4,ItemKNN_0,ItemKNN_1,ItemKNN_2,ItemKNN_3,ItemKNN_4,LINE_0,LINE_1,LINE_2,LINE_3,LINE_4,MacridVAE_0,MacridVAE_1,MacridVAE_2,MacridVAE_3,MacridVAE_4,MultiDAE_0,MultiDAE_1,MultiDAE_2,MultiDAE_3,MultiDAE_4,MultiVAE_0,MultiVAE_1,MultiVAE_2,MultiVAE_3,MultiVAE_4,NCEPLRec_0,NCEPLRec_1,NCEPLRec_2,NCEPLRec_3,NCEPLRec_4,NMF_0,NMF_1,NMF_2,NMF_3,NMF_4,NeuMF_0,NeuMF_1,NeuMF_2,NeuMF_3,NeuMF_4,PopScore_0,PopScore_1,PopScore_2,Pop_0,Random_0,RecVAE_0,RecVAE_1,RecVAE_2,RecVAE_3,RecVAE_4,SVD_0,SVD_1,SVD_2,SVD_3,SVD_4,SimpleX_0,SimpleX_1,SimpleX_2,SimpleX_3,SimpleX_4,UserUser_0,UserUser_1,UserUser_2,UserUser_3,UserUser_4
22363,12101,198502,0.0733522706417427,1.8480290885050823,0.5411170236551447,204,5,431,5,8.876358270357287,16.403768283612923,0.0323182637988343,0.033960857964793,0.0332915977283905,0.0240188406445169,0.0180476680230737,0.0065122449283786,0.0161367735396264,0.0267987300451638,0.0292730551953374,0.0195456781290523,0.0171727108765967,0.0219007586936755,0.020653162217353,0.0127233972782422,0.0055642504732519,0.0478081354618491,0.0621949947085214,0.0644323212449134,0.0603914203520696,0.0582882439744219,0.0388260370552549,0.0344795719119378,0.039619013549166,0.0433215579305101,0.0442039678635841,0.03997078507654,0.0417147371402166,0.0398247104592406,0.0459792216309677,0.0442844579588307,0.0480033984706881,0.0450520949783123,0.0226206978789368,0.0478215504777235,0.0224328876566948,0.0510266549149266,0.0510937354600755,0.0459229318622842,0.0509595862345126,0.0466294579646898,0.0493225416983409,0.0478185693630848,0.049900877938261,0.049900877938261,0.047815588248446,0.0325314134955059,0.0176988776103384,0.0135759960649286,0.0135357510173053,0.0147028573983812,0.0643831328533738,0.0641282475517595,0.0650613364336925,0.0650613364336925,0.0644472268181072,0.040853195009614,0.0395012595209348,0.03512498323123,0.0343454217531934,0.0311213462713708,0.0397054658736901,0.0407667426850899,0.0372937441309305,0.0331678814708819,0.0317339653296366,0.0376350817570689,0.040884496713321,0.0398351443604763,0.0472521575817197,0.0516627166897702,0.0027202671078715,0.0321050159005824,0.0321184342498439,0.0227006924328759,0.0339369405132466,0.0212762151768545,0.0202417683972036,0.0303656337104442,0.0260042629939333,0.023972633367616,0.0072649763746664,0.0073245986674416,0.0072649763746664,0.006974317697387,0.0002086780247133,0.0284890220453427,0.0434005574684374,0.0449701143257463,0.0404447823041034,0.0295532799713812,0.0230052616673373,0.0259401690291999,0.0323301882573893,0.0386948680111493,0.0431605777400169,0.004447823041035,0.0446854178777444,0.0395131839794898,0.0046773688682197,0.0393104681840539,0.0582032822072172,0.0388454143004068,0.0568811578649256,0.0493180700263828,0.0559555217695896
1819,14868,984499,3.640240086741704,0.1223432875975248,8.173721825178669,7025,15,1541,5,541.2308960967565,66.21596717783159,0.5653655854865309,0.4693787795492028,0.412900861279091,0.2910023822613157,0.2524097489463074,0.4838189481400036,0.5531610775151181,0.5746380795308778,0.5527212754260582,0.5641561297416162,0.5287520615722925,0.5184167124793844,0.515814550119113,0.4761224115814549,0.1114165292285137,0.4465457210921751,0.52354773685175,0.6267546270844786,0.6783947223749313,0.6831225948323254,0.4404251420194245,0.4310793476269012,0.504379695803555,0.2386659336631848,0.2125710097122961,0.1018874839655487,0.14260582737768,0.0979659153380978,0.1523914238592633,0.1179402602162359,0.5339563862928349,0.5320139270661535,0.5320139270661535,0.5361553967381345,0.5235843870258383,0.5181601612607659,0.5173172072567345,0.3978009895547003,0.5168407549935862,0.4105185999633498,0.5935129191863661,0.545061389041598,0.5231079347626901,0.5102437236576873,0.4994319223016309,0.4450064137804654,0.0741433021806853,0.0503939893714494,0.0516034451163642,0.0521165475536008,0.5189664650907091,0.5910573575224483,0.5994868975627634,0.5994868975627634,0.5815649624335715,0.5020340846619021,0.5540040315191497,0.5336265347260399,0.4167857797324537,0.4502840388491845,0.5135788894997251,0.5135055891515485,0.4542056074766354,0.4087960417811984,0.4004398020890599,0.6192779915704599,0.5463441451346893,0.5927799157045996,0.5003115264797507,0.5453179402602162,0.487227414330218,0.6061572292468389,0.6121678577973245,0.6328385559831409,0.5993402968664101,0.153600879604178,0.2046545721092175,0.2271577789994502,0.1744181784863477,0.1508521165475535,0.4862012094557449,0.4861279091075682,0.4862012094557449,0.4846619021440351,0.0079897379512552,0.5919003115264797,0.5357522448231629,0.5380978559648157,0.6450430639545537,0.6188381894814,0.5485798057540773,0.5639362286970864,0.5784130474619754,0.5875389408099689,0.5951621770203408,0.2731537474803005,0.4505039398937144,0.464357705699102,0.2737401502657137,0.466703316840755,0.4669965182334615,0.4669598680593732,0.521971779365952,0.521971779365952,0.552574674729705
9930,24780,206241,0.0838155222148258,0.400726392251816,2.495468277945619,1747,5,218,5,20.76948640483384,8.322881355932203,0.0103692514266531,0.0100772071164819,0.0096911715340717,0.006166498825109,0.0043739509902651,0.0034239677744208,0.0060020140986908,0.0061967103054716,0.0132527693856998,0.0105370929842228,0.0081336018798254,0.0077240684793554,0.0080933199060086,0.0062705605908022,0.0004229607250754,0.0194427660288686,0.0243806646525679,0.0243840214837193,0.0226049009734809,0.0216448472641825,0.0088217522658609,0.0074655924806981,0.010137630077207,0.0126049009734809,0.0125344075193017,0.011520644511581,0.0121718697549512,0.0112789526686807,0.0143773078214165,0.0145552198724403,0.0114971466935212,0.0150419603893923,0.0126921785834172,0.0154380664652567,0.0131285666330982,0.0156126216851291,0.0168210808996307,0.014236320913058,0.0177677072843235,0.0146827794561933,0.017045988586774,0.0164786841221886,0.015901309164149,0.0155824102047666,0.0154850621013762,0.0099060087277609,0.0058710976837864,0.0044343739509902,0.0044578717690499,0.0046223564954682,0.017062772742531,0.0175360859348774,0.0171265525344074,0.0171265525344074,0.0177173548170526,0.0132863376972137,0.0172306143001006,0.0172943940919771,0.0139140651225242,0.0098623699227928,0.0137630077207116,0.0178851963746223,0.0181537428667337,0.0154884189325276,0.0066868076535749,0.0083048002685464,0.0080866062437059,0.0097012420275259,0.0091742195367572,0.0135078885532057,0.0018462571332661,0.0075998657267539,0.0075763679086941,0.0044880832494125,0.0089157435380999,0.0049580396106075,0.0041524001342731,0.0108862034239677,0.0084323598522993,0.0066834508224235,0.0052433702584759,0.0052433702584759,0.0052433702584759,0.0052433702584759,0.0001980530379321,0.0131957032561261,0.0182880161127894,0.0184961396441758,0.0155824102047666,0.0143336690164484,0.0031184961396441,0.0039274924471298,0.0066431688486068,0.0092279288351795,0.0108862034239677,0.0021718697549512,0.0165323934206108,0.0171869754951325,0.0024068479355487,0.017609936220208,0.0248674051695199,0.0068479355488418,0.0246458543135279,0.0129909365558912,0.0245652903658945
576,550,13116,4.140151515151516,1.0472727272727274,0.9548611111111112,146,5,352,5,22.77083333333333,23.847272727272728,0.2284722222222221,0.3377314814814814,0.3288773148148148,0.2339120370370369,0.1789930555555555,0.1292245370370369,0.2828703703703704,0.328761574074074,0.316261574074074,0.2224537037037036,0.2532407407407407,0.3375578703703704,0.3302662037037037,0.3011574074074074,0.3101273148148148,0.2710069444444444,0.3566550925925925,0.3748842592592591,0.3420138888888888,0.3260416666666667,0.0368634259259258,0.0399305555555555,0.198611111111111,0.2426504629629629,0.2568287037037036,0.1866319444444444,0.2019097222222221,0.1879629629629629,0.1852430555555554,0.1873842592592592,0.3390046296296296,0.3605324074074074,0.3337962962962963,0.3603009259259259,0.3332175925925925,0.3071180555555555,0.3068287037037037,0.3543402777777777,0.3071759259259259,0.3599537037037036,0.3613425925925925,0.3599537037037036,0.3576967592592592,0.3576967592592592,0.3599537037037036,0.1466435185185184,0.1130787037037036,0.0747685185185184,0.0708912037037036,0.0728587962962962,0.2706597222222222,0.3654513888888888,0.3635416666666666,0.3635416666666666,0.3527199074074074,0.334548611111111,0.3405092592592592,0.3380208333333333,0.3043981481481481,0.2925925925925925,0.3282407407407407,0.348611111111111,0.3386574074074073,0.320949074074074,0.3149305555555555,0.2066550925925925,0.3273148148148148,0.2010995370370369,0.2370949074074073,0.3333912037037036,0.247048611111111,0.1777199074074073,0.1831018518518518,0.2004629629629629,0.1388310185185184,0.2853587962962963,0.2874421296296295,0.3036458333333333,0.3328124999999999,0.0837962962962962,0.2561342592592592,0.2561342592592592,0.2561342592592592,0.0465856481481481,0.0090856481481481,0.2305555555555554,0.3527199074074074,0.3666087962962963,0.3423032407407407,0.3331018518518518,0.3234953703703703,0.3502893518518518,0.3563657407407407,0.345949074074074,0.3392939814814814,0.1696759259259259,0.3908564814814814,0.3830439814814814,0.1684606481481481,0.38125,0.3769675925925925,0.3769675925925925,0.349074074074074,0.349074074074074,0.3070023148148147
24303,10672,231780,0.0893655752052377,2.277267616191904,0.4391227420483068,773,5,802,5,9.537094185902976,21.718515742128936,0.0474989370310934,0.0507276193611213,0.0471217545159033,0.0306080182144865,0.0246046441454415,0.0101084914070964,0.0148678489624051,0.0446296067700832,0.0313335802164341,0.0195298248501556,0.0229258390596496,0.030127967740608,0.0290910587170307,0.0139132343057784,0.007357116405382,0.0514024331701161,0.0688035770618167,0.073656201566336,0.0695442263643719,0.0675005829184325,0.0548190209713477,0.0481984391501734,0.050336721118106,0.0609088041256908,0.0611104253247198,0.0561645338709898,0.0599528178962816,0.0559834862636985,0.06326379459326,0.0604822449903303,0.0507742528357266,0.0528823602024441,0.0294462960677007,0.0536202663594343,0.0298166207189784,0.0629455897077178,0.0631691560712668,0.0491023056138473,0.063042971375276,0.0515382188755845,0.0566061803069579,0.0526094172187246,0.0568228888065944,0.0571136622364865,0.0536449546695194,0.0488869686869933,0.0185875543485714,0.0140078728277715,0.0146977739373739,0.0141806909983677,0.0751512158992716,0.0755901191896747,0.0760207930433828,0.0760207930433828,0.0759741595687775,0.0547408413227447,0.0489761209178564,0.0435117749523378,0.0415778573289991,0.035636204035167,0.0536065506316092,0.0513722585689009,0.047505794895006,0.0425804770330137,0.040084214568846,0.04665541976985,0.0540262519030571,0.0481998107229559,0.0603574318671219,0.0650043204542648,0.0090935275480392,0.0362108930310386,0.0360970524900903,0.0373877024784319,0.0357390719938553,0.0278374411938168,0.0276920544788708,0.0450026745669258,0.0354071513804879,0.0288194873060938,0.0100138528851033,0.0100165960306683,0.0100138528851033,0.0099343016637177,0.0003415216228448,0.0322347035345429,0.0553539343565265,0.0568626644172872,0.0485920805387537,0.0359818403763595,0.0268553950815399,0.0359489226295793,0.0423692548245071,0.0468090359214911,0.0526985694495877,0.006095269445473,0.0603834917499896,0.0578803714219094,0.0065232001536161,0.0575361066534995,0.0656119271969166,0.0578419673839991,0.0650495823560876,0.0637685333772236,0.0645777613189043
1062,3895,40825,0.986947871262834,0.2726572528883184,3.667608286252354,318,5,273,5,38.44161958568738,10.481386392811295,0.0694287507846829,0.060043942247332,0.0505335844318894,0.0308537350910231,0.0250784682988072,0.0620527306967984,0.0618644067796609,0.0621468926553671,0.052824858757062,0.0430634023854362,0.0609855618330194,0.0555555555555555,0.0525109855618329,0.0596986817325799,0.0545511613308222,0.0735091023226616,0.0859070935342121,0.0924984306340238,0.083396107972379,0.0791588198367859,0.0296296296296295,0.032360326428123,0.0723477715003138,0.049623352165725,0.0560263653483992,0.0547394852479597,0.0573446327683615,0.0572818581293157,0.0619585687382297,0.0580665411173885,0.0467043314500941,0.076239799121155,0.0754237288135592,0.0901129943502824,0.0889830508474575,0.0807909604519773,0.0801632140615191,0.0665725047080978,0.0794099183929692,0.0888888888888888,0.0650345260514751,0.0764595103578154,0.0895794099183929,0.092059008160703,0.0891399874450721,0.0504080351537978,0.0149403640929064,0.0133396107972378,0.0130885122410545,0.0134023854362837,0.0484934086629001,0.0747332077840552,0.0762711864406779,0.0762711864406779,0.0750156936597614,0.066509730069052,0.057501569365976,0.0475517890772127,0.0408035153797865,0.0339296924042686,0.0679221594475831,0.0552102950408034,0.0504708097928436,0.0413684871311989,0.0352479598242309,0.0689265536723163,0.0799748901443816,0.0601381042059007,0.0726930320150658,0.084149403640929,0.0619899560577526,0.0502197112366603,0.0498430634023854,0.0503766478342749,0.0449152542372881,0.0391086001255492,0.029817953546767,0.0744507219083489,0.0542059008160702,0.0239485247959824,0.0619271814187068,0.0619899560577526,0.0619271814187068,0.059322033898305,0.0023226616446955,0.038449466415568,0.071186440677966,0.0712178279974889,0.0579723791588197,0.0440677966101694,0.0722536095417451,0.0742310106716885,0.0826741996233521,0.0863151286880099,0.0918392969240426,0.0483364720652855,0.0924670433145008,0.0811048336472064,0.0466101694915253,0.079817953546767,0.084494664155681,0.0837099811676082,0.0781544256120526,0.0781544256120526,0.0747332077840552
23724,29794,687070,0.0972040269729623,0.7962677049070283,1.255859045692126,1763,5,1340,5,28.9609677963244,23.060683359065585,0.027805878716349,0.0377353453605349,0.0351612993873995,0.0233575001405046,0.0216995447647951,0.0144256168156015,0.0206162535828696,0.0341454504580452,0.0423186084415218,0.0312089023773393,0.0204940145000842,0.020354914854156,0.0177007812060922,0.0130992525150339,0.0109158095880402,0.0644523127072443,0.0943418760186589,0.0936955544315179,0.0817273646939807,0.0759034451750688,0.0396925757320294,0.033161917608048,0.0427429326139492,0.0471983364244365,0.048021693924577,0.0386921823188894,0.0444964311808013,0.0382931489911762,0.0496122070477153,0.0451582082841566,0.0722952846625077,0.0722109818467936,0.055212724104985,0.0728376327769347,0.0556960602484122,0.0429972461080199,0.0427162367223064,0.0645324003821727,0.0436815039622323,0.0676164783903782,0.0812215477996964,0.0743592986005731,0.0765680323722812,0.0762575170010678,0.0733729556567188,0.0320631709099083,0.0140870005058168,0.0100994773225424,0.0103397403473275,0.0099898836621142,0.0935072781430899,0.0950907660315854,0.0954378126229415,0.0954378126229415,0.0956036081605125,0.0423481144270217,0.0461023998201539,0.037423424942393,0.0373531725959646,0.0269544202776372,0.0414418591580958,0.0479556567189343,0.0434187601865901,0.0412311021188107,0.0280110155679198,0.0423270387230933,0.03847580509189,0.0475594334850783,0.0472025515652222,0.061423031529253,0.0136893722250322,0.0334654077446186,0.0341665261619737,0.0317105041308379,0.0383591861968189,0.0196425560613724,0.0133971224638902,0.0285631990108469,0.0230708705670768,0.0226409262069352,0.0149258135221715,0.0149258135221715,0.0149258135221715,0.0149089529590287,0.0002009217107851,0.0387722699938177,0.0613246782442532,0.0629123812735345,0.055576631259484,0.0418338672511661,0.0263938065531388,0.0306932501545551,0.0379685831506771,0.0430169167650199,0.0494534367447872,0.0106151295453267,0.0533552520654189,0.0620187714269656,0.0108399370538975,0.0625288034620356,0.0612642612263249,0.057411622548193,0.0581914235935479,0.0568734895745517,0.0539158657899173
35598,18357,296337,0.0453480454569589,1.93920575257395,0.5156750379234788,296,5,1042,5,8.324540704533963,16.142997221768262,0.0203494578347097,0.0184954210910724,0.0166273386145288,0.0097758301028147,0.0080650598348221,0.0085978613030694,0.0119267000018727,0.0245922055546191,0.0095454800831506,0.006271887933779,0.0134455119201452,0.0118424256044346,0.011825570724947,0.0093038934771615,0.0057849691930257,0.0241914339756914,0.0369842875067887,0.0409920032960652,0.0383841788864542,0.0374796336872857,0.0256484446691761,0.0227119501095567,0.0222166039290596,0.0282010225293555,0.0285999213438956,0.0262842481787365,0.0281673127703803,0.0260304886042286,0.02964305110774,0.0282946607487311,0.0232035507612786,0.022245631777066,0.0095651441092195,0.0239245650504709,0.0095876172818697,0.0321085454239001,0.0317630203944041,0.0217231305129501,0.0316206903009531,0.0229319999250893,0.0249470944060527,0.0236586325074441,0.0267795943592336,0.0268292226155026,0.0239601475738336,0.0190638050826825,0.0063580350956045,0.0047998951251942,0.0047483941045376,0.004954398187164,0.0399516826788021,0.0399638556473209,0.0400069292282337,0.0400069292282337,0.0399516826788021,0.0197370638799932,0.0187201528175739,0.0172341142760828,0.0168155514354738,0.0138256830908103,0.0195160776822667,0.0202249190029401,0.0181077588628573,0.0156300915781785,0.0142536097533568,0.0204955334569357,0.0252139633312732,0.0218598423132385,0.0262908028540928,0.031175908758919,0.0086549806168885,0.0186836339120174,0.0182912897728336,0.008583815570163,0.0187856995711369,0.0083665749012116,0.0085828791879693,0.0157742944360169,0.0106906755061145,0.0096896829409891,0.0086409348839822,0.0086409348839822,0.0086409348839822,0.0086156525647507,0.0001947674963012,0.0115118826900386,0.0195703878495046,0.0201790362754461,0.020421559263629,0.0139623948910987,0.012317171376669,0.0141403075079123,0.0187753993670056,0.0222690413319099,0.0245154222147311,0.0050995374271962,0.0304090117422326,0.0268498230237653,0.0051969211753468,0.0247129988576136,0.0368045021255875,0.0235846583141374,0.0366228439799988,0.0321684738843005,0.0366237803621925
4096,136,97879,17.570764878216913,30.11764705882353,0.033203125,130,5,4094,163,23.896240234375,719.6985294117648,0.6455322265625,0.5116861979166667,0.4329833984375,0.2844889322916666,0.2269042968749999,0.6144938151041666,0.6353515625,0.61220703125,0.3561360677083333,0.3264485677083332,0.5305094401041667,0.2307373046874999,0.2374999999999999,0.3717854817708333,0.0451578776041666,0.6539957682291666,0.656591796875,0.6689860026041666,0.6774251302083333,0.6847005208333333,0.5521402994791667,0.5396402994791666,0.6325602213541666,0.5306070963541666,0.5304443359375,0.2732584635416666,0.1958658854166666,0.1975016276041666,0.0844889322916666,0.1083740234374999,0.6004313151041667,0.5475830078125,0.446875,0.5266357421875,0.4221516927083333,0.6269449869791667,0.6269449869791667,0.5228597005208333,0.6269449869791667,0.5228597005208333,0.5233072916666666,0.5228597005208333,0.5233072916666666,0.5233072916666666,0.5228597005208333,0.3372965494791666,0.0629394531249999,0.0886555989583333,0.0798583984374999,0.0774495442708332,0.6283610026041667,0.6543538411458333,0.6517740885416666,0.6517740885416666,0.6365478515625,0.6351318359375,0.6655680338541666,0.6472493489583333,0.5539876302083333,0.5211669921875,0.6295491536458333,0.6661295572916666,0.6519124348958333,0.6264567057291666,0.4691324869791666,0.1592610677083333,0.474951171875,0.3650390624999999,0.5909179687499999,0.5901041666666667,0.6161051432291667,0.0921630859374999,0.1769938151041666,0.4149739583333333,0.5285807291666667,0.2379720052083333,0.3010823567708333,0.5914957682291666,0.2164143880208333,0.1429280598958333,0.6072021484375,0.6072672526041666,0.6072021484375,0.0740722656249999,0.0614908854166666,0.6162434895833334,0.6016682942708333,0.6082600911458333,0.6093831380208333,0.5599283854166667,0.6604573567708333,0.654541015625,0.6437337239583333,0.6432535807291666,0.6435872395833333,0.4519612630208333,0.6049723307291666,0.6220458984375,0.4534179687499999,0.6237548828125,0.6069905598958333,0.6069905598958333,0.6248046875,0.6248046875,0.6382486979166667
132,294,2027,5.223149866007009,0.4489795918367347,2.227272727272727,66,5,29,5,15.356060606060606,6.894557823129252,0.0131313131313131,0.0535353535353534,0.0906565656565656,0.111111111111111,0.1116161616161615,0.0171717171717171,0.0537878787878787,0.0702020202020201,0.1257575757575757,0.1161616161616161,0.057070707070707,0.0510101010101009,0.06010101010101,0.063131313131313,0.0565656565656565,0.1138888888888888,0.1257575757575757,0.1335858585858585,0.1249999999999999,0.1199494949494948,0.0282828282828282,0.0280303030303029,0.0499999999999999,0.0747474747474746,0.0929292929292928,0.1058080808080807,0.1032828282828282,0.105050505050505,0.0926767676767676,0.0916666666666666,0.0876262626262625,0.1123737373737373,0.1030303030303029,0.1143939393939393,0.105050505050505,0.1244949494949494,0.1257575757575757,0.1143939393939393,0.1257575757575757,0.1143939393939393,0.1171717171717171,0.1143939393939393,0.1171717171717171,0.1171717171717171,0.1143939393939393,0.0212121212121211,0.1085858585858585,0.0944444444444444,0.0959595959595959,0.0969696969696969,0.0492424242424242,0.1078282828282827,0.1217171717171717,0.1217171717171717,0.1267676767676767,0.1073232323232322,0.1277777777777777,0.1265151515151514,0.1073232323232322,0.1126262626262625,0.1047979797979797,0.1202020202020201,0.1229797979797979,0.1181818181818181,0.1103535353535353,0.0515151515151514,0.1022727272727272,0.1290404040404039,0.1015151515151514,0.1017676767676767,0.0232323232323231,0.0505050505050504,0.0803030303030302,0.1123737373737373,0.1136363636363635,0.0901515151515151,0.1005050505050504,0.0482323232323231,0.1063131313131312,0.0631313131313131,0.0482323232323231,0.0492424242424241,0.0482323232323231,0.0164141414141413,0.0161616161616161,0.1032828282828282,0.1207070707070706,0.1229797979797979,0.1242424242424242,0.1035353535353535,0.1108585858585858,0.1247474747474747,0.1285353535353534,0.130050505050505,0.1297979797979797,0.0411616161616161,0.1065656565656564,0.0959595959595959,0.0409090909090908,0.1078282828282828,0.1179292929292928,0.0126262626262625,0.1179292929292928,0.0914141414141413,0.1179292929292928
547,547,4524,1.5119866046810089,1.0,1.0,40,5,50,5,8.270566727605118,8.270566727605118,0.005240706886045,0.0107251675807434,0.0098110907982936,0.01084704448507,0.0093845216331504,0.0070079219987811,0.0193784277879341,0.0210237659963436,0.0176721511273613,0.0115173674588665,0.0143814747105423,0.0137111517367458,0.0160268129189517,0.0121876904326629,0.0165143205362583,0.0124314442413162,0.013162705667276,0.0175502742230346,0.0177330895795246,0.0177330895795246,0.0066422912858012,0.0067032297379646,0.0138939670932358,0.0117001828153564,0.0124314442413162,0.0107251675807434,0.0107861060329067,0.0094454600853137,0.0084095063985374,0.0082876294942107,0.0098110907982936,0.0107861060329067,0.0039609993906154,0.0106032906764167,0.0039609993906154,0.0183424741011578,0.0177940280316879,0.0106032906764167,0.0177940280316879,0.0106032906764167,0.0109079829372333,0.0106032906764167,0.0109079829372333,0.0109079829372333,0.0106032906764167,0.0048750761730651,0.0082266910420475,0.0082876294942108,0.007373552711761,0.0081657525898841,0.0084704448507007,0.0122486288848262,0.0121876904326629,0.0121876904326629,0.0111517367458865,0.0166361974405849,0.0127361365021328,0.0155393053016452,0.0106032906764167,0.0098110907982936,0.0171846435100548,0.0116392443631931,0.0127361365021327,0.0121267519804996,0.0103595368677634,0.0092626447288238,0.0213284582571602,0.0084095063985374,0.0084704448507007,0.0196221815965874,0.0211456429006702,0.0113345521023765,0.0079219987812309,0.0102985984156002,0.0090798293723339,0.0088970140158439,0.0099329677026203,0.0213284582571602,0.0136502132845825,0.0103595368677635,0.0221206581352833,0.0223644119439365,0.0221206581352833,0.0061547836684947,0.005423522242535,0.0087751371115173,0.0117001828153564,0.0134673979280925,0.0089579524680072,0.0092017062766605,0.0202925045703838,0.019561243144424,0.0165752589884216,0.0124314442413162,0.0104204753199268,0.0137720901889091,0.013162705667276,0.0122486288848262,0.0159049360146251,0.0101157830591102,0.0202315661182205,0.0004265691651431,0.0202315661182205,0.0093845216331505,0.0202315661182205
1686,962,13272,0.8182833805609605,1.7525987525987523,0.5705812574139977,66,5,296,5,7.871886120996441,13.796257796257796,0.0413997627520758,0.0616844602609726,0.0596283115856069,0.0463226571767496,0.0385725583234479,0.0050810597073941,0.045413206801107,0.0462435745353894,0.0604191379992091,0.0543693159351521,0.0470739422696717,0.0514234875444839,0.0432977461447212,0.0394226967180703,0.042526690391459,0.0618821668643732,0.0777580071174376,0.0867141162514827,0.0844009489916962,0.0827995255041517,0.0371095294582838,0.0355674179517595,0.0623171213918544,0.0629300118623961,0.0683471727955713,0.0648675365757215,0.0633056544088572,0.0626729932779754,0.0625939106366152,0.0638394622380386,0.0779754843811783,0.0760577303281929,0.0315342032423882,0.0786674574930802,0.0316132858837484,0.0796955318307631,0.0802491103202846,0.0780941083432186,0.0803084223013048,0.0779359430604981,0.0799723210755238,0.0785488335310398,0.0805061289047053,0.0805061289047053,0.0785488335310398,0.0359628311585606,0.0395610913404507,0.0301304863582443,0.0297153024911031,0.0294978252273625,0.0617240015816527,0.0844998022933965,0.082898378805852,0.082898378805852,0.0833531039936733,0.0681099248714906,0.0696322657176749,0.0681890075128508,0.0594899169632265,0.0577896401739817,0.0663701067615658,0.0695729537366547,0.0694345591142743,0.061130881771451,0.0584618426255436,0.0555753262158955,0.0731712139185448,0.0569790431000394,0.0666073546856464,0.0751285092922103,0.0418544879398971,0.0507117437722419,0.0495650454725187,0.0525899565045471,0.0451957295373665,0.051107156979043,0.0533610122578093,0.0584223013048635,0.0666666666666666,0.0230921312771846,0.045769078687228,0.0458086200079082,0.045769078687228,0.0203637801502569,0.0030842230130485,0.0447805456702253,0.0738631870304467,0.0727955713720837,0.0617833135626729,0.0649268485567417,0.0426453143534993,0.0541913799920917,0.0599644128113878,0.0683274021352312,0.0772835112692763,0.037524713325425,0.0782127323052589,0.0736654804270462,0.0394226967180703,0.0784302095689995,0.0853499406880189,0.0504744958481612,0.0833926453143534,0.0685448793989718,0.0835112692763937
241,1594,20539,5.346553725849529,0.1511919698870765,6.614107883817427,702,5,77,5,85.2240663900415,12.885194479297365,0.2165975103734439,0.2838174273858921,0.2804979253112033,0.2369294605809128,0.1896265560165974,0.1235131396957122,0.1665283540802213,0.2058091286307053,0.2611341632088519,0.2042876901798063,0.1398340248962655,0.2150760719225449,0.2029045643153527,0.1632088520055324,0.1190871369294605,0.3337482710926693,0.3721991701244813,0.3827109266943291,0.3576763485477178,0.3427385892116182,0.0402489626556015,0.0428769017980635,0.1401106500691562,0.1717842323651452,0.2006915629322268,0.2771784232365145,0.2879668049792531,0.279253112033195,0.2515905947441217,0.2550484094052558,0.2832641770401106,0.2706777316735823,0.2645919778699861,0.2593360995850622,0.2479944674965421,0.2343015214384508,0.2412171507607191,0.2409405255878284,0.2430152143845089,0.2396957123098201,0.3099585062240663,0.2731673582295988,0.2733056708160442,0.2735822959889349,0.2648686030428769,0.1442600276625172,0.1340248962655601,0.0998616874135545,0.0966804979253111,0.0995850622406638,0.1999999999999999,0.320055325034578,0.3319502074688796,0.3319502074688796,0.3360995850622406,0.2103734439834024,0.2968188105117565,0.2933609958506223,0.2681881051175656,0.2430152143845089,0.2080221300138311,0.2929460580912862,0.3096818810511756,0.2901798063623789,0.2901798063623789,0.2367911479944674,0.324204702627939,0.3153526970954356,0.123789764868603,0.3290456431535269,0.0959889349930843,0.1966804979253111,0.235131396957123,0.2941908713692945,0.2260027662517288,0.2197786998616873,0.2467496542185338,0.2002766251728907,0.2896265560165975,0.1081604426002765,0.1157676348547717,0.1188105117565698,0.1157676348547717,0.1044260027662516,0.0138312586445366,0.2788381742738589,0.2831258644536652,0.2843706777316735,0.3370677731673582,0.3121715076071922,0.2506224066390041,0.283402489626556,0.3266943291839557,0.349100968188105,0.3467496542185339,0.0717842323651451,0.319640387275242,0.3201936376210235,0.0712309820193637,0.3203319502074688,0.3251728907330566,0.3034578146611341,0.2972337482710926,0.284923928077455,0.2941908713692945
4353,8342,58664,0.1615521787045125,0.5218173099976025,1.916379508385022,489,5,78,5,13.47668274753044,7.0323663390074325,0.0156290680756565,0.0196875717895703,0.0200627919442529,0.0145187227199631,0.0089669959414962,0.002779692166322,0.0041427368098628,0.0046557929397349,0.0183628149169155,0.0237537330576613,0.004969752661,0.0097174362508614,0.0098322995635193,0.0068688260969445,0.003055364116701,0.0384562370778772,0.042591316333563,0.0405237767057201,0.0378283176353472,0.0374377823723102,0.015138984608316,0.0126885672716133,0.0172294968986905,0.0268167547285396,0.0277969216632207,0.027299180641703,0.0254154223141128,0.0274523317252468,0.0325522628072593,0.0333409908875104,0.0343900758097863,0.0366949996171222,0.0233631977946243,0.0361130254996553,0.0235163488781682,0.0322153304234627,0.0336472930545983,0.0350409679148479,0.0339535952216861,0.0355004211654797,0.035867983765985,0.035867983765985,0.0359905046328202,0.0359905046328202,0.035867983765985,0.0166704954437552,0.0168849069607167,0.0097940117926333,0.0105597672103529,0.0107894938356688,0.0279500727467646,0.0357837506700359,0.0357454628991499,0.0357454628991499,0.0367179722796538,0.0178650738953977,0.0281951144804349,0.0309824642009341,0.0272685504249942,0.0250248870510758,0.0190290221303315,0.0284018684432191,0.0311585879470096,0.0304847231794164,0.0256068611685427,0.0141817903361665,0.0145034076116088,0.0181177731832452,0.0177119228118538,0.02252852438931,0.0018148403399953,0.0129565816678152,0.0131786507389539,0.0139444061566735,0.0152002450417336,0.0120683053832605,0.0110881384485794,0.0187610077341296,0.0211961099624779,0.0086530362202311,0.004655792939735,0.0046711080480894,0.004655792939735,0.0046404778313806,0.0006585496592388,0.0283329504556244,0.0351788038900374,0.0348188988437092,0.0322842484110574,0.0293667202695458,0.0064017152921356,0.0085381729075732,0.0114863312657936,0.0154606018837582,0.0193353242974193,0.0026571712994869,0.0288306914771421,0.0305306685044795,0.002817979937208,0.0326441534573856,0.0418944789034381,0.0020905122903744,0.0418944789034381,0.010483191668581,0.0418944789034381
6459,3905,46115,0.18283354931203,1.6540332906530089,0.6045827527481035,38,5,124,5,7.139650100634773,11.80921895006402,0.1355369768281983,0.1596273933013365,0.1583320431439334,0.1275584455798111,0.0984517727202352,0.0046911286576869,0.0052639727511998,0.0053620271455849,0.1594777313309593,0.134979615007483,0.0059813180574908,0.0377199772926665,0.0532022500903131,0.0293131031635443,0.0131186458172059,0.1449347164163698,0.1686174330391701,0.1739949424575527,0.1700572844093512,0.1693760644062548,0.1606234195179852,0.1555968416163492,0.1337771584868658,0.1512360014450121,0.1496722918924498,0.1412705785209268,0.1421530680703926,0.1407132167002115,0.1563606337410331,0.1539815244877947,0.1724983227537802,0.1738917273055684,0.0750632192805903,0.1745781080662641,0.0750632192805903,0.1721319089642359,0.1722454456314186,0.1744232853382876,0.1722454456314186,0.1744232853382876,0.1763172833771997,0.1744594106414821,0.1763172833771997,0.1763172833771997,0.1744594106414821,0.1379831759302265,0.1263301852711977,0.0931516746658409,0.0945347577024306,0.0946379728544149,0.1783196573256953,0.1787789647520255,0.1771378438354749,0.1771378438354749,0.1722764101770139,0.1581978634463538,0.1561593641946637,0.1466222841513133,0.1385869845693347,0.1275481240646126,0.1552304278268049,0.1568096196521649,0.1484130670382411,0.1394849563915982,0.1357846931929606,0.1372967951695308,0.1332404396965474,0.1564586881354182,0.1655106569644423,0.1614026939154667,0.005150436084017,0.1191206069050936,0.1177994529596944,0.1213655364607524,0.1317799452959694,0.1357537286473654,0.1420601744336068,0.1476234711255612,0.1608608143675491,0.0952779067967177,0.0053052588119935,0.0052433297208029,0.0053052588119935,0.004551788202508,0.0006863807606956,0.1284254528564792,0.1644785054445992,0.1673117613665685,0.1448727873251793,0.143334881560613,0.0342055013676007,0.0596170717861381,0.0991587965113278,0.1284099705836816,0.1484079062806419,0.0116117045982349,0.1292305310419569,0.1305774887753522,0.0054755638127676,0.1319605718119419,0.1673530474273623,0.0966455075605098,0.167249832275378,0.1554987872219641,0.167249832275378
5199,8640,751531,1.673067024997685,0.6017361111111111,1.6618580496249278,636,50,1424,10,144.55299095979996,86.98275462962962,0.2930307110341732,0.3522985189459511,0.328729883952042,0.2519843559658908,0.2419183176251843,0.0779765339488362,0.2849907033403859,0.4365711354747708,0.4879271654805411,0.4563056998140667,0.2532794768224658,0.248445213823171,0.2281977303327562,0.1102904404693209,0.0445085593383342,0.4186189651856126,0.596973777008399,0.6826312752452395,0.6616913509008142,0.6277617490543054,0.1405142014489965,0.1128165672885811,0.4563954606655126,0.1575687632236968,0.1777906007565556,0.0828492658844649,0.1302429954478424,0.0803103160864268,0.1436558312495992,0.1103545553632108,0.6095659421683657,0.5745463871257293,0.5745463871257293,0.4533692376739116,0.3863563505802397,0.1911008527280887,0.1927421940116688,0.3333333333333333,0.1937936782714624,0.3437071231647111,0.4978649740334679,0.4283387830993139,0.4077579021606719,0.3972302365839584,0.3929088927357825,0.3170866192216451,0.1399628133615438,0.0958132974289926,0.096108225940886,0.0958389433865486,0.5995896646791049,0.6109636468551644,0.607347566839777,0.607347566839777,0.6072449830095531,0.2741681092517791,0.3938962621016861,0.3487593768032314,0.2664230300698852,0.2944797076360838,0.2758094505353593,0.3348336218503558,0.293133294864397,0.2537539270372507,0.2839263961018144,0.6035904340578316,0.4285567737385394,0.6622555619670449,0.5534397640571905,0.5815990254536129,0.0851958710008334,0.5843303199333205,0.5861896518561261,0.5876258254792589,0.6283644290568698,0.208142591524011,0.1612361351541962,0.2606911585561325,0.1919343463486567,0.2054882349169711,0.0735397832916585,0.0738347118035519,0.0735397832916585,0.075065717766237,0.0037058408668333,0.4219016477527729,0.3739565301019426,0.3764826569212027,0.504661152785792,0.4449060716804512,0.2210681541322048,0.3159069051740719,0.4323651984355965,0.4906841059178046,0.5204205937039175,0.0529717253317945,0.3721228441366929,0.394806693594922,0.0528050266076809,0.3988074629736488,0.423132653715458,0.423132653715458,0.4320830929024811,0.4320830929024811,0.411579149836507
2067,967,11267,0.5636913150912878,2.1375387797311274,0.4678277697145622,16,5,49,5,5.450895016932753,11.651499482936918,0.0057087566521528,0.0094339622641509,0.0101596516690855,0.0077729398484115,0.0076600548298661,0.0039187227866472,0.0095307208514755,0.0106434446057087,0.0127076278019673,0.0087082728592162,0.0110949846798902,0.0131752943073697,0.0114336397355264,0.0104499274310594,0.0113691340106433,0.0079825834542815,0.0085953878406708,0.0086921464279954,0.0081599741977099,0.0081599741977099,0.0086598935655539,0.009143686502177,0.0104499274310594,0.0077890662796322,0.0083051120786969,0.0081277213352684,0.0086598935655539,0.0089017900338654,0.007595549104983,0.0071117561683598,0.0060312852765682,0.0060312852765682,0.0002902757619738,0.0060312852765682,0.0002902757619738,0.0089824221899693,0.0089824221899693,0.0060312852765682,0.0089824221899693,0.0060312852765682,0.0062248024512175,0.0060796645702305,0.0062248024512175,0.0062248024512175,0.0060796645702305,0.0048379293662311,0.0039671020803095,0.0048863086598935,0.0052249637155297,0.0054668601838412,0.008014836316723,0.0079342041606192,0.0074342847927753,0.0074342847927753,0.0065312046444121,0.0124173520399935,0.0104983067247217,0.0102564102564102,0.0079825834542815,0.006676342525399,0.0116271569101757,0.0086598935655539,0.008224479922593,0.0082728592162554,0.0074826640864376,0.0081761006289307,0.0102080309627478,0.0075310433800999,0.0083534913723592,0.0107724560554748,0.0104015481373971,0.0077245605547491,0.0078696984357361,0.0084663763909046,0.006047411707789,0.0071923883244637,0.0064828253507498,0.0099983873568778,0.0083534913723592,0.0048218029350104,0.0106434446057087,0.0109337203676825,0.0106434446057087,0.0080309627479438,0.0038703434929849,0.0080309627479438,0.0093855829704886,0.0095307208514755,0.008224479922593,0.0083534913723592,0.0118045476536042,0.0116110304789549,0.0114497661667472,0.00899854862119,0.0071440090308014,0.0128205128205127,0.00836961780358,0.0069021125624898,0.0113691340106434,0.0086115142718916,0.0095791001451378,0.0,0.0095791001451378,0.0005321722302854,0.0095791001451378
763,2628,39652,1.9774941102074444,0.2903348554033486,3.444298820445609,595,5,243,5,51.96854521625164,15.0882800608828,0.1273918741808649,0.0857579729139361,0.0673656618610746,0.0506334643949322,0.0387505460899955,0.1211446046308431,0.1363477501092179,0.1390126692878986,0.1000873743993009,0.0758846657929226,0.1188291830493664,0.110266491917868,0.093665356050677,0.1268676277850589,0.1130187854958496,0.074530362603757,0.0972913936216688,0.11913499344692,0.1257317605941458,0.1300131061598951,0.0225425950196591,0.0262123197903013,0.1038881607688946,0.0323285277413717,0.0310615989515071,0.0513761467889908,0.0528615115771078,0.0573612931411096,0.0523372651813018,0.0511577107907382,0.1057230231542157,0.1054608999563127,0.1037570991699431,0.1001310615989514,0.0952817824377456,0.1235037134119702,0.1230231542158147,0.0899519440803844,0.1218435998252511,0.0946264744429881,0.1065967671472258,0.0968545216251637,0.0923984272608125,0.0957623416339012,0.0968108344255132,0.0962429008300567,0.020445609436435,0.0152031454783747,0.0151157710790737,0.0145041502839667,0.0879423328964612,0.0960244648318042,0.0999999999999999,0.0999999999999999,0.0999563128003494,0.1302315421581476,0.0672346002621231,0.0676277850589776,0.0771079073831366,0.0710790738313673,0.1264307557885539,0.0741371778069025,0.0759283529925731,0.0795107033639143,0.0770642201834862,0.0505024027959807,0.128003494975972,0.0275229357798164,0.0551769331585844,0.128352992573176,0.1269113149847094,0.0508955875928352,0.0534294451725643,0.1046308431629532,0.0532110091743118,0.0547400611620794,0.0366098733071209,0.1124508519003931,0.0619921363040628,0.0364351245085189,0.1127566622979466,0.1131498470948011,0.1127566622979466,0.1089121887287024,0.0042813455657491,0.0620795107033638,0.1236347750109217,0.1263870685889034,0.0791612057667103,0.0792048929663608,0.1362603757099169,0.1323285277413717,0.1248143294014853,0.1186544342507645,0.1248143294014853,0.0803844473569244,0.1236347750109217,0.1190913062472694,0.0774137177806902,0.119397116644823,0.1098296199213629,0.1098296199213629,0.1246395806028832,0.1246395806028832,0.1293577981651375
9906,12381,123518,0.100710836617455,0.8000969227041435,1.24984857662023,509,5,529,5,12.469008681607107,9.976415475325094,0.0385995019853287,0.0416548892926845,0.0395820714718352,0.0259102227606164,0.0179689077326872,0.009792045225116,0.0101487314085738,0.0102160306884715,0.0472878390201224,0.0413082980012113,0.0118480382259909,0.0200349956255467,0.0174338784575004,0.0126152500168247,0.004162460461673,0.0618850528299346,0.0750454270139309,0.071990039706575,0.0644323305740628,0.0624234470691163,0.0430345245305874,0.0384749983175179,0.0295544787670771,0.0498317518002556,0.0499798102160306,0.0461874957937949,0.0463759337775085,0.045861094286291,0.0539773874419543,0.055128205128205,0.049528905040716,0.0548489131166296,0.0379534288983107,0.053634161114476,0.0381082172420754,0.0629349215963388,0.0651019584090449,0.0513257958139847,0.065512484016421,0.0526583215559593,0.0548522780806245,0.0535433070866141,0.0560401103708189,0.0560603001547883,0.0536173362945016,0.0387542903290934,0.0268961572111177,0.0184904771518944,0.0190860757789891,0.0200787401574802,0.0595632276734638,0.0640251699306817,0.0640554546066356,0.0640554546066356,0.0640756443906049,0.0459317585301836,0.0579816945958677,0.0557137088633151,0.0467864593848845,0.0395719765798505,0.0475873208156672,0.0589070596944611,0.0588599501985328,0.0518877448011305,0.0459149337102092,0.0248031496062991,0.0250555219059155,0.0330843259977117,0.0348778518069856,0.0445352984723062,0.0098728043609933,0.0213204118715929,0.020495995692846,0.019212738847471,0.0258227336967494,0.0237330910559256,0.023282185880611,0.0414563564169862,0.0357258227336967,0.0250588868699104,0.0096608116293155,0.0096473517733359,0.0096608116293155,0.0097079211252439,0.000232182515647,0.0446833568880812,0.0606568409718015,0.0608890234874486,0.0511609125782353,0.0466686856450635,0.0129753011642775,0.0165051483949121,0.0221246382663705,0.0270677703748569,0.0341880341880341,0.0098593445050137,0.0552190591560669,0.0508984453866343,0.0101386365165892,0.0529073288915808,0.0665724476748098,0.0207517329564573,0.0660205935796486,0.0446497072481324,0.066007133723669
57728,10291,890388,0.149877074903027,5.609561752988048,0.1782670454545454,417,5,4686,5,15.42384977827051,86.52103780001943,0.0841134284922393,0.0845898004434589,0.0712340631929046,0.0491350240206947,0.051802129526977,0.0629475009238728,0.0846816103104212,0.0633130081300812,0.034880820399113,0.0350413433111603,0.0604830700295638,0.0576785384331115,0.0493844696969696,0.0185207640428676,0.0109548226164079,0.0913692950849962,0.1022126755358462,0.1110691518847006,0.1083714430894308,0.1047117516629711,0.0761305894308942,0.0656440548780487,0.0772883176274944,0.0798630358462675,0.0803688562453805,0.0669472930524759,0.0773102596082778,0.0669571092017738,0.07955758037694,0.0722647588691795,0.0928140012934219,0.095654910384331,0.0786429462305986,0.095895117331855,0.0790586890243902,0.0865131882852918,0.0866985402808573,0.0927545269770879,0.0870109247967479,0.0938250646711012,0.0979859571322985,0.0969119549150036,0.0968472838137471,0.0965764735772357,0.096118579083518,0.0646514689578713,0.0200324510347375,0.0132084950110864,0.0133003048780486,0.0135220343680709,0.1071536631559496,0.1077310837028824,0.1074406411677752,0.1074406411677752,0.1078685097930524,0.0890994549150036,0.0842179416112342,0.0813025452697708,0.0810507899113081,0.0683752540650405,0.0890728935698447,0.0868948632668144,0.0836486049519585,0.0798122228381374,0.0777797025129341,0.0707120750184774,0.1035101395048041,0.0652779702512933,0.1025239052106429,0.1048335873983739,0.0223617655210642,0.0598323170731707,0.0607694706208425,0.0859311483739836,0.0529500415742793,0.0447085181079083,0.0428942627494456,0.0681454406873613,0.0476325757575757,0.0338518569844789,0.0230431217664448,0.0230431217664448,0.0230431217664448,0.0238440040650406,0.0004215169992608,0.0681188793422024,0.0976602919438284,0.099277646895787,0.0820121951219511,0.0754313331485587,0.0651763442350332,0.0771174011456023,0.0823603797117516,0.0887818736141906,0.0910494041019955,0.019667521249076,0.0682776699926089,0.0645948817442719,0.0195918791574278,0.0647011271249075,0.0936021803399851,0.0935790835181078,0.0944307788248336,0.0944342433481152,0.0920102318920915
943,1349,99287,7.804925214624242,0.6990363232023721,1.4305408271474018,648,19,583,5,105.288441145281,73.6004447739066,0.4006362672322375,0.4026157652880876,0.3459172852598091,0.2448214916931777,0.225945563803464,0.264475079533404,0.3688229056203605,0.4130788264404382,0.4164722516790385,0.3589254153411099,0.3962530929657122,0.3954754330151997,0.3993637327677624,0.3462707670554966,0.2311770943796394,0.272887946270767,0.3734888653234358,0.4695652173913043,0.4868858253799929,0.4832803110639802,0.0360551431601272,0.0411452810180275,0.2880876634853305,0.2361965358784022,0.2090491339696005,0.1741958289148109,0.1889713679745492,0.1691056910569105,0.2321668434075644,0.2234711912336514,0.3514316012725344,0.3739130434782608,0.3739130434782608,0.3903852951572993,0.3983739837398373,0.377447861435136,0.3790738776952986,0.392576882290562,0.3797101449275362,0.4034641215977377,0.4381760339342523,0.4082714740190879,0.4053729232944502,0.4053729232944502,0.4048780487804878,0.3789324849770236,0.161046306115235,0.1489572287027217,0.1520678685047719,0.1505832449628844,0.3106398020501944,0.4210675150229763,0.4334393778720395,0.4334393778720395,0.4265111346765641,0.3471898197242842,0.447649346058678,0.4222693531283138,0.3560975609756097,0.3496641922940968,0.352633439377872,0.457051961823966,0.4363379285966772,0.3584305408271473,0.3609756097560975,0.392576882290562,0.464899257688229,0.2976316719688936,0.3653587840226228,0.4743725698126546,0.2578296217744785,0.3613997879109226,0.3625309296571226,0.3773771650759985,0.2995404736656062,0.2716861081654295,0.2515376458112407,0.4217744786143513,0.2998939554612937,0.2043831742665252,0.2185224460940261,0.2185224460940261,0.2185224460940261,0.2189466242488511,0.0168257334747259,0.4181689642983386,0.4074938140685754,0.3987981618946624,0.4754330151997171,0.4728172499116295,0.433651466949452,0.4546482856132908,0.457051961823966,0.4495581477553905,0.4418522446094026,0.1790738776952986,0.4474372569812654,0.449063273241428,0.1766702014846234,0.449063273241428,0.4045245669848002,0.4045245669848002,0.4375397667020148,0.4375397667020148,0.4414987628137151
42382,8738,678297,0.1831582176772596,4.850308995193408,0.2061724316926997,433,5,4152,5,16.00436506063895,77.62611581597619,0.0885824170638478,0.0863959542573104,0.0733109968068204,0.0496036053041385,0.0500275274094347,0.0487667720573198,0.0952731505513346,0.0772576408223616,0.0360396709294826,0.0339625312632721,0.0703089361835999,0.0656017491702451,0.0523524137605586,0.0320041527063375,0.0116724080977773,0.0916403190033504,0.1037972095071806,0.1139957214540763,0.1112099476192722,0.1078311547355009,0.0755446494581032,0.0649819892092554,0.0826813269784341,0.0786615387035376,0.079967910905573,0.0661884762399131,0.0760731757192518,0.0661169049753825,0.0795117424063674,0.0723609079326128,0.0952825885202837,0.0989531719440642,0.0826113287087285,0.099361364101112,0.0830659242131092,0.0927225394428451,0.0930741037861985,0.0973046733676245,0.0932243247919713,0.0984466676104635,0.1023508407657338,0.1004711119500416,0.1003098799804947,0.1002029163324052,0.0996822550453808,0.0687980746543343,0.0212275651613105,0.0140413383039969,0.0141302125116007,0.0141711103770468,0.1106656914098751,0.11102748021959,0.1098603180595535,0.1098603180595535,0.1106837808503609,0.0912722382143362,0.088384219715917,0.0844470136693249,0.0838846680194421,0.075484875654759,0.0916253755525143,0.0907366334764758,0.087139980809463,0.08290390574615,0.0801440863259559,0.0726055086278765,0.1087450647287369,0.0658030925078256,0.1057894074528494,0.1096652667012724,0.0236633476475861,0.0567379233322321,0.055742217608104,0.0853947430512953,0.0536469885014077,0.0449200132131564,0.0414586381010806,0.0738143551507715,0.0463278435813945,0.0396882324257152,0.0228737042455129,0.0228737042455129,0.0228737042455129,0.0226707879131077,0.0004931338775894,0.0691858178786591,0.1023744356881065,0.1039238355905808,0.0861788809714815,0.0777476287103014,0.0726668554260456,0.080543627011467,0.0865272993251851,0.0908215751970175,0.0958465071649913,0.0179824768376511,0.0732496500086514,0.0704984820599939,0.0186439211614993,0.0703891589196671,0.1005521211835212,0.1005049313387758,0.1012230034763185,0.1012017680461831,0.0997687697607474
44081,8254,606353,0.1666516538460183,5.340562151684032,0.1872462058483247,381,5,3023,5,13.755427508450351,73.46171553186333,0.0947846010752932,0.0952292370862729,0.0820005595759321,0.056182935958803,0.0561307592840452,0.050037431092761,0.1001996324947255,0.0765613302783511,0.0353077289535173,0.0328115665857549,0.0783791958742617,0.0753726095143031,0.0696898890678523,0.0348993897597603,0.0042126993489258,0.0946772229910089,0.1072797804042557,0.1192380693117971,0.1179192849527006,0.115029150881332,0.0848324675030057,0.0728703976770036,0.0932382054248617,0.0880522976641485,0.0883041068336319,0.0755215777016552,0.0854835416619404,0.0752727932669403,0.0885922128203382,0.0817653864476758,0.1010699999243815,0.1046187699916062,0.0845693155781401,0.1051488547597981,0.0852710540444484,0.104691363626052,0.1050399643081296,0.1031812647928434,0.105063406002586,0.1044735827227149,0.1049794696127582,0.1048978017740068,0.105663059670455,0.105705405957215,0.1052411091702396,0.0793440862654355,0.0263953479579259,0.0189945781629273,0.0191979915761136,0.0192955392724,0.1178724015637878,0.1172379634460803,0.1176024439856929,0.1176024439856929,0.118314012839999,0.0951377388595237,0.0926914846154427,0.0866208419349227,0.0866881422835234,0.0740424823998245,0.0959876893294918,0.0945524526818054,0.0900614777341711,0.0856340222166768,0.0659460236080548,0.0875358242024152,0.1160605854374144,0.0809108988755548,0.1122940344668526,0.115082083739782,0.0153331367255733,0.0738625106810945,0.0728582987379294,0.0946810039094696,0.0678637054513282,0.051109699568219,0.0548142434760251,0.0894444318413828,0.0558093812148846,0.0528950492653674,0.0232050089607767,0.0232050089607767,0.0232050089607767,0.0229698358325204,0.0004612720522068,0.0710532882647852,0.1068147274335881,0.1090651301014041,0.0894580431478414,0.0794431463291062,0.0748712597264127,0.0837896901915412,0.0917107143667339,0.0978153853134003,0.1026708408006472,0.0149784865739585,0.0742436272619344,0.0662779882489053,0.0145951014420422,0.0658870412800677,0.1061129889672798,0.1060857663543627,0.1077138298435455,0.1077138298435455,0.105450572052963
73064,7711,870531,0.1545148033080446,9.47529503306964,0.1055376108617102,970,5,4411,5,11.914636483083324,112.89469588898976,0.0538660170079199,0.0530689988685718,0.0469898536442935,0.0329063104492864,0.032820997116683,0.0525598561991313,0.0531830541260629,0.0335632687324354,0.0227859593415817,0.0230852403372385,0.0306799518230591,0.0261031424504543,0.0239246870323733,0.0142459578816744,0.0109538669294499,0.0724707106098762,0.078787546990766,0.0833652688054307,0.0797264498704331,0.076145571006241,0.0561503157049526,0.0477786598051023,0.0560399102157012,0.0612435672834774,0.0606856089638307,0.053967754297602,0.0611340742362859,0.0542433117997006,0.062834410014964,0.0585358954706375,0.0730761159166392,0.0766697689696703,0.0574099419686849,0.0765652943538084,0.0575212598999963,0.0608252125989999,0.0613288806160808,0.0741559910945654,0.0616701339464943,0.0753371473411438,0.0767071790941274,0.0769936859009452,0.0774499069309098,0.0773591189459468,0.076815759699259,0.0410306945508959,0.0115807146246212,0.0072110295996203,0.0069952370524471,0.0073392277090404,0.0786173765465892,0.0785954779371509,0.0788436621774516,0.0788436621774516,0.0783650863170188,0.063335796926895,0.0633253038432059,0.0622769079163472,0.0615729588671118,0.0269211467571808,0.0646821051863206,0.0639065294353807,0.0621774517318149,0.061544673163254,0.0479898901419759,0.0433601591298952,0.0728616920325558,0.0378298478046643,0.0732786780539435,0.0750387787875469,0.018993850140516,0.0350427935326106,0.0362531479251067,0.0584108909084272,0.0334496696959742,0.0301516478703601,0.0262267783495747,0.0364853644293586,0.0271054600532865,0.0217603744662213,0.0189281543122011,0.0189281543122011,0.0189281543122011,0.0190417533486623,0.0004799445235227,0.0514699441585458,0.0701229971896784,0.0706841490565348,0.0599807474725354,0.0548377678017445,0.0451417022519069,0.0528326763750501,0.0565339975911529,0.0606901711741304,0.0661543304500163,0.0137482207379831,0.0612951202598634,0.0641382897186028,0.0139950363151939,0.0638932990255118,0.0593041716850979,0.0593110150005474,0.0590892915799846,0.0590815358224752,0.0583319646702433
87271,13209,752937,0.0653158746238652,6.606934665758195,0.1513561205898866,565,5,6282,5,8.627573879066356,57.001816942993415,0.054029402665261,0.0534866488677032,0.0458544839255498,0.030620710201556,0.0291956472749633,0.0565900088994816,0.0401045784586708,0.0227246164247,0.0122763193577094,0.0145153220046368,0.0237730746754362,0.0233429967190322,0.0172096114402263,0.015804791969841,0.0132682487118668,0.0625175220481793,0.0716698559658993,0.077472470809318,0.0733214164308112,0.0707886926928761,0.0575089854208919,0.0523354455279149,0.0429157452074571,0.0604156401706561,0.0600103890945063,0.0546550400476675,0.0590891208610725,0.054171106858712,0.0611955861626427,0.0577790254876571,0.0591956854701637,0.0631221520703708,0.0421480216795956,0.0613724299404536,0.0422549682406908,0.0656751192645131,0.0657217174089903,0.0583733428057429,0.0657136964169082,0.0603805005862963,0.0610328746089765,0.0604408490029142,0.0631542360386993,0.0633173295443694,0.0611432587381069,0.0349268370936507,0.0105029162035498,0.007938872401294,0.0077173402390255,0.0076795269906383,0.0769969405644486,0.0769541619400105,0.0769721136841943,0.0769721136841943,0.0771451379419661,0.0611871832185566,0.057908507216983,0.0574112057078907,0.0557963126353541,0.0403837853735299,0.0588561301386867,0.0580280581942072,0.0564070538896081,0.0536512701813889,0.0331499963714559,0.0374694915836875,0.0659883199077203,0.0342053297582625,0.0655582419513163,0.0654944559666631,0.0232291750218666,0.0337710503298155,0.0346877351392023,0.0525940270345628,0.0328895051047884,0.0236286968179578,0.0220703326420001,0.0431552291139095,0.023687899378564,0.0239506823572549,0.0231413260609671,0.0231413260609671,0.0231413260609671,0.0228010068254822,0.0002173306902254,0.0437686440321908,0.0627634991386981,0.0636064672113301,0.0551691474449319,0.0520352312528406,0.0367273588400881,0.0420322902224106,0.0472757273321034,0.0527422244120803,0.0582557015885383,0.0158704877145137,0.0501346380813786,0.0530691753274282,0.0157482630732621,0.0522094013666242,0.0608128702547237,0.060545121899982,0.0609114138717328,0.0608010297426024,0.0597609744359523
2928,1835,20473,0.3810433138279656,1.5956403269754769,0.6267076502732241,51,5,169,5,6.992144808743169,11.156948228882834,0.0380009107468123,0.0463456284153005,0.0429075591985427,0.0306124772313296,0.0243055555555555,0.0009221311475409,0.0206967213114753,0.0202527322404371,0.0521744080145719,0.0359744990892531,0.016507285974499,0.0373747723132968,0.040846994535519,0.0348929872495445,0.0296106557377048,0.0458105646630236,0.0643328779599271,0.0723929872495445,0.0718579234972676,0.0718465391621129,0.0360314207650272,0.0337204007285974,0.0561475409836064,0.0514458105646629,0.0520264116575591,0.050785519125683,0.0534608378870673,0.0511612021857923,0.0521516393442622,0.0497040072859744,0.055851548269581,0.0512181238615664,0.0144808743169398,0.0562841530054644,0.0144808743169398,0.0653119307832422,0.0653460837887067,0.0559084699453551,0.0653802367941711,0.0560678506375227,0.0586179417122039,0.0561816939890709,0.0587887067395263,0.0587887067395263,0.0561816939890709,0.0362932604735883,0.021243169398907,0.0144125683060108,0.0150159380692167,0.0150842440801456,0.0547472677595627,0.0646174863387977,0.0626366120218579,0.0626366120218579,0.0590163934426229,0.051047358834244,0.0498178506375227,0.0452868852459016,0.0390027322404371,0.0350182149362476,0.0487021857923496,0.0520947176684881,0.0506375227686702,0.0408014571948997,0.0377276867030964,0.0438410746812385,0.0654257741347904,0.0435336976320582,0.0540983606557376,0.0683401639344261,0.0212887067395263,0.0353369763205828,0.0367258652094717,0.0400956284153004,0.0278688524590163,0.0339822404371584,0.0327868852459015,0.0334471766848815,0.0489184881602914,0.0178392531876138,0.0206967213114753,0.0206967213114753,0.0206967213114753,0.0153460837887066,0.0014799635701274,0.0297017304189434,0.0522882513661202,0.0536088342440801,0.0429872495446265,0.0401867030965391,0.0485086520947176,0.0505578324225864,0.0516507285974498,0.0518670309653915,0.0556238615664844,0.0127504553734061,0.0604735883424407,0.0520150273224042,0.0135132058287795,0.055384790528233,0.0691826047358833,0.0358948087431693,0.0691826047358833,0.0592213114754097,0.0691826047358833
5536,15429,200180,0.2343617997337796,0.3588048480134811,2.787030346820809,390,5,321,5,36.15968208092485,12.97426923326204,0.0986271676300577,0.1349108863198458,0.131960500963391,0.0951890655105972,0.0722061657032754,0.0109947013487475,0.0147699903660885,0.035091522157996,0.1490305876685934,0.1121688342967244,0.0427926300578034,0.0468569364161849,0.0468328516377648,0.0252227842003853,0.00632225433526,0.2109525529865124,0.2285946531791907,0.2122591522157995,0.174409922928709,0.1593388728323699,0.119454479768786,0.1053889691714835,0.1053227360308284,0.1203275529865124,0.1216461946050095,0.1010356454720616,0.1064426782273602,0.1021435452793833,0.1274987957610789,0.1264932562620423,0.1328456165703275,0.1719713391136801,0.1698880057803468,0.180702071290944,0.1809549614643544,0.145451787123005,0.1551962909441232,0.1686476396917147,0.1560452793834296,0.1765173410404624,0.1801661849710982,0.1797386801541425,0.1848085260115606,0.185669556840077,0.1829901252408477,0.1051601637764932,0.098151493256262,0.0795700867052022,0.0833995664739884,0.0838511560693641,0.1935091522157995,0.1961765414258188,0.1971941233140654,0.1971941233140654,0.1965257707129094,0.1135416666666666,0.1655407032755297,0.1511078998073217,0.1298711464354527,0.1159682080924855,0.1262223025048169,0.160675578034682,0.1535284200385356,0.1432683044315991,0.1344713391136801,0.1004335260115606,0.0952251926782273,0.1248494701348747,0.1235669556840076,0.1463631984585741,0.0015534682080924,0.0866690751445086,0.0878552504816955,0.0923289980732176,0.103179190751445,0.092527697495183,0.0827071290944122,0.1272398843930635,0.1227239884393063,0.104437620423892,0.0112475915221579,0.0112355491329479,0.0112475915221579,0.0110007225433525,0.0003371868978804,0.1386380057803468,0.1803227360308284,0.1842846820809248,0.1574723025048169,0.1558224951830442,0.0432502408477841,0.0586524566473988,0.0799614643545278,0.0970917630057803,0.1190510597302504,0.0079058285163776,0.1264029383429671,0.1366449903660886,0.0085079479768785,0.1412391618497109,0.1704058285163776,0.1391317437379575,0.1474831406551059,0.1403660886319845,0.142551782273603
24523,4305,291882,0.276477987457128,5.696399535423926,0.1755494841577294,810,5,3746,5,11.90237736002936,67.8006968641115,0.0670459024861014,0.0651755494841576,0.059692261686308,0.0421413910750451,0.0370699615327107,0.0492612377495955,0.0744566325490355,0.0640731829982736,0.0265274776060568,0.0246163465590125,0.0544685941089316,0.0405986217020755,0.0382375728907555,0.0273131346083268,0.0288762930038466,0.0763908711549701,0.0867145129062512,0.0942367029591267,0.0918647800024466,0.0892142070709129,0.0588726229797876,0.0532262230015359,0.0455871358860388,0.0637687069281898,0.0653740026369802,0.0583289157117807,0.062444779730593,0.0587448517718059,0.0624814799711834,0.060719868422841,0.0762522258016283,0.0788171648384509,0.0613695986081093,0.0790468811591838,0.0615626146882517,0.0737525316369666,0.0744267286492951,0.0749962620125324,0.0748154793459201,0.0762223219018879,0.0854721417988554,0.0813195775394527,0.0814568636246244,0.0806209137000638,0.0789884326278731,0.0415650613709578,0.0149288423112995,0.0121477796354442,0.0126330383721404,0.0129619812692845,0.093472794247577,0.0947532248637333,0.0949571150892359,0.0949571150892359,0.0942027212548763,0.0725590941836914,0.0738449618725277,0.0705188326604955,0.0685995460044311,0.0598608109393901,0.0701477524500808,0.0718672266851526,0.0698310429664667,0.0680843833679946,0.0548152074922861,0.0394921774116815,0.0847150294281558,0.0336024684309967,0.0757656077967621,0.0842175372779295,0.049378134812217,0.0349304734331035,0.035047370495725,0.0491647297095243,0.0286343432695836,0.0375592980739169,0.0328263263059168,0.0615993149288422,0.0433973548641411,0.0328970082507577,0.0491089997145536,0.0491089997145536,0.0491089997145536,0.0488534572985903,0.0008196387065203,0.0502072883959275,0.0801546847177479,0.0807350922263452,0.0631991735649525,0.0575595699275509,0.0627859560412673,0.0649838926721852,0.0690236376734765,0.0744851771806059,0.0817885250581086,0.0331022577444303,0.0690317932824966,0.0727058951460533,0.0339721893732413,0.072601231496962,0.0799535130285853,0.0799086571789748,0.0813780260707634,0.0813617148527232,0.0802620669031792
147,453,2941,4.416512741962126,0.3245033112582781,3.0816326530612246,93,5,31,5,20.006802721088437,6.492273730684326,0.0108843537414965,0.0446712018140589,0.0596371882086167,0.0485260770975056,0.0451247165532879,0.0090702947845804,0.055328798185941,0.0668934240362811,0.0496598639455781,0.0541950113378684,0.0487528344671201,0.0526077097505668,0.0535147392290249,0.0632653061224489,0.0693877551020407,0.047392290249433,0.0641723356009069,0.073922902494331,0.074829931972789,0.0723356009070294,0.0231292517006802,0.0217687074829931,0.0344671201814058,0.0487528344671201,0.0528344671201813,0.0369614512471654,0.0321995464852607,0.0333333333333332,0.0263038548752834,0.0229024943310656,0.054875283446712,0.0546485260770974,0.047845804988662,0.0560090702947845,0.0492063492063491,0.0732426303854874,0.0723356009070294,0.0544217687074829,0.0723356009070294,0.0560090702947845,0.0603174603174602,0.0560090702947845,0.0603174603174602,0.0603174603174602,0.0560090702947845,0.0115646258503401,0.0369614512471654,0.0317460317460317,0.0294784580498865,0.0312925170068026,0.037641723356009,0.0514739229024943,0.0526077097505668,0.0526077097505668,0.0582766439909296,0.0804988662131518,0.0492063492063491,0.0532879818594103,0.0467120181405895,0.0609977324263038,0.0730158730158729,0.0435374149659863,0.0591836734693877,0.0569160997732426,0.0523809523809523,0.0308390022675736,0.074829931972789,0.0498866213151926,0.0283446712018139,0.0759637188208616,0.0403628117913831,0.0258503401360543,0.028798185941043,0.0390022675736961,0.0458049886621314,0.0594104308390022,0.0519274376417233,0.0587301587301587,0.0653061224489795,0.0312925170068026,0.0555555555555555,0.0555555555555554,0.0555555555555555,0.0099773242630384,0.0061224489795918,0.0405895691609976,0.0505668934240362,0.0521541950113378,0.0512471655328797,0.0455782312925169,0.0766439909297051,0.0784580498866212,0.0587301587301586,0.0689342403628117,0.0702947845804988,0.0358276643990929,0.0569160997732425,0.056689342403628,0.0433106575963718,0.0510204081632652,0.0814058956916099,0.0396825396825396,0.0814058956916099,0.0804988662131518,0.0814058956916099
66519,28237,551682,0.0293713932950357,2.3557389241066686,0.4244952569942422,277,5,1064,5,8.293600324719254,19.53755710592485,0.0080162560070556,0.007271606608638,0.0062673822516874,0.0038625555605666,0.0031544871891238,0.0047079280606542,0.0121343776464869,0.008799490872282,0.0035854417534839,0.0028868944712538,0.004477918589676,0.0033218579152823,0.0036581026974748,0.0033669578115525,0.0022399615147551,0.0166117951262045,0.0252273786436957,0.028446007907515,0.0265964110504767,0.0257745907184412,0.0111396743787488,0.0093562240362402,0.0104837214429961,0.0125693410905154,0.0124104892336524,0.0106485866193618,0.0118036450738385,0.0104912380923745,0.0135665499080462,0.0123222938809462,0.0154376944933026,0.0133866514329238,0.004727471349038,0.015703783881297,0.0047425046477948,0.0202122701784452,0.0200759682697173,0.0147647038189589,0.0199090986535174,0.0152131972318685,0.0168468156967682,0.0155213798563818,0.0173454201055337,0.0174351187881156,0.0156977705617943,0.0078032842746683,0.0028402912451078,0.0022615092429731,0.0022720325521028,0.0023066091392433,0.0260030968595438,0.0270544255525989,0.0270504166729305,0.0270298711646296,0.0271731886127772,0.0100247047209568,0.0094113461316816,0.0088245463702099,0.0086606834137614,0.0066843057372078,0.0099249838392037,0.0096929699283913,0.0087293354780839,0.0077251111211332,0.0069118096583932,0.0094724815466257,0.0109968580405598,0.0110364457272858,0.0130559188602754,0.0166183095556657,0.0036460760584694,0.0096293289636544,0.0097075021171895,0.0044989652079355,0.0103414062147656,0.0027766502803709,0.0025952484753729,0.0049830374279027,0.0035498629464263,0.0035904528530694,0.0047079280606542,0.0047079280606542,0.0047079280606542,0.0046999103013173,0.000130288589225,0.0057702811727977,0.0106596110384501,0.0113511427812604,0.0105824401048321,0.0083925895859328,0.0056936113491382,0.0070270649488617,0.0092835630922492,0.010241184223054,0.0114478570032621,0.0028382868052736,0.0154186523148774,0.0151029530409857,0.0028648456330772,0.0150332987567461,0.0249492626166959,0.0143537936529412,0.0247613463822366,0.0214424951267056,0.0247528275129411
36088,17932,347987,0.0537738926330377,2.012491635065804,0.4968964752826424,148,5,405,5,9.642734426956329,19.40592237341066,0.1097308431242148,0.1226317150668735,0.1173825094214142,0.0845775142244882,0.0645043597132933,0.0033501440922189,0.0450288184438039,0.1173372496859528,0.0658104263651813,0.0433828419419196,0.025861782309909,0.033669548511047,0.030469038646272,0.0124464272519027,0.002067169142097,0.1212905490283011,0.1460337693046626,0.15145292987512,0.1484962683809945,0.1471560260104928,0.1246296091036724,0.1233180004433606,0.0906903495159978,0.1209765018842828,0.1204241483780388,0.1144101455700878,0.1146890933274217,0.1142411143131603,0.1253814749131751,0.1250110840168476,0.1301134264390748,0.1300524643464124,0.0626791916057045,0.1311229956402866,0.0626865809502696,0.1472326904603561,0.147121850291879,0.1291121702504987,0.1472677898470405,0.1303729771669252,0.1331606074041232,0.1310093844675977,0.1347788738638882,0.1347862632084533,0.131135003325205,0.1144027562255227,0.0625886721347816,0.0533760067981969,0.0541602009901721,0.053837840833518,0.1497773959949752,0.1496342274440256,0.1496499298012266,0.1496499298012266,0.1491760880809871,0.1048123106480455,0.0977093031848074,0.0904695928471144,0.0936414690016994,0.085200066504101,0.1064231877632453,0.1033492204241483,0.0963145643981378,0.0896068868691346,0.0898590482524199,0.1001810389418458,0.1000822064582871,0.1166694376708785,0.1248522131086972,0.1368728293800339,0.003422190201729,0.0847169881031552,0.0853386167146973,0.005982598093549,0.0993598980270449,0.0723546146456808,0.064001884282864,0.1058292691938224,0.0913332224931648,0.0864691864331633,0.0034055641764574,0.0033593807729253,0.0034055641764574,0.0032734796423556,0.0001875046183402,0.0837166555826497,0.106973693933348,0.108708342570014,0.1039782383802555,0.0880154067834182,0.0267863740486218,0.0394240005911475,0.0707095618118672,0.0940746693268306,0.1129655287076035,0.0036771225892262,0.1098056602379368,0.0920869356388087,0.0037408556861005,0.0900068351437227,0.1440885243478903,0.1275428581984777,0.1457659055641764,0.1439924628685435,0.1457696002364589
1090,3646,52551,1.3223238235190506,0.2989577619308831,3.3449541284403668,899,5,177,5,48.21192660550459,14.413329676357652,0.1228134556574922,0.1311314984709479,0.1133944954128439,0.0693272171253822,0.0572171253822629,0.042874617737003,0.0595107033639143,0.0877675840978592,0.1062385321100916,0.0898165137614678,0.0910397553516819,0.1100305810397553,0.1065749235474005,0.0925382262996941,0.0596941896024464,0.1043425076452599,0.1364525993883791,0.1517125382262996,0.148012232415902,0.1408868501529051,0.0385626911314984,0.0403975535168195,0.1266666666666666,0.0941284403669724,0.0947400611620794,0.0976146788990825,0.102446483180428,0.0991437308868501,0.1049235474006115,0.1030886850152904,0.0766360856269112,0.0961773700305809,0.0898776758409785,0.1050458715596329,0.1046788990825687,0.1175840978593271,0.11782874617737,0.107400611620795,0.1168807339449541,0.1103975535168195,0.1291743119266054,0.1135168195718654,0.1216207951070335,0.1213455657492354,0.1148318042813455,0.105137614678899,0.0432110091743118,0.0291437308868501,0.0319571865443424,0.0307339449541283,0.1069724770642201,0.1370336391437308,0.1392354740061161,0.1392354740061161,0.1407645259938837,0.1267278287461773,0.131926605504587,0.1150458715596329,0.0817125382262996,0.073394495412844,0.1238226299694189,0.131743119266055,0.1178899082568807,0.0947094801223241,0.0928134556574922,0.1218654434250764,0.1436697247706421,0.1038532110091742,0.1122324159021406,0.1519877675840978,0.0426605504587155,0.1062079510703363,0.110091743119266,0.1216207951070336,0.0904281345565748,0.0915290519877675,0.0959021406727828,0.1264220183486238,0.1094801223241589,0.0509785932721712,0.0438532110091742,0.04348623853211,0.0438532110091742,0.0421406727828745,0.0026299694189602,0.0881039755351681,0.1346788990825687,0.1350458715596329,0.1141590214067277,0.1056880733944953,0.1253516819571865,0.1308562691131498,0.1355657492354739,0.1349847094801222,0.1381957186544342,0.0298165137614678,0.1535779816513761,0.1475229357798164,0.0293577981651375,0.1459633027522935,0.1366360856269112,0.1364220183486238,0.1288073394495412,0.1288073394495412,0.1177370030581039
19445,7050,160792,0.1172917247957049,2.7581560283687945,0.3625610696837233,125,5,780,5,8.269066598097197,22.807375886524824,0.0149052884203307,0.0113636753235621,0.0102099940001713,0.0072426502099939,0.0058386903231335,0.0128379189166023,0.0121762235364703,0.0162903917030941,0.0091814519585154,0.0057015513842461,0.0127984914716722,0.0100265706694093,0.0102014228164908,0.0111425387846061,0.0086534670437987,0.0194343018770891,0.0267180937687494,0.0309556869803719,0.0296562955344132,0.0291163109625439,0.0148692894488728,0.0123819319448015,0.0177852061369674,0.0187468929459157,0.0184554727007799,0.0174046455815547,0.0187743207336932,0.0173583611896802,0.0201662809634009,0.0187588926030684,0.0160452558498328,0.0170275134996142,0.010240850261421,0.0170840833119053,0.0102682780491985,0.0250278563469614,0.0247981486243249,0.0149772863632467,0.0247278649181451,0.0162801062826775,0.0170909402588496,0.0165955258421187,0.0192765920973686,0.0194805862689637,0.0170772263649609,0.0133247621496528,0.0040370275134995,0.0035536127539212,0.0032879060598268,0.0033719036598953,0.0280997685780405,0.0289997428644895,0.0288540327419216,0.0288540327419216,0.0290631696237249,0.0156338390331704,0.0169006599811433,0.014946430101997,0.0130761978229192,0.0118556612668208,0.0143121625096425,0.0169212308219764,0.0152481357675494,0.0133401902802776,0.0121025113568183,0.0160829690580268,0.0221445101568526,0.0160966829519156,0.0219696580097711,0.0271877946344389,0.0129202022799348,0.0164892431644809,0.0163881031970514,0.0198594325876403,0.0149172880774834,0.0067129510585411,0.0065809548298619,0.0134121882231935,0.0083157624067883,0.0064969572297933,0.0121316533813319,0.0121316533813319,0.0121316533813319,0.0122207936916087,0.0004319876574954,0.0088643181623381,0.0198851461386817,0.0198371475100711,0.0149532870489413,0.0105854118453757,0.0150407131224821,0.0164001028542041,0.0160383989028884,0.0180611982514784,0.0198234336161823,0.0072906488386045,0.0251958515470986,0.0197137224650723,0.0072786491814519,0.0200154281306247,0.0281769092311647,0.0220845118710893,0.0280209136881803,0.026913516756664,0.0280089140310276
1208,406,31668,6.456953642384105,2.9753694581280787,0.3360927152317881,145,5,989,5,26.21523178807947,78.0,0.5072019867549669,0.5224613686534216,0.5065397350993377,0.4095474613686534,0.3696743929359823,0.4964955849889624,0.5240618101545254,0.5386313465783664,0.4471578366445916,0.4000275938189845,0.5088024282560706,0.4985099337748344,0.4983167770419426,0.4591059602649006,0.3057947019867549,0.5419977924944812,0.5608167770419425,0.5700331125827816,0.5670253863134658,0.5609271523178808,0.264817880794702,0.2631898454746136,0.5075883002207505,0.4702814569536423,0.4445916114790286,0.3156732891832229,0.3407560706401765,0.3431567328918322,0.1746412803532008,0.18901766004415,0.4354580573951434,0.4608167770419425,0.4378863134657836,0.4777593818984547,0.4550496688741721,0.5258830022075055,0.5251931567328918,0.4780353200883002,0.5252483443708609,0.477980132450331,0.4781732891832229,0.477980132450331,0.4792218543046357,0.4792218543046357,0.477980132450331,0.3434326710816776,0.0640728476821191,0.0582505518763796,0.0576986754966887,0.0518763796909491,0.525,0.5543598233995585,0.5557395143487859,0.5557395143487859,0.5457781456953642,0.5203366445916114,0.5496412803532008,0.5447295805739514,0.5451434878587197,0.5289183222958057,0.5170253863134657,0.5532008830022075,0.5503311258278145,0.5457229580573951,0.5424116997792494,0.0749999999999999,0.1810706401766004,0.2745860927152317,0.2434326710816776,0.4934602649006622,0.5040286975717438,0.021274834437086,0.1301876379690948,0.4541666666666666,0.1097406181015451,0.4490894039735099,0.4557947019867548,0.5122792494481236,0.505242825607064,0.2893487858719646,0.5079194260485651,0.507864238410596,0.5079194260485651,0.2916114790286975,0.0154249448123619,0.539873068432671,0.5538631346578367,0.5535044150110375,0.5666942604856512,0.5592715231788079,0.5536423841059602,0.5451710816777042,0.5494205298013245,0.5496412803532008,0.5498068432671082,0.3877207505518763,0.4978476821192052,0.4937086092715231,0.3850717439293598,0.4944812362030905,0.5089679911699779,0.5087472406181016,0.5262693156732892,0.526158940397351,0.5330849889624724
16638,10217,134476,0.0791079752799754,1.628462366643829,0.6140762110830629,142,5,504,5,8.08246183435509,13.161984927082312,0.0184437232039106,0.0159514364707296,0.0148435308731017,0.0095364026124934,0.0072905397283326,0.0094262130865087,0.0100072124053371,0.0106403013182673,0.0145269864166365,0.0079937492487077,0.0109969146932723,0.0112513523260007,0.0103277637536562,0.0101294226068837,0.0063148615618863,0.0239632167327803,0.0368333533677925,0.0408121969788035,0.0395780742877749,0.0391092679408582,0.0194354289377729,0.0159915053892694,0.0236807308570741,0.0267279721120326,0.0261650038065472,0.02369675842449,0.0259586488760667,0.0239071202468245,0.0284449252714668,0.0268882477861921,0.0232239451857194,0.0200705212966301,0.0060043274432022,0.0234323035621268,0.0060043274432022,0.0316784869976358,0.0317305765917377,0.0223764875586007,0.0315662940257242,0.0229074007292542,0.025521897663982,0.0234483311295427,0.0263873863044435,0.0264314621148374,0.0234743759265936,0.0180931201666866,0.006094482509917,0.0043534879993588,0.0045097567816644,0.0045878911728172,0.0370797772168128,0.0377168730215971,0.0376928316704731,0.0376928316704731,0.0370938013383018,0.0169491525423728,0.0184016508394437,0.0160676363344952,0.0141563489201425,0.0135332772368473,0.0171775453780501,0.0194775013022398,0.0176483551708938,0.0149376928316704,0.0137797010858676,0.0221561085066313,0.0254217253676322,0.0225868493809351,0.0274411988620426,0.0322975517890771,0.0087189966742797,0.0185819609728732,0.018291461313459,0.0155587610690387,0.0187943262411347,0.0077212806026365,0.0076832151300235,0.0145269864166365,0.0108727010457987,0.0076050807388708,0.0101434467283727,0.0101434467283727,0.0101434467283727,0.0101434467283727,0.000332572023881,0.0115478623231958,0.0205052690627879,0.0222382497896381,0.0197159113675521,0.0123873061666065,0.0148014585086348,0.0151440477621508,0.0202568417678406,0.0227110630284088,0.0253956805705813,0.0061545858877268,0.030540529711103,0.0219517570220779,0.0069118884481307,0.0230997315382457,0.0385683375405697,0.0172536763232759,0.0385022238249789,0.0305785951837159,0.0385022238249789
643,1339,9596,1.1145477753761135,0.4802091112770724,2.082426127527216,89,5,49,5,14.923794712286158,7.166542195668409,0.0170036288232244,0.0527216174183514,0.0526697770865733,0.0482115085536547,0.0414722654224986,0.0022809745982373,0.0149300155520994,0.0156557801969932,0.0435977190254017,0.063504406428201,0.0207361327112493,0.0226023846552617,0.0249351995852773,0.0261793675479522,0.0186625194401243,0.0750129600829444,0.0801451529289787,0.078589942975635,0.0753758424053913,0.074805598755832,0.012234318299637,0.0109383100051839,0.0382063245204768,0.0515811301192327,0.0585795749092793,0.0684292379471228,0.0690513219284602,0.0698807672369102,0.0757905650596163,0.0728875064800414,0.0677553136340071,0.0733540694660445,0.0552099533437013,0.0729911871435976,0.0553136340072576,0.0695178849144634,0.0729911871435976,0.0712804561949196,0.072317262830482,0.0716433385173664,0.0727838258164851,0.0726283048211508,0.0729393468118195,0.0729393468118195,0.0726283048211508,0.0141524105754276,0.0516329704510108,0.0389320891653706,0.0418869880767236,0.0419388284085017,0.0254536029030585,0.0703991705546914,0.0812856402280974,0.0812856402280974,0.0776049766718506,0.0449455676516329,0.0632970451010886,0.0693105235873509,0.0627786417833073,0.0577501296008294,0.0432348367029548,0.0607050285121824,0.0646448937273198,0.0623639191290823,0.0610160705028511,0.0603939865215137,0.0592534992223949,0.0694142042509071,0.0689994815966821,0.0644375324002073,0.0140487299118713,0.0476412649040953,0.0501814411612234,0.0540694660445826,0.0541731467081388,0.0388284085018143,0.0508553654743389,0.0351995852773457,0.0640228097459823,0.0216174183514773,0.0151373768792119,0.0151373768792119,0.0151373768792119,0.0098496630378433,0.0036288232244685,0.0574909279419387,0.0616381544841886,0.064748574390876,0.072317262830482,0.0660964230171072,0.03701399688958,0.0508035251425608,0.0546915500259201,0.0596163815448418,0.0741835147744945,0.0115603939865214,0.0729393468118195,0.0712804561949195,0.0146189735614307,0.0737687921202695,0.0778123379989631,0.0067910834629341,0.0778123379989631,0.0465007776049766,0.0778123379989631
3527,6339,77546,0.3468432039803104,0.5563969080296577,1.797278140062376,1024,5,356,5,21.98639070031188,12.233159804385547,0.0824118703336168,0.1099328985918154,0.1035724411681315,0.0717701540497117,0.0540402608449106,0.0219544466496549,0.0284094130989508,0.0370664398450051,0.0973726490879878,0.0846989887534259,0.0511293828560626,0.0720914847367923,0.0686135525942727,0.0521122767224269,0.0221812683111236,0.1072299404593138,0.1345052452509214,0.1359039788299782,0.1221434647008788,0.1162839051129382,0.0746148757206312,0.0658160854361591,0.1068330025517436,0.1064927700595406,0.1126075040166335,0.1038087137321613,0.1100179567148662,0.1053114072393913,0.118315849163595,0.1164351195539173,0.0857291371325961,0.0918344201871278,0.0688025706454965,0.0941309895094981,0.0713354125318967,0.1071928828317243,0.1088302101078932,0.0866647738027635,0.107940564073443,0.0903653227332954,0.1051601927984122,0.0964748133446743,0.1007466213023343,0.0999149418769492,0.09485870900671,0.0834136660051034,0.0511671864663074,0.0367640109630469,0.0369813817219544,0.0376996503166051,0.1300633210471599,0.1399773178338531,0.13900387487005,0.13900387487005,0.1378036102447783,0.0973915508931102,0.1054720725829316,0.1003685851998865,0.0827899064360646,0.0757489840279746,0.0979491541442207,0.1065211227672242,0.1008978357433134,0.0911539552027218,0.0839523674510915,0.0967961440317549,0.0908609772233248,0.1017956714866269,0.1065778281825913,0.1166430394102636,0.0158208108874397,0.0746261593791406,0.0755347340526215,0.0874597766420593,0.076566344879803,0.0717607031471505,0.0772516775352045,0.0901238068235516,0.0957092902372176,0.0571118041772988,0.0254890842075417,0.0254890842075417,0.0254890842075417,0.0239296852849446,0.0009923447689253,0.074699933843682,0.1200453643322936,0.1235989036953028,0.1027974671581135,0.098402797467158,0.0566581608543615,0.0675550515074189,0.0832435497590019,0.0957470938474623,0.1071543332388242,0.0165957848974576,0.1205651639731593,0.1115962574425857,0.018656081655798,0.1133635762215291,0.1177676968150458,0.0990927133541252,0.1118703336168603,0.1074662130233436,0.1101691711558453
27879,10429,194439,0.0668749575731001,2.6732189088119664,0.3740808493848416,152,5,837,5,6.974389325298612,18.644069421804584,0.0360833124095794,0.0338761552901227,0.0309994380477539,0.0206140822841564,0.0162440068390783,0.0097695995791335,0.0196384375336274,0.0413070770113705,0.0179489938663509,0.0132082690675179,0.0223190693114291,0.0211688606717122,0.0208544065425588,0.0137008740150889,0.007684398053493,0.0399416526178604,0.0538374164544399,0.0594234609084495,0.0564558747922569,0.0555746858447815,0.042848260937145,0.0376496048399631,0.0368473283355452,0.0485347394095913,0.0492007126032736,0.0456030225856976,0.0479118093666678,0.0457309563948969,0.0500245106830708,0.0481712639142962,0.0345134330499658,0.0366153735786792,0.0131269653383071,0.0346784317945406,0.0131150089075408,0.0499204897354041,0.0497542953477527,0.0331970300225975,0.0497387519877565,0.034036371462391,0.0366560254432846,0.0345086504776593,0.0378660162368329,0.0378851465260589,0.0346604971483911,0.0338223513516744,0.0103973121943636,0.0080945036287767,0.0086229778686466,0.0080933079857,0.0607051902865955,0.0602364982005571,0.0600834558867486,0.0600834558867486,0.0599447612898597,0.0382474263782775,0.0381230794983081,0.0338151774932146,0.0327474682257852,0.0296973827373052,0.0375156928153807,0.040071977713213,0.0361012470557288,0.0328945323242105,0.0311775888661715,0.0300309671556846,0.0454284586965098,0.0287420639190788,0.0413465332328992,0.0521838420794623,0.0106304625943063,0.0275703455008341,0.027594293195252,0.0333555408420075,0.0257828771182837,0.018692683860014,0.0190549637122325,0.0301278142448915,0.0222449394406781,0.0187967048076807,0.0095376448222675,0.0095376448222675,0.0095376448222675,0.0102131831605628,0.000270215335318,0.0230974329543144,0.0420256585004244,0.0443009672752489,0.0371031959539437,0.0274591388978561,0.0285890216052703,0.0307782440785776,0.0344668029699773,0.0378492772337601,0.0396535026363929,0.0092136255485012,0.0509499384243815,0.0410583832514317,0.0093846025084591,0.0405287133684851,0.0539294809713404,0.0390724201011513,0.0542475220297236,0.0499647285292393,0.0542200222389611
5130,1685,37126,0.4294977470051654,3.0445103857566767,0.3284600389863548,123,5,455,5,7.237037037037037,22.033234421364984,0.1242625081221571,0.1475568551007146,0.1479012345679012,0.113625730994152,0.082943469785575,0.0390513320337881,0.0413775178687459,0.0821507472384664,0.144061078622482,0.1079922027290447,0.0357439896036386,0.0756205328135152,0.0859389213775178,0.0565042235217673,0.0341780376868095,0.1744119558154645,0.1971669915529564,0.1940935672514619,0.1802988953866146,0.1759194282001299,0.1105847953216374,0.1003118908382066,0.1582131254061078,0.1646523716699154,0.1647108512020792,0.1642040285899934,0.1682781026640675,0.1651137102014294,0.174535412605588,0.171578947368421,0.1882261208576997,0.1858089668615983,0.0646068875893436,0.1894022092267705,0.0646718648473034,0.1746978557504873,0.175445094217024,0.1880246913580246,0.1754970760233917,0.1887589343729694,0.1915074723846653,0.1893437296946068,0.1924951267056529,0.1924951267056529,0.1893437296946068,0.1350682261208576,0.0516309291747887,0.0335087719298245,0.033378817413905,0.0359844054580896,0.1574658869395711,0.1854126055880441,0.1826575698505522,0.1826575698505522,0.1815984405458089,0.137244964262508,0.1515269655620532,0.1479467186484729,0.1208447043534762,0.0659064327485379,0.1346653671215074,0.1414035087719298,0.1375438596491227,0.123619233268356,0.0895516569200779,0.1014100064977257,0.1602664067576348,0.1046718648473034,0.1809356725146198,0.1752436647173488,0.0424236517218972,0.0688109161793371,0.0689018843404807,0.1297011046133853,0.0702729044834307,0.1097660818713449,0.1196101364522416,0.0864912280701753,0.1518453541260558,0.0565821962313189,0.0385575048732942,0.0385575048732942,0.0385575048732942,0.0348473034437946,0.0022677063027939,0.1415594541910331,0.1570175438596491,0.1557309941520467,0.1566081871345028,0.142475633528265,0.1191682910981156,0.1259519168291097,0.1397205977907731,0.1623521767381416,0.1797141000649772,0.0338011695906432,0.1721442495126705,0.1743859649122806,0.0377387914230019,0.177927225471085,0.1645029239766081,0.1471799870045483,0.1635087719298245,0.1593307342430148,0.1639831059129304
1807,2062,28059,0.7530527096639483,0.876333656644035,1.1411178749308246,460,5,202,5,15.527946873270617,13.607662463627548,0.0442722744881018,0.0537354731599335,0.0503597122302157,0.0379265818114738,0.0267109389411547,0.0114554510237963,0.0299391256225787,0.0343663530713889,0.051927688618336,0.0447518907950562,0.0345139273196826,0.0443091680501752,0.043368382217303,0.0402139826600257,0.0315993359158826,0.0512267109389411,0.0669987087253273,0.0730676996864046,0.0668511344770337,0.0631064379265817,0.0135214904999077,0.0138535325585684,0.0484781405644714,0.0446043165467625,0.0482567791920309,0.0521490499907765,0.0534403246633462,0.052056816085593,0.0556908319498247,0.052628666297731,0.0487179487179486,0.0482936727541043,0.034679948349013,0.0493820328352702,0.0358974358974358,0.0586607636967348,0.0589559121933222,0.0444198487363954,0.0591772735657627,0.0473897804833056,0.0547500461169525,0.0498432023611879,0.0536063456926765,0.0536063456926765,0.0499723298284449,0.0428887659103486,0.0219516694336837,0.0157904445674229,0.0166574432761482,0.0164360819037077,0.0473344401401955,0.0688618336100349,0.0705404906843755,0.0705404906843755,0.0696550451946134,0.0530160486995018,0.0532189632909056,0.0554694705773842,0.042482936727541,0.0415421508946688,0.054215089466888,0.0564655967533665,0.0564102564102563,0.0449179118243865,0.0429441062534587,0.0528684744512082,0.0576092971776424,0.0481460985058107,0.0584025087622209,0.064674414314702,0.0239254750046116,0.0385537723667219,0.0384430916805017,0.0435897435897435,0.0319498247555801,0.0373731783803725,0.0403984504703929,0.0463567607452498,0.0491237779007562,0.0206788415421508,0.0326876959970484,0.0328721638074155,0.0326876959970484,0.0267847260653015,0.0022874008485518,0.0387935805201991,0.0595646559675335,0.0631986718317653,0.055285002767017,0.0491791182438663,0.04641210108836,0.0506548607268031,0.0550636413945765,0.0615753551005349,0.0666297731045932,0.0286847445120825,0.0672938572219147,0.0660579228924552,0.0277624054602471,0.0669987087253273,0.0640841173215273,0.0560228740084855,0.0615938018815716,0.0593801881571665,0.0608559306401032
34151,23098,470966,0.0597051444695103,1.478526279331544,0.6763491552223947,3544,5,2544,5,13.79069426956751,20.38990388778249,0.0251129786341053,0.0178462319307389,0.0138814871209237,0.0083540745512576,0.0097283632494899,0.0168955521068196,0.0202200033185948,0.0253852986247352,0.0105502035079499,0.0081549588591841,0.0199925819644128,0.0170917396269508,0.0156501029740466,0.0155173591793309,0.01052873024704,0.0167862336876421,0.0259260343767385,0.0305408333577346,0.0299259172498608,0.0293080729700447,0.0207070559183234,0.0180111856168193,0.0128888368324987,0.0217875513650161,0.0179350531463207,0.0212936663640888,0.0237318575346743,0.021273169160493,0.0234712502318135,0.022346832205987,0.0050335275687388,0.0054015011761489,0.0043375987037958,0.0056865099118619,0.0045093847910748,0.0256244326666861,0.0255112100182522,0.0045718524591763,0.0258821117976047,0.0047953695841019,0.0103071652367426,0.0084116619327886,0.00865567626131,0.0081666715469532,0.0068021434218616,0.0158043200296721,0.0038173601553882,0.0030326100748635,0.0030335861321776,0.0029555015470507,0.0260460894263711,0.0263379305632826,0.0262559417488994,0.0262559417488994,0.0268201028764408,0.025520970591393,0.0185245917640283,0.017139566435341,0.0139136970122885,0.0091505373195513,0.0256361453544551,0.0201477750773524,0.0192966530994699,0.0167081491025152,0.0094121206797262,0.0134442134442133,0.0226289127697577,0.0129805862200228,0.022425892848428,0.0262198276282782,0.0169589958322352,0.0108924096825495,0.0111910989155652,0.0184776117086574,0.0113247958684704,0.0058602481137691,0.0081510546299277,0.0130557426332074,0.0078289557162796,0.0080144066059558,0.0168731027885957,0.0168731027885957,0.0168731027885957,0.0169404507432676,0.000161049456824,0.0098718436746605,0.017048793105131,0.0179360292036347,0.0186495271002312,0.0154568436258576,0.0177642431163557,0.019708549286014,0.0194977209061715,0.0205274613725317,0.0216909216909216,0.0141430704810985,0.0261544317882345,0.0193679052833981,0.0142943593647818,0.0196587703629956,0.0300508525860638,0.027587283925312,0.0290767473866065,0.0287224385815934,0.0285203947175777
39387,23033,278677,0.0307183380910067,1.710024747101984,0.5847868586081703,136,5,441,5,7.075354812501587,12.099031823904832,0.0089818129501273,0.0085857431809141,0.0079467844720338,0.0048281581909428,0.0034114470933725,0.0031837916063675,0.0046749773613966,0.0122798554514602,0.005339325158047,0.0033716708558661,0.0060552974331631,0.0059901321078866,0.0057582451062533,0.0050008039877793,0.002248626873503,0.0135526950516667,0.0231455387141272,0.0264359644891291,0.0259831924238961,0.0260060426028892,0.0154848046309695,0.0130982303805823,0.0147739101734074,0.0183224583407384,0.0180939565508077,0.0168185780418242,0.0180914176420307,0.0166637046064267,0.0196621558720727,0.0183063785851507,0.0134756814854308,0.0136203992857202,0.0020641328357071,0.0135408468107073,0.0020641328357071,0.018860707001464,0.0188835571804571,0.0131684735234129,0.0189072536623758,0.0133326562909927,0.0150311862628108,0.0136398642530107,0.0152258359357147,0.0152258359357147,0.0136373253442336,0.0095809954215011,0.0027140934826211,0.0021208351317269,0.0022232377857329,0.0020979849527339,0.0249557806721337,0.0250827261109841,0.0252579108165976,0.0252579108165976,0.0252342143346789,0.0108115198754241,0.0103545162955628,0.0098602753869719,0.0092348575249024,0.0074948587097265,0.0104052944711029,0.0118507798681459,0.0104772302197848,0.0086229805096435,0.0079933311329456,0.0126962364908895,0.014767139750002,0.0137473447245706,0.0164140452433543,0.0194878174693849,0.0030204551417133,0.0113125312074203,0.0114640194311151,0.0032100269970632,0.0121215968043601,0.0034833828420544,0.0030559998645914,0.0057616303179559,0.0049796464146376,0.0042222052961636,0.0029493656959571,0.0029493656959571,0.0029493656959571,0.0029645991486192,0.0001176361066679,0.0057497820769966,0.0098238843611681,0.00987043102208,0.0111661208012795,0.007912932355007,0.007452543563443,0.0088074745474394,0.0111305760784014,0.0129518199744415,0.0145386379600713,0.0022824789905298,0.0199236634761046,0.0159815844483373,0.0022190062711046,0.0142889785969989,0.0253366169886849,0.0059816690786299,0.0252816072985163,0.0147104374539822,0.0252731442692597
19412,11924,167597,0.0724059057180122,1.6279771888627976,0.6142592211003503,550,5,309,5,8.633680197815783,14.055434417980544,0.0321124390411428,0.0356240126382306,0.0343807953842983,0.023449412734391,0.0160141493234425,0.0053231677999862,0.0052218558966961,0.0096314994161686,0.0346675595851362,0.022425990796071,0.0081444467339789,0.0121436911875815,0.0122295487327425,0.0076979874991413,0.0036334913112163,0.0468782196579434,0.063210041898482,0.0645459853011882,0.0615237997115185,0.0606051239782951,0.0362507727179064,0.0337677725118482,0.0291778281475375,0.0397932550312521,0.0402276942097671,0.0357974448794559,0.0374819699155161,0.0364259221100349,0.0431107905762758,0.0425973624562125,0.0506628202486433,0.0465966069098151,0.0130228724500308,0.0508190809808365,0.0130537811662888,0.0543581289923757,0.0541263136204409,0.0489885981180025,0.0540473246788927,0.0497767703825812,0.0532230922453464,0.0508517068479977,0.0536661171783775,0.0536781372347001,0.050892918469675,0.0330036403599147,0.0194501682807884,0.0145992169791881,0.0143021498729307,0.0146421457517686,0.0645854797719623,0.0646129541864138,0.0645013393777044,0.0645013393777044,0.0648052750875746,0.0374081324266776,0.0375867161206126,0.0342176660484923,0.0306854866405659,0.0284497561645717,0.0372827804107424,0.0379112576413214,0.0343516038189435,0.0296981248712136,0.0283450099594751,0.0279998626279276,0.0296311559859879,0.0340476681090733,0.0373411635414519,0.0447695583487876,0.0027731987087024,0.0235713304485197,0.0242410193007761,0.0102342193831993,0.0281767291709595,0.0204443986537536,0.0181228106325983,0.0297273164365683,0.0282711724706366,0.0214283261212995,0.0050965038807609,0.0051583213132769,0.0050965038807609,0.0052956933855346,0.0003279758225152,0.0271670444398653,0.0424445360258259,0.0427896833573733,0.0398172951438972,0.0268802802390273,0.0162013187718936,0.0189899718387251,0.0231128511573596,0.0266003846418022,0.0332217185246239,0.0043873205577305,0.0458994436431073,0.0440363349131121,0.0042945944089566,0.043516038189436,0.061255924170616,0.0268785630881241,0.0610412803077134,0.0493388969022597,0.0610412803077134
610,3650,90274,4.054525039299349,0.1671232876712328,5.983606557377049,2132,12,329,5,147.99016393442622,24.732602739726023,0.2859562841530054,0.3052459016393442,0.2730054644808742,0.1898360655737704,0.1720218579234972,0.2149726775956283,0.254207650273224,0.2893989071038251,0.2896174863387978,0.2601092896174862,0.2725683060109289,0.2742076502732239,0.2685245901639344,0.2395628415300546,0.2014207650273223,0.2979234972677595,0.3534426229508196,0.407103825136612,0.4014207650273224,0.3873224043715846,0.0269945355191256,0.0338797814207649,0.1975956284153005,0.1503825136612021,0.1584699453551912,0.1801092896174863,0.1939890710382513,0.1771584699453551,0.2369398907103825,0.2375956284153004,0.2678688524590163,0.2969398907103825,0.2969398907103825,0.2907103825136611,0.2775956284153005,0.2845901639344261,0.287431693989071,0.2479781420765026,0.2881967213114754,0.240327868852459,0.3306010928961748,0.2975956284153005,0.2846994535519125,0.2779234972677595,0.2679781420765026,0.274863387978142,0.1104918032786884,0.0889617486338797,0.0903825136612021,0.0912568306010928,0.2495081967213114,0.3501639344262294,0.346775956284153,0.346775956284153,0.3496174863387977,0.2598907103825136,0.3322404371584699,0.3065027322404371,0.2791256830601092,0.2716939890710382,0.261967213114754,0.3384699453551912,0.3091803278688524,0.2778142076502732,0.2852459016393442,0.3104918032786884,0.3463387978142075,0.2555191256830601,0.2668852459016393,0.3708196721311474,0.2067759562841529,0.2933333333333333,0.2987978142076502,0.3321311475409835,0.2743169398907103,0.2189071038251365,0.1908196721311474,0.287103825136612,0.2520765027322403,0.1772677595628415,0.2114754098360655,0.2122404371584699,0.2114754098360655,0.2088524590163933,0.0085245901639344,0.2991256830601093,0.2721311475409835,0.2778142076502732,0.3622950819672131,0.3424043715846994,0.3128961748633879,0.3260109289617486,0.3540983606557376,0.3628415300546447,0.3605464480874317,0.1570491803278688,0.3421857923497267,0.3284153005464481,0.1593442622950819,0.3248087431693989,0.3227322404371584,0.3227322404371584,0.3431693989071038,0.3431693989071038,0.3393442622950819
38609,18534,346355,0.0484020492904037,2.0831444912053523,0.4800435131705043,292,5,1089,5,8.970835815483436,18.687547210532,0.0299317084962918,0.0301510010619285,0.0279166342907956,0.0192338573907637,0.0146477073566611,0.008967684564048,0.0215813238709454,0.034394398542654,0.0184214388700388,0.012570471479016,0.0145596449877834,0.0151165099674514,0.0142540167663843,0.0085929878180389,0.0017741977259188,0.0397972838802696,0.0520983881133068,0.0551676206756628,0.0522253015272777,0.0510157389900454,0.0326875426282299,0.0302002123857131,0.0321056403083909,0.0346741260673245,0.0345662064976214,0.031099829918758,0.0320555656280487,0.0307570773653811,0.0363283172317335,0.0349210460428051,0.0386619700069931,0.0375439232648691,0.0147573536394795,0.0393302079825946,0.0147418132214422,0.0443532164348553,0.0443575332176435,0.0379730114740086,0.0442953715454945,0.0385592305766358,0.040845398741226,0.0391255924784376,0.0416491836963747,0.0416560905488357,0.0392179716301034,0.0306258471686221,0.0137040586391773,0.0110621875728456,0.0120662712493632,0.0113747226467058,0.0541350462327436,0.0547126317697945,0.0546988180648725,0.0546988180648725,0.0544510347328342,0.033366140882523,0.0312431471073238,0.0279244044998143,0.0287126490369257,0.0245849413349218,0.0329284191078072,0.0327695615012043,0.0299394787053104,0.0272958809258635,0.025804000794288,0.0305550519308968,0.0340818634687939,0.0310557987343192,0.0368946791335353,0.042485776200713,0.0044169321488081,0.0277491431186165,0.0266854878396228,0.0058984520016921,0.0280685850449376,0.0156017163528365,0.0141279667089711,0.0259360943476045,0.0196560387474422,0.0184076251651169,0.0079290666252255,0.0079290666252255,0.0079290666252255,0.0079307933383407,0.0001061928565878,0.0234237267649166,0.0344297961615167,0.0344038954647879,0.0339739438990908,0.0260543741959991,0.0180778229601042,0.0203018294525455,0.0272535764545399,0.0302787778324569,0.0340689131204295,0.0049513498579778,0.036955114092569,0.0349642138706864,0.0051456050834433,0.0335819800219291,0.0503880787726522,0.0362031305308779,0.0500729536291192,0.0444145147504467,0.049774232260181
1474,1021,15887,1.0556468835592316,1.443682664054848,0.6926729986431479,103,5,182,5,10.778154681139757,15.560235063663075,0.0890094979647217,0.111420171867933,0.1078018995929443,0.075667118950701,0.0634780642243328,0.0057892356399818,0.0433514246947082,0.043577566711895,0.1134102216191768,0.0868611488014472,0.0514925373134328,0.0595884215287199,0.0807553143374038,0.0693351424694708,0.0678878335594753,0.0885572139303482,0.1141564902758931,0.125734961555857,0.1206919945725915,0.1160560832202622,0.0578018995929443,0.0546811397557665,0.1103799185888737,0.1032790592492084,0.106196291270918,0.0920624151967434,0.0954545454545454,0.0929669832654906,0.0907507914970601,0.088851198552691,0.1006784260515603,0.1121438263229307,0.0894617819990953,0.1123473541383988,0.0896879240162821,0.1163500678426051,0.1168023518769786,0.1116463138851198,0.116847580280416,0.1122116689280868,0.1158525554047941,0.1124830393487109,0.1160786974219809,0.1160786974219809,0.1124830393487109,0.07996381727725,0.0502713704206241,0.0363636363636363,0.0366576209859791,0.0377657168701944,0.0938263229308005,0.1157394843962007,0.1172998643147896,0.1172998643147896,0.1142695612844866,0.1124151967435549,0.1071008593396652,0.1065581184984169,0.0942559927634553,0.0841022161917683,0.1102216191768429,0.1052238805970148,0.1071913161465399,0.0969470827679782,0.0931931252826774,0.0894391677973767,0.1170284938941655,0.0759384893713251,0.0997738579828131,0.1156264133876073,0.0434418815015829,0.0765490728177294,0.0744685662596109,0.0778154681139755,0.0524649479873359,0.0920171867933061,0.0940976933514246,0.0922885572139303,0.1099954771596562,0.0378561736770691,0.0434192672998642,0.042944369063772,0.0434192672998642,0.025802804161013,0.0030529172320216,0.0800090456806874,0.1142017186793305,0.1169154228855721,0.0980777928539122,0.0957937584803255,0.0949344188150157,0.1016056083220261,0.1054500226142016,0.121076436001809,0.1200814111261871,0.0338534599728629,0.1226594301221166,0.1111488014473088,0.0355269109000451,0.1154907281772953,0.1180235187697873,0.1081637268204432,0.1133649932157394,0.1124830393487109,0.1126413387607417
854,8870,450123,5.9422335108475535,0.0962795941375422,10.386416861826698,4085,22,730,5,527.076112412178,50.7466741826381,0.5506635441061671,0.4597189695550351,0.4049960967993754,0.3077283372365339,0.2626854020296643,0.4820452771272442,0.5127244340359095,0.5526151444184231,0.5028883684621389,0.5316939890710383,0.5199063231850116,0.5021857923497267,0.4968774395003903,0.4522248243559719,0.1658860265417642,0.4881342701014832,0.5365339578454332,0.6243559718969556,0.6704137392661982,0.6711943793911007,0.0902419984387196,0.111631537861046,0.4548790007806401,0.2875097580015612,0.2219359875097579,0.1076502732240436,0.133255269320843,0.1131147540983606,0.17743950039032,0.1561280249804839,0.5382513661202186,0.5278688524590164,0.5278688524590164,0.5188914910226385,0.5034348165495707,0.5084309133489462,0.5104605776736924,0.3921155347384855,0.512256049960968,0.3985167837626854,0.5892271662763466,0.526151444184231,0.5042935206869633,0.4898516783762685,0.478376268540203,0.4526151444184231,0.1341920374707259,0.108743169398907,0.111631537861046,0.1066354410616705,0.4277127244340358,0.5333333333333333,0.5649492583918814,0.5649492583918814,0.5621389539422326,0.4907884465261514,0.5365339578454332,0.5053864168618267,0.4273224043715847,0.404839968774395,0.4959406713505074,0.5355971896955503,0.4927400468384075,0.4274004683840749,0.4715066354410616,0.5807181889149102,0.5298204527712724,0.514207650273224,0.4519906323185011,0.5614363778298205,0.4642466822794692,0.5434035909445745,0.5534738485558157,0.58711943793911,0.5129586260733802,0.2099921935987509,0.2014832162373145,0.3208430913348946,0.2055425448868071,0.257142857142857,0.4863387978142076,0.4862607338017174,0.4863387978142076,0.4791569086651053,0.0136612021857923,0.5679937548790007,0.4939890710382514,0.4946135831381733,0.6095238095238095,0.5950039032006245,0.558704137392662,0.5718969555035128,0.5829820452771273,0.5905542544886806,0.5959406713505074,0.2807181889149102,0.5072599531615924,0.5308352849336455,0.2826697892271662,0.5335675253708041,0.4637002341920374,0.4637002341920374,0.5295862607338017,0.5295862607338017,0.5631537861046058
4898,13073,126702,0.1978743167782559,0.3746653407787042,2.66904859126174,554,5,183,5,25.868109432421395,9.691884035798974,0.0106982441812984,0.0082959030896964,0.0071253572886892,0.0043487137607186,0.0045596842248536,0.0072546617667074,0.0086838165237511,0.0089628419763168,0.0111269906084115,0.008152987613992,0.0082959030896964,0.0078263236695249,0.0072002177759629,0.0072274397713352,0.0024908125765618,0.017864434463046,0.0255614536545528,0.0246154893153667,0.0200421940928269,0.0180073499387504,0.007839934667211,0.0060092554784265,0.0113175445760173,0.0127330883353749,0.0128828093099223,0.0117530965019735,0.0127535048319041,0.0122498979175173,0.015360010888798,0.0157002858309513,0.0158500068054988,0.017748740982714,0.0143868245542397,0.0183748468762759,0.0152987613992105,0.0183272083843745,0.0187423438138015,0.0165441676874914,0.0187491493126445,0.0172247175717979,0.0182931808901592,0.0176806859942833,0.0183680413774329,0.0185449843473526,0.0183067918878453,0.0092622839254116,0.004607322716755,0.0034844154076493,0.0036953858717843,0.0043487137607186,0.0138628011433237,0.0160133387777323,0.0155233428610316,0.0155233428610316,0.0153736218864842,0.0133796107254661,0.0120048999591669,0.0118483734857764,0.0097999183340138,0.0080781271267183,0.0131550292636449,0.0128964203076085,0.0144480740438273,0.0120797604464406,0.0105349122090648,0.0099700558050904,0.010344358241459,0.010861576153532,0.010861576153532,0.01556417585409,0.0066081393766162,0.0083435415815978,0.0085000680549883,0.0106165781951816,0.007942017149857,0.0043010752688171,0.004287464271131,0.0093847829045868,0.0069756363141417,0.0049816251531236,0.0083843745746562,0.0083775690758132,0.0083843745746562,0.0082006261058935,0.0004151354294269,0.0070436913025724,0.0134884987069551,0.0147611269906083,0.012113787940656,0.0104600517217911,0.0088471484959846,0.0096978358513678,0.010446440724105,0.0111337961072546,0.0126105893561997,0.0058867564992513,0.0203348305430787,0.0194365046957941,0.0058050905131345,0.0202531645569619,0.0235878589900639,0.0132843337416632,0.0216278753232611,0.0156186198448345,0.0215598203348305
1429,900,10261,0.7978384262499028,1.5877777777777775,0.6298110566829951,42,5,163,5,7.1805458362491255,11.401111111111112,0.0184511313272684,0.0454863540937718,0.0424072778166549,0.0334732913459295,0.0274317704688593,0.003219034289713,0.0392115698623745,0.0395847912292978,0.0515512013062747,0.0355260088640074,0.0404478656403078,0.037205505015162,0.0443433636575693,0.0414275717284814,0.0360391882435269,0.0441800793095404,0.0642873804525308,0.068602752507581,0.0701422906461394,0.0689059948682061,0.0265453697224165,0.0265453697224165,0.0481222299976673,0.0431303942150687,0.0428504781898763,0.0451831117331466,0.0469559132260321,0.0438768369489152,0.0413342663867506,0.0398880335899229,0.048378819687427,0.0478656403079075,0.0174014462327967,0.0491252624212735,0.0174014462327967,0.0649638441800792,0.0646372754840214,0.04900863074411,0.0644973174714251,0.0494285047818987,0.0527408444133426,0.0490552834149754,0.0526475390716118,0.0526475390716118,0.0490552834149754,0.0134359692092371,0.0210403545602985,0.0164450664800559,0.0164683928154886,0.0168416141824118,0.0393748542104035,0.0618381152320969,0.0603685560998366,0.0603685560998366,0.0578959645439701,0.051994401679496,0.0504781898763703,0.0507581059015628,0.040587823652904,0.0355026825285747,0.0548635409377186,0.0498017261488219,0.0511779799393515,0.0395148122229997,0.0401446232796827,0.0409143923489619,0.0679029624445999,0.0349195241427571,0.0424072778166549,0.0685094471658502,0.0397014229064613,0.0272918124562631,0.0279449498483787,0.0276183811523209,0.0223233030090972,0.0352227665033822,0.0364124096104501,0.0406578026592021,0.0525775600653137,0.0140191275950547,0.0393282015395381,0.0393981805458362,0.0393282015395381,0.0217168182878469,0.0044320037322136,0.030440867739678,0.0551201306274783,0.0506414742243993,0.0425005831583857,0.0390482855143456,0.0448332167016561,0.049405178446466,0.0586190809423839,0.0595754606951247,0.0570562164683927,0.039958012596221,0.0651271285281082,0.051761138325169,0.0405644973174713,0.0535805924889199,0.0679496151154653,0.0395148122229997,0.0673897830650804,0.0588056916258455,0.0673897830650804
19856,8510,157836,0.0934081438057894,2.3332549941245597,0.4285858178887993,147,5,520,5,7.949033037872684,18.54712103407756,0.029923784582326,0.0306255036261079,0.0284901289282836,0.0186946011281224,0.0142022562449637,0.0078548885307547,0.0134535320977705,0.0246927880741337,0.021241270480795,0.0132302578565672,0.0172021890948159,0.0177863953800697,0.0174086757990867,0.0152968036529679,0.0075695004029008,0.0394238517324737,0.0536412167606768,0.0578968573730861,0.0534783776524308,0.0518096964813322,0.0328364222401288,0.0274744829438624,0.0376158340048347,0.0398972602739725,0.0403992076282567,0.0356802309965081,0.0384283507923717,0.0356466559226429,0.0423348106365833,0.0403891351060971,0.0401776121407466,0.039991270480795,0.0182144775718506,0.0409397663174858,0.0182312651087832,0.0466676739188825,0.0464695809830781,0.0383880607037335,0.046754969110932,0.0396437684662905,0.0426638463604619,0.04077189094816,0.0446632420091323,0.0447102471125435,0.0409548751007251,0.0302628928283641,0.0106903035186677,0.0078330647327423,0.0077373757722266,0.0083350120870265,0.056464880472737,0.0565488181573998,0.0561056271823797,0.0561056271823797,0.0556238248724146,0.0325627853881278,0.0335179962395916,0.0305012758528068,0.0277665860864893,0.0253441445071178,0.0315135643298414,0.0343389067955949,0.0304744157937147,0.027550026860059,0.0265511684125704,0.0339309696481331,0.0411244292237442,0.0352706150953531,0.0455462664517861,0.0514655519742142,0.0067569836153639,0.0299321783507923,0.0301504163309158,0.0331453129196883,0.0293446145581519,0.0163426672038678,0.0168295057749126,0.0266905049691108,0.0219413107708836,0.0170561375235024,0.0063205076551167,0.0063205076551167,0.0063205076551167,0.0064665592264302,0.0003239994627987,0.0211539752887456,0.0389823395111468,0.0406594144507117,0.0339175396185871,0.0240548616706956,0.0238517324738113,0.0278656325543915,0.0322203196347031,0.0372448294386247,0.0411899006177813,0.0059746843943056,0.0445759468170829,0.0377937818963201,0.0061375235025516,0.0379163309159279,0.0494594413107708,0.0383729519204942,0.0487929760945473,0.0460482138060703,0.0485915256513563
14681,8713,151254,0.1182451988461481,1.6849535177321244,0.5934881820039507,204,5,742,5,10.302704175464887,17.359577642603007,0.0338578207660694,0.0368685148604771,0.0360011806643507,0.024532842903526,0.0195377244965147,0.013981790522898,0.0223440728379083,0.0283813545852915,0.0325091387961764,0.0224757623231841,0.022720977226801,0.0270712712576345,0.0254682923506572,0.0173966351066003,0.0097200463183706,0.0447562609268214,0.0598483300410961,0.0634380037690438,0.0595304588697409,0.0571055559339735,0.0360465908316871,0.0306155348182457,0.0416411234475398,0.045725767999455,0.0451717639579501,0.041252866516813,0.0444610948391344,0.0412960061757827,0.047909997048339,0.0463910269509342,0.0466612174465862,0.0468882682832685,0.0267011783938423,0.0475262811343459,0.0267420475444451,0.0479145380650727,0.0478214472220329,0.045905138160434,0.0477919306132642,0.0466180777876165,0.0495629271393864,0.0474036736825374,0.0499489135617464,0.0499171264446109,0.0475126580841449,0.0359852871057829,0.015112503689576,0.0110573757464295,0.011783938423813,0.0118634062166518,0.0617305814771926,0.0630202302295483,0.0632472810662306,0.0632472810662306,0.0634221102104761,0.0417523783575142,0.0412074563494765,0.0372249846740684,0.0340417319437821,0.032527302863111,0.0407783302681469,0.0422927593488181,0.0394319188066207,0.034647957677724,0.033735213314261,0.0357060145766636,0.0445655382240083,0.0348364098721703,0.0485003292237131,0.0542310923415752,0.0125195831346638,0.0306291578684467,0.0307040846445518,0.0427627545807505,0.0260154848670616,0.0208750539245736,0.0204663624185454,0.0326476398065526,0.0273460027700201,0.021615239652158,0.0129804963331289,0.0129804963331289,0.0129804963331289,0.0127080353291101,0.0004041504892944,0.0267534000862792,0.0460073110369411,0.0473469109733668,0.0412301614331448,0.0306972731194514,0.0269895329564288,0.0321753740662534,0.039170810344436,0.0404922462139272,0.043991099607202,0.0099561791885202,0.0451331653157141,0.0406352882410371,0.0104806666212564,0.0413800149853551,0.0561882705537769,0.0409758644960605,0.0549667370524259,0.04932452376087,0.0537043344004722
1761,443,10730,1.3754241318356208,3.975169300225734,0.2515616127200454,10,5,565,5,6.0931289040318,24.221218961625283,0.0992617830777966,0.1096536059057353,0.0927314026121521,0.0578648495173196,0.0433844406587166,0.0178307779670641,0.1518455423055082,0.1534355479840999,0.0925042589437819,0.0515616127200453,0.144236229415105,0.1398637137989778,0.110335036910846,0.1068710959681998,0.1198750709823963,0.1136854060193071,0.1379897785349232,0.1559341283361725,0.156785917092561,0.1570698466780238,0.0883588869960249,0.0868824531516183,0.068029528676888,0.0904599659284497,0.0913117546848381,0.035831913685406,0.0418512208972174,0.038671209540034,0.0253265190232822,0.0254968767745598,0.1414537194775695,0.1440658716638273,0.0734809767177739,0.1426462237365133,0.0734809767177739,0.1568994889267461,0.1568427030096535,0.1429869392390686,0.1568427030096535,0.1426462237365133,0.1445201590005678,0.1426462237365133,0.1453151618398636,0.1453151618398636,0.1426462237365133,0.0320272572402043,0.0103918228279386,0.0093696763202725,0.0098807495741055,0.0099943214082907,0.1337876206700737,0.1331629755820556,0.1360022714366836,0.1360022714366836,0.1449744463373083,0.1327654741624076,0.1487223168654173,0.1475865985235661,0.1237365133446904,0.1173764906303236,0.1290176036342986,0.1422487223168653,0.1463940942646223,0.1328222600795002,0.1275979557069846,0.0226007950028392,0.1582623509369675,0.014082907438955,0.1158432708688244,0.1581487791027825,0.1532651902328222,0.021976149914821,0.0202157864849517,0.0194775695627483,0.0098807495741055,0.0975014196479272,0.098693923906871,0.1528676888131743,0.1258375922771152,0.0215218625780806,0.1505394662123793,0.1516183986371379,0.1505394662123793,0.0285065303804655,0.0085178875638841,0.0677455990914252,0.1473026689381033,0.1460533787620669,0.0944349801249289,0.1114707552526973,0.1342419080068143,0.1387847813742191,0.1400908574673481,0.1449176604202157,0.1497444633730834,0.1237365133446904,0.1224872231686541,0.1196479273140261,0.1371947756956275,0.1264622373651334,0.1533787620670073,0.1501987507098239,0.156388415672913,0.156388415672913,0.1566723452583758
25587,15254,546349,0.139980339125212,1.6773960928281106,0.596162113573299,1214,5,8026,5,21.35260093015985,35.81676937196801,0.1513906801631036,0.1654043068745846,0.1466955876030796,0.0978621956462265,0.1007464728182279,0.1047029090293247,0.1483800367374056,0.1674548273211656,0.1194708250283346,0.0770417269186174,0.1262802725342295,0.1158075064160184,0.0998488815935174,0.0834785893878401,0.0678586782350411,0.1837417438543009,0.2184963718554994,0.2169708575969567,0.1950495694428159,0.1854066518153749,0.1430791678065684,0.1336446893604825,0.0896861687575721,0.1434413308841729,0.1477377835098552,0.1239626893865374,0.1343286304243039,0.1237347090319302,0.1484959810320344,0.1406247964461119,0.1648193744219069,0.1744219069579604,0.1421933012858091,0.1754276260079988,0.1442829040788941,0.168902275523439,0.1689413586847395,0.1681335930532632,0.1693178605102661,0.1708381614940725,0.1830955823921001,0.1803767538202993,0.1824520264196662,0.1821550005862351,0.179024504631258,0.0866273237711858,0.0384283685725823,0.0301819934602206,0.0318794700433813,0.0312984458253539,0.2145073670223159,0.2144070556662888,0.2140917914044892,0.2140917914044892,0.2132098331183804,0.2026992873985487,0.1965086437123017,0.1852672581128437,0.1747853727804483,0.1547673949010564,0.2022237855160823,0.198737640207918,0.1949766157293417,0.1825340993473247,0.1236070400333502,0.0844009327653365,0.1591719753520667,0.0805070283086462,0.167375359883274,0.1826865204986907,0.1052617865843331,0.0536209499453608,0.0557968817854503,0.1440152393695767,0.0531765985910329,0.0808613749169499,0.0651307304490561,0.1159651385469183,0.0884420473938588,0.0874350255989369,0.1029025156003699,0.1029051210901368,0.1029025156003699,0.1029520199059417,0.0002879066192467,0.1434256979455712,0.2065749534268703,0.2117585753181954,0.1965386068446216,0.1547791196050077,0.1281679498703768,0.1353408631987597,0.1441591433149646,0.1476348666640611,0.1520342361355375,0.0873555581610452,0.1251507927202615,0.1311329972251533,0.088004325113013,0.1302393142350933,0.2027383697450528,0.1988796394002162,0.1847800315264261,0.1837899454149893,0.1742799077656621
23421,11888,802784,0.2883264452539774,1.9701379542395692,0.5075786687161095,2389,5,2629,5,34.276247811792835,67.52893674293405,0.0889600500974908,0.0966454606265032,0.0848753967237379,0.0559398260820061,0.0552182514267821,0.0413105048176137,0.1114042952905511,0.1216899363818794,0.0982608200617678,0.0808619045585869,0.0892845452087157,0.0822068514011641,0.0692256237279933,0.0358111666168537,0.0136999558800506,0.1124261702460754,0.1351209028934147,0.1478089463871454,0.1484963636622403,0.1453923117430226,0.0831020594053768,0.0703969372215817,0.1217610975904814,0.0854034128915645,0.0880591491965899,0.0672160311970738,0.0806270725702004,0.0666239699415054,0.0858488820574128,0.0745484821314204,0.1217084382961159,0.1243855229637219,0.1115878912087442,0.1248309921295703,0.1120888661173021,0.0928796094672871,0.09515676814255,0.1174231103141055,0.0966141496947183,0.120736376186613,0.1299019398545464,0.1270896488905967,0.1263837297012651,0.1262300214906849,0.1256080725275037,0.1004283904757838,0.02018985810455,0.0125784552324836,0.0127506653573003,0.0133398801645246,0.1425230918121912,0.143347138607802,0.1435734312511563,0.1435734312511563,0.1421857876834179,0.1245577330885387,0.1083130523888817,0.0996626958712266,0.099026514666325,0.0857094060885529,0.1234746594936167,0.1096850404907276,0.1055534207192974,0.1022415780709619,0.0837837837837837,0.1265886739820388,0.1245975833653558,0.1097690107168779,0.1329149054267537,0.1413873589229039,0.0295745982949773,0.0897058195636394,0.0897442466162844,0.1079743250359363,0.0757311814183851,0.0526180208644663,0.0521526265602094,0.0691715412094558,0.0556751063860068,0.0399627115266925,0.029995872649901,0.029995872649901,0.029995872649901,0.0298122767317079,0.0006603760158262,0.0971549748800933,0.1250700937904729,0.1268178130737371,0.1134537380982878,0.0988130310405191,0.1033929664261417,0.1150420562742837,0.1209213953289782,0.1257034285470304,0.130394375418072,0.022182371945405,0.0880605724207619,0.0900004269672515,0.0221837951695771,0.0895208004212743,0.124748445127592,0.1247399057825597,0.1288971435890867,0.1288971435890867,0.1287363192576462
22178,17803,240938,0.0610224626172515,1.2457450991405945,0.802732437550726,2767,5,300,5,10.863829019749302,13.533561759254058,0.092109297502029,0.1082619412631135,0.1054212883638439,0.0716671175639522,0.0482159497399825,0.0039498602218414,0.0077088405927795,0.0270568431178043,0.1232617909640183,0.0841599783569302,0.0254471398082183,0.0386779691586256,0.0350016532900471,0.0159782968106531,0.0013196260558511,0.1330642979529263,0.1594417891604292,0.1621606997925872,0.1546562659692788,0.1505576096431899,0.1220323443652868,0.1256019478762737,0.0560660714822496,0.109480866925181,0.107865151651787,0.100255508461839,0.0964830011723329,0.1005440827246219,0.1131421528842396,0.1159271951182853,0.1250398292602278,0.1266299936874379,0.0607569062434243,0.1269275858959328,0.0606727387501126,0.1281179547299124,0.1282201581146481,0.1193434935521687,0.1278579372952174,0.1200318634081822,0.1386869871043375,0.1315853548561637,0.1357501427841404,0.1346920371539363,0.1283914990831755,0.0944449454414284,0.0654041542669912,0.0500240478552318,0.0509949800102203,0.0524679111431748,0.1656716866564462,0.1655379204617187,0.1655213875612468,0.1655213875612468,0.165458261941263,0.120094989028166,0.1240328253223915,0.1136967565455255,0.1064673700664321,0.0668304926804339,0.1233023717197222,0.1296374785823789,0.1243469504313583,0.1055295037123876,0.0695208464845041,0.043185439023657,0.0343433432530735,0.0696516066973276,0.0655830101902786,0.1038942495566176,0.0023446658851113,0.0404530014729311,0.0398262542459493,0.0140845282111401,0.0554288033186039,0.0619592990050199,0.048898307632188,0.0941503592148374,0.0838924459674752,0.0728409534974599,0.0042384344846243,0.0042429434574803,0.0042384344846243,0.0043902365707758,0.0002134247151831,0.1007064057474373,0.1393543150870231,0.1409670243785132,0.117634592839751,0.1056166771876032,0.0081537259145699,0.0139086782697567,0.0267622568912134,0.0454594643340246,0.0703925812366609,0.004321098986984,0.0987344816184206,0.1042008597108245,0.0046382300778548,0.1055219887576276,0.1546667869059427,0.0954053566597528,0.1537138906423782,0.1387471067424174,0.1535575795833708
5541,3568,64706,0.3272891118227514,1.5529708520179373,0.6439270889731096,578,5,272,5,11.677675509835767,18.135089686098656,0.0740058954460686,0.1060879504301268,0.1074956385730613,0.0772002646934969,0.0575828671118329,0.0154484750045117,0.0180412681224808,0.0255790170246044,0.1140046922938097,0.0840762798532153,0.0195692714913071,0.0574625518859411,0.0606869999398423,0.0390302592793117,0.0178788425675268,0.1164952174697707,0.1406785778740299,0.1420862660169644,0.1297780184082295,0.1232388858810082,0.0793178126691932,0.0674005895446068,0.1156469951272333,0.1136978884677855,0.1130361547253804,0.1117247187631594,0.1166035011730734,0.1141550863261745,0.1250436142693857,0.1226493412741381,0.1198700595560367,0.1195391926848341,0.0720026469349695,0.120441556879023,0.0728448535162124,0.1152439391204956,0.1153702701076821,0.1141189917584069,0.1155086326174577,0.1180352523611862,0.1242796125849725,0.1203212416531311,0.1250195512242073,0.1250556457919749,0.1208626601696444,0.0825964025747457,0.0565301088852793,0.0384226673885579,0.0409613186548757,0.0408710822354568,0.1391505745052036,0.1464717560007218,0.1440113096312338,0.1440113096312338,0.1430006617337423,0.1006075918907537,0.1137399987968477,0.1059014618299945,0.0878000360945677,0.0821813150454189,0.1014979245623533,0.1086266016964446,0.1044757264031762,0.0914516032003849,0.0895085123022318,0.1110629850207543,0.101576129459183,0.1178728268062322,0.1273596823678036,0.1264513024123202,0.0163869337664681,0.0870179871262707,0.0863682849064548,0.0934307886663056,0.0891535823858508,0.0778740299584912,0.0781507549780424,0.0798893099921794,0.1009805690910184,0.0550261685616314,0.0175058653672621,0.0174757865607892,0.0175058653672621,0.0177464958190458,0.0010166636587859,0.0808578475606087,0.1250736930758587,0.1255489382181314,0.1123022318474402,0.0942248691571917,0.0506527101004631,0.0709017626180592,0.0942188533958972,0.1086446489803284,0.1226734043193165,0.0112675209047704,0.1235095951392648,0.1263430187090175,0.0107561811947301,0.1281176682909221,0.1244600854238103,0.1100342898393791,0.1194008301750586,0.1169824941346326,0.1182879143355591
43536,8655,714773,0.1896935404733409,5.030155979202773,0.1988009922822491,419,5,3790,5,16.41797592796766,82.58497978047372,0.0777310731348768,0.0794216280779124,0.0664867389440156,0.0460101984564498,0.0472107374739678,0.0556673404385641,0.0844159622687737,0.0690983706970476,0.0357168014210461,0.0357581465147616,0.0672761239740291,0.0622741332843317,0.0568265343623667,0.0153803748621829,0.014502940095553,0.0808189391155212,0.0924223631018007,0.1031736187676099,0.1018988117113805,0.0989832169545509,0.0673925027563395,0.0569857895381599,0.0798787210584343,0.0725866715668258,0.0724542141369594,0.0604396361631752,0.0706112948670831,0.0601685961043733,0.0733040855077789,0.0665349748866837,0.0896085997794928,0.0921635734411368,0.0793190309935072,0.0926214320715422,0.0797876087222834,0.0837950202131568,0.08386546000245,0.0906736187676099,0.0839780105353423,0.0919744579198823,0.0937706725468577,0.0930172730613744,0.0930976662991546,0.0930410082077667,0.0926949344603699,0.0669798174690677,0.022830913879701,0.0142992772265098,0.0146154906284453,0.0150764118583853,0.1008804973661643,0.1007740720323409,0.1011614908734533,0.1011614908734533,0.1011791008207766,0.0819306627465392,0.0780158948915839,0.0734572154845032,0.0730070133529339,0.066783045448977,0.0824980093103025,0.0796987933357833,0.0763452468455224,0.0709811037608721,0.0699558985667033,0.0756316611539874,0.1007602903344358,0.066615368124464,0.0973148658581403,0.0991233308832536,0.0248828555678059,0.0601678304544897,0.0601326105598431,0.0777946220752173,0.0530028788435623,0.0445700110253582,0.0415188962391277,0.0685149454857282,0.0476701274041405,0.0357221609702314,0.0238507595246845,0.0239311527624647,0.0238507595246845,0.0238882763689819,0.000588019110621,0.0600989219649638,0.0920272877618522,0.0932377802278573,0.0752557270611294,0.0670617420066151,0.0693563947078279,0.0764769386255052,0.0847428947690799,0.0858837130956755,0.0868997304912409,0.0163244211686879,0.0639769386255052,0.0602145350973906,0.0162708256768344,0.0601555800563517,0.089205867940708,0.0891920862428028,0.0909079076319979,0.0909079076319979,0.0893505757687124
26039,15483,709356,0.1759482011686537,1.6817800167926114,0.5946080878681977,1009,5,5427,5,27.242059986942664,45.81515210230575,0.0435654210991205,0.0307602698516327,0.0253030710344739,0.0170999910390823,0.0207893288272718,0.0403471715503667,0.0529590230039555,0.0561081454740965,0.0396136564384192,0.0313440096265857,0.0365439020955745,0.0331413136705198,0.0318227786525339,0.0346710703176004,0.0329992191200378,0.0653583726973641,0.0886682796318342,0.0987672337647374,0.0925125132813599,0.086323079483339,0.0321581729969148,0.0241803960725577,0.0542788381530268,0.0368344918519656,0.0381210235928158,0.0286467734295991,0.0356478103357783,0.0286813369689055,0.0410909277109975,0.0359678431071341,0.0916266625702471,0.0834568659830766,0.0747865381415056,0.080917085909597,0.0715119628249932,0.0498291025000959,0.0500249625561657,0.077927979825134,0.0502502656272002,0.0777743640948832,0.0876339337148123,0.0829985790544951,0.0836168823687545,0.0833723773314386,0.0824161194106276,0.0302866213500261,0.0059398082363633,0.0034909174699488,0.0037111000166416,0.0034473930130445,0.0804203950484529,0.0820410410025986,0.0828052792605962,0.0828052792605962,0.0792567558918032,0.0532048081723567,0.0474442182879526,0.0437100759117733,0.0416721072237796,0.0380557369074592,0.053308498790276,0.0480817235684933,0.0450618943379801,0.0431608996761267,0.0398876044906998,0.0565894747622156,0.0714044318138176,0.061921220733003,0.0802526978762624,0.0869349821421713,0.0410538039095202,0.0473174853104957,0.0482058962837793,0.0664170411050091,0.0464751590562873,0.0126809785322016,0.004937465596477,0.012657936172664,0.0100554296759987,0.0134349757415158,0.0401269890036739,0.0401269890036739,0.0401269890036739,0.0401346697901864,0.0003558764417475,0.0408387418871692,0.0603697018574701,0.0620722762010829,0.0543044407747352,0.0443936659113892,0.0557343471971529,0.0595516980938847,0.0663159107492607,0.0717833506151029,0.0767041745074695,0.0332245221910723,0.0390555192851747,0.039416516251264,0.0348720508980119,0.0397544708578158,0.0717539076001382,0.0716745394728419,0.0690349091746994,0.0690310687814431,0.0661059692512513
32987,7604,459769,0.1832967467282274,4.3381115202524985,0.2305150513838785,396,5,3309,5,13.937884621214415,60.4640978432404,0.090585180020412,0.0913652853144167,0.07971220986045,0.0521427633107991,0.0495356756702134,0.0265367164842715,0.0996422833237335,0.0885288143814229,0.0377593193278159,0.0316185163852426,0.0709087418275885,0.0657056820363577,0.0615020058406846,0.0300512323036347,0.0066652519679469,0.0900920564666888,0.1040925212962681,0.1150412788876425,0.1118228393003303,0.1072634674265619,0.0814654257737896,0.0710219177251644,0.0892775942037772,0.0860399551338405,0.0874778953325046,0.0752852133668818,0.0855033801194409,0.076078455148998,0.0883368195551782,0.0820515152433786,0.0961843554531582,0.1004607875829871,0.0808197168581562,0.1008134517638261,0.0813229454027343,0.0924323723487029,0.0928951809298612,0.0989450389547397,0.0934115459625508,0.0998110366710117,0.1018259718474954,0.1014611816776305,0.102048281646305,0.1018461818292053,0.1009458271440263,0.0751164600196036,0.0268287507199805,0.0197653621123472,0.0202594961651559,0.0198239710593061,0.1141884176594819,0.1142369216155858,0.1138549529612675,0.1138549529612675,0.1152736936773071,0.0930851547579348,0.0882731581127918,0.0817069350552237,0.0817807014884651,0.0735077454754903,0.0930871757561059,0.0901375289255362,0.0852820808197168,0.080592354563919,0.0782298077020239,0.0859106112508967,0.1094613029375208,0.0816584310991198,0.1082224310586998,0.112337183334849,0.0236547730924302,0.0691363264316245,0.0683158011741999,0.0871464516324612,0.0641717444245712,0.0458018815492971,0.0480785359889248,0.0819605703256838,0.0556330271521103,0.0501581431068804,0.0231181980780307,0.0231181980780307,0.0231181980780307,0.0231667020341346,0.000565879487879,0.0638544477117247,0.1016622709956446,0.1034609593678317,0.0846474873940238,0.0716191226846939,0.0635381614979637,0.0727185456897161,0.0855195481048089,0.0923495114236921,0.0975252877396145,0.0170228675943047,0.0825971847495477,0.0781519992724406,0.017803983387395,0.0781247157971321,0.1018391083356068,0.101772415395964,0.101734016430715,0.101734016430715,0.0973696708804478
6040,3416,999611,4.84480415496999,1.7681498829039812,0.5655629139072847,2277,18,3428,5,165.49850993377484,292.6261709601874,0.4172185430463576,0.3455187637969095,0.3056181015452538,0.2376600441501103,0.2252097130242825,0.320419426048565,0.4102538631346578,0.4265011037527594,0.4225055187637968,0.4013686534216335,0.3969646799116997,0.3876048565121412,0.3575938189845474,0.1856843267108167,0.0833554083885209,0.3086865342163355,0.3738189845474613,0.4437637969094922,0.4755739514348786,0.4792825607064017,0.190055187637969,0.1819426048565121,0.4201434878587197,0.1830573951434878,0.1929801324503311,0.0965673289183222,0.144326710816777,0.0964790286975717,0.1543487858719646,0.1139845474613686,0.3033002207505518,0.3345584988962471,0.3345584988962471,0.3520419426048565,0.3599448123620308,0.2967439293598233,0.2975496688741722,0.3316666666666666,0.2973951434878586,0.3473841059602648,0.4155960264900661,0.3921633554083885,0.3773068432671081,0.3672626931567328,0.3636203090507726,0.354933774834437,0.1190397350993377,0.090055187637969,0.0948785871964679,0.0931236203090507,0.4036644591611479,0.4130353200883002,0.41341059602649,0.41341059602649,0.401523178807947,0.3953200883002207,0.3944039735099337,0.3728145695364238,0.3147571743929359,0.3171523178807946,0.3970198675496688,0.3748344370860927,0.3509050772626931,0.3165121412803531,0.3162472406181015,0.4532450331125827,0.4174724061810154,0.4181788079470198,0.4046136865342163,0.4298454746136865,0.2296357615894039,0.3748233995584988,0.374083885209713,0.3915452538631346,0.3214900662251655,0.1737306843267107,0.2779911699779249,0.269569536423841,0.2193598233995584,0.1609602649006622,0.2280684326710816,0.2280684326710816,0.2280684326710816,0.2255849889624723,0.010419426048565,0.424812362030905,0.4462472406181015,0.4451103752759381,0.4563465783664459,0.4438631346578366,0.3650662251655628,0.3969426048565121,0.4213796909492274,0.4225275938189844,0.4158278145695363,0.1531236203090507,0.4096467991169977,0.4196799116997792,0.1536865342163355,0.4197130242825607,0.367858719646799,0.3678587196467991,0.4055187637969094,0.4055187637969094,0.4210596026490066
7025,9432,118668,0.1790950168880678,0.74480491942324,1.342633451957295,2499,5,380,5,16.892241992882564,12.58142493638677,0.0281043890865954,0.0329964412811387,0.0314021352313167,0.0210011862396203,0.0161138790035586,0.0113309608540924,0.0116536180308422,0.0114021352313166,0.0345527876631079,0.0255990510083036,0.0131293001186239,0.0151174377224198,0.0157390272835112,0.0108659549228943,0.0032645314353499,0.0464341637010675,0.0651198102016606,0.0661304863582443,0.0605124555160141,0.0578600237247923,0.0240901542111506,0.0189988137603795,0.0387330960854092,0.033594306049822,0.0352645314353499,0.0313499406880189,0.0324602609727164,0.0314448398576512,0.0391838671411624,0.0384721233689204,0.0440332147093712,0.0395112692763938,0.0244080664294186,0.040085409252669,0.0243036773428232,0.0487212336892051,0.0472835112692763,0.0376322657176749,0.0459169632265717,0.0373285883748516,0.0530344009489916,0.0485599051008303,0.0503629893238433,0.0447924080664293,0.0397769869513641,0.032820877817319,0.0170344009489916,0.0131672597864768,0.0129015421115064,0.0131387900355871,0.0606310794780545,0.0651957295373664,0.0656037959667852,0.0656037959667852,0.0658695136417555,0.0360189798339264,0.0336512455516013,0.0303392645314352,0.0252953736654803,0.020673784104389,0.0350272835112692,0.0339549228944246,0.0306666666666666,0.0255421115065242,0.0228374851720046,0.0429039145907472,0.0401186239620403,0.0468042704626334,0.0474827995255041,0.0524555160142348,0.0110225385527876,0.036820877817319,0.0379406880189798,0.0404602609727164,0.0402657176749702,0.0187283511269276,0.0165741399762751,0.0259406880189797,0.0265290628706998,0.019900355871886,0.0114448398576511,0.0115871886120995,0.0114448398576511,0.0112028469750889,0.0003653618030841,0.0219074733096084,0.0417935943060497,0.0437580071174376,0.0378125741399762,0.0304578884934756,0.0197153024911031,0.0248635824436535,0.0359810201660735,0.0430225385527876,0.0489347568208777,0.007876631079478,0.0532574139976274,0.0529537366548042,0.0082467378410438,0.0536892052194542,0.0584626334519572,0.046538552787663,0.0555017793594305,0.0512550415183866,0.0547900355871885
936,2028,20050,1.0562593772652944,0.4615384615384615,2.1666666666666665,440,5,87,5,21.42094017094017,9.886587771203155,0.0368233618233618,0.0541666666666666,0.0525641025641025,0.0418803418803418,0.0292378917378916,0.0017806267806267,0.0263176638176637,0.0310185185185184,0.0418803418803418,0.0586182336182335,0.031125356125356,0.0326210826210825,0.034579772079772,0.0258190883190883,0.0190170940170939,0.0672720797720797,0.0759259259259258,0.0742165242165241,0.0682336182336182,0.0653846153846153,0.0130698005698005,0.0137108262108261,0.0324074074074073,0.0393874643874643,0.041559829059829,0.0549857549857549,0.0560897435897435,0.0560897435897435,0.0609330484330484,0.0607549857549857,0.0484330484330483,0.0580840455840455,0.0514245014245013,0.0597578347578346,0.0527777777777777,0.0585629581542164,0.0621794871794871,0.0569444444444443,0.0639957264957264,0.0599002849002848,0.0610398860398859,0.0603988603988603,0.0614316239316239,0.0614316239316239,0.0603988603988603,0.0354700854700854,0.040562678062678,0.0298076923076922,0.0303774928774928,0.0299145299145298,0.0368233618233617,0.0642806267806267,0.0711894586894586,0.0711894586894586,0.0718660968660968,0.0334045584045583,0.0546296296296295,0.0597222222222221,0.0597222222222221,0.0554131054131053,0.0370370370370369,0.0579415954415953,0.0579415954415954,0.0638176638176637,0.0585470085470084,0.0570156695156694,0.0615028490028489,0.0602564102564101,0.0599002849002848,0.0629985754985754,0.0108974358974358,0.0526353276353275,0.053596866096866,0.0573005698005697,0.0523860398860398,0.0409900284900284,0.0458689458689458,0.0413105413105412,0.0579059829059828,0.0182336182336181,0.0219729344729344,0.0217592592592592,0.0219729344729344,0.0191951566951566,0.0027421652421651,0.0547008547008546,0.0551994301994301,0.0561965811965811,0.0698717948717948,0.0630698005698005,0.0379629629629629,0.0421296296296295,0.053062678062678,0.0646011396011395,0.0683404558404558,0.0149572649572648,0.0649928774928774,0.0638888888888888,0.0169515669515669,0.0654202279202278,0.0681267806267806,0.0308404558404557,0.0664886039886039,0.0494658119658119,0.0664173789173788
4911,3166,42380,0.2725712888402831,1.551168667087808,0.6446752188963552,359,5,152,5,8.629607004683363,13.385975994946303,0.0098418516256023,0.0073372700739835,0.006706034073169,0.0060747980723545,0.0042896898119866,0.0034955541980587,0.0136903549854068,0.0138193171791216,0.0123667956288603,0.0060951605239937,0.0130591189845923,0.0120206339509943,0.0083010927849045,0.0113826104663,0.0124143080160184,0.0080160184619561,0.0108871241430801,0.0141111789859498,0.0145455779542523,0.0144641281476956,0.0082060680105884,0.0075680445258941,0.01237358311274,0.0096382271092105,0.0106291997556505,0.0107717369171247,0.0118237969184822,0.0110432362723138,0.0101337134324305,0.0099165139482793,0.0036788162628113,0.003760266069368,0.0022398696803094,0.0040046154890381,0.0022534446480689,0.0090748659471933,0.0095432023348943,0.0033055046494263,0.0100862010452724,0.0038892282630828,0.0040792778117151,0.0040589153600759,0.0041743025860313,0.0041743025860313,0.0040589153600759,0.0080567433652344,0.0023824068417836,0.0026063938098146,0.002423131745062,0.0027082060680105,0.0096178646575713,0.0112740107242244,0.0126382949840493,0.0126382949840493,0.0128283445326817,0.0087830041403651,0.0111382610466299,0.0094006651734201,0.00766985678409,0.0069503834928391,0.009427815108939,0.0105884748523721,0.0103305504649426,0.0078599063327224,0.0085454422045747,0.0100115387225955,0.0173284463449398,0.0083689676237018,0.0126111450485304,0.0162424489241837,0.0051245503291929,0.0072015203963889,0.0064073847824611,0.0076766442679698,0.0051245503291929,0.0051652752324712,0.0050498880065159,0.0132831059526233,0.0062716351048665,0.0037263286499694,0.0136156926627298,0.0137175049209257,0.0136156926627298,0.0135274553722934,0.0012081721305911,0.0050838254259145,0.0111586234982691,0.0108463992398017,0.0070589832349147,0.0076902192357292,0.014403040792778,0.0133577682753002,0.0117151971764066,0.010839611755922,0.0097671893029253,0.0095567773026538,0.0134460055657367,0.0105816873684924,0.0125907825968912,0.0099029389805198,0.016927984796036,0.0036516663272924,0.0169144098282766,0.0118509468540011,0.0169144098282766
2287,7055,128530,0.7966018760088839,0.3241672572643515,3.084827284652383,348,5,1274,5,56.20026235242676,18.218284904323173,0.1933245882524413,0.1840256522372831,0.1490016032648301,0.0962541903512607,0.0900451829179419,0.1787203031628042,0.1791575572074041,0.1837487246757032,0.1731234513919253,0.1460865763008307,0.1832677452266433,0.1600204051887479,0.1563766214837486,0.1654423553417868,0.0812563766214837,0.1738376329981052,0.2085410290045182,0.2388427342952922,0.2210902200845357,0.2072292668707184,0.1610552397609677,0.1568430257979886,0.2209736190059757,0.0891415245591021,0.1005247048535198,0.0741582859641451,0.0867512024486225,0.0719428654715055,0.114545984550357,0.1074770441626584,0.1932371374435213,0.204838944760239,0.204751493951319,0.2074041684885585,0.2070543652528785,0.1916484477481416,0.1914443958606616,0.2078997230724383,0.1912111937035417,0.2066025360734586,0.2187873487829762,0.2157411456055968,0.2148666375163969,0.2141524559102171,0.2136131759218772,0.1480104940970703,0.0330564057717533,0.0276344556187144,0.0261186415974347,0.0269639994169945,0.2035417577612592,0.2201136860515959,0.2166448039644365,0.2166448039644365,0.2111208278676577,0.1972307243842005,0.1777291939950444,0.1702958752368459,0.1355050284215128,0.119559830928436,0.2000583005392799,0.1938784433756011,0.184564932225623,0.1523830345430694,0.1407666520915317,0.1820142836321235,0.2237283194869552,0.1410727299227517,0.2280862847981343,0.229616673954234,0.1789389301851041,0.1042122139629791,0.1069086139046785,0.1372248943302725,0.0934120390613613,0.0543069523393091,0.0335665354904532,0.1678326774522663,0.0834426468444832,0.0917796239615215,0.1783850750619443,0.1783850750619443,0.1783850750619443,0.1753971724238448,0.0015449642909196,0.1463343535927706,0.2233639411164552,0.2273429529223144,0.2030753534470193,0.1860807462469027,0.1988631394840401,0.2052324734003789,0.204547442063839,0.2010785599766797,0.1975222270806004,0.14923480542195,0.1801195161055239,0.1780935723655443,0.1492785308264101,0.1772336394111645,0.2080163241509983,0.2080163241509983,0.2029150269639993,0.2029150269639993,0.1991692173152601
9983,7814,545591,0.6994114207103189,1.277578704888661,0.7827306420915556,663,5,3846,5,54.65200841430432,69.82224212951114,0.1530568633343349,0.1180139570603358,0.0881765668302781,0.0534074593475574,0.0546595879662091,0.1073725333066212,0.1555677985909379,0.1715549767938829,0.135961133927677,0.1150422384720691,0.1346155130388326,0.1202477545160105,0.1153427493405455,0.0953387425289658,0.0449898160205682,0.1060469464756752,0.1534375104344051,0.1900130221376339,0.1895221877191224,0.1825436575511702,0.119947243647534,0.1114160739924538,0.1571237770877157,0.0718621656816587,0.0800694514007144,0.0436742462185715,0.0598484089619018,0.0429530201342281,0.0720090821062472,0.0594777788907809,0.1556212227453337,0.1628000934922701,0.1626899061738287,0.1633276570169287,0.1631306554475942,0.1367391231760659,0.1368827005910046,0.1619252729640388,0.1368292764366088,0.1627132792413769,0.1766469665097331,0.1710541253464222,0.1689739223346355,0.1678653711309225,0.1673945707703094,0.0986944472269524,0.0203712978730508,0.0107616281011051,0.0111189021336271,0.0120638418645029,0.1689238371898894,0.1686366823600119,0.1692677551838124,0.1692677551838124,0.1670406357474372,0.1713145680991017,0.1387224949080102,0.126915756786537,0.1134027847340478,0.1084209823366388,0.1714848575912383,0.1417476376506727,0.1347557514441216,0.1223513305953453,0.1152759691475508,0.1169755250592673,0.1831780693846204,0.1006076997562522,0.1873785435239907,0.1910280810711542,0.1053891615746769,0.0852716284350061,0.0869678453370729,0.1027079368259373,0.0800160272463187,0.0343751043440515,0.0208921833784099,0.0534875955791511,0.0290093158369227,0.0369127516778522,0.1072790410364285,0.1072790410364285,0.1072790410364285,0.1062172359678118,0.0015092323616814,0.1268589936224915,0.1672743664229189,0.1719589969615012,0.1509332531971017,0.1333867574877291,0.1504724698654378,0.1584259908511135,0.1628835687335136,0.1583926007546161,0.1547931483521987,0.0894687635647266,0.1271728605295669,0.135617215933754,0.0880997696083341,0.134164746736118,0.1589535543757721,0.1589535543757721,0.1629470099168586,0.1629470099168586,0.1604995158436007
4905,2420,53258,0.4486735579312726,2.0268595041322315,0.4933741080530071,94,5,311,5,10.8579001019368,22.007438016528926,0.0273870200475704,0.0313081889228677,0.0283656133197417,0.0204145429833502,0.0149167516139992,0.0133129459734963,0.0134964322120284,0.0159089364593951,0.0341963982330954,0.0234658511722731,0.0171593611960583,0.0215086646279306,0.0191437308868501,0.0200203873598368,0.0150798504926944,0.0421338769962622,0.0549099558273869,0.0573156642881412,0.0537410805300713,0.0513217804960923,0.0232008154943934,0.0203126061841657,0.0369622833843016,0.0340604825008494,0.0368059802922187,0.0346109412164457,0.0355079850492694,0.0342235813795446,0.0393272171253822,0.0384913353720692,0.0536391437308867,0.0476792388718993,0.023893985728848,0.0530003397893305,0.0239211688752972,0.0437512742099897,0.0436561331974175,0.0523411484879374,0.0433435270132517,0.0524974515800203,0.053734284743459,0.0530207271491674,0.0537682636765205,0.0537682636765205,0.0530003397893305,0.0265579340808698,0.0150594631328575,0.0126333673122663,0.0117363234794426,0.0121712538226299,0.0477268093781854,0.056540944614339,0.0560720353380903,0.0560720353380903,0.0548419979612639,0.0368331634386679,0.0352361535847773,0.0336323479442745,0.0289024804621134,0.0260414542983349,0.0331090723751273,0.0345022086306489,0.0331634386680257,0.0271491675161399,0.0267618076792388,0.0341692150866462,0.0414610941216445,0.0381787291879034,0.0457220523275569,0.0481209650016988,0.013734284743459,0.0328032619775738,0.0312878015630308,0.0310023785253142,0.0340876656472986,0.0207135575942915,0.0213047910295616,0.0338430173292558,0.0292014950730546,0.014685694869181,0.013170234454638,0.0131566428814134,0.013170234454638,0.0124023105674481,0.0011756710839279,0.0232619775739041,0.0406727828746176,0.041902820251444,0.0334216785592932,0.0277132178049608,0.0222697927285082,0.0229357798165137,0.0284675501189262,0.0384369690791708,0.0442065919130139,0.0103160040774719,0.0516955487597689,0.0465987088005436,0.0107781175671083,0.0471015970098538,0.0515052667346245,0.0342167855929323,0.0502752293577981,0.0434590553856608,0.0496296296296295
