num_users,num_items,num_interactions,density,user_item_ratio,item_user_ratio,highest_num_rating_by_single_user,lowest_num_rating_by_single_user,highest_num_rating_on_single_item,lowest_num_rating_on_single_item,mean_num_ratings_by_user,mean_num_ratings_on_item,BPR_0,BPR_1,BPR_2,BPR_3,BPR_4,CDAE_0,CDAE_1,CDAE_2,CDAE_3,CDAE_4,DMF_0,DMF_1,DMF_2,DMF_3,DMF_4,EASE_0,EASE_1,EASE_2,EASE_3,EASE_4,ENMF_0,ENMF_1,ENMF_2,ENMF_3,ENMF_4,ImplicitMF_0,ImplicitMF_1,ImplicitMF_2,ImplicitMF_3,ImplicitMF_4,ItemItem_0,ItemItem_1,ItemItem_2,ItemItem_3,ItemItem_4,ItemKNNRP_0,ItemKNNRP_1,ItemKNNRP_2,ItemKNNRP_3,ItemKNNRP_4,ItemKNN_0,ItemKNN_1,ItemKNN_2,ItemKNN_3,ItemKNN_4,LINE_0,LINE_1,LINE_2,LINE_3,LINE_4,MacridVAE_0,MacridVAE_1,MacridVAE_2,MacridVAE_3,MacridVAE_4,MultiDAE_0,MultiDAE_1,MultiDAE_2,MultiDAE_3,MultiDAE_4,MultiVAE_0,MultiVAE_1,MultiVAE_2,MultiVAE_3,MultiVAE_4,NCEPLRec_0,NCEPLRec_1,NCEPLRec_2,NCEPLRec_3,NCEPLRec_4,NMF_0,NMF_1,NMF_2,NMF_3,NMF_4,NeuMF_0,NeuMF_1,NeuMF_2,NeuMF_3,NeuMF_4,PopScore_0,PopScore_1,PopScore_2,Pop_0,Random_0,RecVAE_0,RecVAE_1,RecVAE_2,RecVAE_3,RecVAE_4,SVD_0,SVD_1,SVD_2,SVD_3,SVD_4,SimpleX_0,SimpleX_1,SimpleX_2,SimpleX_3,SimpleX_4,UserUser_0,UserUser_1,UserUser_2,UserUser_3,UserUser_4
22363,12101,198502,0.0733522706417427,1.8480290885050823,0.5411170236551447,204,5,431,5,8.876358270357287,16.403768283612923,0.0978698572859596,0.099766647395302,0.0956998094823427,0.0680322639826693,0.054396110924529,0.0269495496725687,0.0509033967976162,0.0775096944282517,0.082312918186227,0.0614185167313205,0.0672918157431345,0.0795672495327535,0.0759684464543825,0.0552525687537563,0.0237758031985006,0.1006404440898765,0.1279786635672272,0.1468971005446516,0.1432823436084389,0.1408279568927872,0.1167870591508056,0.1056194281724063,0.1001811200719001,0.131956616050142,0.1315428212999869,0.1269552681842092,0.1302183753115075,0.126969636310796,0.1372630712165272,0.1344512847342418,0.1099010279262358,0.1090664489878866,0.0443416016660764,0.1104011361987011,0.0442814368220251,0.1197088583417641,0.1207689489033899,0.1065465403308154,0.1212275689617457,0.1083566885113828,0.11280508309856,0.1102687645770442,0.1144631338694549,0.114499205356584,0.1104205161269035,0.0949717438062184,0.0459135942006218,0.0383923599552424,0.0390409126531022,0.0399580396549727,0.1554818554115317,0.1587717148228141,0.1590283655499166,0.1590283655499166,0.1594644838790928,0.1105776547608044,0.1101161056762776,0.1027154656102155,0.098403041104006,0.0931233543695051,0.109113976158673,0.1120804119824449,0.1057031410838087,0.0979342149424365,0.0952252973501915,0.0932091218643948,0.109025771890952,0.094000751929347,0.1117317402502932,0.1257407028995568,0.0073523266247876,0.0842242856894748,0.08565482306227,0.0661561788481434,0.0856958973059737,0.069112444954631,0.0632308496431977,0.0938123832104283,0.0769525201918491,0.0685914250524894,0.031911863002059,0.0318368563510115,0.031911863002059,0.0311215698363361,0.0015705959690888,0.0779895623584522,0.1157086446596651,0.1190601742366065,0.1104372227250352,0.0831141061988343,0.0683773395833767,0.0765738336546822,0.0861077558719544,0.0956654218527624,0.1026459288829272,0.0221395615644723,0.13077664495788,0.1240966769394606,0.0228403937115366,0.1234209368749628,0.1427452182349915,0.0779953290750277,0.1411703337627087,0.1075430412323173,0.1408855308565843
1819,14868,984499,3.640240086741704,0.1223432875975248,8.173721825178669,7025,15,1541,5,541.2308960967565,66.21596717783159,0.451081163531507,0.3893909305277142,0.3574329917016462,0.2807683076314158,0.2446797161356244,0.3629970693146842,0.4361223317703164,0.4588070179754576,0.4439379279602022,0.450076927187258,0.4296646497272585,0.420331506636701,0.4114554861924687,0.3549126490562774,0.0997017786581294,0.3553948547352196,0.4070836886083797,0.4878242652320157,0.5344974925136003,0.540130341904477,0.3308142270214446,0.3257886764862751,0.3810866519901907,0.2258566717014525,0.2137660172436875,0.1216645773137406,0.1610057934691021,0.1206229692876916,0.170076625637369,0.1352672788449641,0.3893596380685534,0.3853873280801032,0.3853873280801032,0.3846840883516063,0.3867601514052758,0.3883880035305817,0.3907931983488501,0.3616663281655146,0.3910749386646394,0.3525954211175099,0.4661489534849808,0.435133731351944,0.4230183343945966,0.4149568644855835,0.4078003007280865,0.3439703557580772,0.0912623374722229,0.0668459146882845,0.0689463136510641,0.0689012340921369,0.4312529729868723,0.4843860890011727,0.4867325038237039,0.4867325038237039,0.4807291582068064,0.3820354803645004,0.4462194307854751,0.4427407400402717,0.3703022458726099,0.396281484014631,0.3955326789665223,0.4299135236329489,0.3966626371615461,0.3614013711757258,0.3611108300104056,0.487460489782569,0.4349195304984642,0.4587763753753512,0.39660404442065,0.4377022182076076,0.3616214907902708,0.4738874379154948,0.479270387102081,0.5010003426210278,0.4625784932364304,0.1998211473793309,0.2540738922797797,0.2353917271266646,0.2332928961523671,0.1877853727503408,0.3633936329793399,0.3633702030466191,0.3633936329793399,0.3617957532592568,0.0081500618002233,0.4861304722103063,0.4162322937853287,0.4179256703830475,0.5159708839184175,0.5031377384645094,0.4178793185605139,0.4320342252226457,0.4424514781759942,0.4491089574022011,0.4506658193008796,0.2435017471567892,0.3950357854025964,0.4092403324646528,0.2435338747914806,0.4114906010284727,0.3973812508745159,0.3973757533484027,0.4336035145397747,0.4336035145397747,0.4493992562671769
9930,24780,206241,0.0838155222148258,0.400726392251816,2.495468277945619,1747,5,218,5,20.76948640483384,8.322881355932203,0.0249444178269507,0.0237834375052065,0.0219036827786605,0.0125363188108878,0.0098560265089101,0.0100328516447837,0.0120658989125592,0.0129708911083158,0.0288776399639998,0.0210178767818553,0.0205172468090985,0.0202954220247673,0.0207085284191716,0.0147646913026847,0.0019067631804669,0.0331509149313555,0.0410043502264957,0.0442674657175629,0.0415624283050741,0.0398675052793938,0.0244258684618883,0.0208818891860149,0.0197279384244299,0.0354665046803537,0.0350133340416023,0.034774653292275,0.0357752928358537,0.0346958701521172,0.0399358611884029,0.0387771090452733,0.0211434399213855,0.0247802298163409,0.015475438769858,0.0246561779784539,0.01611067489141,0.0262253385810787,0.0288528398932255,0.022315185771047,0.030206264222857,0.0231617457710191,0.0275913317354278,0.026069306208618,0.0253690901991295,0.0250422849443431,0.0247043687784429,0.0228565806569065,0.0119918444381605,0.0094430956707924,0.0092396275582393,0.0099682447827013,0.0345334145511883,0.0359767472228725,0.036206978965404,0.036206978965404,0.0362928175467646,0.0294739535376103,0.0327251426530209,0.0317241113664934,0.0263395963945686,0.0202262319425128,0.0304892116113318,0.0345007156769524,0.0347520167937586,0.0304896335141229,0.0177783963422215,0.0145245736104962,0.013683033975199,0.0183390228896691,0.017267082077208,0.0232114564579348,0.0034094721712106,0.012640342776589,0.0128331450030307,0.0078457323577888,0.0157747556834828,0.0137315348525631,0.0125339620803058,0.0243351079326357,0.0195677962654966,0.0158063998826744,0.0116659103512058,0.0116370214627114,0.0116659103512058,0.0117664986418271,0.0008352160117777,0.0227335001904253,0.0337319823307261,0.0342947279872629,0.0283617143406621,0.0266197579192747,0.0061861099270721,0.0064620714592653,0.0101155645099084,0.0153725979963878,0.0191824830995254,0.0084074513662565,0.0382682670171235,0.0376465422176981,0.008555463483213,0.0376010016328733,0.0458651273372003,0.0049093632562082,0.0457932965358511,0.0160667596919642,0.0457781907956699
576,550,13116,4.140151515151516,1.0472727272727274,0.9548611111111112,146,5,352,5,22.77083333333333,23.847272727272728,0.3948453447316644,0.5209260603610046,0.5117583557754642,0.4252703704110598,0.3633076035800332,0.2047887294039093,0.4502278296116579,0.4837983580388766,0.5144736391283653,0.4109317714661094,0.4040105495937862,0.4870054517546293,0.5141346074391175,0.4971124075281873,0.4637139668556561,0.421436558503404,0.5060877240058822,0.5471938273681775,0.533730484656657,0.5151821526003189,0.0795162562400452,0.0851700038327279,0.4049534487363031,0.4795322169388941,0.4950946622478566,0.2849882919815679,0.3028935531284925,0.2991907977789443,0.2375035483725176,0.2404173918040903,0.4598864986501644,0.4824508869389625,0.4308883869389626,0.4873336892859677,0.4359733842083961,0.4815451627686373,0.4842471611134537,0.4908766977364597,0.4850608624073939,0.4874057687152291,0.4878067474058831,0.4875011619861739,0.490478093243186,0.490478093243186,0.4875011619861739,0.1803353816212191,0.1732531690714256,0.1529281625923621,0.1527380250471468,0.1579935651395435,0.4381882119747751,0.5326779007074414,0.5359328780172594,0.5359328780172594,0.5322870088687781,0.5066183202663708,0.5320253792466205,0.5234158034019762,0.5037186895494832,0.5022705968590901,0.5017215898957303,0.5320055657837843,0.5228819828802495,0.5189906664053658,0.5133466289642519,0.275106054067693,0.4995493764846431,0.2274831884124646,0.3664780063531191,0.4989976689782788,0.3724525908209151,0.1696238778066451,0.1704558720946427,0.2096865380428895,0.1218402046007421,0.473243863003683,0.4847477126380957,0.5070097787262713,0.5240543992629341,0.2066921513937606,0.4103145771234651,0.4098076219989113,0.4103145771234651,0.3391102597564639,0.0396536498882667,0.4064254722309902,0.529576043353254,0.5395673448080891,0.5192980394338109,0.524767938279411,0.5120043434046675,0.5236138436255342,0.5275320346676529,0.5268312665302152,0.5216711796542405,0.3438318043949252,0.5193140819487649,0.5051744793331239,0.3343129719595873,0.5100548119443646,0.5278135806443823,0.527744136199938,0.4911189360676589,0.4911189360676589,0.4787721878630676
24303,10672,231780,0.0893655752052377,2.277267616191904,0.4391227420483068,773,5,802,5,9.537094185902976,21.718515742128936,0.1502564065840481,0.1584271502024966,0.1500020594680696,0.0999451733429306,0.0795085599364224,0.03408528239587,0.0552645625897628,0.1297050137633199,0.1074858771245029,0.076588300635798,0.0895772375125523,0.1129121258540437,0.1097311104933601,0.0618379330457932,0.0253708902442479,0.1293446945618045,0.171584063107671,0.1972181347152989,0.1928546221509575,0.1882550840212767,0.1722471174374925,0.1578207538145069,0.1409064397004778,0.1937085690761162,0.1939787969166016,0.1878366327057492,0.1930824212524747,0.188375596695602,0.1983394622536801,0.1938662507828404,0.1481457446749188,0.1534778056007422,0.0732793063626182,0.1528138569173195,0.0735143518797802,0.1735370654124053,0.173349325094094,0.1394570276659002,0.1731987734490597,0.1462978802743759,0.1566602518695655,0.1506191588301047,0.1591355711019577,0.1596248267495195,0.1527513142891906,0.1510803486273777,0.057252768692529,0.0488798234704245,0.0505867187405041,0.0506836085606249,0.2149518382352678,0.2174590164944344,0.2172464427290618,0.2172464427290618,0.2173234607814636,0.1701180453487014,0.1574580546542202,0.1448773120688763,0.1411326396623198,0.1279181382200311,0.1672591853003054,0.1626337714417817,0.1537339951490499,0.1440300457167789,0.136173636502827,0.1354427037051358,0.1608047889419498,0.1343698776051659,0.1627280502016038,0.1782413556620998,0.0297450153984023,0.112572548896725,0.1136020665227308,0.1076325817226321,0.1117010477298116,0.1069259615738387,0.1005401856668918,0.147680596357408,0.1176328094468011,0.0988607237854521,0.0380386000942725,0.0380351352401719,0.0380386000942725,0.0381969258330095,0.0016791871854111,0.1087868147613427,0.1697786015013315,0.1733900523858113,0.1510568134992975,0.1185842049175646,0.0894026495516449,0.1059686841554509,0.1244889306258731,0.134798492856054,0.1494896829635975,0.0297022154865794,0.1889625967359738,0.1929799082767221,0.0306472512821201,0.1926210054477452,0.1862639895796907,0.140487808320853,0.1850057371488859,0.1728995630466619,0.1848955529747154
1062,3895,40825,0.986947871262834,0.2726572528883184,3.667608286252354,318,5,273,5,38.44161958568738,10.481386392811295,0.0957965314982202,0.0955236233978515,0.0855864978396287,0.0589355616509024,0.0459631532685834,0.0537812281726372,0.0765407581500311,0.0785413515258846,0.0906122822011777,0.0707618575956106,0.0788493810616258,0.0914841493457181,0.0859249082663488,0.0832308297079771,0.0717174659398207,0.1017849793410829,0.1198953508023884,0.1314041217826353,0.1226167429411643,0.1160484614170048,0.0563210302573353,0.0590822322275768,0.1039751412854252,0.0973755786111263,0.1018104184424083,0.0960082765622286,0.0976318960737853,0.0959728603120357,0.0998477891101335,0.0979491467366657,0.0891628987339443,0.1227857603775245,0.11672486897765,0.1288310731388515,0.1223360455510496,0.1214619410023766,0.1195111298913269,0.1048302179327742,0.1171635112052237,0.1254882346690693,0.101862061808232,0.1177289678932775,0.1283338120279051,0.1313098268031057,0.1284907180995669,0.0649900576606205,0.0354779360139813,0.0278109771589201,0.0271936470351094,0.0277926465621275,0.0684247889300494,0.1100426502295456,0.1172665140205938,0.1172665140205938,0.1178365853470364,0.0885708870306393,0.0972159035457735,0.0867103608483634,0.0760528710362541,0.0669575507841848,0.0907302266396037,0.097496965684377,0.0885678526737585,0.0814409726514858,0.0738204357932454,0.102960037946657,0.1140432205364382,0.0969041591203394,0.1086230573400641,0.121238609086294,0.0761476353779925,0.0778086209054925,0.0776693923876717,0.0830601170101528,0.071673710252382,0.075339242121811,0.0741482058504018,0.1049785895931231,0.093705732215313,0.0440285999859909,0.0766542219595996,0.076584065623548,0.0766542219595996,0.0759849859276797,0.0053124436820278,0.0696061703766877,0.0980811853029191,0.097936437771472,0.1005322460661705,0.0785498980233198,0.0965507702863617,0.1011273649448379,0.1099350701553959,0.1151914585467654,0.1195845471602192,0.0675248524673276,0.129228618355667,0.1241260119206105,0.0676297782324657,0.1233869965757417,0.1164001055634269,0.1063164739826202,0.1104840913352439,0.1064351271167882,0.1104268094771146
23724,29794,687070,0.0972040269729623,0.7962677049070283,1.255859045692126,1763,5,1340,5,28.9609677963244,23.060683359065585,0.0632223507118516,0.0924563495479386,0.0890739284418823,0.0614191485241473,0.0537624598178014,0.03521376584304,0.0454888501124637,0.0758001858443713,0.0953950674194732,0.0750373063229013,0.0575179254278504,0.055696711455931,0.0485855482072288,0.0326031018816472,0.0248907417000099,0.1136514497848612,0.1595882793293769,0.171279933712402,0.157379927128934,0.148841483393254,0.100191932635128,0.0872350599464254,0.0884162399530384,0.1158296566673757,0.1171899894148359,0.1051770754078494,0.1127173369061339,0.1056737435412662,0.1210298477636515,0.1155343381309502,0.1373200704622807,0.1372346880989752,0.0976537510069734,0.1393454493317106,0.098107943533413,0.0984930321828342,0.0942621192166025,0.1238941419236082,0.0941944446031618,0.1277639147064952,0.148859483342214,0.1377451287429709,0.1419938266522778,0.1418726444350992,0.1378547107793424,0.0645097053039669,0.033654964933738,0.0271654193470688,0.0283226516007257,0.0281031050043696,0.1770880202556838,0.1808464343078289,0.1818231985908377,0.1818231985908377,0.1811983618200663,0.1012739134609656,0.1067128938876706,0.0943306172450376,0.0930476223097569,0.0757296663203102,0.0995520574960067,0.1103048069149782,0.1054478818869553,0.1022254486130663,0.0799433226170385,0.0908954196996217,0.0875114443895841,0.0956631333972909,0.1005125537667826,0.1216722154817996,0.030077670179591,0.0728199170632411,0.0739326218807885,0.0692325366352372,0.0796152590230617,0.0610924511951159,0.0485034239072757,0.0786221993417111,0.066823228290749,0.0665751167081284,0.0354517793545843,0.0354493305585088,0.0354517793545843,0.0355359941344868,0.0006980519158579,0.0877579754834094,0.1284063857617601,0.1323587750534479,0.1195940221715771,0.0979473715597742,0.0621072337454863,0.0704691296344925,0.0796736165482406,0.0853613076803224,0.0940227246171905,0.0276796829778535,0.1158705424452821,0.1279403525874591,0.0276010859833566,0.1294464917000752,0.125077373072271,0.1151563541698781,0.116863202926354,0.1127529352083473,0.1087006343322339
35598,18357,296337,0.0453480454569589,1.93920575257395,0.5156750379234788,296,5,1042,5,8.324540704533963,16.142997221768262,0.064571129337016,0.0566021531449518,0.0518372604330362,0.0318248291068688,0.0268168723907822,0.0273680107646022,0.037635036841956,0.0710000914916297,0.0340575613962352,0.0259297810653114,0.0497331456048304,0.0467299511377956,0.0460283077305442,0.0370085752264091,0.0221884304347278,0.0562434754454738,0.0792967835375827,0.0993269508498928,0.0995491834916982,0.0987958319968123,0.0808027459254042,0.0722012559686045,0.0625194654339825,0.0904563124340485,0.0894149236262352,0.0859868974725363,0.0896316211141557,0.0860325161329226,0.0926659717916894,0.0899138472478664,0.0557678019921484,0.0599072519908947,0.0189639095092006,0.0570649989329768,0.0189717992775404,0.0757129715545296,0.0768535705463982,0.0515786681245586,0.077026831547999,0.0548270873020762,0.0561065671005353,0.0560282613663425,0.0613849838865473,0.0616379425705274,0.0569983975674186,0.0589106053793893,0.019043081399143,0.0162205212665407,0.0164049029693396,0.0168368376615715,0.1045658364094881,0.1063466600380371,0.1075308423182053,0.1075308423182053,0.1082356395746794,0.063268153393274,0.061596556775707,0.0578496530902727,0.0557690904989427,0.050184791153053,0.0624158588683665,0.0652676895010618,0.0615168973225937,0.0552284297566404,0.0522172451127385,0.0563783058281785,0.0717988934626031,0.0561300673059129,0.066017639916283,0.0803489956119851,0.0268603283532916,0.0536415669441592,0.0538945248050378,0.0271358348929395,0.0539952963820425,0.0342796203832849,0.0321641993487573,0.0530198887271785,0.0372679868436756,0.0329178228631103,0.026669960528664,0.0266267866210876,0.026669960528664,0.0263100137556462,0.0010374628274509,0.0391350229962919,0.0603587942698026,0.0622490002667652,0.0626193451686326,0.0464909929482661,0.0451152769941622,0.049659198749617,0.055698047353261,0.0615504253965966,0.0657792424954866,0.0205109712169721,0.0951008558042097,0.0896324037485329,0.0208034720635523,0.086288878249327,0.0988906669593247,0.0436924990361441,0.0988792227139341,0.0744416539901695,0.0988795036285922
4096,136,97879,17.570764878216913,30.11764705882353,0.033203125,130,5,4094,163,23.896240234375,719.6985294117648,0.8637074680921127,0.8057558129794995,0.7695584640493779,0.7054894026444936,0.5859447836678775,0.8218158119232999,0.8711602653980648,0.8670689060443884,0.6976395542686544,0.6916897742567409,0.7355140963630765,0.3491753974029043,0.356223718152737,0.5066870505068876,0.2125091672667046,0.8687130036805304,0.8709823816676552,0.8813992474963044,0.8877413558233572,0.8840235718823151,0.8108348906609273,0.8061970996820541,0.8536906414907076,0.8496685198043277,0.8420415040122574,0.4360197566772772,0.3927280871005039,0.4238824600656199,0.2105837147399934,0.2652388499887702,0.8233869129563146,0.833349646949527,0.710546912574527,0.8228634614132077,0.6974126300561306,0.8251072601373639,0.825773688389693,0.8202129230248806,0.825773688389693,0.8202129230248806,0.8205360168118349,0.8202129230248806,0.8205360168118349,0.8205360168118349,0.8202129230248806,0.5518757924483249,0.2373617257035988,0.3906567466542406,0.3229481842675224,0.3046227404909986,0.8327298210225014,0.8610929383216306,0.863022811064174,0.863022811064174,0.8562309283977992,0.849984849395329,0.8740713058460683,0.8668655636668359,0.8308470340602592,0.7687897976455982,0.8455795524780916,0.8759490039368449,0.8720504834822567,0.8444627291145226,0.7516273739250509,0.2430996308544403,0.7082289720017136,0.6200142631756858,0.8180276319900817,0.8206728196579636,0.8016717075430402,0.3815196038285317,0.5383405149085742,0.7044880511371285,0.8180889429904269,0.6592393354424291,0.6309767825670867,0.8310898796779513,0.6367029894632656,0.4231716973034466,0.8095109013330937,0.8096077032391571,0.8095109013330937,0.2701538071502538,0.1798781166301052,0.8658724854498596,0.8420165047989692,0.8397237322953494,0.8673033459108922,0.808926548802946,0.8536574194154269,0.8572245949222941,0.8568713260307586,0.8478830341548065,0.847138567035274,0.7593242231533553,0.8235641524593575,0.8328227348543665,0.754972033830206,0.8363125983547327,0.8754954334393348,0.8754954334393348,0.874471573769284,0.874471573769284,0.8698935798215318
132,294,2027,5.223149866007009,0.4489795918367347,2.227272727272727,66,5,29,5,15.356060606060606,6.894557823129252,0.0846774311547038,0.1623180397044033,0.2147549462322189,0.2388113149476785,0.2226010899874535,0.0817333298015115,0.1347233406324315,0.1687075298438934,0.2741961826052735,0.2401101213601213,0.1284940312213039,0.1197177611950338,0.1239836888700524,0.1416033377397013,0.1265710383892201,0.2381939903530812,0.2656367958640686,0.2727545476409112,0.2606284330147966,0.2567106840970477,0.0885993341675159,0.0878669562760471,0.1335009771373407,0.1880612064702973,0.2078187174778083,0.2022756872756872,0.2028517400108309,0.1994978716569625,0.174596607096607,0.168635901135901,0.216255339778067,0.2437883160610433,0.1745963968691241,0.2421764010400374,0.1744996333632697,0.2520132056495693,0.2513408224771861,0.2421764010400374,0.2513408224771861,0.2421764010400374,0.2395469681833317,0.2421764010400374,0.2395469681833317,0.2395469681833317,0.2421764010400374,0.0780785964876873,0.2356120058392785,0.2163689256871074,0.2159149814831632,0.2190548046229864,0.1398910222773858,0.2428272148726694,0.2688263083717629,0.2688263083717629,0.2765250742523469,0.2497116940298758,0.2688669537533174,0.277343746321019,0.2485039749812477,0.2298782404464222,0.2256608458881185,0.2645189238371056,0.2705635736317554,0.2569186074867892,0.2553722455995183,0.1519927925609743,0.2173756672620308,0.2566846831619559,0.189220880129971,0.2145077018940654,0.0757206093569729,0.194852231102231,0.2168392255892255,0.2411604304786122,0.2555953852544761,0.2003410015910015,0.2395957745957745,0.129567377067377,0.2347069933433569,0.1891637150728059,0.1326579901579901,0.1294796869796869,0.1326579901579901,0.090859742109742,0.0806626033898761,0.2071723983087618,0.24472730552276,0.2393653526608072,0.2595584297857025,0.2309507790189608,0.217405166382439,0.2440093576457212,0.2443045716909352,0.2700320849184485,0.2680497616861252,0.1147792569383478,0.2252746117518844,0.2421274642865551,0.1158716367807276,0.2266014036468581,0.2812469727242454,0.0063351000851,0.2812469727242454,0.1383021397794124,0.2812469727242454
547,547,4524,1.5119866046810089,1.0,1.0,40,5,50,5,8.270566727605118,8.270566727605118,0.0326699747540697,0.0487337860189779,0.0495477496300165,0.0514242186819882,0.0517811439018019,0.0357743536171323,0.0761704535561939,0.0950892313049533,0.0752015321667972,0.060235048315487,0.0759632628188386,0.0746195699486375,0.0714629581265778,0.059744058500914,0.0702681291895185,0.0653908766431617,0.0728810829633498,0.0785178897884564,0.0784656568294593,0.0782828414729694,0.0420784364934273,0.0406494297901975,0.056204404979542,0.062386175676852,0.0562235570645076,0.0600657264734046,0.0612091930007834,0.0578728127448419,0.0617750500565856,0.0595412205101418,0.0679603029511621,0.0638317228170975,0.0076525637677373,0.0682802298250195,0.0076525637677373,0.0754243927918516,0.0746931313658918,0.0686458605379994,0.0746931313658918,0.0684630451815094,0.0679759728388612,0.0680974144685296,0.0679759728388612,0.0679759728388612,0.0680974144685296,0.0393540524070687,0.0542970314268302,0.0547723513537041,0.0569173848698528,0.0561221380691215,0.0426395055279881,0.0609845912770958,0.0643436058152694,0.0643436058152694,0.0739897275180638,0.0774941237921127,0.0676025071820318,0.0710268129189518,0.0641499085923217,0.0648459127709584,0.0809475929311395,0.0609175589797161,0.0672682162444501,0.0598119613476102,0.0596987899364498,0.0563841734134238,0.0892817968137894,0.0537211630538869,0.0524445024810655,0.0892970314268302,0.0891203099155566,0.0487485853573604,0.0487316096456863,0.0486693653695481,0.0433716375032645,0.0569630887089753,0.0597209889440236,0.0966823365543657,0.0635688169234786,0.0544885522764864,0.0981148254548619,0.0975054409332288,0.0981148254548619,0.0591751545225036,0.035204143814747,0.0500374336206145,0.0546439453295028,0.0663558805606337,0.0581426830329937,0.0602354835901453,0.0832776181770697,0.0830060067902846,0.0696661443370766,0.0642391398972751,0.0632741359798032,0.075265952816227,0.0643975798728997,0.0606468181422477,0.0805523635413945,0.0644981283189692,0.0822133716375032,0.0002742230347349,0.0822133716375032,0.0150892313049533,0.0822133716375032
1686,962,13272,0.8182833805609605,1.7525987525987523,0.5705812574139977,66,5,296,5,7.871886120996441,13.796257796257796,0.119878609593912,0.1819012024617006,0.1763948454339912,0.1484671075596342,0.1286940863275382,0.0253109895903489,0.1120985179970945,0.1178916582297364,0.17757674709632,0.1656834239307548,0.1296113290953148,0.1328573963271472,0.1437288044761354,0.1298848087460186,0.1329930607154806,0.1629475737126982,0.1958252186721937,0.2172303477463619,0.2194352869352869,0.2171540894850502,0.127937271967521,0.1286650205600383,0.1702660928105767,0.1746170647594134,0.180035120079604,0.1826522377056184,0.1833185089590783,0.1838208321927182,0.1742926448798334,0.172441169611988,0.2095992566811071,0.1952265514898966,0.0758750291490504,0.2123803150849414,0.0758678595689271,0.2137927477162352,0.2137087767247908,0.2102928157910363,0.2141247210019451,0.2112237314550481,0.213925815847524,0.2124396270659615,0.2153620131022265,0.2153620131022265,0.2124396270659615,0.108341574729475,0.1100785901853516,0.0899708473284985,0.0872410369385458,0.0879885634334032,0.162404478018357,0.2249508992391554,0.2271703441543298,0.2271703441543298,0.226763314779329,0.1977949159710725,0.2043873955884631,0.2021743924323994,0.1813617241464216,0.1816938060621334,0.1883001649727627,0.1993177673782655,0.2062346668752362,0.1916680679936907,0.1882606019260822,0.1476704766829321,0.2060477798200217,0.1457464691628392,0.170039715128683,0.21241802780059,0.0988682129785332,0.1241785616518712,0.1200882944655186,0.1368278482424389,0.1028957753068073,0.1561347924515183,0.1608077292418929,0.1625541846449319,0.1950774387073319,0.0746638517012182,0.1178509400840361,0.118187041309817,0.1178509400840361,0.1029927710354756,0.0211906644824793,0.136433492367656,0.2030098657767696,0.2056323823138769,0.1869777286770168,0.1880401590632907,0.1470640134875009,0.1569074667918084,0.1699852697717466,0.1886337423615003,0.2040898254243449,0.1025484489808332,0.2119823345890961,0.2051677790378857,0.1084668432266296,0.2049666361054261,0.2239328767976454,0.1150953916256407,0.2229666781090268,0.1588603119563973,0.2229666781090268
241,1594,20539,5.346553725849529,0.1511919698870765,6.614107883817427,702,5,77,5,85.2240663900415,12.885194479297365,0.2635252575060907,0.3732406235717387,0.3817635330967294,0.3488338028575429,0.2894061663891963,0.1390290916627902,0.1778008598988648,0.2271401433596171,0.3513580501104748,0.3005922899787473,0.1598932603879098,0.2510759710552241,0.2837630822132319,0.2053915845903885,0.1489641250523089,0.3950237516930411,0.4397024103607868,0.4457073512125347,0.4153990832080705,0.3871611426297782,0.0490340180047989,0.0530525055336534,0.1695419547900823,0.2740293651561524,0.3012665701867043,0.3867674015845656,0.3910556648958624,0.3904015871665499,0.363739294222671,0.3642137702203475,0.356127423142312,0.3432264835203763,0.3266289731469323,0.3336199839866836,0.3165174070377492,0.2667181082552085,0.2709863682999995,0.32245792162082,0.2776065570229464,0.3154454006612839,0.3894171802480513,0.3541369108854624,0.3451583624315597,0.3445499834756094,0.3406252908551765,0.1408817354769463,0.2514600930188715,0.2091515753614786,0.2036774635653147,0.2048672413440278,0.2464623289204175,0.4168553447032564,0.4304786464871507,0.4304786464871507,0.44061584370379,0.2759557708740679,0.4142517278471378,0.3972528984852829,0.3671740802143985,0.359113787386914,0.2734436620685544,0.4142040714104354,0.4006796254936421,0.388466110669231,0.3860904113650025,0.3316612595518534,0.3711359818457759,0.3946519812456056,0.1834641706127902,0.3794308758704722,0.1025444918719201,0.3056579059412326,0.3348662172884004,0.3672443443840679,0.3261627661035443,0.3107124292148636,0.3446896379117002,0.2444169929746667,0.380946786870762,0.1621347370148161,0.1342354478997786,0.1345193314108951,0.1342354478997786,0.1251146226654942,0.0186989636357273,0.36459187692709,0.3422836625475591,0.3464893579137313,0.4320239389749815,0.3949842088143219,0.2721061452068736,0.3120411111133783,0.3661120821535373,0.401990349167552,0.4056741347219937,0.0942494271291015,0.4010484387733786,0.4116247132611802,0.0986801140934781,0.4119720561337983,0.3591750648689294,0.3182404669633771,0.3284745490618529,0.3053763471254768,0.3284745490618529
4353,8342,58664,0.1615521787045125,0.5218173099976025,1.916379508385022,489,5,78,5,13.47668274753044,7.0323663390074325,0.0385551251451782,0.0476418572900661,0.0460945713085424,0.03476097270791,0.0223328658239992,0.0061956295990152,0.0129282267059245,0.0135359784085867,0.041892025073881,0.0493633070896909,0.0167393417357997,0.0271421861130303,0.0272415250831758,0.0243928465912983,0.0128574814879711,0.0673397093464549,0.0810834224148304,0.081262786063916,0.0771563984576841,0.0762993926493263,0.0372236342186978,0.0335799911031628,0.0409560852178039,0.0671471026486783,0.0694279352732687,0.0720563589599889,0.0716876920030397,0.0720630020790313,0.0785508672242492,0.0778925587094928,0.0664648228192159,0.0699433039157164,0.0301527875068434,0.0686991668342257,0.0301627953666101,0.0648468213898267,0.0670908099036239,0.0665678185776153,0.0679708673962876,0.067703461687732,0.0690114855778014,0.0685562258229181,0.0688218400831672,0.0688218400831672,0.0685791984854497,0.0389081838364546,0.0355871342180933,0.0237482183827876,0.0241163387738131,0.0251497301150363,0.0608220600272307,0.0753586548370384,0.0770262825876654,0.0770262825876654,0.0769944384823308,0.0458934788439261,0.0571902762154653,0.0605580400459132,0.0557739468452161,0.0521283456468809,0.0442978774347606,0.0583914299662752,0.0629959372378393,0.0611484127327582,0.0550685903360368,0.0310116939589834,0.031115804506196,0.0391587095684088,0.0390363990879542,0.0489479736753208,0.0033130381560469,0.0285223250234515,0.0285204729086016,0.0300325946229165,0.03472877888807,0.0314638788835936,0.0310212848725201,0.0457182788685936,0.0469963918133483,0.0243386197315108,0.0127437600379982,0.0129149657243658,0.0127437600379982,0.0126039307574887,0.0024708013606402,0.0523964231603192,0.0698608196301203,0.070537230927887,0.0631247167505016,0.059139393927615,0.0139557257912752,0.017781266169652,0.0261978898589551,0.0333057115117421,0.0417084425631802,0.0087777880127023,0.0669106612097566,0.0684023003241306,0.0091484994882779,0.0715898890253183,0.0842687591193958,0.0010781040239478,0.0842687591193958,0.0129305406229561,0.0842687591193958
6459,3905,46115,0.18283354931203,1.6540332906530089,0.6045827527481035,38,5,124,5,7.139650100634773,11.80921895006402,0.4258659014000397,0.5161224647778294,0.5189213647992097,0.4377565818090667,0.3184085329440647,0.0183707856884818,0.025626036759339,0.0250060085963476,0.496999019456056,0.4597474177780727,0.032537913137077,0.1699943968917494,0.2287868902011958,0.1397752121439998,0.0735244656772756,0.4119974712287764,0.48947308664912,0.5310992782311872,0.5289345247310877,0.5282261370254868,0.512681603373661,0.4998583740664557,0.4412888623478498,0.5167576803131843,0.513680836632532,0.4913815348093099,0.4845306659589056,0.4913587537507649,0.5224247450954371,0.5241450836411357,0.5427130471324619,0.5272533342180347,0.1512106400076673,0.5436885040438222,0.1512158007652665,0.5286718790318419,0.5287133862679612,0.5426788018195356,0.5287030647527627,0.542663319546738,0.545868702954165,0.5437659154078104,0.545868702954165,0.545868702954165,0.5437659154078104,0.436800035388052,0.3910836853707266,0.2610190653130736,0.2652923200554412,0.2705143432198703,0.5553714270969264,0.5608633578837945,0.5573724002683593,0.5573724002683593,0.5514747602090844,0.5078268049749703,0.5091342829127316,0.4964932652113329,0.4833502532457479,0.466848067296279,0.5090497939383215,0.5107609537080043,0.5019849010977668,0.4912358171322407,0.4815669534573389,0.4519246308215188,0.4554779967413502,0.4957144700270571,0.5174889228024389,0.5189478321131828,0.02608018342807,0.4017327612264909,0.3971031561718974,0.4043361791225237,0.4399800942206887,0.436432994935085,0.468673353534013,0.4796103996638135,0.5180604029814433,0.2742769041352413,0.0237691961751413,0.0239508548426337,0.0237691961751413,0.0239196691217127,0.0052531351602415,0.4429850190579404,0.5308535893069102,0.5317689971173483,0.4964504677858138,0.4829192562611048,0.1361344819705246,0.216287719608667,0.3403073968401418,0.4202655209784796,0.4796085933986537,0.046414047582185,0.4577248062872773,0.5091099167643525,0.025871467645736,0.5073075590353807,0.5276571266376189,0.1493653742655135,0.5276571266376189,0.3720480097906943,0.5276571266376189
5199,8640,751531,1.673067024997685,0.6017361111111111,1.6618580496249278,636,50,1424,10,144.55299095979996,86.98275462962962,0.1846243691841261,0.2276242081870441,0.2155518078252192,0.1714650502681958,0.1628377668101727,0.053113295047815,0.1697632505971942,0.2465848754261401,0.2789496236315715,0.262126554210058,0.1626660391909632,0.160715008139547,0.1490802745924458,0.070050018095543,0.0300657896484359,0.2675630970950921,0.3725230137993979,0.4258875528796199,0.3942403491839901,0.3607533467991763,0.0938488634256857,0.0811973146418594,0.2621193552023337,0.1479695838496947,0.1610743091810881,0.0870347637162909,0.1289851802801795,0.086336657821185,0.1456619944564711,0.108356317589693,0.3670485611934476,0.2942600662281632,0.2942600662281632,0.2401984998996033,0.2184933657889742,0.1199747916186017,0.12115813213683,0.1962820435060541,0.1239548280054863,0.1994502595205084,0.2677312223003895,0.2366572692019982,0.2285084663141023,0.2242663270547993,0.2226968162881609,0.1936324833649039,0.1216916785415326,0.0905895838378522,0.0908595309507532,0.0910565741968631,0.3567270521397386,0.3694481807009876,0.3677472917663785,0.3677472917663785,0.3673484285174539,0.1704050587005706,0.2472102616695378,0.2322332628250084,0.1919941734826309,0.2088943323808283,0.1718106174160967,0.2155604927247544,0.1994623918198438,0.1804838209093075,0.1988658920018219,0.3327633988619073,0.2533273373711445,0.3841145531669623,0.3185799644048551,0.3444579221837917,0.053727010454736,0.3002641944569943,0.3023550712966514,0.3017059916929191,0.3491163388527432,0.1684162738885709,0.1364750980753135,0.183934992655308,0.1598374016406508,0.1680550184033066,0.0518760224093098,0.0518551283641348,0.0518760224093098,0.0519587538197064,0.0036254892663364,0.2737119225523833,0.2243572417732592,0.2240976831112094,0.3110836020307016,0.2783222142709082,0.12991179742261,0.1648702801830486,0.214095648793474,0.2468057505357575,0.2694890552645363,0.0405185071937146,0.214238860248442,0.2332570708885381,0.0403990564544257,0.2350485678720865,0.2354704698271974,0.2354704698271974,0.2283280543120938,0.2283280543120938,0.2095333214957195
2067,967,11267,0.5636913150912878,2.1375387797311274,0.4678277697145622,16,5,49,5,5.450895016932753,11.651499482936918,0.0343976777939041,0.0518303499435574,0.051298177713272,0.0440574100951458,0.0384937913239799,0.0222222222222221,0.0595549104983066,0.0601838413159167,0.068537332688276,0.0501854539590388,0.0689404934687953,0.0725044347685856,0.0697629414610546,0.0581035316884373,0.06673923560716,0.0522012578616351,0.0537655216900499,0.0534591194968553,0.053120464441219,0.0533623609095306,0.0521851314304144,0.0512901144976616,0.0537493952588291,0.049395258829221,0.0487824544428317,0.0461377197226253,0.0489437187550394,0.0481696500564424,0.0464279954845992,0.0471375584583131,0.0412191582002902,0.0440896629575874,0.0003225286244154,0.0411869053378486,0.0003225286244154,0.0535558780841799,0.0535558780841799,0.0407514916948878,0.0535558780841799,0.0407514916948878,0.042783422028705,0.0413804225124979,0.042783422028705,0.042783422028705,0.0413804225124979,0.0311562651185292,0.0345266892436703,0.0302693114013868,0.0301886792452829,0.0317206902112561,0.0392436703757458,0.0494194484760522,0.0514513788098693,0.0514513788098693,0.0512336719883889,0.0705450733752619,0.0582325431382034,0.0606031285276567,0.0522496371552974,0.047427834220287,0.0698919529108207,0.0513788098693758,0.0527656829543621,0.0503709079180777,0.0496452185131429,0.0580712788259957,0.0657797129495242,0.0495726495726495,0.0505402354458957,0.0630704725044347,0.0614417029511368,0.0479196903725205,0.0458232543138203,0.0460248347040799,0.0398080954684727,0.0466215126592484,0.0444041283663924,0.0681341719077567,0.0508788905015319,0.0304144492823737,0.0616352201257861,0.0621190130624092,0.0616352201257861,0.0534107402031929,0.0194484760522495,0.0514594420254796,0.0550395097564908,0.057490727302048,0.0512739880664408,0.0522899532333493,0.0700048379293662,0.0686985970004837,0.0633768746976293,0.0578132559264634,0.0482019029188839,0.0715529753265602,0.0520077406869859,0.0479922593130139,0.0736655378164811,0.0490082244799225,0.0580390259635542,0.0,0.0580390259635542,0.0005805515239477,0.0580390259635542
763,2628,39652,1.9774941102074444,0.2903348554033486,3.444298820445609,595,5,243,5,51.96854521625164,15.0882800608828,0.1455949636137524,0.1273480727051343,0.1038483507868755,0.0710318830427858,0.057104582006519,0.1389988913291401,0.1635378669830625,0.1685919921438121,0.1461250298777636,0.1019068477300707,0.1481884791050378,0.1477716546116295,0.1274262402418024,0.1555489810783299,0.1425972088294718,0.0888006462440523,0.1088771705355257,0.1324290481506477,0.1480800045124103,0.1479540671376101,0.0296416765542628,0.0340225210358685,0.1385183918557456,0.1067859144256491,0.1120724698368652,0.0737709062570595,0.0731363137021,0.0746101227192344,0.0646933426978892,0.0645045776372541,0.1171585603285467,0.1189944301413611,0.1137519661833008,0.1190933010775655,0.1135208249254461,0.1412083890316201,0.1424857056882039,0.112301098476869,0.1424015858314435,0.1159972849548684,0.1229166006377721,0.1110947172413743,0.1152495490705221,0.1177163347727135,0.1183593997771271,0.0780379582271454,0.0332071903068538,0.0280522611719431,0.0270342378981894,0.0265095536705889,0.1182564105252977,0.1255947479677439,0.1304128530919469,0.1304128530919469,0.1332994082828734,0.1572378422475703,0.1224687950578195,0.1077071283728644,0.1043010596246457,0.1014693190962215,0.1558680956520874,0.1237883831231744,0.1164481319164234,0.1081273987761232,0.1092317051035487,0.0906905466599561,0.149326227242013,0.0554409797131414,0.0757589024102075,0.1508515608100613,0.1358791607427125,0.0957296777786209,0.1012073928764603,0.1306741227576877,0.0692272118147856,0.0967977262039217,0.0866028831689373,0.1560194044864605,0.1129487499776382,0.0564706156521399,0.145886999361846,0.145912987644715,0.145886999361846,0.1419121668436435,0.0092955675177452,0.0809877495055766,0.15892848095602,0.160742423722665,0.1072857033588361,0.1069666051885699,0.1541929445452486,0.1517616917408151,0.1483246546917224,0.1390022467011316,0.138995331887492,0.1255674336256423,0.1525520719048385,0.1390796231375417,0.12634068512166,0.1438799483014918,0.1545354563179549,0.1542733331200518,0.1542039205516739,0.1542039205516739,0.1497117307684909
9906,12381,123518,0.100710836617455,0.8000969227041435,1.24984857662023,509,5,529,5,12.469008681607107,9.976415475325094,0.0955310067312878,0.099499508896811,0.0934396770032621,0.0642565356944647,0.0466976256769383,0.0224596972443291,0.0260935349384839,0.0271233063727901,0.1118884357143231,0.0921240436714991,0.0401873533986072,0.0633124750167591,0.060084615444635,0.0463889222248659,0.0121900886949604,0.1135028281859266,0.1402050292903593,0.1464905707205359,0.1396129392205862,0.1374059651292465,0.1018407759301541,0.0927661578735324,0.0755608153499641,0.1280389689404958,0.1282280842240398,0.1244513995840966,0.1243169486077527,0.1255053213076214,0.1385054631641722,0.1380641834392258,0.1036639117571327,0.1136367507685036,0.0601415992887082,0.1086816404858851,0.0602766744487025,0.1242884244357551,0.1289099408441682,0.1025756902851678,0.1309436145714725,0.1067422244564791,0.1089412998038598,0.1082267303485633,0.1128162144227062,0.1128800144228194,0.1086226377889981,0.0934396629099435,0.057630718760323,0.0434700584261502,0.0442719767002333,0.0459688205745243,0.132892359300245,0.142756411884914,0.1432264575547893,0.1432264575547893,0.1422731621992038,0.1110565476624769,0.1262476021960727,0.1222784799730144,0.1079000597586644,0.0960088159081873,0.1116164558583638,0.1288227326654243,0.1303491278457993,0.1169339208154598,0.1068013235345656,0.0626116712601214,0.0627660991382035,0.0783411271182824,0.0808052955199819,0.1038697628795734,0.0189904456754315,0.0497902699393891,0.0509543363667447,0.0490400845141234,0.0581520393310156,0.0642199148296493,0.0618746555664114,0.0994080618352801,0.0855017131082767,0.0619832720164116,0.0260371150283633,0.0259848631772017,0.0260371150283633,0.0256380904453209,0.0016859185520334,0.0944185099046187,0.1292664552581564,0.1296180301538837,0.1113738589769979,0.1013907015572648,0.0337513527446216,0.0441660661237711,0.0566201495878532,0.0645459051605363,0.0791469942257601,0.0229123451886323,0.1309486009892907,0.124417078975075,0.0229954365016495,0.1289622757825019,0.1470528398331816,0.0234237499385814,0.1469895466412025,0.0738603626648047,0.1469895466412025
57728,10291,890388,0.149877074903027,5.609561752988048,0.1782670454545454,417,5,4686,5,15.42384977827051,86.52103780001943,0.204108669135636,0.214436682729502,0.1929765172049882,0.1450127814192357,0.1420352351271793,0.1451280994218494,0.2174227631223317,0.1735351590030743,0.1092435153136699,0.1140724922567783,0.1650208332363622,0.1591562456122136,0.1480192257337632,0.0557391978251384,0.0388250761490407,0.1941610740345844,0.2172357568336629,0.2439815065870459,0.2478145278332736,0.2437176714845432,0.2185563323400846,0.2051670350418474,0.1823222417632812,0.2263524777504249,0.2275949585907293,0.2120187357213842,0.2241191167421779,0.2119118859009378,0.2227450484441406,0.2146152478999742,0.2206138963635504,0.224496292620105,0.1754973088802676,0.2244115982675136,0.1757941145356269,0.2094589847323707,0.2100112908380959,0.2176452807401096,0.2108102524839545,0.2209353515791723,0.2271471292710905,0.2261650613282792,0.2258216543448929,0.2254321821793714,0.2247704829447284,0.1600300188241162,0.0657864985305706,0.0565286018710835,0.0574358843592405,0.0585688226740313,0.2499147715343551,0.2508161535048807,0.2507063605008089,0.2507063605008089,0.2528322232892011,0.2274039903358851,0.2219985197514495,0.2163305784010551,0.2175098215737121,0.1955929071597828,0.2257003527004431,0.2249640571330598,0.220893308323124,0.2160457712406752,0.2127717649191206,0.1705677099630388,0.2396883426970658,0.1554276398208622,0.2291486776988818,0.2304705630196252,0.0469097961731384,0.1547161015248076,0.1570929184723397,0.2062722697774712,0.1427717193697946,0.1496367056140246,0.1500867127763625,0.1893431053307462,0.1449565329347922,0.1286456499737993,0.0815904986049561,0.0815908450572843,0.0815904986049561,0.0816013553151095,0.0020086030178828,0.181118630100983,0.2405562229565914,0.2430967831538484,0.2134827500760424,0.1996127035563987,0.1551762092800825,0.1795444159877765,0.1953104948197773,0.2061699222774318,0.2130655696841605,0.0653584079340059,0.201574551424065,0.2018394190704268,0.0647051958985314,0.2020755835471794,0.2277020877427682,0.2274467523769145,0.2239312759713911,0.2238671822906816,0.21701122961751
943,1349,99287,7.804925214624242,0.6990363232023721,1.4305408271474018,648,19,583,5,105.288441145281,73.6004447739066,0.3854507169922451,0.4031728193710159,0.3618762537145013,0.2748476805004617,0.2500707522474887,0.2191401529518549,0.331731664085779,0.378126520729791,0.4090586343078389,0.3694734506099,0.3858539675697222,0.4010273513117755,0.398899312608483,0.3421893877019719,0.2204579902702454,0.2763445578284836,0.3592586429000169,0.4363629461255525,0.4500820372311381,0.4380096334865137,0.0400092417024659,0.0463366263663877,0.301944552221573,0.2889619287997266,0.2875919717244912,0.2716819248798817,0.2931942864371317,0.2718227876600799,0.3021647207316502,0.2891019391395308,0.3016496650118513,0.3369856019267686,0.3369856019267686,0.3504343939794825,0.3566100002151534,0.3103517274905522,0.3161241228802762,0.346984199337239,0.3163923846148827,0.357253589604922,0.4067490271380841,0.3648837447149106,0.3588785030003442,0.3588785030003442,0.3599822165460123,0.3223023845915923,0.1699196769853293,0.1627694305668066,0.1641753633647792,0.1668602486541988,0.3190673375300856,0.4131553931281761,0.4228219638631948,0.4228219638631948,0.4120813242111533,0.346665627854328,0.4350174466643544,0.4352689861075505,0.3882573900634631,0.3831222840977625,0.3481909188788048,0.4364594723233823,0.4377500419480595,0.3893585149855895,0.3913110048872748,0.3786495262659947,0.4271318002843353,0.2978822137334099,0.3502694524095822,0.4360950484232349,0.2013873517314629,0.3399288335642899,0.3386677289828338,0.3538202254293527,0.2739990661508756,0.3029391092457142,0.3316824677013242,0.417653290525932,0.3369923667577965,0.2169060533298243,0.2206499280739404,0.2208007416765037,0.2206499280739404,0.2163621515149885,0.0229330291645164,0.4252945929085004,0.3868237651003689,0.3861947321926507,0.4585471790345407,0.4524322194395719,0.38577856093061,0.4008569144257153,0.4041594499156738,0.4037138403428716,0.397869052980572,0.1720310564073552,0.4141266616592876,0.4209795613068793,0.1709438114944715,0.4219719407880585,0.4046993230016172,0.4046993230016172,0.4102485415466268,0.4102485415466268,0.3970521871275263
42382,8738,678297,0.1831582176772596,4.850308995193408,0.2061724316926997,433,5,4152,5,16.00436506063895,77.62611581597619,0.2159798326912111,0.2187388057452139,0.1986646026176741,0.1477463275805228,0.1400416248711442,0.1174047049498302,0.2320596340801837,0.2040441431049692,0.1116855762166667,0.1087359715884227,0.1802587144868231,0.1727821365736226,0.1561301114573958,0.0934632727425015,0.039385165731442,0.1951867350865795,0.2196372105797042,0.2485840986217922,0.2518419122098401,0.2476086343605772,0.2182802810007307,0.2067869837128771,0.1948415385276093,0.2275149713981917,0.2297402184391904,0.2124156588564813,0.2246320316186194,0.2130624279734344,0.2236258981159632,0.2152542557518149,0.2242997994312103,0.2292076314629314,0.1827675809173644,0.2292221525498411,0.18305389355642,0.2153267114718979,0.2160241421982302,0.2231478800778029,0.2167219315556748,0.2267563101073913,0.2326063534565784,0.2310746140173468,0.2314349054807052,0.2310752509236031,0.2300064894911053,0.168725061737474,0.0661403380187047,0.0584600778361157,0.0604493416681534,0.0612372005580212,0.2549099699828344,0.2546117933177093,0.25414834666265,0.25414834666265,0.2547582496617838,0.2319170274790937,0.2284022980641037,0.2217809363033724,0.2215952558832847,0.2109408110383911,0.2317695246935261,0.230814917183807,0.2260295125945046,0.2205893786616831,0.2176390754804779,0.1786138785562558,0.2448753287332352,0.1555756387059938,0.2330593400304258,0.2380594571546609,0.0608058717307805,0.1528960362868201,0.154037811319561,0.211816205635945,0.1415602375885196,0.1511732199536862,0.1472723348498089,0.2024946835685174,0.1399082503752806,0.1322781041061413,0.0761609358505656,0.0761414811050478,0.0761609358505656,0.0762860320240961,0.002318786139117,0.1842885660564752,0.2467073031295799,0.2490045533019103,0.2198131254614116,0.2053291231671571,0.1737206819239627,0.1859780188825611,0.2008316878289744,0.2128981741453955,0.2217580393457516,0.0591808757283442,0.2135791659434589,0.2151425855304144,0.0609895166326002,0.2161891894360187,0.2349245823700722,0.2343936966166863,0.2313454929676429,0.2312518997755645,0.2247199915893188
44081,8254,606353,0.1666516538460183,5.340562151684032,0.1872462058483247,381,5,3023,5,13.755427508450351,73.46171553186333,0.256734261194859,0.2622339624158591,0.2379795952904234,0.1739917063012296,0.1651414170531301,0.1217134138149106,0.2733600186783019,0.2308362156991869,0.1253421168539182,0.122912566797827,0.2281550773865634,0.2213944802248429,0.2101971674857781,0.1133413666780168,0.0134531986985846,0.2277310245696581,0.2554409460900123,0.2888351804012514,0.2943153470124623,0.2899162197051368,0.2658212233742251,0.2500837317992921,0.2442996603817442,0.2745124704256473,0.2760498051676808,0.2590656084900732,0.2736351292350262,0.2590034368760585,0.2722335194893822,0.2608579216204337,0.2666118620438089,0.2715171576233352,0.2091527980731132,0.2715084180409489,0.2094935858091201,0.2712245126275849,0.2716791633599268,0.2663811077288655,0.2717831328125512,0.2697365635775564,0.270364185775636,0.2711110833778504,0.2721573680184961,0.2721716034515615,0.2714522247149958,0.2249932157891225,0.0828845758996897,0.0781809523295879,0.0792469178602863,0.0807243957198455,0.2983281272387612,0.2987979745554869,0.2994625505983629,0.2994625505983629,0.3007831430682656,0.2676131627524566,0.2631118872409237,0.254995467549266,0.2546462454939188,0.2341246698184327,0.2679094932976499,0.2665794061866839,0.2604150569358735,0.2522389437238053,0.2214258369837771,0.2329467337750058,0.2900825014343311,0.2115556536656552,0.2754265477353741,0.2788025832278217,0.0410609447050445,0.2094868057011185,0.210455833628128,0.2586479691779529,0.1912327294589918,0.1819671667105553,0.1847422637043018,0.252645000294588,0.1719337065471225,0.1756047718048839,0.0600628958590924,0.0601884723636584,0.0600628958590924,0.0600959543100393,0.002429556971456,0.2132257158274039,0.285177240393332,0.2876555563318909,0.2550844913588092,0.2330751964035836,0.1924455466542473,0.2239665054227325,0.2451262161756491,0.2573190632355787,0.266493761014693,0.0493500860127662,0.2412096102271196,0.2319886766114792,0.0493443088901644,0.2319323371623705,0.2775528906329724,0.2773517457708626,0.2753864466261827,0.2753592240132655,0.2683812805030352
73064,7711,870531,0.1545148033080446,9.47529503306964,0.1055376108617102,970,5,4411,5,11.914636483083324,112.89469588898976,0.1736000101901738,0.1650129008719103,0.147786754103898,0.1136363412229543,0.1093173641985437,0.1614754412137201,0.1560902476510282,0.1047815731058207,0.084174001979614,0.091481557484835,0.1124881624298043,0.1108228529370037,0.0929406235308071,0.0792126589792155,0.0590805786886919,0.1752919849010751,0.1899560083011345,0.2109578644433529,0.2137811275205271,0.2103430733430305,0.1743687267996974,0.1647322581454358,0.1450320322486188,0.1851019741431176,0.1855416829742394,0.1768177898288937,0.1873722527178349,0.1775161570715812,0.1837661427424789,0.1778258437422046,0.1989586170365337,0.2040208434381266,0.1472012307448962,0.2034318389800381,0.1472482709308002,0.1763833447314445,0.1774918572460427,0.1945064387687888,0.1787282515816667,0.1984009245608032,0.2003544458610033,0.2026007525374056,0.2046778867506472,0.2045195285205723,0.2036717193741851,0.1073574796165538,0.0430844231713903,0.03897511396403,0.0395084652745017,0.0406731395752558,0.2146211327964318,0.2150574154017698,0.214851229030851,0.214851229030851,0.2138491895026005,0.1904846309136065,0.1907885245918738,0.1881254440976621,0.1853926646617399,0.1082309191418561,0.1896612259507744,0.189733238581888,0.1870752034826245,0.1860932350534098,0.1556557029007273,0.1180979582179605,0.1963718732295813,0.0940732820319764,0.1816355798450487,0.1849868315926445,0.0863534283661646,0.1059470883009079,0.1120843228087888,0.1732608804713307,0.1030052036000952,0.1120435863881983,0.111273508045545,0.1248346784965993,0.0987826776152908,0.0858282331284728,0.094058488582058,0.094058488582058,0.094058488582058,0.0944073528309075,0.0026035735723547,0.1575178525235868,0.2033384414012851,0.2048792720748167,0.1829104731332622,0.1744221753484433,0.1493418214107872,0.1514689250888853,0.1661308501543438,0.1774197603502696,0.1844843699580103,0.0723242086866292,0.1918608304861323,0.2012699983071379,0.0721986553521032,0.2007170187486288,0.1764930968586006,0.1764597927234132,0.1760169517538187,0.1760196890799985,0.1742828392527171
87271,13209,752937,0.0653158746238652,6.606934665758195,0.1513561205898866,565,5,6282,5,8.627573879066356,57.001816942993415,0.1689684591729346,0.1660599843114802,0.1474097457736946,0.1061790028380366,0.1004108240959294,0.1646472400214877,0.1323552996725736,0.0835148455581405,0.060988614089251,0.0739992001722265,0.0983720899247178,0.0944553306878856,0.0816034698701275,0.069514533091286,0.0609676441343186,0.1578150181605629,0.1807554343766046,0.2084525103919008,0.208683861172693,0.2044304597893473,0.1774968801879919,0.1709260954463156,0.1266237032948126,0.1858134036944622,0.1859354269893047,0.1790645806879887,0.1861608004405304,0.179173065732507,0.1841331146147485,0.1799226784760036,0.1664993762357747,0.1784444554794377,0.1118335046145536,0.1714286477260406,0.1118989581850467,0.1891491773290655,0.1894360469438504,0.1575016170987752,0.1897778408570841,0.1665121524132552,0.164025113736369,0.1665986316052096,0.1730905053879019,0.1741511868834371,0.1704640974821029,0.104166433746013,0.0362458523071445,0.0339106188432196,0.0347802457958809,0.0352938932031065,0.2173515122056224,0.2170913908747291,0.2173718557062502,0.2173718557062502,0.2179740984872576,0.1859028441533894,0.1801474249931954,0.1779894212525211,0.1729048876389454,0.1440234762836069,0.1806167790939706,0.1814149306118783,0.1781728510360234,0.1714680962747626,0.1301299750127336,0.1088298892893862,0.1784694581409804,0.0924320610108212,0.1612433864523114,0.1691213918175785,0.0925027766625669,0.1093063820047803,0.1119495201038307,0.1528152833615535,0.1042548676141823,0.0997390493342848,0.0998275620478611,0.1423757623582818,0.0869771904624208,0.0874056792083788,0.09442000759076,0.09442000759076,0.09442000759076,0.0943574053015212,0.0015785793573232,0.1405666369358392,0.1879609859597421,0.1910670017634484,0.1697195333994135,0.1668165460302028,0.1232926569748507,0.1340985504005536,0.1524746201407953,0.1609691861524759,0.1704416341187237,0.0761790048837799,0.1745520771741107,0.185572611804552,0.0765484099858723,0.1837447115118534,0.1811036642286234,0.1791199370435221,0.1800484643378753,0.1795123653194626,0.1775740732594716
2928,1835,20473,0.3810433138279656,1.5956403269754769,0.6267076502732241,51,5,169,5,6.992144808743169,11.156948228882834,0.1092806726515742,0.1488688036690085,0.1388180891664497,0.109165259641694,0.088171106557377,0.010648907103825,0.0747055523028883,0.0743093774395003,0.1650776574290918,0.1251512490241998,0.0710113355451469,0.1353548955598135,0.1416511622864081,0.1364872007546187,0.1149921122820712,0.1299741141903026,0.1650679807442102,0.1904459406713504,0.1950879033307311,0.1952665560759822,0.1233860832170258,0.1170209905455806,0.1564857666240862,0.1618258600840567,0.1684493204882549,0.1669937494578887,0.1730748842839006,0.1708654287803877,0.1641875133063657,0.1629663807276511,0.1624707851347195,0.1556079530669694,0.0257607200025232,0.162754469460412,0.0257607200025232,0.1748851808482955,0.1749774752797293,0.1619814731033992,0.1749888596148841,0.1625495514276251,0.1695076570742553,0.1626178574385541,0.1699744148156033,0.1699744148156033,0.1626178574385541,0.1089079169919333,0.0771470856102003,0.0558652907884465,0.0564917544886806,0.05727315356926,0.1536889065321442,0.1960386850550784,0.1928220707267838,0.1928220707267838,0.1904106788020722,0.1652225933219785,0.1664126604649145,0.1555285042067828,0.1424138585306617,0.1387814153439153,0.1575708292921407,0.1638125054211119,0.1627754738051869,0.1458216533011614,0.1429297611162364,0.1375208762094007,0.1882071840575938,0.1291079042769616,0.1431589632665451,0.1948465283198889,0.0737440638823835,0.1118501984126983,0.112732026056821,0.1339904287803877,0.0877426218665972,0.114249989157776,0.1208608454766241,0.1233383503260552,0.1521102245128884,0.0620479384003973,0.0742695322664584,0.0742444867291178,0.0742695322664584,0.0662334927140254,0.0097651574290918,0.1060842223956977,0.1696407971203052,0.1732944368548876,0.1538707577334626,0.1423308908759727,0.1532942200104085,0.1531405314858183,0.156560467083008,0.161428600998273,0.1616741773708986,0.0626650728597449,0.1896436185626759,0.1733788164628328,0.0626986862181533,0.17637598664238,0.1978264593633445,0.0456618364558937,0.1978264593633445,0.1214307398733627,0.1978264593633445
5536,15429,200180,0.2343617997337796,0.3588048480134811,2.787030346820809,390,5,321,5,36.15968208092485,12.97426923326204,0.1646247703459742,0.2241007157616133,0.2239885841477198,0.1598787871213656,0.1200667320066741,0.0178232025770526,0.0223196146839853,0.0440754887141219,0.2358886211512351,0.1821712312595948,0.076833359848418,0.0864342030600751,0.0864920824708546,0.048015544385484,0.015411189423061,0.2797289391072456,0.3135750940881515,0.3138008703053599,0.2761766557840636,0.2571132502649121,0.2097090057421518,0.1894971465972758,0.160127913612994,0.2348560724007783,0.2330755611592917,0.2156768070185552,0.2132294665430701,0.2171257933352481,0.2475863743995681,0.251433493064362,0.2255845049601117,0.2646145051838925,0.2548967428162024,0.2711692436268598,0.2628712947974013,0.2318016696505417,0.2463491403063849,0.2523271796047094,0.2485830330673708,0.2647792187032079,0.2654798703537663,0.2691460294976457,0.2732330132266336,0.2739656879900153,0.272404097168556,0.1676380245743372,0.1487284685963415,0.121657775537309,0.1240103028531401,0.1265775874386233,0.2938964503448323,0.3029973880336661,0.3028712843110316,0.3028712843110316,0.3032135317590329,0.1872531377244882,0.2530528176226428,0.2454070732193299,0.2157671849168528,0.1973326779050124,0.2038242037248623,0.2520182307440993,0.2487484974368896,0.2402910847655029,0.2258849971740127,0.144121569528927,0.1376055531453494,0.1813492541571571,0.1808380657608481,0.2172179729757892,0.0033766875289153,0.1211930245120835,0.1237198573747299,0.1278340060775182,0.1472001825498694,0.1661384626239127,0.1632029045922486,0.2167313590773082,0.2114390965659009,0.1780364062687895,0.0193117834283734,0.0193288797212103,0.0193117834283734,0.018999135250729,0.0011768622822556,0.213444834752118,0.2727054702708766,0.2770614187717465,0.2406569021017217,0.238789971246413,0.0573141790760984,0.0826277119674501,0.111428754792222,0.1382854403080723,0.1714907463995615,0.0174082838965414,0.2001211171148361,0.23219827423699,0.0166415513654105,0.2376952800215228,0.256562299359469,0.156754762558908,0.246301107577961,0.2174624914952997,0.2457985574754508
24523,4305,291882,0.276477987457128,5.696399535423926,0.1755494841577294,810,5,3746,5,11.90237736002936,67.8006968641115,0.2177036988888,0.2071602476104548,0.1909806184053469,0.1415734178116472,0.1275333258738838,0.1578093472485174,0.2273023428061053,0.2043200846105682,0.0919607935175963,0.0944833307472758,0.1844429141716855,0.1572226258210032,0.1549309991377607,0.1050723997666224,0.1005306491284512,0.1974854593740048,0.2220221871487202,0.2502340906800563,0.2550174317020002,0.2520092066168539,0.1978819957053684,0.1983507245549986,0.1390524625162752,0.1967309103885886,0.2017998562072908,0.1879183042466897,0.1949506828750699,0.1893909483563654,0.1866781159274508,0.1834191833021162,0.2063045597150296,0.215140946512701,0.1661022209625371,0.2153912156684132,0.1664820406828581,0.2278467420218438,0.2281461553892555,0.2062774057182001,0.2295407744787362,0.207711287048318,0.2355164158660039,0.2232951703273924,0.2221110735977401,0.2190770509690383,0.21501531260551,0.1327574898089751,0.0447361231165494,0.0478304476945816,0.0485855817313591,0.0503722179475424,0.2585897207883773,0.2609224532776148,0.2620708306655548,0.2620708306655548,0.2624927539426394,0.2232358460281153,0.2279422183507777,0.2204522652477835,0.2176393464268889,0.2013948029390036,0.2207058024879397,0.2237008099895012,0.2198342051451563,0.2162978629425288,0.1886432536318919,0.1154117298060681,0.2440406352774216,0.0804098095300616,0.2074912249231448,0.2330599218089324,0.1558530883356367,0.1066640098387996,0.1071448737214318,0.1836465472223117,0.0766475632104458,0.1495162647209367,0.1516782859052338,0.2188662222006135,0.1454266919810797,0.1099668043492896,0.1579613344570396,0.1579506646998054,0.1579613344570396,0.1576745068250966,0.0046265702388727,0.1678135607377609,0.2399516080047207,0.2423058862190812,0.2056687476216226,0.1945693927409935,0.2085962493279885,0.2157474321615942,0.2190329188226754,0.2232436073338737,0.2329668158665757,0.1328000113715412,0.225150385524643,0.2363052792634432,0.1343402354825298,0.2361737336337483,0.2336074188336845,0.2333978196818678,0.2327011913757433,0.2326563355261327,0.2285326502194498
147,453,2941,4.416512741962126,0.3245033112582781,3.0816326530612246,93,5,31,5,20.006802721088437,6.492273730684326,0.0496087574486828,0.1365136361664446,0.1666172750771853,0.1566609421166506,0.1473846261956768,0.0406443766025493,0.1117550086617186,0.1293118769786804,0.1824519266201201,0.1541391432165109,0.1167375447938725,0.1128383699321021,0.1302360160286488,0.1644637415931722,0.1601243503518097,0.1546075726269382,0.1805028264935385,0.186084197821419,0.1790794484247128,0.1742905487378539,0.0698339242106222,0.0680165258934134,0.122165233883658,0.1517066603180522,0.174655451749026,0.1468722841503532,0.1460115438058193,0.1426807292137108,0.1143044180124801,0.1154015188282579,0.1790078752639566,0.1800219837834357,0.1335367230124606,0.1802427892773504,0.1330772563975318,0.1640061287205407,0.1683418312263007,0.178980847575022,0.1695976351351658,0.1802427892773504,0.1764491252916096,0.1788822450596633,0.1759857653444561,0.1759857653444561,0.1788822450596633,0.051296352227672,0.1452787718367107,0.1245669492303408,0.1277346890757517,0.1251740185123011,0.1279072145476075,0.1843214591513384,0.1843834965911164,0.1843834965911164,0.1824216992473768,0.1833162259710246,0.1776676393080323,0.1833078848086429,0.179205511229268,0.1809472940492716,0.1793768260060039,0.2043999344016718,0.194755867346851,0.1952178331533231,0.1862156339830566,0.1133168027129295,0.1662802167855241,0.1753921373656635,0.1221609408729519,0.1619718267628484,0.0734373779657155,0.1244759666197714,0.1228617093880567,0.1357927310001297,0.1623891398226395,0.1618521307314192,0.1834951549074566,0.1127991098058072,0.1992311751452776,0.1150323648688783,0.1038249879933395,0.1071946606487264,0.1038249879933395,0.0305032273467541,0.0370857402439508,0.1293060406477351,0.1804487436233818,0.1732030163310569,0.1758302456233207,0.1670637999549037,0.1626798251125349,0.1795498842402867,0.1903790903816176,0.1835202797022787,0.1877987053582554,0.0766072729399638,0.1669139172164065,0.1605156861220865,0.0899510919276193,0.1613091286780235,0.1942716121740889,0.0261009079423813,0.1942716121740889,0.1438029985992328,0.1942716121740889
66519,28237,551682,0.0293713932950357,2.3557389241066686,0.4244952569942422,277,5,1064,5,8.293600324719254,19.53755710592485,0.0246518475477485,0.021416791582639,0.0194106377522489,0.0128687489684732,0.0111577685291489,0.0183017164742696,0.0337361009625526,0.0255172845992178,0.0141767540984907,0.0131986669013746,0.0176431195704587,0.0139027103899621,0.0152915044820904,0.0167202642945579,0.0125802005949998,0.0337099130823116,0.0464485457595833,0.0586100372910251,0.057663306210141,0.0568712699990702,0.0360505733336564,0.0315126110550764,0.0296023341451461,0.0398748638413043,0.0395151482245413,0.0370168261955273,0.0391605946797779,0.0369915445359602,0.0423937126314578,0.0405256013750634,0.0327064062831355,0.0304437538277292,0.0093358021984807,0.0331139932989276,0.0093429879276948,0.0398107294608687,0.0401745685681297,0.0311244598395822,0.0404554403832752,0.0322178193035065,0.0334222892250917,0.0327624669454599,0.0347971073717176,0.0349388838276604,0.0331103035204835,0.0231700828920294,0.009297547865047,0.0081567628805305,0.0082819472413194,0.0082656010046517,0.0555459969735957,0.0580333364558512,0.0586109597726684,0.0586215105082548,0.0586666493615029,0.0292305206834064,0.0285595741116488,0.0273288255981041,0.0268805523784234,0.0224969182782421,0.0287780354573192,0.0298433393156959,0.0276774231258155,0.0249796122836497,0.0237336444309781,0.0265663247080445,0.0322176850840438,0.0276317457830542,0.0321118713794881,0.0378899888900842,0.0161028840621552,0.0266125228298555,0.0270845393115428,0.0167025342616447,0.0270684737617454,0.0122173772061426,0.0110231765585171,0.0171733878638225,0.0127207740343681,0.0132051804597291,0.0181153522854335,0.0181150250901076,0.0181153522854335,0.0178784425471446,0.000745710114537,0.0181447211933578,0.0292738964861797,0.0308105950680242,0.0293501380828285,0.0266264693372034,0.0205320520087084,0.0236492382247011,0.0265173781821919,0.027686613038308,0.0291943670403624,0.0134254204215575,0.0454361812286949,0.0431240014596745,0.0135792579203923,0.0425620602845688,0.0564049279117248,0.0216852860011299,0.0563774754063531,0.0405367275104029,0.0563770323196529
36088,17932,347987,0.0537738926330377,2.012491635065804,0.4968964752826424,148,5,405,5,9.642734426956329,19.40592237341066,0.2984903107790987,0.3517483576269928,0.3460288677720073,0.2500524551969497,0.1888189652470369,0.0178055234700769,0.1129434469463585,0.3005155225665306,0.2204299481040184,0.1671129037536086,0.1052794371150576,0.1351524831489758,0.1246674188195165,0.057848637910075,0.0100336948139369,0.2899825076773722,0.3619815265675766,0.4045579848643976,0.3984843596858426,0.3935759431897793,0.3591597804841288,0.3620849280623948,0.2353917393951429,0.351101137983242,0.3499978974049812,0.3399039699197531,0.3278581219473307,0.3399366045941807,0.3673774755493196,0.374997234929688,0.3760084810118634,0.3674212275813168,0.132744165030515,0.3773723345922253,0.1327440552491515,0.382662869001736,0.3807059188354154,0.3709976120633111,0.3791168649849279,0.3755967523734771,0.3806871249461773,0.3772536810315688,0.3851870470917116,0.3852115242955836,0.3774409631298739,0.3018918500701457,0.1948074095411719,0.1705224329342568,0.1736457269571762,0.1751802760629337,0.4441101452259849,0.443034226752758,0.4425629155776787,0.4425629155776787,0.4427307927297692,0.2985790705405475,0.2952515553778395,0.2807970112578134,0.2902072859818219,0.273113500209702,0.3040528957367654,0.3021701057654861,0.288884747948756,0.2794197234950855,0.2823448750034943,0.2574808463052436,0.2620025555018072,0.3090181067998657,0.3371384970603751,0.3667051776896698,0.017327022385765,0.2233124662372293,0.2245143890689916,0.020365592870415,0.2743363695176394,0.2501936391606518,0.2312861267933745,0.3135123516921032,0.2933592143839454,0.2661772643515953,0.0179538920964569,0.0179657546335355,0.0179538920964569,0.0178013319099592,0.0012067242538345,0.2432350835680422,0.313324073323073,0.317048207036029,0.29866889054735,0.2528278156060909,0.0702338445876142,0.1090303680389633,0.1819061072395447,0.237394032573905,0.2908521636630604,0.0183348842669162,0.3118858261427157,0.3370440074103409,0.0185155418332625,0.3311859310054484,0.3901820456902536,0.2715649063454485,0.3902380366038671,0.3619809058863618,0.3902382213374812
1090,3646,52551,1.3223238235190506,0.2989577619308831,3.3449541284403668,899,5,177,5,48.21192660550459,14.413329676357652,0.1883956515281677,0.2130483383279914,0.201085429297887,0.1405081571603427,0.1034870493260159,0.0804202248622888,0.1007533163320648,0.1196919949375852,0.174219289160075,0.1502446518483741,0.152426755902691,0.1920026368776758,0.1813343852861491,0.1585264119163201,0.1060089832901844,0.152399783297403,0.1957350147509206,0.2229982520722004,0.2230666615151731,0.2164163354381989,0.0715716837941253,0.0748873527486516,0.1937605134889978,0.180994283841878,0.1760751636855962,0.1723710142957593,0.1789716278031811,0.1742536981477603,0.1770728094858594,0.1742629670826549,0.1733751549361442,0.1929435779676214,0.1701912843896397,0.1976017653144644,0.177233043277246,0.1863491091401662,0.1874216108771381,0.1918366572305064,0.1858954224917172,0.1944392071045506,0.208098686510089,0.1979137733146381,0.2047452913057409,0.205535123627946,0.2026960057210504,0.1270806901303819,0.0779181910422856,0.0550841241070527,0.0581573150263325,0.0606613600695387,0.16780784647101,0.2162879997113813,0.2229991948661318,0.2229991948661318,0.2250712161722258,0.1907676414462351,0.2249700914572246,0.2051584973200205,0.1625759731718844,0.15027978021338,0.1896902567085414,0.2239427073362156,0.2082434181832028,0.1832151899307365,0.1789210885764837,0.1972145680020675,0.2190549203300147,0.1765779396625819,0.1852187217738031,0.2294094697926961,0.0782536897613515,0.1762476331954276,0.1794136449568678,0.1859125380423346,0.154695711579584,0.1523700564007746,0.1721899869459871,0.2085591884312025,0.1896993966685078,0.0957951065425928,0.0969363001711113,0.0964568748324038,0.0969363001711113,0.0938731763907722,0.0063166831661377,0.1596048464550537,0.2050407575764038,0.2033917903364817,0.1977178549517501,0.1791104797366975,0.1847502039000817,0.1937026703425998,0.2008591785987687,0.2058063076036135,0.2090470358737748,0.0776573129628345,0.2306535296260279,0.2287247170416994,0.0771726963322384,0.2303788099270033,0.2088987558456697,0.2058739425774957,0.1920014716113929,0.1918179853728608,0.1886562519489139
19445,7050,160792,0.1172917247957049,2.7581560283687945,0.3625610696837233,125,5,780,5,8.269066598097197,22.807375886524824,0.0541880603082257,0.0425406574167558,0.03933147711239,0.0280100948206691,0.0237778158184809,0.0454487883603261,0.0447650461575558,0.0550413431097713,0.0356017042953651,0.0255011847242497,0.0507064417237907,0.0405813838927295,0.0406270271910917,0.043128633520334,0.0379432264812749,0.0493000193328872,0.0652136016221445,0.0836220045229543,0.085756201430872,0.0855453461166482,0.054250363042121,0.0466423123444132,0.0588100624252515,0.0662227963358905,0.0657702317480272,0.0640917622931371,0.0672884703676151,0.0639217339599109,0.0677449195824401,0.0655864121719021,0.046027040099159,0.0515954535861891,0.0250235270698038,0.0480883204703708,0.0250346968847339,0.0685171443577505,0.069369608384681,0.0409526652255237,0.0694720951382348,0.0457243855625565,0.0442364435454296,0.046677933243412,0.0514014784602641,0.051764934124054,0.0480425503495171,0.0478017699649602,0.0150110867104952,0.0141278528090879,0.0140835652733312,0.0147612116546667,0.0806917242193586,0.0845125922274667,0.0853523860869314,0.0853523860869314,0.0867112369342943,0.0568888336356383,0.0601160831909474,0.055602179883486,0.0506555594000044,0.0481841721218999,0.0531886756223724,0.0597738027790664,0.0573266800810702,0.0518803232935778,0.0491921942375786,0.0532286850031771,0.0719171037183757,0.0480247568191693,0.0611724783173741,0.0757707210959445,0.0459119771671765,0.0525944530296472,0.0525906089080804,0.0670853165971296,0.0454948324136985,0.0303556373712318,0.030453543135111,0.0532698916734582,0.0310499336953437,0.0259805429849142,0.0440175140077806,0.0440121998738987,0.0440175140077806,0.0442179001191978,0.0027773451370776,0.0353261322974616,0.0655992379280688,0.0671225320349773,0.0537516407379671,0.0430281447385571,0.05467209265944,0.0595491847438665,0.058856045374249,0.0606309251572739,0.0595651641477877,0.0353871526117982,0.0820577161214327,0.0702685630115484,0.0356609728460196,0.0704377677104523,0.0849980374111557,0.0519634955409235,0.0848843277930371,0.0757054471896257,0.084887205632891
1208,406,31668,6.456953642384105,2.9753694581280787,0.3360927152317881,145,5,989,5,26.21523178807947,78.0,0.8332845287956017,0.8334890495021099,0.8222223943811515,0.7617235794101196,0.6986114965884574,0.8078759895115513,0.8374692434428225,0.8419039467772116,0.7869649018022542,0.7242075369491281,0.837205806433376,0.8241007745271822,0.818573763925188,0.8164732092212332,0.6229596146850185,0.8131485980785605,0.8364645373396951,0.8446027525102207,0.8480691526829695,0.8471657875918108,0.489991238230146,0.4864560603620892,0.8362843050892023,0.836321985224394,0.8279925993009307,0.4443096925829815,0.5041225996177634,0.5052335434431126,0.1799669412610229,0.2131113483894094,0.7794206983316929,0.8097907443201906,0.7641229739007647,0.8119697269163483,0.7663505737085958,0.8352273620836081,0.8349520554753023,0.8107908063169491,0.8348461477700567,0.8120266222737171,0.8121600795297883,0.8120266222737171,0.8125232010477113,0.8125232010477113,0.8120266222737171,0.5069199801611113,0.2618050155030784,0.2813591897236664,0.2936162543551236,0.2918465775441522,0.8206151967030104,0.8458942172358791,0.8501131480853612,0.8501131480853612,0.8465168114722491,0.8372475297612093,0.8488375974527059,0.848205756515131,0.8471585475694307,0.8449986654918173,0.836500856020621,0.849982388383412,0.848230227409102,0.84808782780573,0.846058799625431,0.1172455244806109,0.3005106154650793,0.4211981759327498,0.3304812597735168,0.7850519727465027,0.8313578190657147,0.0325191027943959,0.3210949066471781,0.6966582290804965,0.3841507850479322,0.7672673744426943,0.7549474726192121,0.8401105009278396,0.8064058421257844,0.5035800323858008,0.8346273085999856,0.8346880150017515,0.8346273085999856,0.7653606086939655,0.0548786369330714,0.8336972383010854,0.8469017152890531,0.8455858203474265,0.8537915910219105,0.8490988060613288,0.8398106354126911,0.8412908231261047,0.8420401682051377,0.8420734833899199,0.8420140755208122,0.7473449319930532,0.8326710092245456,0.8325112104980065,0.7573353544228503,0.8318806168729154,0.8308030497699539,0.8307795950238169,0.834456833423225,0.834456833423225,0.8372254233689672
16638,10217,134476,0.0791079752799754,1.628462366643829,0.6140762110830629,142,5,504,5,8.08246183435509,13.161984927082312,0.0575855167201075,0.0479389926385905,0.0448375658238887,0.0297681969194893,0.0230144336638027,0.033646318322769,0.0335389329323497,0.0350400127944426,0.0449111178617871,0.0300362549639717,0.0417869377073818,0.0416343235224762,0.0374391359697548,0.0401557628533894,0.0208093861754226,0.055303506318355,0.0761825130420226,0.0931002055756208,0.0937003839091347,0.0933667056535307,0.061151721302135,0.0524652662324096,0.0635542429206258,0.080069800660072,0.078556644768019,0.0749707208869963,0.0802007162095611,0.0754117862403922,0.0830063734271672,0.0797381206608396,0.0553292868725294,0.0541112615166586,0.0104577795393715,0.0557251051147622,0.0104615490481366,0.0700278028295319,0.0707947402541363,0.0533378279641951,0.0712733089800906,0.0551764293195653,0.0574306466048331,0.0555880407926997,0.0596486712642569,0.0596837315679794,0.0557631705873751,0.053872222385314,0.0189848336505509,0.0153224497027131,0.0150568460099776,0.0158515349541207,0.0901508543772526,0.0946462570327969,0.0959583818609107,0.0959583818609107,0.0950900991890285,0.0533931719430681,0.0568655017586289,0.0529274554516521,0.0484854565964901,0.0456318333670459,0.0528481647134534,0.0598399282251658,0.0577487947105828,0.0496875402025056,0.0473849601707195,0.057978044293281,0.0722992619154148,0.0564463061721565,0.0675272422990313,0.0808873424252105,0.0339613220339141,0.0488737176993418,0.0487998625097839,0.046032756927945,0.0478487516681849,0.0297145348189095,0.0265791256382584,0.050708935511761,0.0338179472553017,0.0269225713154969,0.0333129442317848,0.0333129442317848,0.0333129442317848,0.0337707320597493,0.0018727989580325,0.034961239805404,0.0613205932872353,0.0646029756610388,0.0589025692632174,0.0416926394332487,0.0458767093477002,0.0527245597491382,0.0594569912200334,0.0618851361448443,0.0652822382452319,0.025629929035531,0.0886711544850369,0.0724181107946915,0.0268228472217777,0.0742819309991002,0.0949564748242133,0.024739773528515,0.0949560245776928,0.0578438969129146,0.0949560245776928
643,1339,9596,1.1145477753761135,0.4802091112770724,2.082426127527216,89,5,49,5,14.923794712286158,7.166542195668409,0.0504846052513237,0.1431607882760567,0.1482919479406534,0.1396722285835815,0.127097997906707,0.0123321218266785,0.0426578268802218,0.0453327767791219,0.1106167779404445,0.1679356954148829,0.0530235955508116,0.0590648568642347,0.0752016050305318,0.0775272368896007,0.055898122958776,0.1671799788152362,0.1908226433910268,0.1965805514584217,0.1948186491640887,0.1945378473669571,0.0387166298363809,0.0371315465250146,0.1073694622294932,0.1342628234449659,0.1496744068503284,0.1887474839780209,0.1882471911138089,0.1865534721430796,0.1910498052552758,0.1892831495850432,0.1788798725035117,0.1849896045669533,0.1109909869758007,0.1837583966872229,0.1109650668099117,0.1744487448736831,0.1797532505916917,0.183344044321082,0.179987766378307,0.1834654988126765,0.1851773673830209,0.1835639954430549,0.1853588085442444,0.1853588085442444,0.1835639954430549,0.0450043036279428,0.1406729759734973,0.1124040485988157,0.1123042020137436,0.1144952564690008,0.0712690514945569,0.1755454236855755,0.190535230532486,0.190535230532486,0.1969907239306196,0.1270296358618561,0.1724355285694595,0.1839268400918752,0.1693659128559869,0.1625269531696208,0.1265190788130134,0.1661327045980782,0.175622595774,0.1728682969415747,0.1744211700638376,0.1626562130578231,0.1543855277667371,0.1718275580831613,0.166835158051881,0.1698179085879204,0.0343327555458192,0.136377478831966,0.1380222648391159,0.1371963762358053,0.1432094513807073,0.1269170394959435,0.1447620819599595,0.1024677893793253,0.1661075977661834,0.0687677266979251,0.0482242442195785,0.0469697081905479,0.0482242442195785,0.0410747141229255,0.015470290593335,0.1436363477951621,0.1612449462124697,0.1641101784400658,0.1893666099703973,0.1676600888717803,0.0989364051311722,0.1229851718535278,0.1397737824135225,0.163377826546338,0.183811660594663,0.041712843921242,0.1830180645343941,0.1807203124282988,0.054099597482179,0.1814838499103433,0.2027606080986375,0.0054960436142395,0.2027606080986375,0.071375400080459,0.2027606080986375
3527,6339,77546,0.3468432039803104,0.5563969080296577,1.797278140062376,1024,5,356,5,21.98639070031188,12.233159804385547,0.1753759266291426,0.2415023697289341,0.2383655027114746,0.1739730611763517,0.12832882569505,0.0479769018705537,0.0589252734224407,0.0714181531978978,0.2151946170773465,0.1960427693867561,0.1145210073748851,0.170169880764954,0.1628626909407854,0.1300873170712977,0.058065563599808,0.2115066277584677,0.2655822581175037,0.2765470601153142,0.2566585648517051,0.2452348788621162,0.1702554978931423,0.1558244049038372,0.2254947643176924,0.2477861302796082,0.2568801964353157,0.258199558861634,0.2621713960151563,0.2580378123494911,0.2705610395166723,0.2693897050279811,0.2097231418188282,0.2177407627346357,0.1463632261798947,0.2210748540582325,0.148461536127237,0.2314375367363813,0.2323540247934831,0.2087030501083762,0.2303772674360513,0.2144686964454792,0.236008579511337,0.2225636856025318,0.2269366655973622,0.2268348278075955,0.2213510598127629,0.1775945052565786,0.1200787619047047,0.0880205008230562,0.0894242850954081,0.0899054929481795,0.2731210711792464,0.2985619637190842,0.2992623524946489,0.2992623524946489,0.2951319075455348,0.2121379018682416,0.2432571001617547,0.2394512886068519,0.2099348211573188,0.2001989593309977,0.2143048314716103,0.2463549169402225,0.2421165042520951,0.2301775148456454,0.2208628927608344,0.1950679259412617,0.1854642698169941,0.2165941152503307,0.2225154917140383,0.244106362393839,0.0337181268366174,0.1580283277314938,0.1628757565045281,0.1786792266405441,0.1675080824734834,0.1785901884886366,0.1906183874407621,0.2029721616193687,0.2272135967791024,0.1352052992657932,0.052142180742066,0.0521866245319025,0.052142180742066,0.0518079923412492,0.0032005859479106,0.1846836658917348,0.2658383581001229,0.2728475596608579,0.239478046879023,0.2267020785716367,0.1030232425388347,0.1308003387045052,0.1667983527032473,0.1904371135813915,0.2168045626031082,0.0449917006390288,0.2567083677157074,0.2708270517874953,0.0465237243564714,0.2731989773757832,0.2483263849458183,0.1680539105154192,0.2431316116600336,0.2141394133596414,0.2430219811903238
27879,10429,194439,0.0668749575731001,2.6732189088119664,0.3740808493848416,152,5,837,5,6.974389325298612,18.644069421804584,0.1081513147601199,0.0983254089647421,0.0929414266267748,0.0621897812537867,0.0502544156161996,0.0508718321492483,0.0666469579304075,0.1155247742705611,0.0624532370335029,0.0507107644665408,0.0822335634350886,0.0776917243742292,0.072364473126974,0.0539918130339488,0.0331653071252136,0.0949559398498244,0.1250583124826987,0.1544382505663691,0.1535333597930132,0.1516974490010254,0.1308053511382675,0.1167701729139696,0.0999115987331899,0.1507163479921837,0.1504463113813571,0.1458033812600309,0.1495771828038049,0.1463851535706187,0.153055334975131,0.1505803512529287,0.0971138449456177,0.1106736374797132,0.0235386459602387,0.0976231260881713,0.0235494843119893,0.1238391853556934,0.1247463655392739,0.0933272690950912,0.1252476638309236,0.0962198823654398,0.0990511122468687,0.0971609467403032,0.1033129215888026,0.1033805949869398,0.0976618016251029,0.1014785411264617,0.031045054705693,0.0277373533940029,0.0280598694426147,0.0284731039977123,0.1686359352580256,0.1702083009590682,0.1703969678040693,0.1703969678040693,0.1696719513354508,0.116669009254724,0.1185960230143157,0.1111589100947672,0.1081851084549393,0.1013802288961209,0.1142520555817407,0.1229839169221477,0.1161925129916416,0.1064936913104255,0.1048979378681451,0.0879597351146977,0.1209722678355065,0.081957486128399,0.1062889152285186,0.1368816445433653,0.0480720256859,0.086059334670659,0.0889535676054556,0.0899395090510927,0.0829637143772907,0.0660107847757311,0.0604297309924335,0.0962272238906812,0.0670531684286227,0.0578305738268528,0.0511938875902105,0.0512183439258688,0.0511938875902105,0.0515205650496761,0.0018074232531033,0.0738761065695,0.1278828881296191,0.1315186929644247,0.1110501768082192,0.0887190459173798,0.0824958115303239,0.0894265795467605,0.0981086546085742,0.1064901605287557,0.1104952053829733,0.0427130852503207,0.1548550133874601,0.1443077536712455,0.0434035240167306,0.1419259758993575,0.1500302526925706,0.0791251776462381,0.1499700883186913,0.1205583447123926,0.1499697296257683
5130,1685,37126,0.4294977470051654,3.0445103857566767,0.3284600389863548,123,5,455,5,7.237037037037037,22.033234421364984,0.2780789259346191,0.326479805253799,0.3202640303357537,0.2601496109414926,0.2004492104743222,0.1784610749873907,0.1839291151776531,0.2081318817570966,0.3184320907150284,0.2546364889490104,0.1797435084949704,0.2553875764630838,0.2567069422379019,0.2085927583609041,0.1482339283618952,0.333338821805798,0.3760540671663822,0.3969182388023117,0.3859511174081177,0.3791392942251215,0.2754632470117505,0.2543975399608355,0.3077188724397186,0.3514042082597293,0.3549082849332247,0.3568169726730097,0.3626884441349525,0.3589750663980109,0.3554388248617694,0.3522392221800546,0.3697187829688689,0.3577463205932417,0.1156450953078059,0.3721377786427665,0.1156788726632207,0.3798822700761125,0.3802873612710213,0.3678902021992837,0.3806795313707938,0.3710760229463359,0.3747641987514708,0.3722830219252647,0.3782504714131821,0.3782504714131821,0.3722830219252647,0.2840355625021947,0.1425668015367017,0.0938834076140577,0.0997700120211299,0.1050359038774931,0.3130652325225768,0.3902977941995829,0.3894753322077023,0.3894753322077023,0.3857989608589883,0.3154865378477349,0.342974678113997,0.3435820616018413,0.3023064536592227,0.2151550922481434,0.3089344038982841,0.3292329081816526,0.3259464968837173,0.3040396531063885,0.2491960667216945,0.2299302925666874,0.3578755371894346,0.2134349693930017,0.3419170724165564,0.3803243719803746,0.1852487709388293,0.1583082890176113,0.1826162768546669,0.2826953063372052,0.1670332741574571,0.266831021645607,0.2705789218998712,0.2893849828394031,0.3211030562272392,0.145315240487067,0.1770704393072813,0.1768820052591982,0.1770704393072813,0.1792071531457496,0.0132377472697389,0.3260943482488029,0.353048607758102,0.3532904494885918,0.3551180347955373,0.3333577198451639,0.2485304879032088,0.2665075588071804,0.296075897366403,0.3290685620231543,0.3567226652998926,0.1643744822429032,0.3823357496763069,0.373184836624981,0.1679849899937618,0.378633840003465,0.3648164040344982,0.2914360086014712,0.3643189783881218,0.340912220753294,0.3643091568256686
1807,2062,28059,0.7530527096639483,0.876333656644035,1.1411178749308246,460,5,202,5,15.527946873270617,13.607662463627548,0.1352488598512745,0.156136773737577,0.1483425881951609,0.1145722313151308,0.092393084439709,0.0295148662390219,0.1004178037528432,0.1024637727883318,0.1538463888689832,0.1322234140065167,0.1146926587233288,0.1455715258498338,0.1417345640755076,0.136128754949423,0.1208140931513317,0.1216550724885442,0.1527998084079482,0.1771903296515057,0.1764051825356204,0.1727256620754601,0.0578692172916388,0.0594487641377959,0.135795225837759,0.1398658343304721,0.1455941863312408,0.1479627239684019,0.1472491067021967,0.1452017049183897,0.1447508422303465,0.1447001777474902,0.1204733339678924,0.1268371560266598,0.0909618562664679,0.128398184177939,0.0920213677594717,0.1632516966499834,0.1620678838000065,0.1164798706925814,0.1622371103442949,0.1247982530876924,0.1419508670172796,0.1286542431688372,0.1356728166171275,0.1356728166171275,0.1286788110356199,0.1266359318172699,0.0684788779044476,0.0504608056006598,0.0551047861094617,0.0560979436109519,0.1379738217125672,0.1786469812872338,0.1829682366070911,0.1829682366070911,0.1801579864525092,0.1628868003839005,0.1548661048426194,0.1588140083990714,0.1406649609484217,0.1319138747589208,0.1634159410572687,0.1559810453658937,0.1619000958277952,0.1462526882613842,0.1420567730937106,0.1425984811053326,0.1652856642631014,0.1235151465718266,0.143813388944925,0.1765548998430071,0.0813609924698424,0.1011646752957376,0.099408442636348,0.1168376030364024,0.0796317071274965,0.1216978402739357,0.123464750711213,0.1456237401267221,0.1478213392056616,0.0619024882359077,0.100980825612067,0.1006374622936719,0.100980825612067,0.0960503337792208,0.0100466349832848,0.1116626065040469,0.1625222909829513,0.1637188923085616,0.1550440049930079,0.1428702616453082,0.1369645450080068,0.1472945504008826,0.1536036727951469,0.1596066688827169,0.1664153533536145,0.0837102054774084,0.1798227178151311,0.1727941332255779,0.0862570332970487,0.173688528708219,0.1735892164033542,0.1401101737710188,0.1720898580449329,0.1662477624906072,0.1720787899763109
34151,23098,470966,0.0597051444695103,1.478526279331544,0.6763491552223947,3544,5,2544,5,13.79069426956751,20.38990388778249,0.0599009109720915,0.0459527796612917,0.0382230404245454,0.0242504630118129,0.0238009088783836,0.0346955621838809,0.0428230535311529,0.0630661765121512,0.030376170479213,0.0260497913301397,0.0528487149925855,0.0476869183297188,0.0430961433356704,0.0340134326254512,0.022731774670214,0.0350160459650562,0.0505011137965496,0.0626079085700172,0.0633946105696505,0.0625098851703358,0.0555851588402178,0.050795301324074,0.0376129770065532,0.059329018362113,0.0495523863797831,0.0605821422714361,0.0643771669698784,0.0608658281948199,0.0631172015079484,0.0599721757127946,0.0136595454372657,0.0151541615724401,0.0126714621883323,0.015103538979772,0.01282700473326,0.0513236532522646,0.0517078237823787,0.0123868734835044,0.052342332611243,0.0128520604422897,0.0219020520496055,0.0200228523914327,0.0211117070450949,0.0201657800256309,0.0174855509873907,0.0409533202273341,0.0116064978559066,0.0103018089561581,0.0105255523284631,0.0105167326156394,0.0615987984148075,0.0628742793731355,0.0630576705045391,0.0630576705045391,0.0630586536832741,0.0634707130547353,0.0500057353505944,0.0464757860743993,0.0413853726845501,0.0334161971632663,0.0641805192730211,0.0537577903617184,0.0522693720323017,0.048043154807978,0.0350735432453664,0.0380729403587545,0.0477737931970914,0.0365366245575483,0.0488305874893308,0.0565300846756608,0.030840845609335,0.0296420465954031,0.0318939613561438,0.0333974043366166,0.0305119410457149,0.0243683582538742,0.0244035499794331,0.0407628915420089,0.0266040185360512,0.026621754666938,0.0346720479265283,0.0346770258188301,0.0346720479265283,0.0348016846833717,0.0008271673750039,0.0295591798792761,0.0453527725306803,0.0479513168080448,0.0469251738925856,0.0411484309246603,0.0330301590229087,0.037726970829361,0.0421923058078631,0.0462413972700039,0.048967942791665,0.0293719518820816,0.0732018742020368,0.0604988853103343,0.0294693458720943,0.0612220794696501,0.0682302326210751,0.0524837997619662,0.0670080907998721,0.0633785240717139,0.0665728307679694
39387,23033,278677,0.0307183380910067,1.710024747101984,0.5847868586081703,136,5,441,5,7.075354812501587,12.099031823904832,0.0307093747618539,0.0280651939609209,0.0262847042571316,0.0163242926762615,0.0120035925996013,0.012990807470585,0.0175363522545333,0.0360308939797095,0.0204946444806677,0.0153539983119539,0.0242370982971942,0.0232521378103676,0.0220875425948165,0.0206380651871549,0.0102507590496012,0.0348625169624483,0.0505398436021483,0.0649711619107612,0.0654452851729871,0.0653153212537019,0.0507292623733326,0.044030548923153,0.0401403906926033,0.0606336998084274,0.0600690207240591,0.0574463340728859,0.0598775981764023,0.0576028281938861,0.063714045226727,0.0619139373023902,0.0370414495782002,0.0387751066732709,0.003564669533517,0.0370973413482362,0.003564669533517,0.0428313922658502,0.0437130222936453,0.0359300316928467,0.0439076135313472,0.0364461112469337,0.0395903848466876,0.0371620835220499,0.0402432629136871,0.0402432629136871,0.0371620835220499,0.0309640229158089,0.0094842725084936,0.0078233225434078,0.007781436283607,0.0078266717245313,0.0701797133703599,0.0715490903620235,0.0717052872906326,0.0717052872906326,0.0726395689008987,0.0359050653901746,0.036566261462293,0.03453486393657,0.0324888949936554,0.0288828583957687,0.0355877278613206,0.0388835523331676,0.0366044872576214,0.0314455355044889,0.0298563502097662,0.0351254476545816,0.0421957736916986,0.0375182609865372,0.0432279368580685,0.051748409905162,0.0120218773928119,0.0329753735035934,0.0341309378665612,0.0098603955405691,0.0360008191271044,0.0143233184584391,0.0128510589874745,0.0197687285336762,0.0176060243753898,0.0148019383003006,0.0130401711112351,0.0130666603928085,0.0130401711112351,0.0125901434854896,0.0007836120289467,0.0203870741440243,0.0327558637033844,0.0334107861006329,0.0360093459038542,0.0274349509885345,0.0260132066572008,0.0287314058221971,0.0324335024098905,0.0360242430898992,0.0405619380971654,0.0102187366293543,0.0632724019886027,0.0562688413191116,0.0104931080378562,0.053395089097732,0.0660651535226902,0.0106995368778444,0.0660643555799317,0.025477742722011,0.0660643555799317
19412,11924,167597,0.0724059057180122,1.6279771888627976,0.6142592211003503,550,5,309,5,8.633680197815783,14.055434417980544,0.0877327600384804,0.0917855761317734,0.0874992613149877,0.061244261208254,0.0440609002693931,0.0195234732292827,0.0207403787463558,0.0272115586269337,0.0889589287977624,0.0642076658720244,0.0302466272773964,0.0473052776272688,0.0456708279516395,0.0344996113360874,0.0168785607529455,0.0975374881983589,0.1275429882838959,0.1431196224535152,0.1406666911504185,0.139765990807878,0.1018539662844942,0.0935987699656321,0.077668487997143,0.1179722711129207,0.1172995444556985,0.1121963051305422,0.1135500482027947,0.1117911545597346,0.1259841668868377,0.1249860865174845,0.1126999959862651,0.102515004310049,0.0234900423624104,0.1132494419780391,0.0235068499603079,0.1183247887196156,0.1190055993832976,0.1089812946395047,0.1196401056781049,0.1115624194050045,0.1165107943853639,0.1132628951579236,0.117642125581558,0.11764498749973,0.1133196734499808,0.0869574627530288,0.0504979195909516,0.0387935408862048,0.0398844147334922,0.0398074412116665,0.1523800138191175,0.1553987510181039,0.1555817353348427,0.1555817353348427,0.1559284857954934,0.0985252744856324,0.1007217060532398,0.0947536755764063,0.086845498420758,0.0815190403880161,0.0968171401965158,0.1018582681846065,0.0973060525153605,0.0862982023094156,0.0828775829796196,0.0748645721055979,0.0822005616287958,0.0843441096414241,0.0942972460750638,0.111020598093344,0.007241408330657,0.0628940747210585,0.0629881702172567,0.0252014439598951,0.0682402195682397,0.0590455362844409,0.0532557266518445,0.0830731278596651,0.0744331246698626,0.0590636099081905,0.0201838304960447,0.0202339382231048,0.0201838304960447,0.0199497156257512,0.0017542928400902,0.0712444923001158,0.1070460881987257,0.111283535509613,0.1028186242303343,0.0736568545962749,0.0433847660623061,0.0525098635390675,0.0629349021459571,0.070230407139846,0.081523728761444,0.0165483842215926,0.1270819628464898,0.1220661363071985,0.0170786812293717,0.1223145533337363,0.1441623878591217,0.0356109642672591,0.1441429081263338,0.0869874118121985,0.1441429081263338
610,3650,90274,4.054525039299349,0.1671232876712328,5.983606557377049,2132,12,329,5,147.99016393442622,24.732602739726023,0.2570584314136184,0.2905765743966906,0.2710332147311541,0.1997589191318699,0.1777929865211116,0.1777165213020412,0.2173219064527367,0.2537692173864584,0.2853952010350147,0.258764305809007,0.2553959286482632,0.2707281369526839,0.2658445665003422,0.2230433638457162,0.1730997896082274,0.2788587428153229,0.3253269110222873,0.35985946203441,0.3532908952678658,0.3398679136593667,0.0296213545092903,0.0370608649880968,0.1948152489854514,0.2020748579286745,0.2159843971747234,0.2342006511255356,0.2520731445042463,0.2360098309321777,0.2595202827168263,0.2582592654727228,0.2462887422935892,0.2659089613798541,0.2659089613798541,0.2697515863233012,0.268760650737545,0.2499032360391417,0.2524266630905848,0.2573367804225414,0.2537234142255585,0.248011125702023,0.3118436427876487,0.2904774493032499,0.2826452474536015,0.2750395922334332,0.2684937530959457,0.2107888048793874,0.1208663383329804,0.1011514641288152,0.1059640236558852,0.1063617591065821,0.243381706416092,0.3244563145198708,0.3321248421073701,0.3321248421073701,0.3353317350075077,0.2328617285284543,0.3213348281574567,0.3160179730618623,0.2896712480324493,0.2829404107413674,0.2339719403671213,0.325610157734352,0.3197649498524619,0.29619372286626,0.2934917155033634,0.2904350922822855,0.3135646944961516,0.2506861138376643,0.2558185076806606,0.3337260837055538,0.1714378164820736,0.2724686961264893,0.2816505682098104,0.3110987988746324,0.2664965357619141,0.2340840880966242,0.2205131353995105,0.275113414200038,0.2590893508514302,0.1760433017387795,0.1767824730013482,0.176817632420307,0.1767824730013482,0.173254156474732,0.0115040318073485,0.3036374913454926,0.2619682575287305,0.2590139215352761,0.3472993058924135,0.3324215400760343,0.2753463870686374,0.2881047895116945,0.3093232933189285,0.3153122223352899,0.3152315781011918,0.1381393134658626,0.3096553546579177,0.3113907453056059,0.1378795647964682,0.3118153756753208,0.3166671274892357,0.3166671274892357,0.306193057386708,0.306193057386708,0.2780058560333011
38609,18534,346355,0.0484020492904037,2.0831444912053523,0.4800435131705043,292,5,1089,5,8.970835815483436,18.687547210532,0.0765914076067367,0.0729593456745575,0.0682277012805993,0.0481348606203317,0.0390871788316323,0.0270541835092605,0.0557841866249069,0.083246879907678,0.0482506166557094,0.0374365861731663,0.0514004862403902,0.0521193824485578,0.0496373806822827,0.0332677262881249,0.0080760977079773,0.0757755075345976,0.0983107233984573,0.1151835156065976,0.1134494952592628,0.1116807900142561,0.0892670350257866,0.0832083746035663,0.0717341743690367,0.095627323962222,0.0951265146283583,0.0900762426339185,0.0929781781655899,0.0904881598088534,0.0985988604322169,0.0969842695848143,0.0814952670375953,0.0807965289879436,0.0265689261453805,0.0822528377164695,0.0265935503752168,0.0908257335675832,0.0914777148000402,0.0793897399477497,0.0917285079164854,0.0809497814057763,0.0841974870030093,0.0820892808051312,0.0855254245038851,0.085575616468511,0.0821980117016601,0.0752952949967609,0.0330359278455528,0.0285578796969999,0.0295336842347875,0.0299316830896778,0.1190682099168698,0.12081572936605,0.1219379523070556,0.1219379523070556,0.1230744411695242,0.0809422901774052,0.078740887390946,0.0747515310516261,0.0736820666198374,0.0678378758108932,0.0804044465802433,0.0817363487214664,0.0776688438458961,0.0716186351291076,0.0690945497258819,0.0669601753744695,0.0808195186057016,0.0671542688764235,0.07830924044025,0.0910099026826618,0.0075462421055042,0.0634308827357258,0.0631029762762205,0.0111207019219098,0.0648438993930103,0.0452834330907598,0.0425318401054866,0.0670237461083771,0.0508484993113219,0.0479552071377833,0.0245893061978599,0.0245758008345656,0.0245893061978599,0.0247768951672996,0.001040772184949,0.0566832416042542,0.0806541375905812,0.0825627472087989,0.0804821969414363,0.0650800625087984,0.0448914194398134,0.0516166916883906,0.0635823570498827,0.0684930675022882,0.0747318117014289,0.0189574539968979,0.0984764062221244,0.0962470319056877,0.019141682127977,0.0937699703203374,0.1134292529993425,0.0633477575596404,0.1123600815225856,0.0867764894906266,0.1118481153366374
1474,1021,15887,1.0556468835592316,1.443682664054848,0.6926729986431479,103,5,182,5,10.778154681139757,15.560235063663075,0.2847873252181257,0.3483829019615994,0.3355441396384409,0.2821630423699622,0.2415854174470185,0.0270883511182018,0.1454684618863723,0.1486678164290104,0.3581792898041201,0.3059807571442577,0.1796554192076579,0.1948200853119441,0.2736331526155134,0.2476976784710841,0.2344468888566581,0.2670755130592308,0.3282671519645739,0.3665798448498584,0.3649999100100863,0.3606480761060137,0.2233730207678646,0.2129030354539173,0.3373245339765014,0.3324605392346234,0.3337493582100094,0.3062227012396619,0.3131821743762042,0.3081775423430782,0.2949437928271035,0.296459595357153,0.3459617191944192,0.357358830676334,0.2428292060720825,0.3576200427794729,0.2432012277636429,0.3632676606523281,0.3641097802393595,0.3574324849731904,0.3631319362832252,0.3570298121146154,0.3602564784077674,0.3570976547197714,0.3620613560267562,0.3620613560267562,0.3570976547197714,0.2499193950177667,0.2083062117288711,0.1486661254469938,0.1524400539156305,0.1522262634847437,0.3001608462395436,0.371476496517202,0.3771415453233634,0.3771415453233634,0.361398126974789,0.3474995466616905,0.3452860161849307,0.3511321186728242,0.3270238720272641,0.3192247986447443,0.343705054933006,0.3556142809399254,0.3576999613532856,0.3395197784275124,0.3357307723182892,0.2813958648015635,0.3565225995924775,0.2454917097827545,0.2821870372955854,0.3580232134065241,0.1442546094038631,0.2381239968383794,0.2392600257423866,0.2503240239332505,0.1852490642178565,0.297061246833974,0.3155739406078618,0.3176933254443431,0.3524603701740744,0.1307253017599014,0.1465035917647857,0.1464742960943775,0.1465035917647857,0.1369511997123937,0.0202410125680138,0.2771590632343685,0.3630011165526768,0.366850579316658,0.3356100205387857,0.3249761952204285,0.288386771904411,0.3094279420263137,0.3232003877322738,0.3507791797377957,0.3583242564009185,0.1273494201411433,0.3659381873968034,0.3537856403358438,0.1332686501648509,0.359886685755071,0.3665438304346038,0.2633986257222349,0.3630313994764469,0.341019058583509,0.3630313994764469
854,8870,450123,5.9422335108475535,0.0962795941375422,10.386416861826698,4085,22,730,5,527.076112412178,50.7466741826381,0.4340701319092753,0.3639749024319357,0.3311682899596904,0.273941091213914,0.2422672107854748,0.3576868906040406,0.3969638796567799,0.428353817053308,0.4001609995732265,0.4188480200018689,0.4084687362548873,0.3950434231989977,0.3875941636612691,0.3413979937584845,0.1466821521483247,0.3796502152310912,0.411684604978873,0.4788581560696666,0.5120890184412237,0.5117897258046239,0.0895571701924522,0.1080783209965676,0.3545067436249435,0.2438754626095476,0.2115989019443533,0.1183942819069177,0.1471527696698265,0.1180980697445194,0.1746102043895527,0.1517416275525899,0.3868521557394807,0.376656954407451,0.376656954407451,0.3750755332140237,0.3756371458372151,0.376739025400732,0.3794173624708314,0.3559715115453817,0.3800139738183074,0.3481704736042454,0.4587385448969526,0.4241689769926405,0.4108081632909795,0.4030308016831371,0.39770857627057,0.3508598511838772,0.1490945452316454,0.1224484476621478,0.1229969074922888,0.1238169083468112,0.3501954310346796,0.4315762520397601,0.4489622084033559,0.4489622084033559,0.4546998832013985,0.3589467438739032,0.4226426775601121,0.4131154944766903,0.3622942528817903,0.3543930620088891,0.3655478553046364,0.4282369702357412,0.4052759440679517,0.3560862843581754,0.3863966497288743,0.4361273291775264,0.4212447839500917,0.3739812302505166,0.3468952023037966,0.4489134433557055,0.3531702777377928,0.4082591608497199,0.4126711044103971,0.4475726111001467,0.3764125275007682,0.2338630869122418,0.2344047093044345,0.2892304976277322,0.2170752997454696,0.2466526265340804,0.3515158803605632,0.351551286040722,0.3515158803605632,0.3500540235824384,0.0137793953608803,0.4575483363910978,0.358028359543475,0.3568347062322599,0.4794580155643191,0.4628029145281865,0.414149225695455,0.4233822725548061,0.431270906339451,0.4344190131589621,0.4331947867459592,0.2282531644999198,0.4197041617932743,0.4366052500089195,0.2296875989726878,0.4381058725070242,0.382245980465994,0.3822342708641205,0.4222168544798347,0.4222168544798347,0.4356943642643064
4898,13073,126702,0.1978743167782559,0.3746653407787042,2.66904859126174,554,5,183,5,25.868109432421395,9.691884035798974,0.0224413304061043,0.0186293930539954,0.0164216911855977,0.0103971581635538,0.009262450195552,0.0166241597220754,0.0180384155427642,0.0186383517655474,0.0253784705047303,0.0186302872975846,0.0207845961372847,0.0175301462778517,0.0183044552033726,0.0161784177954185,0.0063402724544884,0.038670697829309,0.0512360687289861,0.0479160286419851,0.04069254464539,0.0375109060622165,0.0172997024898429,0.0142535828528468,0.0218922863710367,0.0306237150841743,0.0322783981674449,0.0322425754364644,0.0328603814086594,0.0325728255105554,0.0389349271469176,0.0386402071127497,0.0283278935749505,0.0314119383044811,0.0221884981457852,0.0319862007981566,0.022947056216954,0.0334120193518276,0.0359352988183482,0.027290958646508,0.0367357161142629,0.0296811322016387,0.0316614483257751,0.0307632720414742,0.031825887358102,0.0322809527806022,0.0318127309668321,0.0176228375009437,0.010423178909648,0.0081550188263422,0.0081403857566996,0.0089739046878815,0.027399931760317,0.0317797044798287,0.031893156168598,0.031893156168598,0.0317811106392279,0.028791930310453,0.0267245604974784,0.0282247183356168,0.0234805606097435,0.021121767718039,0.0287269917484672,0.0306163540513694,0.0332909143477145,0.031487318319969,0.0264857605777969,0.0163061788258999,0.0166071013215752,0.0190949369199431,0.0182959480912679,0.025694001764169,0.015497483505309,0.0129855483177477,0.0132680945929497,0.0166067609291117,0.0143944118695706,0.0120890305086403,0.0111156246169367,0.0219182520667788,0.0156329008391595,0.0113936008485261,0.0179645452103913,0.0179307360111064,0.0179645452103913,0.0178698498678394,0.0019080523354823,0.0168362882849666,0.031410528349141,0.0324843172350858,0.027775234917461,0.0246759315068471,0.0164447333857274,0.017305808422262,0.0179089113531047,0.01881546986444,0.0213050037945916,0.0146479181675103,0.0407615430608134,0.0391379711652976,0.0150034398381198,0.0398231082625657,0.0479917069446535,0.0142972099578337,0.0473612815181797,0.0256237610690666,0.0473592398685268
1429,900,10261,0.7978384262499028,1.5877777777777775,0.6298110566829951,42,5,163,5,7.1805458362491255,11.401111111111112,0.0642114587845868,0.1469690759438834,0.134910193608584,0.1089473713441522,0.0994550523731769,0.0241895764603951,0.1410338009708198,0.1391898541548646,0.16972969220345,0.1282264209626001,0.1290137958612416,0.1299717862419051,0.1487401557310584,0.1457661590411764,0.1394033456629677,0.1284599620113965,0.1650427094093993,0.1979739966898818,0.2033328334832883,0.2048268852677529,0.1008080909060614,0.1014625612316304,0.1444547191398135,0.1342006842391727,0.1344432225887788,0.1339531473891165,0.1352199340197939,0.1342726626456507,0.1265889677541181,0.1246525486798404,0.1564605618314505,0.1573586812845035,0.032792884356915,0.1586999455718839,0.032792884356915,0.1897250824752573,0.1879612227442877,0.1582512468481677,0.1874946960356337,0.1584456885156674,0.1659466049074165,0.1589798615970764,0.1673111955302297,0.1673111955302297,0.1589798615970764,0.0498868117342574,0.0750387661479333,0.0623205816032967,0.0639933020093971,0.0654436446843724,0.1290344563297677,0.1875046374976395,0.1935898674841991,0.1935898674841991,0.1926525375720617,0.1775080253701667,0.1790135181667722,0.1724188299065835,0.1481799904473102,0.1383829851044686,0.1769916247348017,0.174033290012996,0.1749976673664566,0.151001144101214,0.147482199784509,0.1196390527286258,0.2078834682928454,0.1005621091450342,0.1205717729125706,0.2097182511913092,0.1369031512768391,0.0873676230464193,0.0866954358137002,0.0919274773123618,0.0685330511957523,0.1308516333988692,0.1313737545403045,0.148866117942395,0.163168716051851,0.054999944461106,0.1361243849067501,0.1361827007453319,0.1361243849067501,0.1206930143179268,0.0251816677219056,0.108603696668777,0.168683617137081,0.1709007853199595,0.1486052517578059,0.1446869272551567,0.1619144256722982,0.16516372865918,0.171776911371033,0.1658489675319625,0.166277838870561,0.1258732935674852,0.1766032412498472,0.1617120419429726,0.1255065147122529,0.1614477878858564,0.2077252379841602,0.068180545836249,0.2077252379841602,0.1432699079165139,0.2077252379841602
19856,8510,157836,0.0934081438057894,2.3332549941245597,0.4285858178887993,147,5,520,5,7.949033037872684,18.54712103407756,0.1014144667859132,0.0940504305169452,0.0871069484810033,0.059899083086903,0.0477937359526417,0.0419585131631349,0.0505118301176908,0.0864666398066733,0.0693234428017734,0.0507087196309967,0.0705637801538506,0.0718027786430506,0.0679261201749143,0.0692389662913018,0.0347740900816278,0.0938954974421805,0.1239154338425487,0.1475215362681589,0.1458166398713558,0.144162079853077,0.1067990715597306,0.0970081492388573,0.0989888562165425,0.1277709481537261,0.1274065677367983,0.1197464127757015,0.1261844460987259,0.1209575832169165,0.1301697261302447,0.1268357405341336,0.1030983056007273,0.1073423387170083,0.0366632188955637,0.1046434745997183,0.0366742039274419,0.1220316833138487,0.122982853994024,0.0971072026403204,0.1228046565395625,0.101652296389048,0.1034999250468422,0.1041033897725977,0.1109782486046735,0.1110439158533081,0.1047438640705751,0.0940098553976267,0.0327464630661322,0.0273437273660424,0.0278073369683698,0.0288223637021155,0.152498226262935,0.1558282277382889,0.155632016394484,0.155632016394484,0.154477401035472,0.1013135128727244,0.1064335397968215,0.0981179463423532,0.0921436283473613,0.0872453806920644,0.1000764046124686,0.1073572471652248,0.101811375138018,0.0924992441958271,0.0898556000425119,0.0892547131018981,0.1187388630940364,0.0876062064053469,0.1079915172917213,0.131647211822407,0.0333974681556757,0.0827017192793946,0.0851433655802019,0.0983109339494725,0.0807263453214965,0.0623571990569667,0.0583283210371851,0.0962385836930721,0.067591763110772,0.0574433497576746,0.0409025260370682,0.0409268959448486,0.0409025260370682,0.0419321020434774,0.0022128759301401,0.0684693430976521,0.1150867443808975,0.1187638916251544,0.1012024274207211,0.0785044632441181,0.0811230131347772,0.0877879716791795,0.0955855558896423,0.1004314870395873,0.1074560655350873,0.0335036235918692,0.1385565948657486,0.1287774534277073,0.0336773137031541,0.1286422001013974,0.1422304052766988,0.0870003320830378,0.1417538944887397,0.1215455611554064,0.1417564126192795
14681,8713,151254,0.1182451988461481,1.6849535177321244,0.5934881820039507,204,5,742,5,10.302704175464887,17.359577642603007,0.101678180162668,0.1078975589391865,0.1036897602893583,0.074246265129858,0.0605036221944767,0.0370630519697229,0.0740512155581621,0.0892031478981419,0.0949117576273228,0.0693284923704709,0.0839976336053398,0.0934942219260184,0.0909113990348976,0.0683743442587168,0.0328995962954082,0.1046747485600055,0.1348753012424402,0.1547041708819062,0.1523295258587736,0.1488762215335756,0.1159728167731661,0.1044658172326233,0.1051327669683311,0.1411891540588796,0.1394189109878208,0.1343713866097797,0.1397388266319133,0.134679738933308,0.1430076811515463,0.1394092212498698,0.116499690218253,0.1187217925111408,0.0583479429880508,0.1190284253986353,0.0584926737825515,0.1216545266610313,0.1230524096526245,0.1150330858215451,0.1238244790844046,0.1176647658102331,0.1218708592141635,0.1188407903804728,0.1238820582854661,0.1239348729714802,0.1191128153208866,0.10307659665616,0.0377830155730657,0.0313699003145615,0.0331017359875692,0.0334764287820041,0.1587577672639075,0.1652247820863186,0.1660306446280619,0.1660306446280619,0.1665521062954746,0.1207858937233934,0.1212167792446476,0.1146802504113326,0.1072550676717015,0.1027094148010095,0.1182249366346152,0.122123331357157,0.118103919915291,0.1083976810265442,0.1057922215825693,0.0889073467003519,0.1230619309345961,0.085392343001166,0.1166992275444133,0.1357763433010318,0.035857796709873,0.080070318288942,0.0806688071963185,0.1125827422138691,0.0689562668173076,0.0732642056946047,0.0693521349589231,0.1033948780244633,0.0840072730474068,0.0663715078216646,0.0400012037375376,0.0400103007169283,0.0400012037375376,0.0403224331064594,0.0022375896780003,0.0828739078666618,0.1297602486932786,0.1320631955837913,0.1188892034966619,0.0944124171879776,0.0858204363822601,0.0985091533656515,0.1010192099279487,0.106081125828104,0.114470143237632,0.0352985484356906,0.136645167070522,0.1305595918202753,0.0359387731366661,0.1323264427495775,0.1478771307233259,0.095474560690826,0.1465608698716564,0.1188112301797103,0.1433077126404635
1761,443,10730,1.3754241318356208,3.975169300225734,0.2515616127200454,10,5,565,5,6.0931289040318,24.221218961625283,0.2720613287904599,0.2961385576377058,0.2620670073821692,0.2011925042589437,0.1714934696195343,0.081487791027825,0.3704713231118682,0.3706984667802384,0.284213515048268,0.2048835888699602,0.3560477001703577,0.3502555366269165,0.2938103350369108,0.2665530948324816,0.3206700738216922,0.2729699034639409,0.315900056785917,0.3719477569562748,0.382793867120954,0.3851788756388415,0.2959681998864281,0.2901192504258943,0.1983532084043156,0.2362294151050539,0.2329926178307779,0.1371379897785349,0.151731970471323,0.1452015900056785,0.1054514480408858,0.1062464508801816,0.3477569562748438,0.3563884156729131,0.1300397501419647,0.348381601362862,0.1300397501419647,0.3782509937535491,0.378648495173197,0.3483248154457694,0.3781374219193639,0.348381601362862,0.3544009085746734,0.3482680295286768,0.3550255536626916,0.3550255536626916,0.3482680295286768,0.1079500283929585,0.0649630891538897,0.0620670073821691,0.0657580919931856,0.0717206132879045,0.3400908574673481,0.3475865985235661,0.3599091425326519,0.3599091425326519,0.3685406019307212,0.3551959114139693,0.3696763202725724,0.3695059625212947,0.3361726291879613,0.3356615559341283,0.3578080636002271,0.3673480976717774,0.3680863145939806,0.344236229415105,0.3425326519023282,0.0802385008517887,0.3836456558773423,0.0557637705848949,0.2306643952299829,0.3936399772856331,0.372572402044293,0.0643952299829641,0.0633730834752981,0.0735377626348665,0.0362862010221464,0.2653038046564451,0.2602498580352073,0.3737081203861442,0.3103350369108461,0.0950028392958546,0.3704713231118682,0.3705281090289608,0.3704713231118682,0.3099375354911982,0.0516183986371379,0.2208972174900624,0.3622373651334468,0.3657013060760931,0.2918796138557637,0.327541169789892,0.3626348665530948,0.3593980692788188,0.3448040885860307,0.3448040885860307,0.3555366269165246,0.3572402044293015,0.2982396365701306,0.3043725156161271,0.3584327086882453,0.3063600227143668,0.3848949460533787,0.3412265758091993,0.3842703009653606,0.373992049971607,0.3842703009653606
25587,15254,546349,0.139980339125212,1.6773960928281106,0.596162113573299,1214,5,8026,5,21.35260093015985,35.81676937196801,0.2687748363656619,0.3025794012261171,0.2826594869566526,0.2131227962261937,0.2002224816367069,0.1858159536634595,0.2576166755296301,0.3060914147373039,0.247943930725447,0.1864556498243741,0.2566799602236159,0.2380694292390102,0.2131270387948813,0.152450898463136,0.1271838684435662,0.3001616199006672,0.3534073247415198,0.3668821002124243,0.3416069566700622,0.3258043411362437,0.3077188271058637,0.2920053743287768,0.1809492827070163,0.3221059772500722,0.3254246353494311,0.3042559234618869,0.3137550925461158,0.3056731336421544,0.32348688989938,0.3203769605783623,0.2858519245276836,0.3019062636016666,0.2366667539548407,0.3029219288015402,0.2392222729307631,0.3078188386078595,0.3090023347912149,0.2859104877642353,0.3098740440125949,0.2935706330083075,0.3062570848217559,0.3064851023309616,0.3095892858608844,0.3093649395450607,0.3055434055956259,0.1471713270498765,0.0738310198408761,0.0681802728807157,0.070459450271491,0.0711307720351232,0.3664838881370822,0.3669026454957944,0.3665313560645341,0.3665313560645341,0.3661830779444569,0.3561159381631513,0.3643183423377657,0.3536537622568119,0.3411172065107772,0.3197566564535414,0.3568135108983233,0.3643261654954651,0.3617486634316793,0.349809941980103,0.2733844415373977,0.1662740575794227,0.2727323635284436,0.1511777570381134,0.2855398752815152,0.3111925767962066,0.169605426089111,0.1136013427887394,0.1233042322665743,0.2549485696958548,0.1167465677617965,0.2151745020555302,0.1941142687063324,0.2768585749760676,0.2218086635080395,0.207678560346945,0.177814387975991,0.1777995867898918,0.177814387975991,0.1781531985596129,0.0012518368089035,0.2823015212696847,0.3712377918006274,0.3735673407891576,0.3556847239247941,0.3067411284084538,0.2259193747541188,0.2363805608518202,0.2514999595180108,0.262365992796058,0.2708580807939724,0.1637463721162616,0.2804389948514137,0.2942584085250563,0.1649093987841919,0.2936387561988026,0.3336766587283372,0.3257106757875624,0.308450101830716,0.3062249267200913,0.2928699868399579
23421,11888,802784,0.2883264452539774,1.9701379542395692,0.5075786687161095,2389,5,2629,5,34.276247811792835,67.52893674293405,0.1854024749027536,0.2116744710830077,0.1982556344451271,0.1493433756815412,0.139394144180177,0.091501407118768,0.2061391199990381,0.2336369867316413,0.2003167558286554,0.1654110917293021,0.1999689362828182,0.1833434463201678,0.1664372333134162,0.0878946127860701,0.0435943323185263,0.1926719847884726,0.2257972358080203,0.2528623314550199,0.2603435814321615,0.2586533871950507,0.2081455979928167,0.1886762353390014,0.2188758159614541,0.2210013922190935,0.2244168339000187,0.2001863067644103,0.217331613185354,0.1999616965290523,0.2192018191703458,0.2056335921171291,0.2235771066523564,0.2263510296278112,0.194359796688711,0.2264526169245697,0.1945131326206994,0.177602361709004,0.1802706912718944,0.2176812326642854,0.1830014024517934,0.2195066323326267,0.2362319170450873,0.2311256010158479,0.2294916059470077,0.2288090262649342,0.2278332184807321,0.1845446718714219,0.0554861633853754,0.0461216251270247,0.0476561596850138,0.0490918049071027,0.2603876165840789,0.2604365745586234,0.2593335337335968,0.2593335337335968,0.2574210979311268,0.2486053282685125,0.2286263800126358,0.2187168322159811,0.2191370901037386,0.2033302819687131,0.2452755829341966,0.2295673266765881,0.2274312630854896,0.2233228171373226,0.19305479175749,0.2248757134885038,0.2348946014555745,0.1964776511193763,0.2449496683746093,0.253805744732263,0.0616760630286446,0.1632179326184725,0.1656286037139043,0.2218001155204579,0.136555674361677,0.1581369335932597,0.158988830940946,0.1853996448081447,0.160788628146558,0.137467395502735,0.0787007222264657,0.0787039710922738,0.0787007222264657,0.0785738561960811,0.0018647906866326,0.1966441798499814,0.2454901396341978,0.2470983928107238,0.2299759917271251,0.2091593815789742,0.1939620408085845,0.209534796094632,0.2200789995651556,0.2287249568007568,0.2348912644422379,0.0622001716804953,0.1980232492614192,0.2027343334673532,0.0622377222735607,0.2032243939861359,0.2367989428614786,0.2367331899047303,0.2366147292106897,0.2366147292106897,0.2319133485413032
22178,17803,240938,0.0610224626172515,1.2457450991405945,0.802732437550726,2767,5,300,5,10.863829019749302,13.533561759254058,0.2666088124192915,0.3178042777276921,0.3118115752146519,0.2189841161098413,0.1504179934906026,0.0147599695863863,0.0212852091885406,0.0708897254733465,0.3395472211078513,0.2542388036970869,0.0954502198961812,0.1396996261275169,0.1304621667857663,0.061808480764919,0.0053591989290985,0.3178830319667444,0.3803141656046334,0.4049118407940855,0.3871891224814183,0.3737017737256914,0.3470102324690906,0.3513401869900179,0.1637897049559595,0.3275629859729026,0.3241338508448915,0.3073191290011524,0.2927006893270067,0.3071932107694282,0.3360729390837348,0.3482457248298634,0.2982346520637081,0.2995651465197503,0.1222716145339556,0.30180937614992,0.1223078476194225,0.3081654514943316,0.3060987288608987,0.2795959401754174,0.3037170161933967,0.2838182374990048,0.3386120062899477,0.3223153994113438,0.3262884764203139,0.3224839918440244,0.308764743446404,0.262580262174189,0.189366820428807,0.1479328513610018,0.154409599030193,0.1567411100730305,0.4359828979609389,0.437564932667859,0.4361279131746814,0.4361279131746814,0.4352613795659852,0.3359776756311366,0.3500213552223248,0.3357296798098423,0.3177548536613935,0.2288215443725017,0.3419819719175298,0.3573016268278325,0.3525107487529805,0.3188811257063104,0.230446611794031,0.1275495239125975,0.0986586123306461,0.2016470704366904,0.1955875023008191,0.2879339125351542,0.0085392509335768,0.1200037600180582,0.1185580121872386,0.0365323828822182,0.1687993612025065,0.2042522056970386,0.1733377247303834,0.2815476843027539,0.2672245897037898,0.2304901449378396,0.0180814049877557,0.0180683867738177,0.0180814049877557,0.0181311371169253,0.0012575361956836,0.2837493677289079,0.3739107318625116,0.3771287290432874,0.3271914379225077,0.2887195332905254,0.0210281864328189,0.0356719014084487,0.076299829346932,0.1320100702419477,0.1963626459607718,0.0174987366908501,0.2963237045975829,0.3447899935565517,0.0177756514875593,0.3461043359006189,0.4019601484175202,0.1753801226484929,0.4014344717864661,0.3061849299015,0.4014209448678983
5541,3568,64706,0.3272891118227514,1.5529708520179373,0.6439270889731096,578,5,272,5,11.677675509835767,18.135089686098656,0.2116270333447715,0.2759363045928742,0.2699296005041284,0.2068557959652714,0.155485631030536,0.0547936643602152,0.060685638842754,0.0834115959273439,0.2764215074549714,0.2218179242006308,0.0791006446066823,0.1981212559741334,0.2028659321621885,0.1541435318491661,0.0704241396065724,0.244374928194904,0.295105395247396,0.3134771241070008,0.2964462767304585,0.2868631121533828,0.2217604136977993,0.1991250329411366,0.2696560811046563,0.2950245522127504,0.2917341549585746,0.2986089628434004,0.3007911654013607,0.2963397051583902,0.3086119177515609,0.3067263364064008,0.2683895553624894,0.2689858282048403,0.1537166228869073,0.2724142917971962,0.1544925534060789,0.2780983129487984,0.2760552195192126,0.2584037398608931,0.2766298834450979,0.2656213961215083,0.2791502307021406,0.2720225570421268,0.2788311682666305,0.2788582391924561,0.272620448491202,0.222638064635417,0.1385475628785212,0.1018620150513765,0.1047013175159143,0.1076003980352593,0.3201521983974701,0.3378194734369294,0.3374854145303841,0.3374854145303841,0.3321586903812452,0.269979826369734,0.2820179948573913,0.2735769480319046,0.2443155428798408,0.2337266902916747,0.2708966038806705,0.2787212450987654,0.2730783532205677,0.2523473419962371,0.2481248727295952,0.2516449618397761,0.2560011345252997,0.2589086181298136,0.2845001995737394,0.2927453415943201,0.0533856577630892,0.1983027003959827,0.1970619698348246,0.2221031047188811,0.1969395892807549,0.2125145441308669,0.2166433674914543,0.2377177107091192,0.2603594940733569,0.1472093855236336,0.0592542610605371,0.0592838837268679,0.0592542610605371,0.0577022377179689,0.0060092737588081,0.216047586497496,0.2995032401715609,0.3035192678498784,0.2779960864398099,0.2466208440903536,0.1600629126280252,0.1932012969325462,0.2243269283001817,0.2462812622224504,0.2708959358572487,0.0455721499923921,0.2979168752846636,0.3084854550077042,0.0469681414007079,0.3117301810055601,0.2899952499153278,0.2273851373945493,0.2863140077071672,0.265832517631741,0.2862480892518263
43536,8655,714773,0.1896935404733409,5.030155979202773,0.1988009922822491,419,5,3790,5,16.41797592796766,82.58497978047372,0.1939125626463728,0.2064121753813683,0.185353169666497,0.1377320958534717,0.1342535732894213,0.1347143982608536,0.2147766439253077,0.1890357861434669,0.1088350663654527,0.114524700605183,0.178188197121796,0.1686549126557331,0.1642402376375184,0.05186330932053,0.039843458605693,0.1817764721270339,0.2052995419262158,0.2324875211236876,0.237821076179982,0.2346106143663604,0.2050186295009597,0.1910835154602621,0.1919848089539538,0.2158054304270555,0.2171093944528153,0.2014039507226596,0.2142817941224773,0.2016024253390062,0.2114801839176046,0.2022911562219652,0.2215211574445738,0.2249871447827249,0.1839376684872453,0.2252344636771574,0.1842671688301049,0.2119080890801881,0.2123716460761862,0.220285801231159,0.213054478435186,0.2234242478787486,0.2258129953521074,0.2253906187315049,0.2257243174872333,0.225658509906811,0.2253425975692548,0.1651196649989145,0.0683846364108145,0.0602387764368406,0.0615019034469025,0.0628746635576805,0.2395021751972735,0.2393640632413876,0.240211853341951,0.240211853341951,0.2418840212867505,0.2149068014600451,0.2098335620893764,0.2025921910544116,0.2031221074036552,0.1934102835914275,0.2151809910084096,0.2129419504610138,0.2078313819471094,0.2018943939140622,0.1998862173938842,0.1827455203714148,0.2360722273716174,0.1632965977239841,0.2219494694206371,0.2231392992926236,0.0575966917521605,0.1606268280372379,0.1604771985689054,0.2029128123364658,0.1425651139771011,0.148422977563663,0.1477724458032293,0.1909747016081343,0.1414550829212998,0.1291511841022782,0.0604744185769923,0.0604777582688656,0.0604744185769923,0.0602957658792319,0.002432144183256,0.1690145042903243,0.2300438337818211,0.2326738245257673,0.2013662266378631,0.1855583833744093,0.1737587533708214,0.1878212926898571,0.2014869276590237,0.2060553076104777,0.2119127309704191,0.0501852863848972,0.1952085783546519,0.192473084349024,0.0502179636141787,0.1923563847551586,0.2194143252208532,0.2191997901234625,0.219446176288178,0.2194140189930659,0.2141736061006368
26039,15483,709356,0.1759482011686537,1.6817800167926114,0.5946080878681977,1009,5,5427,5,27.242059986942664,45.81515210230575,0.0710477735115754,0.0684635026265976,0.0629078627027583,0.0466294755140207,0.0459661896137864,0.0611783258385374,0.0852452085834864,0.10198814128898,0.0781501460240403,0.0677740881938639,0.0677386175569808,0.0628872306632006,0.0576990508855999,0.0532517684745064,0.0511435648744049,0.1012418894180595,0.1297197820540752,0.1474871480851014,0.1454856363600926,0.140095450730441,0.0804121509695661,0.0660033215092831,0.0867380650639528,0.094610225404311,0.0966914598081035,0.0828018994542862,0.0936192646898551,0.0818635767221188,0.0995846107628763,0.0921090432143021,0.1405605668172501,0.1320653704996558,0.1132140536499519,0.1304277601360712,0.1107299936487328,0.0896806863277498,0.0901145039927348,0.1224876737458959,0.0908192103991715,0.1242503822616319,0.1313150247445633,0.1291865304579502,0.1319797989016933,0.1326936535677148,0.1318351322935093,0.0523577178242765,0.0205655531174055,0.0151742350706341,0.0152762669543862,0.0155715585492249,0.1211693584244295,0.1261487684963937,0.1264267972737338,0.1264267972737338,0.1184914195222601,0.1000529020232731,0.0933568026758961,0.0888478469612537,0.0891493537379569,0.0855788049058725,0.1005476340315109,0.0944399578323403,0.0917105143594448,0.0909527405095389,0.0867248865928168,0.0809895668361291,0.1142250504296251,0.0810999323729305,0.1207840897743454,0.132088173954122,0.0615060334848816,0.0665188480147655,0.0706568481090301,0.1053495060157345,0.0694642935623174,0.0482596900795846,0.0256032479162097,0.0447117650917564,0.0420408562405212,0.0443382974199573,0.0616256997074874,0.0616267926746222,0.0616256997074874,0.0617481366544871,0.0012394023781636,0.0792558281974799,0.1106873245289168,0.112708942827717,0.0984291106134789,0.0877254460460872,0.0836594429503425,0.0887743510015216,0.0976669822908225,0.1035325961793865,0.113413961350084,0.0509891230761859,0.093290534834155,0.0936096729950221,0.0507301402277338,0.0944150896593297,0.1181972835862285,0.1176945578213959,0.1145595995873948,0.1144559089694755,0.10971386221185
32987,7604,459769,0.1832967467282274,4.3381115202524985,0.2305150513838785,396,5,3309,5,13.937884621214415,60.4640978432404,0.2307982413385133,0.2381190151993829,0.2175403444488059,0.1545765034565695,0.1415694622205078,0.0680880860455865,0.2432123565621138,0.2359522265256579,0.1227247089006576,0.1124969401407478,0.2011850676306183,0.1920181036726253,0.1869319366766627,0.0918626838448097,0.0190299684913473,0.1993386741635598,0.2310049805786541,0.2641633551320477,0.2675555772416059,0.262182505533585,0.2374556277340397,0.2220440579529568,0.2215953455485662,0.2492361534651052,0.2508956044588042,0.2360581181451343,0.2492033138086238,0.2375222690276896,0.2500346606651007,0.2407412146746886,0.2375628667756403,0.2447878768390481,0.1863539483217534,0.244804837676529,0.1867189500237041,0.2340183330315733,0.2347249094037518,0.2378865847286154,0.2360786520526784,0.2422398968906841,0.2445080889249574,0.2447898740565248,0.2468405211803662,0.2466861715685452,0.2449955157542356,0.203949751895736,0.0811752455301057,0.0753814921355891,0.0767961966124247,0.0777531916639305,0.2748262511941857,0.2744775055290047,0.2756620820781469,0.2756620820781469,0.2770737959558063,0.2480198012334656,0.2389987884099254,0.2287412388938754,0.2276794365427806,0.2157916782380622,0.2472326981497166,0.2404460077892413,0.233572054945893,0.2262198945324547,0.2234206954863748,0.2112206258866489,0.2621951418287954,0.2000039775617096,0.2492542178527554,0.2591563933820978,0.0507228820942497,0.1869772331325357,0.1883345748755475,0.2260314120337008,0.1779211725341953,0.1602618270523592,0.1627356946532402,0.2274904967994385,0.1627248889224736,0.1553918998866724,0.0623364985283346,0.0622652920261099,0.0623364985283346,0.0621047099939023,0.002761376499911,0.1825703967678308,0.2596684484547974,0.2619595253278123,0.2256216865220811,0.2014257234894699,0.1517657439232628,0.1826464537791945,0.2107471864112119,0.2251503435217424,0.2385896669726867,0.0517654508570776,0.2363610586343232,0.2404116523067271,0.0518191715456124,0.2403218970049872,0.2516777084951982,0.2511512384716536,0.2447777784174805,0.2447205841692413,0.2361131762360621
6040,3416,999611,4.84480415496999,1.7681498829039812,0.5655629139072847,2277,18,3428,5,165.49850993377484,292.6261709601874,0.3501437941115375,0.3185568397068227,0.2989582954852097,0.2510418424506008,0.2313308224559403,0.2383882649766847,0.3414453550738406,0.3622691958852616,0.3680400209332148,0.3514310069681637,0.34677525532455,0.3396153443397807,0.3146854137340754,0.1623522140174129,0.0855174375970077,0.2525532631075733,0.3073660687278467,0.3744286553033759,0.4039429787389634,0.4055143112156867,0.1709529323486981,0.1636556346587241,0.3523561640654217,0.2364513348655765,0.2417626076073283,0.1572224036923716,0.2056332210706083,0.1559967833975199,0.2128770386772982,0.1719302138196505,0.2358676529611024,0.2564386560333382,0.2564386560333382,0.2692469505687782,0.276079582321777,0.2178749467975588,0.2202696982766616,0.2636182538934638,0.2210387611355513,0.267535142505163,0.3422441530941021,0.3104511368953607,0.294955164405393,0.2870164074984877,0.2834682480341131,0.3042245989127011,0.154899286957225,0.1324047540536427,0.137013468424591,0.1355050395175233,0.3465917616549382,0.3528830046492098,0.3556834198690066,0.3556834198690066,0.3513517578963522,0.337936711475875,0.3718886277963635,0.3598240329824825,0.3207121903204891,0.3256324226795286,0.3397895949300633,0.3586997720280286,0.3442119389333332,0.3219809232276914,0.3214428465200921,0.3846315480118596,0.3497040195634128,0.3543757626987564,0.340883116547571,0.3647735584285315,0.1876659943439693,0.3200365296291859,0.3198512566508434,0.3338815743108896,0.2699417271764689,0.2356583079529791,0.2848022092201454,0.2783669333974151,0.2597975449394895,0.2236834780060629,0.1876792195519962,0.1876840986408984,0.1876792195519962,0.18694892267992,0.0121020032076955,0.3799381932859932,0.3813226350427593,0.3792758049164013,0.4027257255639417,0.394500288830178,0.270115263060585,0.2958538059441851,0.3162530989816322,0.3207991406733346,0.3171044545958919,0.144389099801304,0.3427848992870341,0.3527879070926453,0.1444840095309809,0.3529923513247073,0.3406841973886778,0.3406875086469559,0.3544616541476278,0.3544599985184888,0.3529176895867238
7025,9432,118668,0.1790950168880678,0.74480491942324,1.342633451957295,2499,5,380,5,16.892241992882564,12.58142493638677,0.0721058761291421,0.0766463493259797,0.0728585428492989,0.049826899417596,0.0396001865986429,0.0302514214692216,0.0361138350980819,0.0358854524871039,0.0781096458851865,0.0598331867409828,0.042149314653043,0.0517477327841175,0.0514125418905934,0.0374229553081056,0.0144993779320828,0.0803028143969727,0.1092116009156873,0.1211998645283287,0.1165235375218671,0.1135468066666649,0.0628194556337015,0.0538085102711216,0.0824778586530434,0.0867987694173254,0.0877626429089128,0.0865136789801674,0.0892931375368568,0.0874784608371146,0.0976636155554723,0.0952331236236802,0.0720182499343599,0.0684506828194519,0.038540456050113,0.0708186451945736,0.0386101249008744,0.0988499921839597,0.0971064555808338,0.0656102747295611,0.0944477944558737,0.0653362973985396,0.0882454476884034,0.0823505608057935,0.0845541167940151,0.0766619119143021,0.0699029401712532,0.0702074639803306,0.0364568362266586,0.029993957933745,0.0295059972976083,0.0294754371220827,0.1097429461918196,0.1207766985363549,0.1232499855839762,0.1232499855839762,0.1215593625340537,0.0889403594268296,0.0765028196894827,0.0749985173011857,0.0646591173664429,0.0564753438713741,0.087762418686316,0.0790634233281258,0.076796045944245,0.0657930997918294,0.0626312509396739,0.0853167012914784,0.0867870807284742,0.0872880595743733,0.0929353601267762,0.1037673355154993,0.0277408675754146,0.0678958497016548,0.0703002160890132,0.0799574542766415,0.0682597626378263,0.0512088936222095,0.048564750825639,0.0704879379288279,0.0644851290272551,0.0480602556294533,0.0353200457349857,0.0352967614389779,0.0353200457349857,0.0346316370721546,0.0021438571075537,0.0518479443753046,0.0883947426837271,0.0920119847110789,0.0822660215799512,0.0690948472485882,0.0506862539634769,0.0604380699617006,0.0765420620388734,0.0820911840746883,0.0903474538993196,0.0261727835227057,0.1152627761179736,0.11213782751996,0.0274738506515011,0.1142564067209362,0.1132593159369499,0.0708880179283272,0.1123410544624331,0.0986169255269163,0.1123261922423375
936,2028,20050,1.0562593772652944,0.4615384615384615,2.1666666666666665,440,5,87,5,21.42094017094017,9.886587771203155,0.0805132279910748,0.1248798669523593,0.1222842436214419,0.1081956089445719,0.0842788841200417,0.0107327229324777,0.0611445069057248,0.0701735148440464,0.0961117685349397,0.1312685604121312,0.0752691032607133,0.0759208628538379,0.0821912020092638,0.0679459426669079,0.0463020896552193,0.1303429545044364,0.1505242288226828,0.1610242998266187,0.155133398230589,0.1527680699767803,0.0252697531680374,0.0253339976563015,0.0738234127577076,0.1113072786418374,0.1190433630144225,0.1435647864753256,0.1438434661290053,0.1416953382946029,0.1457233726973545,0.1481758098613301,0.1192129110101395,0.1330736549321579,0.0905380423965453,0.1344766412432324,0.0919428093344005,0.137833964454264,0.1448368314935999,0.1291987434280986,0.1447159461153616,0.1343266422631052,0.1351066863524442,0.1347597609013521,0.1371273617554725,0.1371273617554725,0.1347597609013521,0.0785527669742413,0.0990877704183699,0.0749137577026905,0.0747028144157668,0.0734301411328183,0.0771609547057321,0.1440501499645541,0.1543855302391312,0.1543855302391312,0.1571907622850307,0.086840296455681,0.1362499021633637,0.141224879964039,0.1335679354198396,0.1270653310434607,0.0892474217064148,0.1360431904068781,0.1399971118311049,0.1396143441986201,0.1354407227771669,0.1269955276030878,0.1356008120803558,0.1323319173564271,0.1343561939150173,0.1447806761070335,0.0118647209272208,0.1109883787829677,0.1095772520103213,0.1202765227482421,0.114334944041769,0.1051265454107648,0.1124302238352954,0.1002983159374561,0.1377003155948291,0.0528004469624001,0.0624450761168332,0.0620054015345304,0.0624450761168332,0.0570712901491558,0.0096847070866678,0.1190632822570982,0.1314174359277111,0.1314642624950882,0.1509271690790355,0.1364806675364744,0.0755675271323838,0.0801712867498123,0.1001824313193091,0.131003669934194,0.1444105156755986,0.0497218934667086,0.1508880450627245,0.1505053484969585,0.0501297470056896,0.1514950318207293,0.1605658291348336,0.0605749403939449,0.1603993405308449,0.0932738502803547,0.1603993405308449
4911,3166,42380,0.2725712888402831,1.551168667087808,0.6446752188963552,359,5,152,5,8.629607004683363,13.385975994946303,0.0369898384061004,0.0321224465083388,0.0289704089089621,0.0244927971027779,0.0198862193985087,0.0168498506760088,0.0477011413663826,0.0504947727672223,0.0485726151105128,0.0293202477745816,0.048101493593067,0.0475865529006137,0.0395303314990747,0.0483678593866943,0.0460821514790395,0.0304220881055534,0.0376288776317333,0.0475473753354314,0.0500170620323631,0.0501938105578429,0.0370627303246153,0.0373269921832572,0.0430370196516359,0.0392284628268909,0.0431342677935071,0.0431949390350745,0.044155426899781,0.0418806574904104,0.0413719713210163,0.0397735613971847,0.0182954030694034,0.0225194668503805,0.0050945735916449,0.0188786604972956,0.0051074698110164,0.0331458673813108,0.0355789301608647,0.0168328966952704,0.0366797563412841,0.0189529834457786,0.0202086560556615,0.0190198401619939,0.0213184030838276,0.0213184030838276,0.0190198401619939,0.0301821943050091,0.0134011696683728,0.0124132231932547,0.0125171231169469,0.0124970718430777,0.0413953312664662,0.050453493034481,0.0520551759846673,0.0520551759846673,0.0501047213841893,0.0410248534826549,0.0465758883932607,0.0409397892156222,0.035303542993117,0.0339758149291842,0.039516503950122,0.0438340673074696,0.0434864453694866,0.0393890135412704,0.0372719074914862,0.0389270307314007,0.0547645564438771,0.0343739864152496,0.0437069221959557,0.0542246618995267,0.0158050895008744,0.0269218108044984,0.0275995494726428,0.0348947432301364,0.0209889897177911,0.0262628642420405,0.0244118374488671,0.0525929160279355,0.0283872462522431,0.0164615001975545,0.0498646033710175,0.0498646033710174,0.0498646033710175,0.0490060164953261,0.0070243193719839,0.0248870513010438,0.0445550083592469,0.0456861297143253,0.0338756278634878,0.0355247599782976,0.0527850908749667,0.0513816171580128,0.0482759057581657,0.043769122885829,0.0383951775800443,0.0363073133924819,0.0504010407754277,0.04396782782835,0.0364384485398534,0.0438147660210076,0.054024305552435,0.0038318374798778,0.054024305552435,0.0230590041396687,0.054024305552435
2287,7055,128530,0.7966018760088839,0.3241672572643515,3.084827284652383,348,5,1274,5,56.20026235242676,18.218284904323173,0.1345921118086919,0.1511592959919616,0.1387201125639106,0.1031728465277221,0.0924010865983903,0.1152530070880729,0.1159115252947297,0.1204810683579697,0.1512188551242139,0.1297470344501348,0.1257929709714836,0.1391537032450406,0.1344632393046805,0.110011862988947,0.0642830244912243,0.1412374577127433,0.1666011927853525,0.1874214001644619,0.1755148369848092,0.1627596176207115,0.120208798486674,0.1159447774415467,0.1720706217572371,0.1353007605127373,0.1429013986354032,0.1220713029392927,0.1352797659746039,0.1214158050239867,0.1425819240131356,0.1398316893406685,0.1541575151383889,0.1642324201027417,0.1639500789196572,0.1651162005215201,0.1647835391850595,0.1437385993549278,0.1445011128098432,0.1645385672026254,0.1444852129948501,0.1646199311945127,0.1723945019971727,0.1732587751713555,0.1714367388645107,0.1696115145913101,0.1698864433590763,0.118567885223379,0.0369421494932086,0.0322779231644353,0.0334102150706974,0.0339176777865638,0.1595570653982988,0.1752107960719902,0.1749887289735279,0.1749887289735279,0.1688253023374878,0.1427356739945391,0.158168668679359,0.1482462610275926,0.1299732918019985,0.1248587985277186,0.1438185348136092,0.1634922092818792,0.156086027130516,0.1364939445737021,0.1375751771512979,0.1587585603289554,0.1759110438874341,0.1323906395264901,0.1791708744919312,0.1826146903773473,0.1145467847136417,0.1008808181003764,0.1013871978382212,0.1453750288651926,0.0890966593708467,0.1037383492620388,0.0638537037999201,0.1493761354067012,0.1266115181577492,0.1116995459143973,0.1157493671095012,0.1157516748391811,0.1157493671095012,0.1149124337211431,0.0028424875820641,0.1305713132013421,0.179908834838177,0.1802121406429745,0.1623227875097102,0.1548090107030767,0.1370587822748269,0.1453834679257143,0.1544383085500871,0.1595083862374179,0.1586085069922271,0.1075313079532784,0.1655259234315848,0.1750094105081508,0.1071212213797237,0.1752285878006974,0.1583240024515384,0.1581410087945614,0.1473712760164754,0.1473712760164754,0.1373062073154465
9983,7814,545591,0.6994114207103189,1.277578704888661,0.7827306420915556,663,5,3846,5,54.65200841430432,69.82224212951114,0.1667761087085354,0.1506583796508076,0.1324313069725952,0.0943549109450692,0.0920320721814514,0.1291100581183388,0.160486762634526,0.1812716364947208,0.1520561720617216,0.1318515249989754,0.1604309745434921,0.1513669213152297,0.1450880036870857,0.1142350809628819,0.0581209431377983,0.1195564556514975,0.1626821806119351,0.1969717654256043,0.197595383150601,0.1918640081764637,0.1523174051859984,0.1409007269664969,0.1621251522317909,0.1423782168979104,0.1499781593287697,0.1059106919048005,0.1306445752607927,0.1048032333386204,0.1412182036217888,0.1258940038878875,0.1721171025648497,0.174209592044284,0.1739892174074014,0.1735291334845553,0.1730947818474143,0.1499188032835519,0.1506097278765807,0.1711596816124505,0.1509640023916305,0.1722360267521701,0.1841972826806253,0.1801964173331806,0.1786686035157088,0.1777132342261296,0.1770894172901393,0.1027247272340137,0.0339067661921644,0.0232172212890563,0.0234962416358552,0.0243107735710531,0.1807450002215918,0.1829032719273217,0.1840835113085538,0.1840835113085538,0.1826527232296156,0.1821256399714406,0.1661171012325079,0.1582577165912628,0.1485679247182098,0.1475357650255409,0.1827587871632778,0.1693070527785425,0.1633065849657065,0.1568064873162261,0.1534696151353904,0.1236086078978639,0.1926955485664462,0.1029757223889616,0.1947108702867548,0.2000714581647259,0.1292894618569914,0.0943356447253264,0.0951680907980401,0.1394661420704253,0.0839399011708772,0.0866222680306335,0.0483701374611633,0.0937194653697305,0.0671428787241341,0.0854174081292023,0.1294103859645977,0.1294093842617028,0.1294103859645977,0.1292030116864789,0.0026921579972253,0.1503929146788183,0.1852761879831682,0.1881273333058178,0.1692983786043271,0.1567485109125634,0.1539577648049464,0.1594937245611099,0.1691400096182785,0.1715044247757801,0.1692549293983551,0.1148862631629115,0.1626513256071771,0.1722428549948723,0.1158485842710704,0.1719514309863918,0.1723943129109209,0.1723842958819717,0.1696423406896466,0.1696323236606974,0.164769460827756
4905,2420,53258,0.4486735579312726,2.0268595041322315,0.4933741080530071,94,5,311,5,10.8579001019368,22.007438016528926,0.084890499969168,0.093826893854019,0.0880281564480444,0.0658361215853381,0.0535512024294415,0.052330576084943,0.0536178326611904,0.0643623952996662,0.0995741288642273,0.0757961233548143,0.073613900360622,0.0919788700499354,0.0841775909497479,0.0845069399210951,0.0667593678522186,0.0998160068536745,0.1206782265845377,0.1362074406221403,0.1357890411320552,0.1325179928558565,0.0844142210633059,0.0778736772678128,0.095208424538463,0.1041187371777689,0.1076424596684156,0.1055798723894888,0.1085703408631377,0.1046537091464094,0.1126850845256843,0.1106524692283016,0.1306524405423345,0.1189291013751679,0.0628560466690857,0.1312056210010546,0.0629896848814487,0.1189795790309465,0.1183677099282518,0.1276793360389898,0.1185049595288041,0.131045286941638,0.1311536239194422,0.1311673947013604,0.1329435206028686,0.1329435206028686,0.1311877820611973,0.0864501465407061,0.0469618413513708,0.0386666365985535,0.0392864434913174,0.0397774806941496,0.1179720435532678,0.1426215884917847,0.1448475946308384,0.1448475946308384,0.1420669085221493,0.1070955529938544,0.1093568178153156,0.1038489660209677,0.0962719916156495,0.0899650556655224,0.1052717419085754,0.1036340130953464,0.1039719048046179,0.0946911674134242,0.0935929194726687,0.0855900251508084,0.1133979924367251,0.0843238196911566,0.1070859457404036,0.1285029370447279,0.0528641427161891,0.0784796474484888,0.0788901091544599,0.0871292495152995,0.0733437371099578,0.0709721825979293,0.0694778237433201,0.1025578924338024,0.0846906148878057,0.0495437239257454,0.0530618671633289,0.0530567889931131,0.0530618671633289,0.0510055120544227,0.0079826556386188,0.0729853040223846,0.1190868029734353,0.1216334066656823,0.1019218898065907,0.0867917105736241,0.0734131188176974,0.0805376908852921,0.0913213040554146,0.0980945488969035,0.1047946538584148,0.0440642612693577,0.1350585113033063,0.1270425240310206,0.0437849904361677,0.1300931284480341,0.1344251587196266,0.0870259709779312,0.1317406387115299,0.1031392115963412,0.131290444026041
