num_users,num_items,num_interactions,density,user_item_ratio,item_user_ratio,highest_num_rating_by_single_user,lowest_num_rating_by_single_user,highest_num_rating_on_single_item,lowest_num_rating_on_single_item,mean_num_ratings_by_user,mean_num_ratings_on_item,BPR_0,BPR_1,BPR_2,BPR_3,BPR_4,CDAE_0,CDAE_1,CDAE_2,CDAE_3,CDAE_4,DMF_0,DMF_1,DMF_2,DMF_3,DMF_4,EASE_0,EASE_1,EASE_2,EASE_3,EASE_4,ENMF_0,ENMF_1,ENMF_2,ENMF_3,ENMF_4,ImplicitMF_0,ImplicitMF_1,ImplicitMF_2,ImplicitMF_3,ImplicitMF_4,ItemItem_0,ItemItem_1,ItemItem_2,ItemItem_3,ItemItem_4,ItemKNNRP_0,ItemKNNRP_1,ItemKNNRP_2,ItemKNNRP_3,ItemKNNRP_4,ItemKNN_0,ItemKNN_1,ItemKNN_2,ItemKNN_3,ItemKNN_4,LINE_0,LINE_1,LINE_2,LINE_3,LINE_4,MacridVAE_0,MacridVAE_1,MacridVAE_2,MacridVAE_3,MacridVAE_4,MultiDAE_0,MultiDAE_1,MultiDAE_2,MultiDAE_3,MultiDAE_4,MultiVAE_0,MultiVAE_1,MultiVAE_2,MultiVAE_3,MultiVAE_4,NCEPLRec_0,NCEPLRec_1,NCEPLRec_2,NCEPLRec_3,NCEPLRec_4,NMF_0,NMF_1,NMF_2,NMF_3,NMF_4,NeuMF_0,NeuMF_1,NeuMF_2,NeuMF_3,NeuMF_4,PopScore_0,PopScore_1,PopScore_2,Pop_0,Random_0,RecVAE_0,RecVAE_1,RecVAE_2,RecVAE_3,RecVAE_4,SVD_0,SVD_1,SVD_2,SVD_3,SVD_4,SimpleX_0,SimpleX_1,SimpleX_2,SimpleX_3,SimpleX_4,UserUser_0,UserUser_1,UserUser_2,UserUser_3,UserUser_4
22363,12101,198502,0.0733522706417427,1.8480290885050823,0.5411170236551447,204,5,431,5,8.876358270357287,16.403768283612923,0.0491883915395966,0.051111210481599,0.0500201225238116,0.0372400840674327,0.0293162813575995,0.0097035281491749,0.0275544426060904,0.0443142691052183,0.0429638241738585,0.0297455618655815,0.0287617940347895,0.0358359790725751,0.0339131601305727,0.0208558780127889,0.0095693779904305,0.0719939185261368,0.0925814962214371,0.09544336627465,0.0894602691946518,0.0859097616598845,0.0580691320484729,0.0511469838572642,0.0624871439431202,0.0649107901444349,0.0660465948218038,0.059830970799982,0.0631310647050931,0.0595447837946608,0.0685596744622814,0.0656709743773196,0.0716809014890667,0.0679604704198899,0.0420516030943969,0.0713678844519965,0.0417922461208245,0.074704444419995,0.0748833204968232,0.0685692257072241,0.0747670590255858,0.0698570712305187,0.073693153870232,0.071412601171578,0.0743996780396189,0.0743996780396189,0.0713768277959128,0.0491079014443499,0.0284487769977194,0.0226892635156284,0.0226087734203818,0.0241828019496489,0.094763672137012,0.0946921253856816,0.0958726467826319,0.0958726467826319,0.0948799356079237,0.060877342038188,0.0584358091490408,0.0520144882171443,0.0513705674551714,0.0466216518356213,0.0596789339534051,0.0603944014667083,0.0555828824397442,0.0494388051692527,0.0473371193489245,0.0600634977418056,0.0642758127263783,0.0630595179537628,0.0733175334257478,0.07936323391316,0.0061530206144077,0.0512836580566254,0.0514535975912924,0.0369825191226976,0.0541456501118015,0.0327236953897061,0.0316057774001699,0.0464696149890443,0.0396726736126637,0.0372043106917676,0.010660465948218,0.0108035594508786,0.010660465948218,0.0103563922550641,0.0003577337566515,0.0422573000044716,0.0633367616151678,0.0655636542503241,0.0605196082815364,0.0445557393909582,0.0376604212314983,0.0427491839198675,0.052220185127219,0.0613066225461699,0.0675133032240754,0.0073693153870231,0.0662344050440459,0.058874033000939,0.0074676921701023,0.058596789339534,0.0862853821043687,0.0622456736573804,0.0837007557125609,0.0748200152036846,0.0817511067388096
1819,14868,984499,3.640240086741704,0.1223432875975248,8.173721825178669,7025,15,1541,5,541.2308960967565,66.21596717783159,0.8113249037932929,0.7622869708631116,0.7118196811434855,0.5577789994502474,0.5033534909290819,0.748543155579989,0.7951621770203408,0.8179219351291918,0.8195711929631665,0.82847718526663,0.7978009895547004,0.7819681143485432,0.7754810335349094,0.7456844420010995,0.1973611874656404,0.7639362286970863,0.8240791643760307,0.8830126443100605,0.8971962616822431,0.8942275975810885,0.7249037932930181,0.7205057724024189,0.7608576140736669,0.4992853216052776,0.4659703133589884,0.257064321055525,0.3451346893897745,0.2477185266630016,0.3719626168224299,0.296866410115448,0.7929631665750413,0.7935129191863661,0.7935129191863661,0.7951621770203409,0.7810885101704234,0.7796591533809785,0.7763606377130292,0.6666300164925784,0.7764705882352941,0.6962067069818582,0.8296866410115449,0.8050577240241891,0.7905442550852116,0.7829576690489279,0.771632765255635,0.7128092358438702,0.1783397471137987,0.1242440901594282,0.1293018141836173,0.1320505772402418,0.8039582188015393,0.8610225398570643,0.8704782847718526,0.8704782847718526,0.8599230346344144,0.7665750412314458,0.8196811434854314,0.8185816382627819,0.7518416712479384,0.7570093457943925,0.777020340846619,0.8048378229796592,0.7709730621220451,0.737328202308961,0.7311709730621221,0.8549752611324903,0.7733919736118746,0.8543155579989005,0.7397471137987905,0.7672347443650358,0.7472237493128093,0.840351841671248,0.8471687740516767,0.8528862012094557,0.8442001099505223,0.3489829576690489,0.4244090159428257,0.4880703683342496,0.3862561847168774,0.3384277075316108,0.7516217702034085,0.7515118196811434,0.7516217702034085,0.7517317207256735,0.0235294117647058,0.8461792193512918,0.7882352941176471,0.7920835623969215,0.8708081363386476,0.8553051126992853,0.7932930181418362,0.8065970313358989,0.817592083562397,0.8293567894447499,0.8383727322704783,0.5467839472237493,0.7146783947223749,0.7233644859813084,0.5468938977460143,0.7258933479934029,0.7813084112149533,0.7811984606926883,0.8157229246838924,0.8157229246838924,0.8240791643760307
9930,24780,206241,0.0838155222148258,0.400726392251816,2.495468277945619,1747,5,218,5,20.76948640483384,8.322881355932203,0.0226586102719032,0.020342396777442,0.0192950654582074,0.0132527693856998,0.0099697885196374,0.0073514602215508,0.0122658610271903,0.0127492447129908,0.0236455186304128,0.0186908358509566,0.0175427995971802,0.0164954682779455,0.0175226586102718,0.0138368580060422,0.0011480362537763,0.0324874118831822,0.0434642497482376,0.0443907351460221,0.0413695871097683,0.0394561933534742,0.0187512588116817,0.0159919436052366,0.0223162134944611,0.0269083585095669,0.0268479355488418,0.0244914400805638,0.0260624370594158,0.0242094662638468,0.030513595166163,0.030231621349446,0.0210674723061429,0.0249546827794561,0.0219335347432023,0.0255589123867069,0.0224169184290029,0.0291842900302114,0.030231621349446,0.0243907351460221,0.0314803625377643,0.024330312185297,0.0305337361530714,0.0284793554884188,0.0263444108761328,0.0255589123867068,0.0254984894259818,0.021913393756294,0.0123262839879153,0.0096878147029203,0.0096475327291037,0.0101913393756293,0.0321852970795568,0.0329103726082577,0.0328298086606243,0.0328298086606243,0.0332930513595165,0.0284390735146021,0.0292447129909365,0.0289828801611278,0.0233434038267874,0.0174420946626384,0.0278348439073514,0.0310574018126887,0.031299093655589,0.0259214501510573,0.013937562940584,0.0181268882175226,0.0174823766364551,0.0212688821752265,0.0203222557905337,0.0276535750251762,0.0039879154078549,0.0162739174219536,0.0159113796576031,0.0096273917421953,0.0185095669687814,0.0110372608257804,0.0092044310171198,0.0207049345417925,0.0164753272910372,0.0139174219536756,0.0110976837865055,0.0110976837865055,0.0110976837865055,0.0110976837865055,0.0005035246727089,0.0207250755287008,0.0306143001007048,0.0312185297079556,0.0252366565961731,0.0248136958710976,0.0065659617321248,0.008882175226586,0.0144612286002013,0.0195770392749244,0.0233434038267874,0.0051560926485397,0.03472306143001,0.0335548841893252,0.005679758308157,0.0348439073514601,0.0454380664652567,0.017139979859013,0.0450352467270895,0.0294058408862033,0.0450352467270895
576,550,13116,4.140151515151516,1.0472727272727274,0.9548611111111112,146,5,352,5,22.77083333333333,23.847272727272728,0.4270833333333333,0.570486111111111,0.5548611111111111,0.4434027777777777,0.3527777777777777,0.2684027777777777,0.5128472222222222,0.5447916666666666,0.5197916666666667,0.3975694444444445,0.4677083333333334,0.5534722222222221,0.553125,0.5208333333333334,0.5239583333333333,0.4961805555555555,0.586111111111111,0.6090277777777777,0.5753472222222222,0.5538194444444444,0.0885416666666666,0.0951388888888888,0.346875,0.4569444444444445,0.4826388888888889,0.3409722222222222,0.3645833333333333,0.3402777777777778,0.3152777777777777,0.321875,0.5402777777777777,0.5600694444444445,0.53125,0.5628472222222223,0.5347222222222222,0.5395833333333334,0.540625,0.5583333333333333,0.5413194444444445,0.5635416666666667,0.5638888888888889,0.5635416666666667,0.5621527777777777,0.5621527777777777,0.5635416666666667,0.2520833333333333,0.2288194444444443,0.176736111111111,0.1680555555555555,0.1704861111111111,0.5041666666666667,0.5923611111111111,0.5940972222222223,0.5940972222222223,0.5815972222222222,0.560763888888889,0.5746527777777778,0.5795138888888889,0.5364583333333334,0.5263888888888889,0.5506944444444445,0.5864583333333333,0.5770833333333333,0.5586805555555555,0.5454861111111111,0.34375,0.55,0.3225694444444444,0.4475694444444444,0.5586805555555555,0.4579861111111111,0.2798611111111111,0.2881944444444445,0.3055555555555555,0.2527777777777777,0.5194444444444445,0.5166666666666667,0.5263888888888889,0.5659722222222222,0.1836805555555555,0.4715277777777777,0.4715277777777777,0.4715277777777777,0.1190972222222221,0.0222222222222221,0.4097222222222222,0.5829861111111112,0.6003472222222223,0.5597222222222222,0.5638888888888889,0.5496527777777778,0.58125,0.5902777777777778,0.5777777777777777,0.5715277777777777,0.3402777777777778,0.6131944444444445,0.6038194444444445,0.3451388888888889,0.601736111111111,0.60625,0.60625,0.564236111111111,0.564236111111111,0.5423611111111111
24303,10672,231780,0.0893655752052377,2.277267616191904,0.4391227420483068,773,5,802,5,9.537094185902976,21.718515742128936,0.0747068263177385,0.0786569559313664,0.0730115623585565,0.047220507756244,0.0389170061309302,0.0159404188783277,0.0257169896720569,0.071949965024894,0.0465539233839443,0.0299222318232316,0.037328724848784,0.0483232522733818,0.046940706908612,0.0239805785293996,0.011463605316216,0.0804592025675842,0.107007365345842,0.1134180965312923,0.1068098588651606,0.1035839196806978,0.084252972884006,0.0742295189894251,0.0804180553841089,0.0936592190264576,0.0947290457968151,0.0861868905073447,0.0922766736616878,0.0865407562852322,0.0974036127227091,0.0930584701477183,0.075768423651401,0.0812409990536147,0.0553841089577418,0.0825330206147388,0.0562893469941982,0.0974776776529646,0.0973542361025387,0.0744023371600213,0.0972061062420276,0.0788215446652676,0.0876352713656749,0.080722544541826,0.0872731761510924,0.0878986133399168,0.0825823972349092,0.0761058305558984,0.0306217339423116,0.0238324486688885,0.0244085092375426,0.0238324486688885,0.1153931613381063,0.1160432868370159,0.1166769534625354,0.1166769534625354,0.1165288236020244,0.0845739209151133,0.0755544582973295,0.0670369913179442,0.0635559395959346,0.0544212648644199,0.0825823972349092,0.0791424926963749,0.0731020861622021,0.0653828745422375,0.061358679998354,0.0750853804057112,0.0853721762745339,0.077323787186767,0.0948936345307163,0.1016993786775294,0.0143768259062666,0.0585030654651688,0.0582644118010121,0.0593589268814549,0.0578858577130395,0.0432539192692259,0.0435666378636381,0.0702958482491872,0.0555322388182528,0.0450314775953585,0.0157264535242562,0.0157264535242562,0.0157264535242562,0.0156194708472204,0.0005349133851787,0.0499773690490885,0.0846068386618935,0.086795868822779,0.0753980990001233,0.0549479488129037,0.0428835946179483,0.0573344854544706,0.0675883635765131,0.0743694194132411,0.0836769123153519,0.0103855491091634,0.0940706908612105,0.0900711846274122,0.011035674608073,0.0897008599761345,0.1009916471217544,0.0912973706949758,0.0997654610541907,0.0983088507591654,0.0989178290745998
1062,3895,40825,0.986947871262834,0.2726572528883184,3.667608286252354,318,5,273,5,38.44161958568738,10.481386392811295,0.1854990583804143,0.1612052730696798,0.1365348399246704,0.0860640301318267,0.0702448210922786,0.1700564971751412,0.1693032015065913,0.1700564971751412,0.1450094161958569,0.1180790960451977,0.1668549905838041,0.1508474576271186,0.1418079096045197,0.1608286252354048,0.1495291902071562,0.1932203389830508,0.2225988700564971,0.2399246704331449,0.2199623352165725,0.2103578154425611,0.0843691148775894,0.0928436911487758,0.1941619585687382,0.1337099811676082,0.1521657250470809,0.1487758945386064,0.1542372881355932,0.1548022598870056,0.1647834274952918,0.1570621468926553,0.1231638418079095,0.2030131826741996,0.2016949152542372,0.2342749529190206,0.2327683615819208,0.2135593220338982,0.2124293785310734,0.1772128060263653,0.2109227871939736,0.2318267419962335,0.1717514124293785,0.1998116760828625,0.2340866290018832,0.2401129943502825,0.2322033898305084,0.1370998116760828,0.0401129943502824,0.0369114877589453,0.0367231638418078,0.0361581920903954,0.1337099811676082,0.1983050847457627,0.203201506591337,0.203201506591337,0.195668549905838,0.1792843691148775,0.1521657250470809,0.1269303201506591,0.1120527306967984,0.0937853107344632,0.1826741996233521,0.147457627118644,0.1354048964218455,0.1120527306967984,0.0971751412429378,0.1822975517890772,0.2146892655367231,0.1572504708097928,0.1892655367231638,0.2218455743879472,0.1698681732580037,0.1338983050847457,0.1335216572504708,0.1359698681732579,0.1218455743879472,0.1084745762711864,0.0828625235404895,0.2016949152542372,0.1491525423728813,0.0677966101694914,0.1694915254237288,0.1696798493408662,0.1694915254237288,0.1642184557438794,0.0069679849340866,0.1064030131826741,0.1894538606403012,0.191713747645951,0.1544256120527306,0.1212806026365348,0.1981167608286252,0.1977401129943502,0.2186440677966101,0.2267419962335216,0.2380414312617702,0.1352165725047081,0.2421845574387947,0.2116760828625235,0.131261770244821,0.2103578154425611,0.2231638418079096,0.2214689265536722,0.2090395480225988,0.2090395480225988,0.2003766478342749
23724,29794,687070,0.0972040269729623,0.7962677049070283,1.255859045692126,1763,5,1340,5,28.9609677963244,23.060683359065585,0.0646433990895295,0.0805850615410554,0.0740010116337885,0.0502781992918563,0.049376159163716,0.03445456078233,0.0493002866295733,0.0806693643567694,0.0878266734108918,0.0671724835609509,0.047875569044006,0.0480526049570055,0.0420333839150227,0.0311751812510537,0.0264373630079244,0.134285955150902,0.1920333839150227,0.1899679649300286,0.167863766649806,0.1567020738492665,0.0844967121901871,0.0696509863429438,0.0961557916034395,0.1007840161861406,0.1026639689765637,0.0824228629236216,0.0955656718934412,0.0816978587084808,0.105504973866127,0.0951525880964423,0.1434496712190187,0.1439301972685887,0.1227870510875062,0.1452368909121564,0.124304501770359,0.0875653346821783,0.0871944022930365,0.1278536503119204,0.0886444107233181,0.1342943854324734,0.1627634462991063,0.1490473781824312,0.1533299612207047,0.1522930365874219,0.146813353566009,0.075805091890069,0.0308801213960545,0.0221716405327937,0.0224667003877929,0.021885010959366,0.1885010959366042,0.1913168099814533,0.1914938458944528,0.1914938458944528,0.1929101331984488,0.092665655032878,0.0941156634631596,0.0767661439892092,0.0773899848254931,0.0567610858202663,0.0901450008430281,0.0986342943854324,0.0891586578991738,0.0852638678131849,0.0582785365031191,0.0954897993592985,0.0871859720114651,0.1056651492159837,0.105066599224414,0.1324397234867644,0.0333586241780475,0.0756870679480694,0.0772719608834934,0.072846063058506,0.0851964255606137,0.0411397740684538,0.0285112122744899,0.059172146349688,0.0486848760748608,0.0465435845557241,0.035204855842185,0.035204855842185,0.035204855842185,0.0351542741527566,0.0005395380205698,0.082557747428764,0.1237649637497892,0.1278958017197774,0.1141375821952453,0.0872365537008935,0.0613471589951103,0.0702832574607991,0.0862586410386106,0.0965520148372955,0.1106643061878266,0.0260580003372112,0.1122323385601078,0.1272298094756364,0.0268504468049232,0.1282667341089192,0.1274574270780643,0.1224919912325071,0.1215056482886527,0.1200387792952284,0.1124768167256785
35598,18357,296337,0.0453480454569589,1.93920575257395,0.5156750379234788,296,5,1042,5,8.324540704533963,16.142997221768262,0.0307489184785662,0.0272599584246305,0.024389010618574,0.0147929658969604,0.0126580144951963,0.0139052755772795,0.0198662846227315,0.0372099556154839,0.0134670487106016,0.0090285971121972,0.0213438957244788,0.0190684869936512,0.0188830833192875,0.0149221866396988,0.0093994044609247,0.0361986628462272,0.0552896230125287,0.0607618405528399,0.05662115849205,0.0551098376313275,0.038120119107815,0.0336086296982976,0.0348109444350805,0.0419911230968031,0.0425810438788695,0.0387662228215067,0.0421147255463789,0.0387212764762064,0.044092364739592,0.0416877352660261,0.0335693016461598,0.0336198662846227,0.01926512725434,0.0353671554581717,0.0193100735996403,0.0477049272431035,0.0471936625653126,0.0314118770717455,0.0470194954772739,0.0336535760435979,0.0363166470026405,0.0347266700376425,0.0397269509523006,0.0398168436429012,0.0353446822855216,0.0284229451092757,0.009528625203663,0.0073655823360862,0.0073936738018989,0.0074835664924995,0.0589302769818528,0.0588347659980897,0.0590482611382661,0.0590482611382661,0.0590819708972413,0.0292375976178436,0.0275127816169447,0.0257823473228832,0.0244845216023371,0.0204168773526602,0.0288948817349288,0.029900556211023,0.0268666779032529,0.0228608348783639,0.0205910444406988,0.032024271026462,0.0391370301702342,0.0332434406427327,0.0400471936625652,0.0475307601550648,0.0139895499747176,0.02907466711613,0.028394853643463,0.0137704365413786,0.0287150963537277,0.0122647339738187,0.0128546547558851,0.0237372886117197,0.0162818135850328,0.0142985560986571,0.0139951682678801,0.0139951682678801,0.0139951682678801,0.0139277487499297,0.000314624417102,0.0167762233833361,0.0278386426203718,0.0288555536827911,0.0300297769537613,0.0206528456654867,0.0194617675150289,0.0224563177706612,0.0295353671554581,0.0346929602786673,0.0374290690488229,0.0088207202651833,0.0456879599977526,0.0401876509916287,0.0087701556267205,0.0367661104556435,0.0542951851227596,0.0375807629642114,0.0538738131355693,0.0485701443901342,0.0538738131355693
4096,136,97879,17.570764878216913,30.11764705882353,0.033203125,130,5,4094,163,23.896240234375,719.6985294117648,0.8705078125,0.786181640625,0.690771484375,0.49326171875,0.419970703125,0.84775390625,0.869140625,0.85654296875,0.554345703125,0.532421875,0.766845703125,0.396337890625,0.401708984375,0.53291015625,0.103173828125,0.882080078125,0.883251953125,0.889306640625,0.889599609375,0.894091796875,0.801806640625,0.79404296875,0.8607421875,0.788916015625,0.78525390625,0.460107421875,0.369189453125,0.371044921875,0.18740234375,0.22255859375,0.829638671875,0.7541015625,0.649072265625,0.74599609375,0.64013671875,0.84638671875,0.84638671875,0.745166015625,0.84638671875,0.745166015625,0.745751953125,0.745166015625,0.745751953125,0.745751953125,0.745166015625,0.54638671875,0.149072265625,0.19755859375,0.18271484375,0.1740234375,0.85986328125,0.87958984375,0.8796875,0.8796875,0.86982421875,0.861767578125,0.88671875,0.88056640625,0.814013671875,0.764599609375,0.858740234375,0.8890625,0.881201171875,0.861962890625,0.713818359375,0.263671875,0.65869140625,0.5673828125,0.803125,0.79169921875,0.839306640625,0.1609375,0.287744140625,0.604296875,0.7740234375,0.4302734375,0.517626953125,0.844189453125,0.38662109375,0.29169921875,0.837646484375,0.837646484375,0.837646484375,0.162109375,0.13515625,0.852978515625,0.84912109375,0.852490234375,0.852392578125,0.80458984375,0.878173828125,0.87216796875,0.862060546875,0.861572265625,0.861474609375,0.6826171875,0.86142578125,0.8703125,0.68388671875,0.871826171875,0.852294921875,0.852294921875,0.861279296875,0.861279296875,0.87021484375
132,294,2027,5.223149866007009,0.4489795918367347,2.227272727272727,66,5,29,5,15.356060606060606,6.894557823129252,0.0303030303030302,0.1136363636363635,0.1712121212121212,0.1742424242424242,0.1772727272727272,0.0363636363636363,0.0878787878787878,0.1287878787878787,0.2015151515151514,0.1939393939393939,0.106060606060606,0.0954545454545453,0.1075757575757575,0.1106060606060605,0.0924242424242424,0.1848484848484848,0.2106060606060606,0.2242424242424242,0.2121212121212121,0.2075757575757575,0.0636363636363635,0.0636363636363635,0.0954545454545454,0.1363636363636363,0.159090909090909,0.159090909090909,0.156060606060606,0.1606060606060605,0.1454545454545454,0.1484848484848484,0.1772727272727272,0.1924242424242424,0.1787878787878787,0.1909090909090909,0.1772727272727272,0.2106060606060605,0.212121212121212,0.1909090909090909,0.212121212121212,0.1909090909090909,0.1954545454545454,0.1909090909090909,0.1954545454545454,0.1954545454545454,0.1909090909090909,0.0439393939393939,0.1787878787878787,0.159090909090909,0.162121212121212,0.1606060606060605,0.0984848484848484,0.1969696969696969,0.2181818181818181,0.2181818181818181,0.2045454545454545,0.1999999999999999,0.1954545454545454,0.1984848484848484,0.1818181818181818,0.1833333333333333,0.1999999999999999,0.1939393939393939,0.1893939393939393,0.1924242424242424,0.1833333333333333,0.1030303030303029,0.1878787878787878,0.2121212121212121,0.1696969696969696,0.1878787878787878,0.0545454545454544,0.0772727272727272,0.1242424242424241,0.1818181818181818,0.1924242424242424,0.162121212121212,0.1772727272727272,0.0818181818181817,0.1954545454545454,0.1303030303030302,0.0787878787878787,0.0818181818181817,0.0787878787878787,0.0378787878787878,0.0378787878787878,0.1606060606060605,0.1984848484848484,0.1954545454545454,0.1954545454545454,0.1727272727272727,0.1863636363636363,0.1893939393939393,0.2151515151515151,0.2151515151515151,0.2181818181818181,0.0757575757575757,0.1818181818181818,0.1818181818181818,0.0787878787878787,0.1969696969696969,0.2227272727272727,0.0348484848484847,0.2227272727272727,0.1878787878787878,0.2227272727272727
547,547,4524,1.5119866046810089,1.0,1.0,40,5,50,5,8.270566727605118,8.270566727605118,0.0087751371115173,0.0171846435100548,0.0160877513711151,0.0186471663619743,0.016453382084095,0.0109689213893966,0.0321755027422302,0.0336380255941498,0.0288848263254113,0.0179159049360145,0.0223034734917732,0.0219378427787933,0.0248628884826325,0.019744058500914,0.0259597806215721,0.0234003656307129,0.0241316270566727,0.0299817184643509,0.0303473491773308,0.0303473491773308,0.0124314442413162,0.0120658135283363,0.023034734917733,0.0201096892138939,0.0208409506398537,0.019744058500914,0.019744058500914,0.0179159049360145,0.0168190127970749,0.016453382084095,0.0179159049360145,0.0201096892138939,0.0095063985374771,0.0201096892138939,0.0095063985374771,0.0303473491773308,0.029616087751371,0.0201096892138939,0.029616087751371,0.0201096892138939,0.019744058500914,0.0201096892138939,0.019744058500914,0.019744058500914,0.0201096892138939,0.0080438756855575,0.0142595978062156,0.0135283363802559,0.0124314442413162,0.0127970749542961,0.0146252285191955,0.0201096892138939,0.0219378427787933,0.0219378427787933,0.0193784277879341,0.0270566727605118,0.0208409506398536,0.0255941499085922,0.0171846435100547,0.0160877513711151,0.0281535648994515,0.0193784277879341,0.0223034734917732,0.0223034734917732,0.0186471663619743,0.0168190127970749,0.0340036563071297,0.016453382084095,0.0160877513711151,0.0325411334552101,0.0343692870201096,0.0182815356489944,0.0127970749542961,0.016453382084095,0.0153564899451553,0.0153564899451553,0.0182815356489944,0.0351005484460694,0.0226691042047531,0.0171846435100548,0.0372943327239487,0.0372943327239487,0.0372943327239487,0.009872029250457,0.0095063985374771,0.0153564899451553,0.0182815356489944,0.023034734917733,0.016453382084095,0.0153564899451553,0.0343692870201096,0.0332723948811699,0.026325411334552,0.0219378427787933,0.019744058500914,0.0234003656307129,0.023034734917733,0.0223034734917732,0.0270566727605118,0.0190127970749542,0.0354661791590493,0.0010968921389396,0.0354661791590493,0.0186471663619743,0.0354661791590493
1686,962,13272,0.8182833805609605,1.7525987525987523,0.5705812574139977,66,5,296,5,7.871886120996441,13.796257796257796,0.0642941874258599,0.0915776986951363,0.0856465005931197,0.0661921708185052,0.0551601423487544,0.0075919335705812,0.0776986951364175,0.0786476868327402,0.0897983392645314,0.0746144721233688,0.0798339264531435,0.0846975088967971,0.0725978647686832,0.0676156583629892,0.0703440094899169,0.092526690391459,0.1154211150652431,0.1276393831553973,0.1238434163701067,0.1220640569395017,0.055041518386714,0.0538552787663107,0.094306049822064,0.0915776986951363,0.0976275207591933,0.0895610913404507,0.0897983392645313,0.087544483985765,0.0873072360616844,0.0879003558718861,0.1111506524317912,0.1104389086595492,0.0615658362989323,0.1136417556346381,0.0619217081850533,0.1183867141162514,0.1194543297746144,0.1125741399762751,0.1194543297746144,0.1120996441281138,0.1150652431791221,0.1135231316725978,0.1164887307236061,0.1164887307236061,0.1135231316725978,0.0574139976275207,0.0531435349940687,0.0395017793594305,0.0397390272835112,0.0391459074733095,0.0940688018979833,0.1209964412811387,0.120047449584816,0.120047449584816,0.1212336892052194,0.0991696322657176,0.1009489916963226,0.0996441281138789,0.0860023724792407,0.0858837485172004,0.0989323843416369,0.1008303677342822,0.1009489916963226,0.0892052194543297,0.0856465005931197,0.0781731909845788,0.1112692763938315,0.0788849347568208,0.0966785290628706,0.1137603795966784,0.0731909845788849,0.0736654804270462,0.0716488730723605,0.0761565836298932,0.0633451957295373,0.0763938315539738,0.0786476868327401,0.0926453143534993,0.0983392645314353,0.0323843416370106,0.0776986951364175,0.0778173190984578,0.0776986951364175,0.0342823250296559,0.0051008303677342,0.0627520759193356,0.1046263345195729,0.1051008303677342,0.0865954922894424,0.0922894424673783,0.0701067615658362,0.0849347568208778,0.091459074733096,0.1040332147093712,0.1154211150652431,0.0642941874258599,0.1110320284697508,0.1053380782918149,0.0661921708185053,0.1113879003558718,0.124673784104389,0.0850533807829181,0.1215895610913404,0.1053380782918149,0.1219454329774614
241,1594,20539,5.346553725849529,0.1511919698870765,6.614107883817427,702,5,77,5,85.2240663900415,12.885194479297365,0.404149377593361,0.5178423236514523,0.5360995850622406,0.4921161825726141,0.4157676348547717,0.2622406639004149,0.3327800829875518,0.3908713692946058,0.5070539419087137,0.4232365145228215,0.2804979253112033,0.4,0.4058091286307054,0.3352697095435684,0.2547717842323651,0.5983402489626556,0.645643153526971,0.6464730290456432,0.6049792531120332,0.5925311203319502,0.0979253112033194,0.1012448132780083,0.2929460580912862,0.3676348547717842,0.4157676348547717,0.532780082987552,0.5535269709543569,0.5601659751037344,0.4979253112033195,0.5103734439834025,0.5029045643153527,0.4879668049792531,0.4796680497925311,0.4780082987551867,0.4672199170124481,0.4539419087136929,0.4630705394190871,0.4456431535269708,0.4622406639004149,0.4448132780082988,0.5543568464730291,0.4987551867219917,0.4979253112033195,0.4962655601659751,0.4871369294605808,0.2780082987551867,0.2987551867219917,0.2315352697095435,0.2273858921161825,0.2315352697095435,0.4099585062240664,0.5792531120331951,0.5900414937759336,0.5900414937759336,0.604149377593361,0.4091286307053942,0.5601659751037344,0.5502074688796681,0.5070539419087137,0.4763485477178423,0.4058091286307054,0.536929460580913,0.5634854771784232,0.5510373443983403,0.5485477178423237,0.4622406639004149,0.5634854771784232,0.575103734439834,0.2721991701244813,0.5692946058091286,0.2008298755186722,0.3933609958506224,0.4373443983402489,0.5112033195020746,0.4074688796680498,0.4597510373443983,0.4788381742738589,0.3908713692946058,0.5410788381742738,0.2605809128630705,0.2489626556016597,0.2522821576763485,0.2489626556016597,0.2257261410788381,0.0356846473029045,0.5294605809128631,0.5261410788381743,0.5311203319502075,0.6082987551867219,0.5609958506224066,0.4564315352697095,0.5037344398340249,0.575103734439834,0.6099585062240663,0.5983402489626556,0.1784232365145228,0.579253112033195,0.579253112033195,0.1775933609958506,0.5759336099585062,0.5701244813278008,0.5452282157676349,0.5269709543568465,0.51701244813278,0.5244813278008299
4353,8342,58664,0.1615521787045125,0.5218173099976025,1.916379508385022,489,5,78,5,13.47668274753044,7.0323663390074325,0.0308293131173902,0.0368940960257293,0.0364805881001607,0.027888812313347,0.018424075350333,0.006064782908339,0.0085458304617504,0.0093728463128876,0.0350562830232023,0.0387778543533195,0.0099701355387088,0.0188835286009648,0.0193429818515965,0.0141052147943946,0.0063864001837812,0.0615667355846542,0.0700206753962783,0.0682747530438777,0.0634964392373075,0.0627153687112336,0.0286239375143578,0.0239834596829772,0.0343671031472547,0.0476912474155754,0.0497587870434182,0.0490696071674706,0.0471399035148173,0.0490236618424074,0.0569722030783367,0.0574776016540316,0.0585802894555478,0.0609235010337697,0.0418561911325522,0.0603721571330116,0.0421778084079944,0.0543992648747989,0.0569722030783367,0.0592235240064322,0.0570181484033999,0.0597748679071904,0.0598208132322535,0.0601424305076958,0.0598667585573167,0.0598667585573167,0.0601424305076958,0.0328049620951067,0.0314266023432115,0.0201699977027336,0.0218240294050079,0.0224213186308292,0.0500344589937973,0.0617045715598437,0.0619342981851595,0.0619342981851595,0.0626694233861704,0.0348725017229496,0.0457155984378588,0.049437169767976,0.0424994256834366,0.0395589248793934,0.0361130254996553,0.0471399035148173,0.0496209510682287,0.0484263726165862,0.042085917757868,0.0269699058120835,0.0272915230875257,0.0345968297725705,0.0339076498966229,0.0426372616586262,0.0037215713301171,0.0238915690328508,0.0243969676085458,0.0262807259361359,0.0285779921892946,0.0243050769584194,0.0229267172065241,0.0365265334252239,0.0373535492763611,0.0181024580748908,0.0090052837123822,0.0090512290374453,0.0090052837123822,0.008959338387319,0.0014243050769583,0.0439696760854582,0.0560532965770732,0.0558235699517573,0.0508155295198712,0.0477371927406386,0.0122214564668044,0.0169078796232482,0.0226510452561451,0.0292212267401791,0.0375832759016769,0.0052377670572019,0.0531587410980932,0.0562370778773259,0.0055134390075809,0.0584883988054215,0.0702504020215942,0.0055593843326441,0.0702504020215942,0.0249023661842407,0.0702504020215942
6459,3905,46115,0.18283354931203,1.6540332906530089,0.6045827527481035,38,5,124,5,7.139650100634773,11.80921895006402,0.1783867471744852,0.2078340300356091,0.2052330082056045,0.1656912834804149,0.1292150487691593,0.0064715900294162,0.0075553491252515,0.007710171853228,0.2072766682148938,0.1734633844248335,0.0085771791298962,0.0519585075089022,0.0739123703359652,0.0402539092738813,0.0195076637250347,0.1904319554110543,0.219105124632296,0.2258863601176652,0.2207462455488465,0.219848273726583,0.2097538318625174,0.2024771636476234,0.1782009599009134,0.1979873045363059,0.1961294318005883,0.1854156990246168,0.1871806781235485,0.1842700108375909,0.2045827527481033,0.2008360427310729,0.2203127419105124,0.2233472673788512,0.1121845486917479,0.2240594519275429,0.1121845486917479,0.2236259482892088,0.2238427001083758,0.223966558290757,0.2238427001083758,0.223966558290757,0.2266295092119522,0.2239046291995664,0.2266295092119522,0.2266295092119522,0.2239046291995664,0.1803065490013933,0.1628735098312431,0.1215668060071218,0.1230840687412911,0.1231150332868864,0.2300665737730298,0.2310264746864839,0.2291686019507663,0.2291686019507663,0.22269701192135,0.2028487381947669,0.2018578727357175,0.1902152035918872,0.1801826908190122,0.167084688032203,0.2004954327295246,0.204025390927388,0.1938070908809412,0.1816689890075862,0.1760953708004334,0.1826288899210403,0.1773649171698405,0.2055426536615575,0.2168137482582442,0.2111162718687103,0.007400526397275,0.1591267998142126,0.1577643598080197,0.1631212261960055,0.1737730298807864,0.1755999380709088,0.1842700108375909,0.1937141972441554,0.2086391082210868,0.1248180832946276,0.0076172782164421,0.0075553491252515,0.0076172782164421,0.0066264127573927,0.0009908654590493,0.1665892553026783,0.2127264282396655,0.2165660318934819,0.1872735717603343,0.1863446353924755,0.0478402229447282,0.0818083294627651,0.1343861278835732,0.1715745471435206,0.1959126799814212,0.0165041028022913,0.1698405325901842,0.1714506889611395,0.0078030654900139,0.17309180987769,0.2176497909893172,0.1325282551478556,0.2175568973525313,0.2044898591113175,0.2175568973525313
5199,8640,751531,1.673067024997685,0.6017361111111111,1.6618580496249278,636,50,1424,10,144.55299095979996,86.98275462962962,0.5787266782073476,0.6697441815733794,0.6458165031736872,0.5419888440084633,0.5256395460665513,0.195229851894595,0.5589536449317176,0.7404116176187728,0.8121561838815158,0.7732256203115984,0.5147528370840546,0.5037891902288901,0.4773994999038276,0.2615118291979226,0.1105212540873244,0.7623773802654357,0.894402769763416,0.930909790344297,0.916714752837084,0.8955953067897673,0.3257934218118868,0.2757068667051355,0.7654164262358145,0.3781496441623389,0.4156953260242353,0.2181573379496056,0.3194460473167916,0.2132333140988651,0.3551836891709944,0.2839776880169263,0.8563954606655126,0.8357761107905366,0.8357761107905366,0.7467205231775342,0.6872475476053087,0.4144643200615502,0.4174648970955952,0.6229659549913444,0.4190036545489516,0.6380073090979035,0.7993075591459896,0.7362954414310444,0.7150605885747259,0.7029044046932102,0.6975956914791306,0.6149644162338912,0.3390652048470859,0.2458549721100211,0.245470282746682,0.2435083669936525,0.8878630505866513,0.8978265050971341,0.8953644931717637,0.8953644931717637,0.8960954029621082,0.5471052125408733,0.7228697826505097,0.6812079246008848,0.5766878245816504,0.6100788613194845,0.5490286593575687,0.6520100019234467,0.6121561838815157,0.5504135410655895,0.5944604731679168,0.8721292556260819,0.7301019426812848,0.9138295826120408,0.8422388920946335,0.8663204462396614,0.1954221965762646,0.8550490478938257,0.8560877091748413,0.8551644547028274,0.8939796114637429,0.4695518368917099,0.3713791113675706,0.5435660703981535,0.4389305635699173,0.4657049432583188,0.1863819965377957,0.1871513752644738,0.1863819965377957,0.189228697826505,0.0111175226005,0.7602615887670706,0.6834006539719176,0.684939411425274,0.8316599346028083,0.7789959607616849,0.461357953452587,0.596114637430275,0.7419888440084631,0.8020773225620312,0.8299288324677823,0.1466435853048662,0.6818234275822274,0.7106366608963263,0.1453356414695133,0.715022119638392,0.7451432967878439,0.7451432967878439,0.7478745912675515,0.7478745912675515,0.7233698788228505
2067,967,11267,0.5636913150912878,2.1375387797311274,0.4678277697145622,16,5,49,5,5.450895016932753,11.651499482936918,0.0063860667634252,0.0103531688437348,0.0111272375423318,0.0087082728592162,0.0087082728592162,0.0041606192549588,0.0102564102564102,0.0112239961296564,0.0143202709240444,0.0096758587324624,0.0122883405902273,0.0146105466860183,0.0130624092888243,0.0116110304789549,0.0130624092888243,0.0086115142718915,0.0093855829704886,0.0095791001451378,0.00899854862119,0.00899854862119,0.0093855829704886,0.009772617319787,0.0114175133043057,0.0085147556845669,0.0091920657958393,0.0090953072085147,0.0096758587324624,0.0101596516690855,0.0087082728592162,0.0078374455732945,0.0067731011127237,0.0067731011127237,0.0003870343492984,0.0067731011127237,0.0003870343492984,0.0100628930817609,0.0100628930817609,0.0067731011127237,0.0100628930817609,0.0067731011127237,0.0070633768746975,0.0068698597000483,0.0070633768746975,0.0070633768746975,0.0068698597000483,0.005128205128205,0.0044508950169327,0.0053217223028543,0.0055152394775035,0.0057087566521528,0.00899854862119,0.0089017900338654,0.0080309627479438,0.0080309627479438,0.007450411223996,0.0138364779874213,0.0121915820029027,0.011320754716981,0.0092888243831639,0.0073536526366714,0.0128688921141751,0.0097726173197871,0.00899854862119,0.0089985486211901,0.0083212385099177,0.0094823415578132,0.0118045476536042,0.0085147556845669,0.0092888243831639,0.012094823415578,0.0110304789550072,0.0089985486211901,0.00899854862119,0.0093855829704885,0.0073536526366714,0.0084179970972423,0.0073536526366714,0.0111272375423318,0.0092888243831639,0.0056119980648282,0.0112239961296564,0.0115142718916303,0.0112239961296564,0.0086115142718915,0.0041606192549588,0.0088050314465408,0.0104499274310594,0.0106434446057086,0.0091920657958393,0.0095791001451378,0.0135462022254474,0.0129656507014997,0.0131591678761489,0.0102564102564102,0.0081277213352684,0.0141267537493952,0.0092888243831639,0.0077406869859699,0.0126753749395258,0.0097726173197871,0.0106434446057087,0.0,0.0106434446057087,0.0007740686985969,0.0106434446057087
763,2628,39652,1.9774941102074444,0.2903348554033486,3.444298820445609,595,5,243,5,51.96854521625164,15.0882800608828,0.2322411533420707,0.1889908256880733,0.1591087811271297,0.1208387942332896,0.1001310615989514,0.2157273918741808,0.2511140235910878,0.2574049803407601,0.2188728702490169,0.1619921363040628,0.2204456094364351,0.2159895150720838,0.1923984272608125,0.2356487549148099,0.2115334207077325,0.1685452162516382,0.1979030144167758,0.21913499344692,0.2249017038007863,0.2319790301441677,0.0587155963302751,0.0663171690694626,0.2089121887287024,0.0830930537352555,0.0783748361730012,0.1266055045871559,0.1268676277850589,0.1365661861074704,0.1294888597640891,0.1255570117955438,0.1950196592398426,0.1887287024901703,0.1861074705111402,0.1847968545216251,0.1819134993446919,0.219659239842726,0.2173001310615989,0.1732634338138924,0.2138925294888597,0.1861074705111402,0.1950196592398426,0.1847968545216251,0.1798165137614678,0.1853211009174311,0.1850589777195281,0.1716906946264744,0.0542595019659239,0.0406290956749672,0.0398427260812581,0.038532110091743,0.1816513761467889,0.1958060288335517,0.1994757536041939,0.1994757536041939,0.1994757536041939,0.2442988204456094,0.1580602883355176,0.1543905635648755,0.1703800786369593,0.1583224115334206,0.238794233289646,0.1698558322411533,0.16435124508519,0.1688073394495412,0.1724770642201834,0.129226736566186,0.2293577981651375,0.0723460026212319,0.1363040629095674,0.2332896461336828,0.2217562254259501,0.1273918741808649,0.1271297509829619,0.1908256880733944,0.0975098296199213,0.1321100917431192,0.092791612057667,0.2267365661861074,0.1412844036697247,0.0946264744429881,0.2225425950196592,0.2228047182175622,0.2225425950196592,0.220183486238532,0.0125819134993446,0.1431192660550458,0.2314547837483616,0.237745740498034,0.1693315858453473,0.1690694626474442,0.2422018348623852,0.2393184796854521,0.2254259501965923,0.2089121887287024,0.2173001310615989,0.1761467889908256,0.2298820445609436,0.2170380078636959,0.1737876802096985,0.219397116644823,0.2110091743119266,0.2110091743119266,0.2233289646133682,0.2233289646133682,0.2311926605504586
9906,12381,123518,0.100710836617455,0.8000969227041435,1.24984857662023,509,5,529,5,12.469008681607107,9.976415475325094,0.0674338784575004,0.0717948717948717,0.067797294568948,0.0454270139309508,0.0326468806783766,0.0196042802342014,0.020290732889158,0.0206945285685442,0.0806178073894608,0.0658994548758327,0.0235816676761558,0.039087421764587,0.0349081364829396,0.0251968503937007,0.0091863517060366,0.1014132848778517,0.1246517262265293,0.1210579446799919,0.1092873006258832,0.1061578841106399,0.0730668281849383,0.0640016151827174,0.0581869573995557,0.0864122753886533,0.0867756915001009,0.078942055320008,0.0805976176054915,0.078356551584898,0.0939632545931758,0.0939834443771451,0.0811023622047243,0.0887542903290934,0.0692913385826771,0.087563093074904,0.0697557036139712,0.1069049061175045,0.1094690086816071,0.0840096910963052,0.1099535634968705,0.0860286694932364,0.0894811225519886,0.0873006258833029,0.0914193418130425,0.0914799111649504,0.0874419543710881,0.0696143751261861,0.0459923278820916,0.0328285887341005,0.0332929537653946,0.0357762971936199,0.1016555622854835,0.1097516656571774,0.1096709065213001,0.1096709065213001,0.1093680597617605,0.080759135877246,0.0953159701191196,0.0902483343428224,0.0758732081566726,0.0652130022208761,0.0826569755703613,0.097092671108419,0.0965273571572783,0.0840298808802745,0.075509792045225,0.050171613163739,0.0506561679790025,0.0627094690086815,0.0662830607712497,0.083545326065011,0.0197254189380173,0.0419543710882293,0.0410256410256409,0.0394625533390334,0.0484352917423783,0.0416313345447203,0.040056531395114,0.0735110034322632,0.0613971330506763,0.0433272763981424,0.0194023823945083,0.0194023823945083,0.0194023823945083,0.0196850393700786,0.000524934383202,0.0694932364223702,0.098061780738946,0.0986270946900867,0.0817080557238037,0.0771451645467393,0.0266303250555218,0.0343630123157681,0.0451241671714112,0.0541288108217241,0.0657985059559862,0.018090046436503,0.0970321017565111,0.0888552392489399,0.0185746012517665,0.0917019987886129,0.1126993741166969,0.0456491015546133,0.111669695134262,0.0828588734100544,0.1116495053502927
57728,10291,890388,0.149877074903027,5.609561752988048,0.1782670454545454,417,5,4686,5,15.42384977827051,86.52103780001943,0.1571195953436807,0.1564613359201773,0.1329095066518846,0.0931922117516629,0.1003499168514411,0.1237077328159645,0.1558862250554323,0.1189682649667405,0.070998475609756,0.0715666574279378,0.1180224501108647,0.1132414079822616,0.0975748337028824,0.0371015798226163,0.0211231984478935,0.1689717294900221,0.1879642461197339,0.202102965631929,0.197595620842572,0.1915223115299334,0.1398039079822615,0.1194671563192904,0.1479420731707316,0.1467121674057649,0.1478346729490021,0.1207247782705099,0.141938054323725,0.1202397450110864,0.1464765798226163,0.1322651053215077,0.1687188192904656,0.1741858370288247,0.1558792960088691,0.1745773281596452,0.1565722006651884,0.1590216186252771,0.1593888580931263,0.1700873059866961,0.1599258592017738,0.1715666574279379,0.1793410476718403,0.1767287971175166,0.1764169900221729,0.1758314855875831,0.175110864745011,0.1291331762749445,0.0429462305986695,0.0271930432372505,0.0277958702882483,0.0279413802660753,0.1958598946784922,0.1967987804878048,0.1963102827050997,0.1963102827050997,0.1966186252771618,0.1646791851441241,0.1561703159645232,0.1507968403547671,0.1498025221729489,0.1257795177383591,0.1650568181818181,0.1618486696230598,0.1551690687361418,0.1472560975609755,0.1433411862527716,0.1361315133037693,0.1912001108647449,0.126330376940133,0.1895371396895787,0.19251316518847,0.0462098115299334,0.116293652993348,0.1184000831485587,0.1609998614190687,0.1041608924611973,0.0833772172949001,0.0822547117516629,0.1263615576496673,0.0922949002217294,0.0646930432372505,0.0447373891352549,0.0447373891352549,0.0447373891352549,0.0459257206208425,0.0009284922394677,0.1243971729490021,0.1795731707317072,0.182708564301552,0.1506478658536585,0.1391110033259423,0.1236557649667405,0.1461058758314855,0.1554219789356984,0.1662416851441241,0.1697789634146341,0.0382448725055431,0.1312707871396895,0.126243763858093,0.038615576496674,0.1262853381374722,0.1745807926829267,0.1745461474501108,0.1750069290465631,0.1750103935698447,0.1708425720620842
943,1349,99287,7.804925214624242,0.6990363232023721,1.4305408271474018,648,19,583,5,105.288441145281,73.6004447739066,0.7011664899257688,0.727677624602333,0.6678685047720043,0.5295864262990456,0.4990455991516437,0.5073170731707317,0.6634146341463414,0.7145281018027572,0.750795334040297,0.6833510074231177,0.7092258748674444,0.7096500530222694,0.7174973488865324,0.6335100742311771,0.4742311770943795,0.584305408271474,0.7079533404029693,0.7819724284199363,0.7963944856839873,0.7953340402969247,0.097136797454931,0.1098621420996818,0.5505832449628845,0.5230116648992577,0.4774125132555673,0.4195121951219511,0.4523860021208907,0.4112407211028632,0.5238600212089077,0.5098621420996818,0.6485683987274655,0.6871686108165429,0.6871686108165429,0.7088016967126193,0.7143160127253447,0.6803817603393425,0.6825026511134676,0.6981972428419937,0.6837751855779427,0.7179215270413574,0.743796394485684,0.7211028632025451,0.7164369034994698,0.7164369034994698,0.7164369034994698,0.6443266171792154,0.36033934252386,0.3408271474019088,0.3454931071049841,0.3420996818663838,0.608271474019088,0.7401908801696713,0.752067868504772,0.752067868504772,0.7427359490986214,0.6364793213149522,0.776033934252386,0.7567338282078473,0.7018027571580063,0.6901378579003181,0.6445387062566278,0.7777306468716861,0.7656415694591729,0.7043478260869566,0.7011664899257688,0.7393425238600212,0.7703075291622481,0.6290562036055143,0.6850477200424179,0.7800636267232237,0.4702014846235419,0.6706256627783669,0.6721102863202545,0.6827147401908802,0.6,0.5662778366914104,0.5340402969247083,0.7300106044538707,0.6114528101802758,0.4721102863202544,0.472322375397667,0.472322375397667,0.472322375397667,0.4786850477200424,0.0489925768822905,0.7295864262990456,0.7217391304347827,0.7126193001060446,0.7864262990455991,0.783881230116649,0.7433722163308589,0.7643690349946978,0.7741251325556734,0.7618239660657476,0.7571580063626724,0.4108165429480381,0.7503711558854719,0.7478260869565218,0.4023329798515376,0.7476139978791092,0.7261930010604454,0.7261930010604454,0.7563096500530223,0.7563096500530223,0.7531283138918345
42382,8738,678297,0.1831582176772596,4.850308995193408,0.2061724316926997,433,5,4152,5,16.00436506063895,77.62611581597619,0.1674154122032937,0.1606625454202255,0.1368930206219621,0.0948232740314284,0.0974234344769005,0.1000424708602708,0.1765796800528525,0.1423811995658534,0.0730262847435231,0.0705865697701854,0.1347270067481477,0.1272332594025765,0.1012505308857533,0.0647161530838563,0.024595347081308,0.171063187202114,0.1923363692133452,0.209088764097966,0.2046765136142701,0.1989146335708555,0.1397621631824831,0.1190363833702986,0.1574677929309612,0.1459440328441318,0.1486291350101458,0.1204851116039827,0.140904157425322,0.1199093954980887,0.1477325279599829,0.1335236657071397,0.1749846633004577,0.1825444764286725,0.1650323250436505,0.1832617620688027,0.1656929828700863,0.1712613845500448,0.171865414562786,0.1796564579302533,0.1721674295691566,0.1814638289840026,0.1894530696994006,0.1855882214147515,0.1849275635883157,0.1845830777216743,0.1838374781746967,0.1370629040630455,0.0450898966542399,0.028790524279175,0.0290217545184275,0.0291963569439856,0.2038978811759709,0.2042706809494596,0.2029493652965881,0.2029493652965881,0.2045113491576612,0.1704119673446274,0.1635411259496955,0.1567363503374073,0.1548204426407436,0.1401538388938699,0.1719126044075314,0.1693501958378556,0.1619649851351988,0.1539521494974281,0.1483743098485205,0.139464867160587,0.2010806474446698,0.1272804492473219,0.1961351517153508,0.2023170213769996,0.0522580340710678,0.1108111934311735,0.1092775234769477,0.1625784531168892,0.1050729083101316,0.0856023783681751,0.0799254400453021,0.136831673823793,0.0918975036572129,0.0764333915341418,0.0506063895049784,0.0506063895049784,0.0506063895049784,0.0505733566136566,0.0011278372894152,0.1271671936199329,0.1891935255533009,0.1913784153650134,0.1585531593601056,0.1434099381813033,0.1392194799679109,0.1529186918975036,0.1645934594875182,0.1727903355197961,0.1802416120050964,0.0399745174838374,0.14205558963711,0.1389929687131328,0.0412392053230144,0.1388419612099476,0.1876551366146004,0.187598508800906,0.1882591666273417,0.188235571704969,0.1855787834458024
44081,8254,606353,0.1666516538460183,5.340562151684032,0.1872462058483247,381,5,3023,5,13.755427508450351,73.46171553186333,0.1734534153036455,0.1733399877498241,0.1504049363671423,0.1052199360268596,0.1068669041083459,0.0993761484539823,0.1800367505274381,0.137587622785327,0.0685510764274857,0.0646491685760304,0.1458496858056758,0.1409269299698282,0.1306685420022231,0.0676481930990675,0.0087429958485515,0.1720786733513304,0.1932034209750232,0.2123409178557655,0.2103718155214264,0.2053810031532859,0.1533722011751093,0.1318118917447426,0.1715886663188221,0.1591570064199995,0.1595880311245207,0.1348381388806968,0.1546516639822145,0.1343254463374242,0.1602685964474489,0.1476463782582064,0.1804904607427235,0.1874503754452031,0.1660034935686576,0.1885619654726525,0.167305641886527,0.1883169619563984,0.1887479866609196,0.1851364533472471,0.1888840997255053,0.1873913931172159,0.1887570608652253,0.1882806651391755,0.1893786438601664,0.1893015131235679,0.1886708559243211,0.1519974592227943,0.0555295932487919,0.0395363081599781,0.0398992763322065,0.0400626120097093,0.2103309816020507,0.2098954197953766,0.2107030239785848,0.2107030239785848,0.2112792359519974,0.1735532315510083,0.1680678750482067,0.1572468864136475,0.1568929924457248,0.1353417572196637,0.1747011183956806,0.1720469136362604,0.1636169778362559,0.1556815861709126,0.1202558925614209,0.1609899956897529,0.2080125224019418,0.1483859259091218,0.2026042966357387,0.2062521267666341,0.032127220344366,0.1369252058710101,0.1355504639186951,0.1733535990562827,0.1263628320591638,0.0957147070166284,0.1040720491821872,0.162205939066718,0.1058914271454821,0.0991266078355753,0.0419772691182141,0.0419772691182141,0.0419772691182141,0.0412513327737573,0.0009437172477937,0.1279054467911344,0.1920782196411151,0.1950137247340123,0.1619382500396996,0.143372428030217,0.1405367391846827,0.1565345613756493,0.169683083414623,0.1792019237313127,0.1865792518318549,0.0297860756334928,0.1390803293936162,0.1262085705859667,0.0291644926385517,0.1253918921984528,0.1924185023025793,0.1923912796896621,0.1949638166103309,0.1949638166103309,0.1913976543181869
73064,7711,870531,0.1545148033080446,9.47529503306964,0.1055376108617102,970,5,4411,5,11.914636483083324,112.89469588898976,0.0942735136318843,0.0892368334610751,0.0787008649950727,0.0558387167414868,0.0572593890287966,0.0926584911858096,0.0887769626628708,0.0585541443118361,0.041210445636702,0.0416538924778276,0.0548067447717069,0.0477006460089783,0.0430718274389575,0.0264234096134895,0.0202124165115514,0.1212936603525675,0.1323853060330669,0.139496879448155,0.1337895543632979,0.1278331325960801,0.0943939559837949,0.0802419796342931,0.096197853936275,0.1020529946348406,0.1020584692872002,0.0889658381692762,0.10115788897405,0.0891656629804007,0.1043961458447388,0.0967015219533559,0.1205874301981823,0.1283586992225993,0.1078780247454286,0.1282711047848461,0.1080477389685754,0.1010511332530384,0.1017710500383225,0.1241815394722434,0.1023896857549545,0.1259772254461841,0.129612394612942,0.1297328369648526,0.1300339428446293,0.1297246249863133,0.1288924778276579,0.0748220737983137,0.022511770502573,0.0133280411693857,0.0131473776415197,0.0136264097229825,0.133053213620935,0.1333214715865542,0.1333187342603744,0.1333187342603744,0.1323223475309317,0.1076973612175626,0.106210993101938,0.1043304500164239,0.1029344136647322,0.0477444432278549,0.1103772035475747,0.1077247344793605,0.1044591043468739,0.1024526442570896,0.0798587539691229,0.0768066352786597,0.1244224241760647,0.0681676338552501,0.1237244060002189,0.1260182853388809,0.0331681813204861,0.0623590277017409,0.0640397459761304,0.0989871893134785,0.0591946786379064,0.0504270228840468,0.0441913938464907,0.0620387605387057,0.0473228949961676,0.0371017190408408,0.032434577904303,0.032434577904303,0.032434577904303,0.0323798313807072,0.0009170042702288,0.0845204204533011,0.1174148691558085,0.1190408409066023,0.0984561480345997,0.0902578561261359,0.0776442570896747,0.0881117924011824,0.0964360013139165,0.1038596299135004,0.1132294974269133,0.0254297602102266,0.1075030110587977,0.1121646775429759,0.0260073360341617,0.1120880324099419,0.1026223584802364,0.1026250958064162,0.1019955107850651,0.1019845614803459,0.0999890506952808
87271,13209,752937,0.0653158746238652,6.606934665758195,0.1513561205898866,565,5,6282,5,8.627573879066356,57.001816942993415,0.0797194944483275,0.0770152742606363,0.0662625614465286,0.0447158850018905,0.0434233594206551,0.0837185319292777,0.0577603098394655,0.0337156672892483,0.0189707921302608,0.0224633612540247,0.0363328024200478,0.035136528743798,0.0256969669191369,0.0242394380722118,0.0204741552176553,0.0908297143380962,0.1053935442472298,0.1134328700255525,0.1070939945686424,0.1030880819516219,0.0836474888565502,0.0759152524893721,0.0642114791855255,0.0881575781187335,0.0876029838090545,0.0792680271797045,0.0861133709938008,0.0785575964524297,0.0889046762383838,0.0836910313849961,0.0850568917509825,0.0922757846249039,0.0713020361861328,0.0901444924430795,0.0715609996447846,0.094959379404384,0.095023547341041,0.0850385580547948,0.0950579230213931,0.0882492465996722,0.0894867710923445,0.0884944597861832,0.0926172497164005,0.0929632982319441,0.0897549013990901,0.0518339425467795,0.0166447044264417,0.0125310813443182,0.0121323234522349,0.0120635720915308,0.1121609698525282,0.1121265941721762,0.1122388880613261,0.1122388880613261,0.1124359752953443,0.0887350895486472,0.0836864479609491,0.0826964283668114,0.0798753308659233,0.0592705480629303,0.085790239598492,0.083764366169747,0.0815161966747258,0.0773246553838044,0.0484376253280012,0.0559246485086683,0.0974435952378223,0.0508416312406182,0.0967767070389934,0.0961854453369389,0.033708792153178,0.0502847452189157,0.0516162299045501,0.0777944563486151,0.048696588786653,0.0340662992288388,0.0321137605848448,0.0628204099872809,0.0347858968042075,0.0342015102382234,0.0337935854980462,0.0337935854980462,0.0337935854980462,0.033704208729131,0.0003506319395904,0.0610076657767184,0.0899863643134603,0.091505769385019,0.0781198794559475,0.0741643845034432,0.0541760722347629,0.0620320610512082,0.0703578508324643,0.0783055081298483,0.0860973290096366,0.0243448568252912,0.0752025300500738,0.0792749023157749,0.0243013142968454,0.0780373778231027,0.0899313632248971,0.0895921898454239,0.089935946648944,0.0898144859117002,0.0880384090935132
2928,1835,20473,0.3810433138279656,1.5956403269754769,0.6267076502732241,51,5,169,5,6.992144808743169,11.156948228882834,0.0495901639344261,0.060655737704918,0.0559426229508196,0.0398224043715846,0.0316939890710382,0.0013661202185792,0.0273224043715846,0.0270491803278688,0.0688524590163933,0.0463797814207649,0.0228142076502731,0.0489754098360655,0.0542349726775955,0.0472677595628415,0.0394808743169398,0.0617486338797813,0.0845628415300546,0.0947404371584699,0.0938524590163934,0.0937841530054644,0.0477459016393442,0.0439890710382513,0.0733606557377049,0.0669398907103824,0.0678961748633879,0.0668715846994535,0.069467213114754,0.0666666666666666,0.067622950819672,0.0648907103825136,0.0732240437158469,0.0679644808743168,0.024795081967213,0.0739754098360655,0.024795081967213,0.0861338797814207,0.0861338797814207,0.0734972677595627,0.0862021857923496,0.0737021857923496,0.0773907103825136,0.0738387978142076,0.0775956284153005,0.0775956284153005,0.0738387978142076,0.0474726775956283,0.0269808743169398,0.0181010928961748,0.019535519125683,0.0197404371584699,0.0722677595628415,0.0847677595628414,0.0817622950819671,0.0817622950819671,0.0775273224043715,0.0672814207650272,0.0651639344262294,0.0599043715846994,0.0512295081967212,0.0478142076502731,0.0636612021857923,0.06775956284153,0.0667349726775955,0.0546448087431693,0.0504781420765026,0.0579918032786884,0.0859289617486338,0.056898907103825,0.0704918032786885,0.0900273224043715,0.0282103825136611,0.0469262295081966,0.0484289617486338,0.0528005464480873,0.037295081967213,0.0452185792349726,0.0437158469945354,0.0461748633879781,0.0631830601092895,0.0236338797814207,0.0273224043715846,0.0273224043715846,0.0273224043715846,0.0209016393442622,0.0017759562841529,0.0377732240437158,0.0683743169398906,0.0702185792349726,0.0561475409836065,0.0517759562841529,0.0645491803278688,0.0674180327868852,0.0680327868852458,0.0690573770491802,0.0743852459016393,0.0181693989071037,0.0795081967213114,0.0687841530054644,0.0190573770491803,0.0726092896174863,0.0913251366120218,0.0496584699453551,0.0913251366120218,0.0795765027322404,0.0913251366120218
5536,15429,200180,0.2343617997337796,0.3588048480134811,2.787030346820809,390,5,321,5,36.15968208092485,12.97426923326204,0.2217846820809248,0.2890895953757225,0.2824421965317919,0.2129335260115606,0.1717124277456647,0.0309971098265895,0.0411127167630057,0.0757947976878612,0.3060693641618496,0.2438945086705202,0.1100072254335259,0.1190751445086704,0.1180274566473988,0.0654624277456646,0.0178106936416184,0.3861632947976878,0.4196531791907514,0.4046242774566473,0.3514812138728324,0.3290462427745664,0.2636921965317919,0.2335260115606935,0.2331286127167629,0.2769147398843931,0.2789378612716763,0.2376083815028901,0.2489161849710982,0.2401011560693641,0.2925939306358381,0.288764450867052,0.2740245664739884,0.3347182080924855,0.3311416184971098,0.3468208092485549,0.3460260115606936,0.3101765883852175,0.3190390173410404,0.3247109826589595,0.3202312138728324,0.3376083815028901,0.3446170520231214,0.3420520231213872,0.3526011560693641,0.3542630057803468,0.3496026011560693,0.2336705202312138,0.2122471098265895,0.1815390173410404,0.1878612716763005,0.1914739884393063,0.3903540462427745,0.3950505780346821,0.3957369942196531,0.3957369942196531,0.3964234104046242,0.2464595375722543,0.3209898843930635,0.2964234104046243,0.2583092485549133,0.2394508670520231,0.2689667630057803,0.3152817919075144,0.3027095375722543,0.2835621387283237,0.2696170520231213,0.2149566473988438,0.2048049132947977,0.2581286127167629,0.2557803468208092,0.295664739884393,0.0038656069364161,0.1837066473988439,0.1867774566473988,0.1970014450867052,0.2132225433526011,0.2077312138728323,0.1861994219653178,0.2692919075144508,0.2621026011560693,0.230708092485549,0.0316835260115606,0.0316835260115606,0.0316835260115606,0.0308887283236993,0.0009754335260115,0.265028901734104,0.3497832369942196,0.3572976878612716,0.3011921965317919,0.3102239884393062,0.0957008670520231,0.1329479768786126,0.176300578034682,0.2087427745664739,0.2501806358381502,0.0221098265895953,0.2733020231213872,0.2847543352601155,0.0238800578034681,0.2952673410404623,0.3463150289017341,0.2975072254335259,0.3125,0.3038656069364162,0.3061416184971098
24523,4305,291882,0.276477987457128,5.696399535423926,0.1755494841577294,810,5,3746,5,11.90237736002936,67.8006968641115,0.1174978591526321,0.1108265709741874,0.1010643069771234,0.0724218080985197,0.0651796272886677,0.085519716184806,0.1291114463972596,0.1078660848998898,0.0449374057007706,0.0433307507238102,0.0970272805121722,0.0722994739632181,0.0684255596786689,0.0513721812176323,0.0539656648860253,0.1313216164417077,0.1497614484361619,0.1616278595604126,0.1571585858173959,0.1526403784202585,0.1001264119398115,0.0896790767850588,0.0826570974187497,0.1081515312155934,0.1112751294702931,0.0992537617746604,0.106226807486849,0.0996615422256656,0.1070586796068996,0.1038127472168984,0.128034906006606,0.1345920156587692,0.1156465359050686,0.1351710638991966,0.1162092729274558,0.1253353994209517,0.1263466949394445,0.1285242425478122,0.1269175875708517,0.1300411858255515,0.1475757452187741,0.1399665620030175,0.1396158708151531,0.1379276597479916,0.1350731965909553,0.0756514292704807,0.028593565224483,0.022925416955511,0.0237572890755616,0.024491293887371,0.1597439138767687,0.1614484361619703,0.1613342576356889,0.1613342576356889,0.1605513191697589,0.1246421726542429,0.1254985116013537,0.1195693838437384,0.1166496758145414,0.1029727194878276,0.1212983729560004,0.1227908494066794,0.1186722668515271,0.116307140235697,0.0944501080618194,0.0720303388655547,0.146858051625005,0.0618032051543448,0.1331240060351506,0.1465970721363617,0.0857072951922684,0.0640296864168331,0.0641764873791949,0.0871671492068669,0.0535007951718794,0.0640867756799738,0.0547649145699954,0.1038127472168983,0.0747135342331688,0.0580924030501977,0.0852342698691024,0.0852342698691024,0.0852342698691024,0.0847938669820168,0.0016066549769603,0.0830159442156342,0.1357990457937446,0.136932675447539,0.1073767483586836,0.0972148595196345,0.1117481547934591,0.1150022427924804,0.121502263181503,0.1307751906373608,0.1417934184235207,0.0603270399217061,0.1216979977979855,0.1275945031195204,0.0620804958610283,0.1276597479916812,0.1376503690413081,0.1376014353871875,0.1394853810708314,0.1394690698527912,0.1370713208008807
147,453,2941,4.416512741962126,0.3245033112582781,3.0816326530612246,93,5,31,5,20.006802721088437,6.492273730684326,0.0258503401360543,0.0993197278911564,0.1306122448979591,0.1074829931972788,0.1020408163265305,0.020408163265306,0.1224489795918366,0.1401360544217686,0.1129251700680271,0.127891156462585,0.110204081632653,0.1197278911564625,0.1183673469387754,0.1306122448979591,0.1523809523809523,0.1142857142857142,0.1442176870748298,0.1605442176870748,0.1619047619047618,0.1523809523809523,0.057142857142857,0.0530612244897958,0.0789115646258502,0.1006802721088434,0.11156462585034,0.0857142857142856,0.0721088435374149,0.0802721088435373,0.0666666666666666,0.0625850340136053,0.1197278911564625,0.1251700680272108,0.1170068027210883,0.1224489795918366,0.1142857142857142,0.1510204081632652,0.146938775510204,0.1210884353741496,0.146938775510204,0.1224489795918366,0.129251700680272,0.1224489795918366,0.129251700680272,0.129251700680272,0.1224489795918366,0.0299319727891155,0.0952380952380952,0.0816326530612244,0.074829931972789,0.0761904761904761,0.0857142857142856,0.1129251700680271,0.1170068027210884,0.1170068027210884,0.1346938775510203,0.1659863945578231,0.1142857142857142,0.1238095238095237,0.0993197278911564,0.129251700680272,0.1496598639455781,0.0993197278911564,0.1374149659863945,0.1387755102040816,0.1319727891156462,0.0707482993197278,0.1551020408163265,0.1129251700680271,0.0721088435374149,0.1578231292517006,0.0952380952380951,0.05578231292517,0.0598639455782312,0.0938775510204081,0.1047619047619047,0.1251700680272108,0.1115646258503401,0.1251700680272108,0.1428571428571428,0.0680272108843537,0.1197278911564625,0.1197278911564625,0.1197278911564625,0.0285714285714285,0.0176870748299319,0.0952380952380951,0.1156462585034013,0.1210884353741496,0.1197278911564625,0.1074829931972788,0.164625850340136,0.1632653061224489,0.129251700680272,0.1551020408163265,0.1551020408163264,0.0761904761904761,0.1265306122448979,0.1224489795918366,0.0897959183673469,0.1210884353741496,0.1755102040816326,0.1020408163265305,0.1755102040816326,0.1755102040816326,0.1755102040816326
66519,28237,551682,0.0293713932950357,2.3557389241066686,0.4244952569942422,277,5,1064,5,8.293600324719254,19.53755710592485,0.0128564770967692,0.0110615012252138,0.0095130714532689,0.0061877057682767,0.0053067544611313,0.0075016160796163,0.0185330507073166,0.0127602639847261,0.0056284670545257,0.0047866023241479,0.0078594085900268,0.0061155459342443,0.0065064117019197,0.0056284670545257,0.0034336054360407,0.0245614035087718,0.0376794600039086,0.0423097160209864,0.0395616290082532,0.0382266720786541,0.0172071137569716,0.0144981133210059,0.0169756009561177,0.0192726890061485,0.019113336039327,0.0164825087568965,0.0183616711014897,0.0162089027195236,0.0206677791307746,0.0189930696492731,0.0227093011019407,0.0205835926577368,0.0100091703122415,0.0234038395045024,0.0100362302500037,0.0301086907500112,0.0299222778454275,0.0217050767449901,0.0297178249823358,0.0226371412679083,0.0248590628241554,0.0230250003758324,0.0258422405628466,0.0260286534674303,0.0233797862264916,0.0123273049805318,0.004555089523294,0.0037583246891865,0.0037462980501811,0.0038094379049594,0.0383920383649783,0.0400006013319502,0.0400216479502096,0.0399945880124475,0.039964521414934,0.0150032321592326,0.0139990078022819,0.0131511297524015,0.0126881041506937,0.0099249838392037,0.0150393120762488,0.0144409867857303,0.0130759632586178,0.0115064868684134,0.0102256498143387,0.0151595784663028,0.0179828319728197,0.0172131270764743,0.0204332596701693,0.0259895668906627,0.0062628722620604,0.0156316240472646,0.0155985507899998,0.0072881432372705,0.0164193689021181,0.0043957365564725,0.004425803153986,0.0080638614531186,0.005622453735023,0.0055773538387528,0.0074895894406108,0.0074895894406108,0.0074895894406108,0.0074925961003622,0.0001924262240863,0.0086651934033884,0.0153189314331243,0.0162870758730587,0.0157849636945834,0.012811377200499,0.0100211969512469,0.0121619386942076,0.0154933176987025,0.0165486552714261,0.0181361716201385,0.0047595423863858,0.0236082923675941,0.0224477217035733,0.0047565357266344,0.0222192155624708,0.0368616485515416,0.0232925930937025,0.0365910491739201,0.0326252649618905,0.036573009215412
36088,17932,347987,0.0537738926330377,2.012491635065804,0.4968964752826424,148,5,405,5,9.642734426956329,19.40592237341066,0.1646475282642429,0.1828585679450232,0.1742850809133229,0.1247450676125027,0.0956218133451562,0.0060241631567279,0.0735535358013743,0.1789569940146308,0.09367102637996,0.0628186654843715,0.0411217025049877,0.052366437596985,0.0478386167146973,0.0213367324318332,0.0039569940146308,0.1841166038572378,0.2204888051429837,0.2280148525825758,0.2229771669252937,0.2206827754378186,0.1852194635335845,0.181096209266238,0.1421580580802482,0.1804090002216802,0.1795111948570161,0.1682276657060518,0.1709654178674351,0.1679283972511637,0.1868765240523165,0.1842108180004433,0.1960928840611837,0.1969518953668809,0.1156561737973841,0.1983651075149633,0.1156672578142318,0.2215029926845488,0.2211261361117268,0.1949235202837508,0.2212757703391708,0.1971902017291066,0.2008091332298824,0.1981489691864331,0.2035191753491464,0.2035302593659941,0.1983706495233872,0.1712536023054754,0.0926125027710041,0.0802870760363555,0.0812790955442251,0.08086898692086,0.2244568831744623,0.2240467745510972,0.2245566393260917,0.2245566393260917,0.2234648636665927,0.1539348259809354,0.1444857016182664,0.1343604522278873,0.1383784083351806,0.1251607182442917,0.1560241631567279,0.1525216138328529,0.141903125692751,0.1319330525382398,0.1309133229882509,0.1564398137885169,0.1565672799822655,0.1798880514298381,0.1919363777432941,0.2085956550653956,0.0060463311904233,0.1331744624251828,0.1337563733096873,0.0098924850365772,0.1553314121037463,0.1035967634670804,0.0913821769009088,0.1561128352915096,0.1334404788295278,0.1270172910662824,0.006096209266238,0.0060241631567279,0.006096209266238,0.0059244070050986,0.0003436045222788,0.1236255819108844,0.1568222123697627,0.1597594768344047,0.1549490135225005,0.1306473065839059,0.0447350919973398,0.0648414985590777,0.1126302371979605,0.1469796054090001,0.1752549323874971,0.0062015074262912,0.1648248725338062,0.1416149412547106,0.0062790955442252,0.1380181777876302,0.2161438705386832,0.1958822877410773,0.218709820438927,0.2167257814231877,0.2186710263799601
1090,3646,52551,1.3223238235190506,0.2989577619308831,3.3449541284403668,899,5,177,5,48.21192660550459,14.413329676357652,0.2577981651376146,0.2776146788990825,0.2464220183486238,0.1612844036697247,0.1348623853211008,0.1036697247706421,0.1363302752293577,0.1899082568807339,0.2346788990825687,0.1981651376146788,0.1979816513761467,0.236880733944954,0.2324770642201835,0.2055045871559632,0.1387155963302751,0.2291743119266054,0.281834862385321,0.3082568807339449,0.3042201834862384,0.2899082568807339,0.096697247706422,0.1020183486238531,0.2662385321100917,0.2165137614678899,0.2168807339449541,0.2177981651376146,0.226788990825688,0.2271559633027522,0.2306422018348623,0.2262385321100917,0.1730275229357797,0.2137614678899081,0.206788990825688,0.2322935779816513,0.2352293577981651,0.2510091743119266,0.2504587155963302,0.235045871559633,0.2488073394495412,0.240183486238532,0.2713761467889908,0.2429357798165137,0.2570642201834862,0.2587155963302752,0.2475229357798165,0.22348623853211,0.1073394495412843,0.0754128440366972,0.0838532110091742,0.0794495412844036,0.2264220183486238,0.2812844036697247,0.2877064220183486,0.2877064220183486,0.2908256880733945,0.2631192660550458,0.2794495412844036,0.2552293577981651,0.1844036697247706,0.1704587155963302,0.2603669724770642,0.2807339449541284,0.2546788990825687,0.2110091743119266,0.2102752293577981,0.2671559633027522,0.2944954128440367,0.2306422018348623,0.2447706422018348,0.3128440366972477,0.1040366972477064,0.2341284403669724,0.2416513761467889,0.2588990825688073,0.2077064220183486,0.2055045871559632,0.2122935779816513,0.266788990825688,0.2403669724770641,0.1231192660550458,0.1053211009174311,0.1042201834862384,0.1053211009174311,0.1007339449541284,0.0069724770642201,0.1972477064220183,0.280183486238532,0.2779816513761468,0.2466055045871559,0.2299082568807339,0.261651376146789,0.2695412844036697,0.2807339449541284,0.2814678899082569,0.2847706422018348,0.0719266055045871,0.3089908256880734,0.2988990825688073,0.070091743119266,0.2939449541284403,0.2820183486238531,0.2814678899082569,0.2662385321100917,0.2662385321100917,0.2499082568807339
19445,7050,160792,0.1172917247957049,2.7581560283687945,0.3625610696837233,125,5,780,5,8.269066598097197,22.807375886524824,0.0241295962972486,0.0178966315248135,0.0158189766006685,0.0113551041398816,0.0092877346361532,0.0212085368989457,0.0203445615839547,0.0271123682180508,0.0133916173823604,0.0085986114682437,0.0217330933401902,0.0161275392131652,0.0160452558498328,0.0181537670352275,0.0141424530727693,0.0296940087426073,0.0409051169966572,0.0474569298020055,0.0454101311391102,0.0445358704037027,0.0234096168680894,0.0195731550527127,0.0279146310105425,0.0292517356646952,0.0289123167909487,0.0271226536384674,0.0289946001542812,0.0269272306505528,0.0310825404988428,0.0286551812805347,0.0237798920030855,0.026361532527642,0.0204165595268706,0.0263512471072254,0.0204577012085368,0.0384057598354332,0.0382411931087682,0.0223810748264334,0.0381383389046026,0.0250141424530727,0.0254461301105682,0.0252918488043198,0.0296014399588582,0.0299614296734378,0.0263409616868089,0.0213216765235278,0.0066340961686808,0.0056775520699408,0.0054307019799433,0.0053587040370274,0.0423965029570583,0.044083311905374,0.0438776034970429,0.0438776034970429,0.0437953201337104,0.0241501671380817,0.0259089740293133,0.0230187708922601,0.0203034199022884,0.0176806376960657,0.0224633581897659,0.026196965800977,0.0235330419130881,0.0205296991514527,0.0182566212393931,0.0250449987143223,0.0354744150167137,0.0248495757264077,0.0338698894317304,0.0423142195937258,0.0212599640010285,0.0252712779634867,0.0254564155309847,0.0313602468500899,0.0233067626639238,0.0103265620982257,0.0103059912573925,0.0211365389560297,0.0128979172023656,0.0100899974286448,0.0202725636410388,0.0202725636410388,0.0202725636410388,0.0202417073797891,0.0007096940087425,0.0135664695294419,0.029652867060941,0.030259706865518,0.0229467729493442,0.015829262021085,0.0246850089997428,0.0261661095397273,0.0254152738493185,0.0279866289534584,0.0306608382617639,0.0123630753407044,0.0391154538441758,0.0302082797634352,0.0124762149652866,0.0305991257392645,0.0434559012599639,0.0359372589354589,0.0429724865003856,0.0416456672666495,0.0429210593983028
1208,406,31668,6.456953642384105,2.9753694581280787,0.3360927152317881,145,5,989,5,26.21523178807947,78.0,0.7183774834437087,0.7357615894039735,0.7206953642384106,0.6016556291390728,0.5447019867549668,0.7033112582781457,0.7392384105960266,0.7543046357615895,0.6574503311258277,0.5804635761589404,0.7182119205298013,0.7019867549668873,0.6980132450331126,0.6473509933774835,0.4375827814569536,0.7481788079470199,0.7715231788079471,0.7779801324503312,0.7746688741721854,0.7718543046357615,0.336092715231788,0.3324503311258278,0.7185430463576159,0.6791390728476822,0.6486754966887417,0.4481788079470198,0.4872516556291391,0.4937086092715231,0.2771523178807946,0.2874172185430463,0.6382450331125827,0.6706953642384106,0.6460264900662251,0.68658940397351,0.6620860927152318,0.7413907284768212,0.740728476821192,0.6850993377483443,0.7408940397350994,0.6867549668874172,0.6869205298013246,0.6867549668874172,0.6882450331125828,0.6882450331125828,0.6867549668874172,0.4865894039735098,0.1521523178807946,0.1428807947019867,0.141887417218543,0.1281456953642384,0.7293046357615894,0.7639072847682119,0.7652317880794702,0.7652317880794702,0.7596026490066226,0.7341059602649007,0.7630794701986755,0.7602649006622516,0.7596026490066226,0.7418874172185431,0.7293046357615893,0.7617549668874173,0.7657284768211922,0.7615894039735099,0.7566225165562914,0.1817880794701986,0.3298013245033112,0.3819536423841059,0.4,0.7139072847682119,0.7109271523178808,0.054139072847682,0.2362582781456953,0.6322847682119205,0.2367549668874172,0.6625827814569536,0.6667218543046357,0.7216887417218543,0.7144039735099338,0.4455298013245032,0.7203642384105959,0.7200331125827815,0.7203642384105959,0.3847682119205298,0.0403973509933774,0.7435430463576159,0.7614238410596027,0.765728476821192,0.7751655629139073,0.769205298013245,0.7600993377483444,0.7566225165562914,0.7617549668874173,0.7622516556291391,0.7627483443708609,0.5587748344370861,0.7139072847682119,0.704635761589404,0.5531456953642384,0.7077814569536424,0.7245033112582782,0.723841059602649,0.7425496688741722,0.7423841059602649,0.7518211920529801
16638,10217,134476,0.0791079752799754,1.628462366643829,0.6140762110830629,142,5,504,5,8.08246183435509,13.161984927082312,0.0263733621829546,0.0223223945185719,0.0205313138598388,0.0135473013583362,0.0105060704411587,0.0133669912249068,0.0140882317586247,0.0157591056617381,0.019749969948311,0.0112032696237527,0.0163000360620266,0.0173578555114797,0.0155908162038706,0.0154946507993748,0.0094242096405817,0.0347998557518932,0.0532515927395119,0.0579757182353647,0.0556316865007813,0.0549344873181872,0.0271306647433585,0.0223824978963817,0.0347517730496453,0.0376126938333934,0.0367952878951796,0.0333092919822093,0.0365789157350642,0.033778098329126,0.0396441880033657,0.0377689626156989,0.0334054573867051,0.0296429859358095,0.0121168409664622,0.0339584084625555,0.0121168409664622,0.0449813679528789,0.0450775333573746,0.0322634932083182,0.0448852025483831,0.0332131265777135,0.0367712465440557,0.0339704291381175,0.0382377689626156,0.0382978723404254,0.0340185118403653,0.0258444524582281,0.0089914653203509,0.0066113715590815,0.0066594542613294,0.0069479504748166,0.0531073446327683,0.0533958408462555,0.0534078615218174,0.0534078615218174,0.0524462074768601,0.0243538886885442,0.0260608246183434,0.022646952758745,0.0200865488640461,0.0188363986056016,0.0245582401730977,0.0278278639259526,0.0251953359778819,0.0210722442601273,0.0188965019834114,0.0326481548263012,0.036663060463998,0.0333453540088952,0.0397403534078614,0.0463276836158191,0.0124053371799494,0.028008174059382,0.0275754297391512,0.022274311816324,0.0280802981127539,0.0112152902993147,0.0110590215170092,0.0210482029090034,0.0153624233681932,0.010770525303522,0.0143166245943021,0.0143166245943021,0.0143166245943021,0.0143166245943021,0.0005529510758503,0.0160956845774732,0.0286933525664141,0.0307368674119484,0.0282485875706214,0.0176944344272147,0.0209400168289457,0.0220338983050846,0.0297752133669911,0.0336218295468205,0.0369275153263613,0.0090996514004086,0.0433104940497655,0.0314941699723523,0.0102536362543574,0.0328284649597306,0.0541771847577833,0.0266738790720038,0.0541170813799734,0.0444043755259045,0.0541170813799734
643,1339,9596,1.1145477753761135,0.4802091112770724,2.082426127527216,89,5,49,5,14.923794712286158,7.166542195668409,0.03701399688958,0.1029548989113529,0.1051321928460341,0.0948678071539657,0.0842923794712285,0.0052877138413685,0.0329704510108864,0.0345256609642301,0.0917573872472783,0.1206842923794712,0.044167962674961,0.0485225505443234,0.0550544323483669,0.0510108864696733,0.0419906687402799,0.1377916018662519,0.1530326594090201,0.1542768273716951,0.1480559875583203,0.1465007776049766,0.0276827371695178,0.0255054432348366,0.0790046656298599,0.0926905132192845,0.1079315707620528,0.134059097978227,0.1331259720062208,0.135303265940902,0.142457231726283,0.1377916018662519,0.1325038880248833,0.1455676516329704,0.1213063763608087,0.1449455676516329,0.1209953343701399,0.1384136858475894,0.1440124416796267,0.1409020217729393,0.1430793157076205,0.1418351477449455,0.1458786936236391,0.1440124416796267,0.1461897356143079,0.1461897356143079,0.1440124416796267,0.0323483670295489,0.0989113530326593,0.0724727838258164,0.0786936236391912,0.0793157076205287,0.0544323483670295,0.1381026438569206,0.15552099533437,0.15552099533437,0.1471228615863141,0.0942457231726282,0.119751166407465,0.1278382581648522,0.1125972006220839,0.1051321928460342,0.0905132192846033,0.1160186625194401,0.1250388802488335,0.119751166407465,0.1200622083981337,0.1206842923794712,0.1241057542768273,0.1331259720062208,0.1306376360808709,0.1312597200622083,0.0304821150855365,0.0986003110419906,0.1023328149300154,0.1097978227060653,0.1013996889580092,0.0808709175738724,0.1023328149300155,0.0749611197511663,0.1231726283048211,0.044167962674961,0.0332814930015551,0.0332814930015551,0.0332814930015551,0.0236391912908242,0.0080870917573872,0.1045101088646966,0.1213063763608087,0.1206842923794712,0.1346811819595645,0.1241057542768273,0.0799377916018661,0.1054432348367029,0.1138413685847589,0.1244167962674961,0.1440124416796267,0.0248833592534991,0.1418351477449455,0.1390357698289269,0.0295489891135303,0.1461897356143079,0.1499222395023328,0.0161741835147744,0.1499222395023328,0.0998444790046655,0.1499222395023328
3527,6339,77546,0.3468432039803104,0.5563969080296577,1.797278140062376,1024,5,356,5,21.98639070031188,12.233159804385547,0.1584349305358661,0.2032322086759285,0.192231358094698,0.1359228806351006,0.103600793875815,0.0445704564785936,0.057896229089878,0.0772894811454493,0.1845761270201303,0.1564502409980152,0.103600793875815,0.1407428409413098,0.1360929968812021,0.1044513751063226,0.045704564785937,0.201360929968812,0.2454210377091011,0.2466118514318117,0.2223419336546639,0.2128154238729798,0.1416501275871845,0.1245250921462999,0.1997164729231641,0.1990927133541253,0.2076552310745675,0.1923447689254323,0.2041394953218032,0.1957470938474624,0.2179189112560249,0.2147434079954635,0.153671675645024,0.1674510915792458,0.140459313864474,0.1721576410547207,0.1462432662319251,0.1976149914821124,0.1990914253265189,0.1571266325951164,0.1981260647359454,0.1641680863145939,0.1944995747093847,0.1784519421604762,0.1858803515735752,0.1849730649277005,0.1740289197618372,0.1620073717039977,0.1004252906152537,0.0744542103770909,0.0755883186844343,0.0776864190530195,0.2364615820810887,0.2529628579529345,0.2529628579529345,0.2529628579529345,0.2495605330309044,0.1827048483130138,0.1976750779699461,0.1863339948965126,0.1557697760136092,0.1438049333711369,0.1847462432662318,0.1988091862772894,0.185823646158208,0.1719875248086191,0.1596824496739438,0.185483413666005,0.1731216331159625,0.1960306209242982,0.2019279841224836,0.2161610433796427,0.0358378225120498,0.1478705281090289,0.1490062464508801,0.1683702441794435,0.1505394662123793,0.1397221434647008,0.1480578395236745,0.1690955486248936,0.1807201587751629,0.111029203288914,0.0510915792458179,0.0510915792458179,0.0510915792458179,0.0489367734618655,0.0022682166146866,0.1393819109724978,0.2211511199319534,0.2270484831301389,0.1899064360646441,0.1828182591437481,0.110688970796711,0.1321236178055003,0.161440317550326,0.1815140345903033,0.2043663169832718,0.034193365466402,0.222682166146867,0.2094698043663169,0.0374822795576977,0.2128154238729798,0.2153671675645023,0.1901332577261128,0.2038559682449673,0.1987524808619222,0.2007371703997731
27879,10429,194439,0.0668749575731001,2.6732189088119664,0.3740808493848416,152,5,837,5,6.974389325298612,18.644069421804584,0.0477922450590049,0.044097707952222,0.0402955629685425,0.027095663402561,0.0214641845116395,0.0129846838121883,0.0270884895441012,0.0548800172172602,0.022963520929732,0.0174468237741668,0.0302234656910218,0.0283726102084005,0.0276910936547221,0.0188887693245811,0.0101725312959574,0.0523046020302018,0.070533376376484,0.0773198464794289,0.0734172674773126,0.0723053194160478,0.0555902292047777,0.0487965852433731,0.0487176728003155,0.0629147386922055,0.0637325585566196,0.0587610746439972,0.0620610495354926,0.0589906381147099,0.0644571182610566,0.0621399619785501,0.0452670468811649,0.0481509379819935,0.0226693927328813,0.0455970443703145,0.0225761325729043,0.0650668962301373,0.0647942896086659,0.0436314071523368,0.0648516804763441,0.0448007460812797,0.0479859392374187,0.045360307041142,0.0496933175508446,0.049714839126224,0.0455540012195558,0.044822267656659,0.0144266293626026,0.0116288245632913,0.0120018652031994,0.0115355644033142,0.0781878833530614,0.0782165787869005,0.0778363642885325,0.0778363642885325,0.0776928871193371,0.0498511424369596,0.0496646221170055,0.0443559668567738,0.0426198931095088,0.0384375336274615,0.0487965852433731,0.0523691667563398,0.0468452957423149,0.0429785860324975,0.0404462139961978,0.0399942609132321,0.0602245417697908,0.0385020983535994,0.0544352379927543,0.0684960005739086,0.0139172854119587,0.0363733812025717,0.0366460346682681,0.0441651229692822,0.0346157516476091,0.0246708992431578,0.0249937228738476,0.0400014347716919,0.0294773844112055,0.0247354639692958,0.0126905556153376,0.0126905556153376,0.0126905556153376,0.0134509846120735,0.0003730406399081,0.0301517271064241,0.0540550234943864,0.0568886975859965,0.0481581118404533,0.0359051615911617,0.0376268876215071,0.0409053409376232,0.0455683489364754,0.049650274400086,0.0522543850209834,0.0119444743355213,0.0660640625560457,0.0533448115068688,0.0120233867785788,0.0526345995193514,0.070217726604254,0.0526632949531905,0.0704185946411276,0.0655905878977007,0.0704329423580472
5130,1685,37126,0.4294977470051654,3.0445103857566767,0.3284600389863548,123,5,455,5,7.237037037037037,22.033234421364984,0.1479142300194931,0.1766081871345028,0.1760233918128654,0.1351656920077972,0.0993372319688108,0.0479142300194931,0.0507212475633527,0.0974269005847952,0.1718128654970759,0.1279922027290448,0.0440155945419102,0.0929824561403508,0.1041325536062377,0.0695516569200779,0.0433528265107212,0.210877192982456,0.239298245614035,0.2348148148148148,0.2175438596491227,0.2120857699805067,0.1300974658869395,0.1175438596491227,0.191111111111111,0.1977387914230019,0.1988304093567251,0.1975828460038986,0.2026900584795321,0.1989863547758284,0.2099415204678362,0.2070565302144249,0.2244834307992202,0.2230019493177387,0.0912280701754385,0.2267056530214424,0.0912670565302143,0.2106432748538011,0.2114619883040935,0.2249122807017543,0.2116179337231968,0.2259259259259259,0.2293177387914229,0.2266276803118908,0.2307602339181286,0.2307602339181286,0.2266276803118908,0.1608187134502923,0.0654970760233917,0.0437426900584795,0.0433528265107212,0.0464717348927874,0.1893957115009746,0.2246393762183235,0.2206237816764132,0.2206237816764132,0.2190253411306043,0.1650292397660818,0.1825341130604288,0.1786354775828459,0.1450292397660818,0.0814424951267056,0.1621442495126705,0.1697465886939571,0.1654580896686159,0.1492787524366471,0.1077582846003898,0.1293177387914229,0.1945808966861598,0.1338011695906432,0.2186354775828459,0.2120467836257309,0.0494346978557504,0.0914230019493177,0.0910721247563352,0.1565302144249512,0.0922027290448342,0.1322417153996101,0.1425341130604288,0.1076413255360623,0.1816764132553606,0.0688888888888888,0.0473294346978557,0.0473294346978557,0.0473294346978557,0.0416374269005847,0.0031189083820662,0.1696296296296295,0.1884210526315788,0.1879922027290448,0.189083820662768,0.1719298245614035,0.1430799220272904,0.1502534113060428,0.1679922027290448,0.1967251461988303,0.2181286549707601,0.0419103313840155,0.2086939571150097,0.2104873294346978,0.0460038986354775,0.2153606237816764,0.1992592592592592,0.1790643274853801,0.1971539961013644,0.1923196881091617,0.1973879142300194
1807,2062,28059,0.7530527096639483,0.876333656644035,1.1411178749308246,460,5,202,5,15.527946873270617,13.607662463627548,0.0806862202545655,0.0972883231876036,0.092197011621472,0.068289983397897,0.0482567791920309,0.0221361372440508,0.0553403431101272,0.0631986718317653,0.0980630879911455,0.0816823464305478,0.0645268400664083,0.0848920863309352,0.0819037078029883,0.076148312119535,0.0625345877144437,0.0961815163254011,0.1215273934698394,0.1311566131710016,0.1190924183729938,0.1128942999446596,0.0295517432208079,0.0306585500830104,0.0867736579966795,0.0801328168234642,0.0875484228002213,0.0961815163254011,0.097841726618705,0.0970669618151632,0.1040398450470392,0.0981737686773657,0.0827891532927503,0.0836745987825124,0.0685113447703375,0.0853348090758162,0.0709463198671831,0.1031543995572771,0.1040398450470392,0.0759269507470945,0.105257332595462,0.0827891532927503,0.0964028776978417,0.086552296624239,0.093082457111234,0.093082457111234,0.0866629773104593,0.0789153292750414,0.0438295517432207,0.0314333148865522,0.0327614831211953,0.0319867183176535,0.086109573879358,0.1231876037631433,0.1271721084670724,0.1271721084670724,0.1245157719977863,0.0985058107360265,0.0971776425013834,0.0989485334809075,0.0792473713337022,0.0770337576092971,0.1001660210293303,0.1022689540675151,0.1011621472053126,0.0798007747648035,0.0773657996679579,0.0998339789706695,0.1055893746541228,0.0881018262313225,0.1049252905368012,0.1167681239623685,0.043940232429441,0.0745987825124515,0.0729385722191477,0.0838959601549529,0.0612064194798007,0.0703929164360818,0.0754842280022135,0.0858882125069175,0.0888765910348643,0.0396236856668511,0.0595462091864969,0.0597675705589374,0.0595462091864969,0.0494742667404537,0.0052019922523519,0.0717210846707249,0.1080243497509684,0.1142224681793026,0.1002767017155506,0.0885445489762036,0.0840066408411731,0.0937465412285555,0.10005534034311,0.1111234089651355,0.1204205866076369,0.0512451577199778,0.1220807969009407,0.1195351411178748,0.0503597122302157,0.1210846707249584,0.1141117874930824,0.1028223574986164,0.1097952407304924,0.1071389042612063,0.1089097952407304
34151,23098,470966,0.0597051444695103,1.478526279331544,0.6763491552223947,3544,5,2544,5,13.79069426956751,20.38990388778249,0.0458610289596204,0.032291880179204,0.0253052619249801,0.0156657198910719,0.0189452724663991,0.0311967438728001,0.0387280021082837,0.0450060027524815,0.0190155485930133,0.0151854996925418,0.0367134198120113,0.0320927644871306,0.0301016075663962,0.0290533220110684,0.0189218470908611,0.0312494509677607,0.0475535123422446,0.0555532780884893,0.0543585839360487,0.0531170390325319,0.0367368451875493,0.0315188427864483,0.0251588533278673,0.0393487745600421,0.0337208280870252,0.0376445784896488,0.0423706480044507,0.0375508769874966,0.0419255658692277,0.0395947410031916,0.0073555679189481,0.0083628590670843,0.0075722526426751,0.0089426371116511,0.0080524728412051,0.0460542883078094,0.0459078797106965,0.0070861761002605,0.0465227958185704,0.0073614242628326,0.019103393751281,0.0153026265702321,0.0155954437644577,0.0144768820825158,0.0115838482035664,0.0310386225879183,0.0077362302714415,0.0061198793593159,0.0061725864542765,0.0059090509794734,0.0467160551667593,0.0477233463148955,0.0476530701882814,0.0476530701882814,0.0485842288659189,0.0467336241984129,0.033387016485608,0.0309800591490732,0.0246317823782612,0.0164329009399431,0.046598928289069,0.0367368451875493,0.0349799420221955,0.029322713829756,0.0163450557816754,0.0263359784486544,0.0426868905742144,0.0249773066674474,0.0426868905742144,0.0486545049925331,0.0313607215015665,0.0212539455598889,0.0217751848657898,0.0341560469603992,0.0213476254493843,0.0104652865216245,0.01568914526661,0.0233141050042458,0.0145120201458229,0.0141782085444056,0.0312143129044537,0.0312143129044537,0.0312143129044537,0.0313138707504904,0.0003455242891862,0.0181429533542209,0.0295862493045591,0.0314309976281806,0.0336212702409885,0.0279991801118561,0.0330649175719597,0.0369242481918537,0.0374806008608824,0.0394893268132704,0.0413516441685455,0.0265116687651898,0.0478521858803548,0.0370823694767356,0.026822054991069,0.0371994963544258,0.0531228953764164,0.0501010219320078,0.0509326227636086,0.0505519604111153,0.049761353986706
39387,23033,278677,0.0307183380910067,1.710024747101984,0.5847868586081703,136,5,441,5,7.075354812501587,12.099031823904832,0.0127148551552542,0.0117703810902073,0.0107649732145123,0.0066011628202198,0.0047274481427881,0.0046512808794779,0.0068042755223804,0.017289968771422,0.0069413765963388,0.0044938685353034,0.0086526011120419,0.0087490796455682,0.0084190215045572,0.0071546449336074,0.0034427603016222,0.0184883337141696,0.0314926244700027,0.0359661817350902,0.0352603650950821,0.035255287277528,0.021291289003986,0.0179297737832279,0.0208799857821108,0.0254652550333866,0.0250691852641734,0.0231294589585395,0.0251148856221595,0.0230025135196891,0.0270444562926853,0.0252316754259019,0.0177774392566074,0.0182141315662527,0.004016553685226,0.017960240688552,0.004016553685226,0.0255261888440347,0.025627745195115,0.0174981592911366,0.0256785233706552,0.0177317388986213,0.0199304338995099,0.0180770304922943,0.0202655698580749,0.0202655698580749,0.0180770304922943,0.0134105161601543,0.0036357173686748,0.003036534897301,0.0031025465255033,0.0029603676339908,0.0336862416533373,0.0338131870921877,0.0339858328890242,0.0339858328890242,0.0341280117805366,0.01464442582578,0.013969076091096,0.013314037626628,0.012308629750933,0.0100896234798283,0.0140198542666361,0.0160814481935663,0.014309289867215,0.0116891360093431,0.0107497397618503,0.0179043846954578,0.0210577093965013,0.0190976718206514,0.0228146342701906,0.027257724629954,0.0044177012719932,0.0159595805722699,0.0162134714499707,0.00469190341991,0.0168431208266686,0.0047477594130042,0.0041993551171705,0.0081245080864244,0.0068347424277045,0.0057582451062533,0.0043059892858049,0.0043059892858049,0.0043059892858049,0.0043364561911289,0.0001574123441744,0.0075253256150506,0.0129128900398608,0.0130398354787112,0.0150861959529793,0.0108106735724985,0.0105669383299057,0.0124660420951074,0.01598496966004,0.0181785868433746,0.0202706476756289,0.0033107370452179,0.0272983471703861,0.0214233122603904,0.0032701145047857,0.019316017975474,0.0346104044481681,0.0091197603270113,0.0345647040901819,0.0212557442811079,0.0345494706375199
19412,11924,167597,0.0724059057180122,1.6279771888627976,0.6142592211003503,550,5,309,5,8.633680197815783,14.055434417980544,0.0439418916134349,0.0481454770245208,0.046424891819493,0.0316299196373376,0.0224397280032968,0.0076859674428188,0.007912631362044,0.014661034411704,0.0452297547908509,0.0294147949721821,0.0125798475169997,0.0181846280651143,0.0185555326602101,0.0119822790026787,0.0056665979806305,0.0651349680609931,0.0876159076859673,0.0891201318771893,0.0843189779517823,0.0827323305172058,0.0495157634452915,0.0454667216154955,0.0422934267463424,0.0553678137234699,0.0559653822377909,0.049876365134968,0.0525654234494127,0.0507418091901916,0.0598495775808777,0.0586441376468163,0.0691118895528538,0.0644240675870595,0.0241294044920667,0.0695137028642076,0.0242221306408406,0.0746033381413558,0.0743045538841953,0.0669070677931176,0.0741294044920667,0.0683700803626622,0.0727488151658767,0.0695240057696269,0.0734391098289717,0.0734597156398103,0.0695961261075623,0.0452606635071089,0.0266742221306407,0.0200700597568514,0.0198640016484648,0.0202452091489799,0.088295899443643,0.0887389243766741,0.088924376674222,0.088924376674222,0.0894292190397691,0.05107150216361,0.0509787760148361,0.046393983103235,0.0411704100556356,0.0381001442406758,0.0507418091901916,0.0515557387183185,0.0468782196579435,0.0398001236348649,0.0380177209973212,0.0406140531629919,0.0430455388419533,0.0491654646610343,0.0535235936534101,0.0641149804244796,0.0046363074386976,0.0346383680197815,0.0354522975479084,0.0147949721821553,0.0407479909334431,0.0279002678755408,0.0247063671955491,0.0407995054605398,0.0380795384298371,0.0290644961879249,0.0073665773748196,0.0074696064290129,0.0073665773748196,0.0076447558211415,0.000566659798063,0.0358953224809395,0.0569235524417885,0.0577889964970121,0.0538532866268287,0.0360807747784875,0.0236863795590356,0.0283742015248299,0.034215948897589,0.0391922522151246,0.0481145683082628,0.0064908304141767,0.0632701421800947,0.0607459303523593,0.0063053781166288,0.0600556356892643,0.0840717082217185,0.040366783432928,0.083680197815784,0.0698227900267875,0.083680197815784
610,3650,90274,4.054525039299349,0.1671232876712328,5.983606557377049,2132,12,329,5,147.99016393442622,24.732602739726023,0.5098360655737705,0.5734426229508196,0.5449180327868852,0.4285245901639344,0.3957377049180327,0.4265573770491803,0.4695081967213114,0.5268852459016393,0.5714754098360656,0.521311475409836,0.5095081967213114,0.539016393442623,0.5239344262295083,0.4662295081967212,0.4068852459016392,0.5767213114754098,0.6399999999999999,0.6885245901639344,0.6757377049180329,0.6521311475409836,0.0740983606557376,0.0878688524590163,0.3921311475409835,0.3426229508196721,0.3652459016393442,0.4183606557377048,0.4436065573770492,0.4127868852459017,0.5003278688524591,0.5124590163934426,0.5422950819672131,0.5701639344262295,0.5701639344262295,0.5518032786885246,0.5354098360655738,0.5252459016393443,0.5288524590163934,0.4911475409836064,0.5321311475409836,0.480983606557377,0.5990163934426229,0.5691803278688525,0.5439344262295082,0.540655737704918,0.5272131147540984,0.480983606557377,0.2649180327868852,0.2272131147540983,0.2268852459016393,0.2321311475409835,0.4960655737704919,0.6308196721311475,0.6239344262295082,0.6239344262295082,0.6377049180327868,0.4783606557377049,0.6111475409836066,0.5845901639344262,0.5567213114754098,0.54,0.4836065573770491,0.6160655737704918,0.5845901639344262,0.5632786885245902,0.5681967213114755,0.6036065573770492,0.6013114754098361,0.5409836065573771,0.5314754098360656,0.6334426229508197,0.4108196721311475,0.5701639344262295,0.5698360655737705,0.6019672131147541,0.5354098360655738,0.4606557377049179,0.4121311475409836,0.5340983606557377,0.5088524590163934,0.4104918032786885,0.42,0.4216393442622951,0.42,0.4144262295081967,0.0255737704918032,0.5747540983606557,0.5147540983606558,0.521311475409836,0.6521311475409837,0.6245901639344262,0.5485245901639344,0.5688524590163935,0.6180327868852459,0.6363934426229508,0.6360655737704918,0.3354098360655738,0.6078688524590163,0.5901639344262295,0.3406557377049179,0.5957377049180328,0.598032786885246,0.598032786885246,0.6131147540983607,0.6131147540983607,0.599344262295082
38609,18534,346355,0.0484020492904037,2.0831444912053523,0.4800435131705043,292,5,1089,5,8.970835815483436,18.687547210532,0.0445543785127819,0.0435805123157812,0.0399026133802998,0.0279209510735838,0.0219948716620476,0.0159910901603252,0.0361573726333238,0.050749825170297,0.0258178144992099,0.0184827371856302,0.0250977751301509,0.0250511538760392,0.0235385531870806,0.0154368152503301,0.0038177626978165,0.0577689139837861,0.0755678727757776,0.0800849542852702,0.075806159185682,0.0738221658162604,0.047496697661167,0.0431142997746639,0.0486518687352689,0.0509777513015099,0.0506565826620735,0.0451759952342717,0.047600300448082,0.0448082053407236,0.0531637701054157,0.0503561345800201,0.0544898857779273,0.0541220958843792,0.0281799580408712,0.0561941516226786,0.0283198218032064,0.0639177393871894,0.0639021989691522,0.05423087881064,0.0639436400839182,0.0552461861224066,0.0580641819264937,0.0559714056308114,0.0594420989924628,0.0594679996891916,0.0560646481390349,0.0443575332176435,0.019907275505711,0.0162759978243414,0.0173949079230231,0.0165557253490118,0.0780336191043538,0.0789660441865885,0.078893522235748,0.078893522235748,0.0788779818177108,0.0482115568908803,0.0445750990701649,0.0401978813230075,0.04101116320029,0.0348726980755781,0.0476987230956512,0.0467611178740707,0.0430106969877489,0.0390116294128311,0.0366443057318241,0.046015177808283,0.0526043150560749,0.0463052656116449,0.0553187080732471,0.06357585019037,0.0100183894946773,0.0416172395037425,0.0402134217410447,0.0129710689217539,0.0415136367168276,0.0219689709653189,0.0204874511124348,0.0378253775026547,0.0285114869589991,0.0260457406304229,0.0134269211841798,0.0134269211841798,0.0134269211841798,0.0134321013235255,0.0001968452951384,0.0331943329275557,0.048423942604056,0.0485275453909709,0.0484602035794762,0.0373747053795746,0.0292729674428241,0.03277474164055,0.0427102489056955,0.0468906213577144,0.0518790955476701,0.0090807842730969,0.0530187262037348,0.0495376725633919,0.0094382138879535,0.0474034551529435,0.0728431194799139,0.0551581237535289,0.0723510062420678,0.0656841669040896,0.0718070916107642
1474,1021,15887,1.0556468835592316,1.443682664054848,0.6926729986431479,103,5,182,5,10.778154681139757,15.560235063663075,0.16078697421981,0.1941655359565806,0.1843962008141112,0.1299864314789687,0.1093622795115331,0.0107191316146539,0.0826322930800542,0.0833107191316146,0.194708276797829,0.1474898236092265,0.0952510176390773,0.1075983717774762,0.1454545454545454,0.1260515603799185,0.1208955223880596,0.1559023066485752,0.1970149253731343,0.2173677069199457,0.2088195386702849,0.2017639077340569,0.1039348710990501,0.0981004070556308,0.1915875169606512,0.1778833107191315,0.1833107191316146,0.1610583446404341,0.1678426051560379,0.1621438263229307,0.1573948439620081,0.1553595658073269,0.1725915875169606,0.1981004070556308,0.1728629579375847,0.1978290366350067,0.1724559023066485,0.2032564450474898,0.2040705563093622,0.1970149253731343,0.2040705563093622,0.1976933514246946,0.2014925373134328,0.1979647218453188,0.2033921302578018,0.2033921302578018,0.1979647218453188,0.1473541383989144,0.0887381275440976,0.0658073270013568,0.0672998643147896,0.0677069199457258,0.1651289009497965,0.2020352781546811,0.2046132971506105,0.2046132971506105,0.2004070556309362,0.1933514246947082,0.1864314789687923,0.1856173677069199,0.1654002713704205,0.1484396200814111,0.1941655359565807,0.1824966078697421,0.1868385345997286,0.1702849389416553,0.1658073270013568,0.1510176390773405,0.2052917232021709,0.1290366350067842,0.1693351424694707,0.2027137042062414,0.0819538670284938,0.1309362279511532,0.1278154681139755,0.1350067842605155,0.0896879240162821,0.1636363636363635,0.1656716417910447,0.1658073270013568,0.1895522388059701,0.064586160108548,0.082225237449118,0.0815468113975576,0.082225237449118,0.0492537313432835,0.0059701492537313,0.1423337856173676,0.1971506105834463,0.2012211668928086,0.1709633649932156,0.1668928086838534,0.1677069199457259,0.1823609226594301,0.1850746268656715,0.2081411126187245,0.2081411126187245,0.0625508819538669,0.2120759837177747,0.1926729986431478,0.0666214382632292,0.2009497964721845,0.2046132971506105,0.1919945725915874,0.1955223880597014,0.1945725915875169,0.1945725915875169
854,8870,450123,5.9422335108475535,0.0962795941375422,10.386416861826698,4085,22,730,5,527.076112412178,50.7466741826381,0.8039812646370024,0.7627634660421545,0.7185011709601874,0.5946135831381734,0.5311475409836066,0.7430913348946137,0.7784543325526931,0.8117096018735364,0.7812646370023419,0.800936768149883,0.7915690866510539,0.7742388758782202,0.7686182669789228,0.7081967213114754,0.314519906323185,0.7962529274004684,0.8257611241217798,0.8775175644028103,0.8955503512880562,0.8929742388758782,0.2189695550351287,0.2615925058548008,0.719672131147541,0.5543325526932085,0.4796252927400468,0.270023419203747,0.3302107728337236,0.2838407494145198,0.4152224824355972,0.3723653395784543,0.7918032786885246,0.7847775175644027,0.7847775175644027,0.777751756440281,0.7620608899297424,0.7704918032786885,0.7723653395784543,0.6555035128805621,0.7758782201405152,0.6758782201405152,0.8274004683840749,0.7901639344262295,0.7763466042154568,0.7693208430913349,0.7613583138173302,0.7206088992974239,0.3,0.2608899297423887,0.2641686182669788,0.2538641686182669,0.714519906323185,0.8159250585480095,0.8414519906323186,0.8414519906323186,0.8433255269320844,0.7494145199063231,0.7981264637002342,0.7925058548009367,0.7559718969555036,0.7065573770491802,0.7613583138173302,0.806791569086651,0.7985948477751756,0.7466042154566745,0.7833723653395784,0.838407494145199,0.7695550351288055,0.8112412177985948,0.7318501170960188,0.7943793911007025,0.7250585480093676,0.8147540983606557,0.8210772833723654,0.8325526932084308,0.7995316159250585,0.443559718969555,0.4367681498829039,0.6213114754098361,0.4374707259953161,0.5250585480093677,0.7517564402810304,0.7517564402810304,0.7517564402810304,0.7447306791569087,0.0398126463700233,0.8283372365339579,0.7569086651053863,0.7622950819672131,0.8470725995316158,0.8330210772833724,0.807728337236534,0.8163934426229508,0.82903981264637,0.8377049180327869,0.8494145199063231,0.5433255269320842,0.7559718969555036,0.7737704918032786,0.5459016393442623,0.7747072599531616,0.7714285714285715,0.7714285714285715,0.8192037470725996,0.8192037470725996,0.8351288056206089
4898,13073,126702,0.1978743167782559,0.3746653407787042,2.66904859126174,554,5,183,5,25.868109432421395,9.691884035798974,0.0273989383421804,0.0211514904042466,0.0185790118415679,0.0118415679869333,0.012331563903634,0.0192323397305022,0.0221314822376479,0.0230298080849325,0.0281339322172314,0.0201714985708451,0.0209064924458962,0.0206614944875458,0.0189465087790934,0.0186198448346263,0.0068599428338096,0.0425888117599019,0.0610453246222947,0.0607186606778276,0.0503470804409962,0.0457737852184564,0.0198040016333196,0.0152715394038382,0.0300122498979174,0.0313597386688443,0.0314414046549611,0.029032258064516,0.031849734585545,0.0302164148632094,0.0379746835443037,0.0380971825234789,0.0385055124540628,0.0425888117599019,0.0369130257247855,0.0443446304614127,0.0396488362596978,0.0453246222948141,0.0465087790935074,0.0401388321763984,0.0463862801143323,0.0412821559820334,0.0445487954267047,0.0424254797876683,0.0442629644752959,0.0446712944058799,0.0440996325030624,0.0248672927725601,0.0118824009799917,0.0094324213964883,0.009718252347897,0.011596570028583,0.0335647202939975,0.0383421804818292,0.0373621886484279,0.0373621886484279,0.0366680277664352,0.0324622294814209,0.0298080849326255,0.0293180890159248,0.0242547978766843,0.0202123315639036,0.0325438954675377,0.032053899550837,0.035606369946917,0.0292772560228664,0.0259697835851367,0.0269906084115965,0.0281747652102898,0.0290730910575744,0.0291955900367496,0.0413638219681502,0.017966516945692,0.0220906492445895,0.0225806451612902,0.0282155982033482,0.0210698244181298,0.0115149040424662,0.0111882400979991,0.0233156390363413,0.0173131890567578,0.0128623928133931,0.020988158432013,0.020988158432013,0.020988158432013,0.0210289914250714,0.0009799918334013,0.0173540220498162,0.0329522253981216,0.0357697019191506,0.0293997550020415,0.0256431196406696,0.0235198040016332,0.0256431196406696,0.0278072682727643,0.0298897509187422,0.0333197223356471,0.015557370355247,0.050632911392405,0.0472846059616169,0.0152307064107798,0.0487954267047774,0.0571661902817476,0.0361371988566761,0.0523887300939158,0.0409963250306246,0.0521437321355655
1429,900,10261,0.7978384262499028,1.5877777777777775,0.6298110566829951,42,5,163,5,7.1805458362491255,11.401111111111112,0.0263121063680895,0.0615815255423372,0.0565430370888733,0.044366689993002,0.0356892932120363,0.0047585724282714,0.0586424072778166,0.0583624912526241,0.0701189643107067,0.0460461861441567,0.0565430370888733,0.0548635409377186,0.0638208537438768,0.0566829951014695,0.0502449265220433,0.0596221133659901,0.0862141357592721,0.0929321203638907,0.0951714485654303,0.0939118264520643,0.0356892932120363,0.036109167249825,0.0650804758572427,0.0568229531140657,0.057662701189643,0.061441567529741,0.063960811756473,0.0592022393282014,0.0559832050384884,0.0537438768369488,0.0648005598320503,0.0657802659202238,0.0299510146955912,0.0666200139958012,0.0299510146955912,0.0894331700489852,0.089293212036389,0.0663400979706087,0.0891532540237928,0.067179846046186,0.0719384184744576,0.0666200139958012,0.0723582925122462,0.0723582925122462,0.0666200139958012,0.0191742477256822,0.0284114765570328,0.0219734079776066,0.0221133659902028,0.0235129461161651,0.0547235829251224,0.0824352694191742,0.0818754373687893,0.0818754373687893,0.0800559832050384,0.0699790062981105,0.0673198040587823,0.0689993002099369,0.0561231630510846,0.0491252624212735,0.0737578726382085,0.0684394681595521,0.0698390482855143,0.0540237928621413,0.0548635409377186,0.0534639608117564,0.0925122463261021,0.0467459762071378,0.0572428271518543,0.0936319104268718,0.0586424072778166,0.0372288313505948,0.0379286214135759,0.0376487053883834,0.0296710986703988,0.0477256822953113,0.0480055983205038,0.0582225332400279,0.0706787963610916,0.0180545836249124,0.0579426172148355,0.0580825752274317,0.0579426172148355,0.0340097970608817,0.005738278516445,0.0407277816655003,0.0731980405878236,0.0698390482855143,0.0578026592022392,0.051924422673198,0.0615815255423372,0.0663400979706087,0.0783764870538838,0.0796361091672498,0.07851644506648,0.0562631210636808,0.0885934219734079,0.0699790062981105,0.0572428271518544,0.0726382085374387,0.0923722883135058,0.0568229531140657,0.091812456263121,0.0818754373687893,0.091812456263121
19856,8510,157836,0.0934081438057894,2.3332549941245597,0.4285858178887993,147,5,520,5,7.949033037872684,18.54712103407756,0.0469077356970185,0.0453464947622884,0.0417808219178082,0.0277296535052376,0.0216559226430297,0.0140511684125704,0.0235898468976631,0.0405318291700241,0.0290290088638194,0.0183420628525382,0.028948428686543,0.0290692989524576,0.028525382755842,0.0254935535858178,0.0128928283642223,0.0583702659145849,0.0786865431103948,0.0843271555197421,0.0781526994359387,0.0756345688960515,0.049083400483481,0.0407634971796937,0.0567183722804189,0.0591357775987106,0.0599617244157936,0.052608783239323,0.0572824335213536,0.052608783239323,0.0621373892022562,0.0591861402095084,0.0577155519742142,0.0587731668009669,0.0343573730862207,0.0595789685737308,0.0343573730862207,0.0688053988718774,0.0685435132957291,0.0555902497985495,0.0689766317485898,0.0577759871071716,0.0617244157937147,0.0592566478646252,0.0650080580177276,0.0651188557614826,0.0595991136180499,0.0461925866236905,0.0161764705882352,0.0118654311039484,0.0119359387590652,0.0128122481869459,0.0816982272360998,0.0816579371474617,0.0812953263497179,0.0812953263497179,0.0803887993553585,0.048056003223207,0.0494359387590652,0.0452961321514907,0.0409850926672038,0.0373489121676067,0.0465249798549556,0.0507755842062852,0.0456788879935535,0.0408440773569701,0.0388295729250603,0.0511885576148267,0.0627518130539886,0.0514504431909749,0.0673146655922642,0.0762792103142626,0.0120467365028202,0.0448630136986301,0.0453364222401288,0.0515209508460918,0.0431607574536663,0.0245568090249798,0.0255842062852537,0.0415290088638194,0.0324133763094278,0.0261784850926671,0.0116639806607574,0.0116639806607574,0.0116639806607574,0.0115028203062046,0.0005136986301369,0.0311543110394842,0.0565773569701853,0.059216357775987,0.0503928283642223,0.0362610797743754,0.0380842062852537,0.0438456889605156,0.0498086220789685,0.0567284448025785,0.0613215149073327,0.0097199838839644,0.0658742949234488,0.0547441579371474,0.0102236099919419,0.055288074133763,0.0727538275584205,0.0590854149879129,0.0715350523771151,0.0683118452860596,0.0712328767123287
14681,8713,151254,0.1182451988461481,1.6849535177321244,0.5934881820039507,204,5,742,5,10.302704175464887,17.359577642603007,0.0598596825829302,0.0630338532797492,0.0613854642054355,0.0418908793678904,0.0346842858115931,0.0318779374701995,0.0434983992916013,0.0549417614603909,0.0516449833117634,0.0370002043457529,0.0450514270145084,0.0500783325386553,0.0477079218036917,0.0341257407533546,0.0217832572713029,0.0748722839043661,0.0971595940331039,0.1033580818745316,0.0977998773925481,0.0936993392820652,0.059450991076902,0.0506777467474967,0.0717662284585518,0.0751447449083849,0.0738233090388937,0.0673251140930453,0.0740412778421088,0.0678291669504801,0.0786049996594237,0.0764661807778761,0.0762890811252639,0.0780600776513861,0.0549553845105918,0.0787412301614331,0.0550371228117975,0.0785505074586199,0.0784960152578161,0.0763435733260676,0.0786458688100265,0.0774334173421428,0.0818609086574483,0.0786322457598255,0.0819971391594577,0.081929023908453,0.0787957223622368,0.0623254546693003,0.0261153872352018,0.0194673387371431,0.0212655813636672,0.0213473196648728,0.1012737551937878,0.1031946052721203,0.1032627205231251,0.1032627205231251,0.1036441659287514,0.0704447925890606,0.0689462570669572,0.0626796539745248,0.0572576799945507,0.0552687146652134,0.069218718070976,0.0711940603501123,0.0659355629725495,0.059001430420271,0.0570805803419385,0.0614535794564402,0.0786731149104284,0.0581840474082146,0.081929023908453,0.0913289285471016,0.0284313057693616,0.0532388801852734,0.052871057829848,0.0746951842517539,0.0452966419181254,0.0363735440365097,0.0369457121449491,0.0572576799945507,0.0475444452012805,0.0381717866630337,0.0301478100946801,0.0301478100946801,0.0301478100946801,0.0294530345344321,0.0007901369116544,0.0446699816088821,0.0755534364144131,0.078536884408419,0.0686056808119337,0.0522171514202029,0.0518629521149784,0.0592466453238879,0.0689462570669572,0.0717526054083508,0.0766841495810911,0.0232273005926026,0.0726517267216129,0.0658538246713438,0.0245078673114909,0.0668755534364143,0.0924323956133778,0.0733465022818608,0.0906341529868537,0.0840950888904025,0.0886315646073155
1761,443,10730,1.3754241318356208,3.975169300225734,0.2515616127200454,10,5,565,5,6.0931289040318,24.221218961625283,0.1181147075525268,0.1300397501419647,0.1097103918228279,0.0684838160136285,0.0509937535491197,0.0206700738216921,0.1811470755252697,0.1831913685406018,0.1103918228279386,0.0603066439522998,0.1720613287904599,0.1679727427597955,0.1328790459965928,0.1317433276547416,0.1425326519023282,0.1359454855195911,0.1651334469051674,0.1856899488926746,0.1869392390687109,0.1871663827370812,0.1065303804656444,0.1055082339579783,0.0817717206132878,0.1095968199886427,0.1099375354911981,0.0424758659852356,0.0496308915388983,0.0463373083475297,0.0302101078932424,0.0304372515616126,0.1678591709256104,0.1708120386144235,0.0946053378762066,0.169335604770017,0.0946053378762066,0.1868256672345258,0.1867120954003407,0.1696763202725723,0.1867120954003407,0.169335604770017,0.1718341851220897,0.169335604770017,0.1728563316297557,0.1728563316297557,0.169335604770017,0.0394094264622373,0.0129471890971038,0.0111300397501419,0.0120386144236228,0.0119250425894377,0.1593412833617262,0.1578648495173196,0.1626348665530948,0.1626348665530948,0.1737649063032367,0.1588869960249857,0.1770584894946053,0.175922771152754,0.1483248154457694,0.1411697898921067,0.154457694491766,0.1694491766042021,0.174900624645088,0.159114139693356,0.1521862578080635,0.0266893810335036,0.1878478137421919,0.0164679159568426,0.1374219193639977,0.1880749574105621,0.182396365701306,0.025212947189097,0.0237365133446904,0.0226007950028392,0.0116978989210675,0.1159568427030096,0.1175468483816013,0.1822827938671209,0.1485519591141396,0.0254400908574673,0.1792163543441226,0.1804656445201589,0.1792163543441226,0.0346394094264621,0.0097671777399204,0.0793867120954002,0.1747870528109028,0.1728563316297558,0.1116411130039749,0.1327654741624076,0.161044860874503,0.1654741624077228,0.1667234525837592,0.1726291879613855,0.1779670641680862,0.149914821124361,0.1469619534355479,0.143327654741624,0.1644520159000567,0.1511641113003974,0.1822827938671209,0.178648495173197,0.1859170925610448,0.1859170925610448,0.1865985235661555
25587,15254,546349,0.139980339125212,1.6773960928281106,0.596162113573299,1214,5,8026,5,21.35260093015985,35.81676937196801,0.2771641849376636,0.2961972876851526,0.2625864696916403,0.1774025872513385,0.1895728299527103,0.2008676280923906,0.2785008011881033,0.3018876773361472,0.2065580177433852,0.1466447805526243,0.2360651893539687,0.2199476296556845,0.1935592292961269,0.1642709188259662,0.136545902215969,0.321952554031344,0.3746746394653534,0.3725798256927345,0.3409778403095321,0.326517372103021,0.2495954977136826,0.2267010591315902,0.1739477078203774,0.2534490170789854,0.2611560558095908,0.2146558799390315,0.2381521866572868,0.2132645484034861,0.2634853636612342,0.2455153007386563,0.2884746160159456,0.3077031304959549,0.2737796537304099,0.3101418689178098,0.2779223824598428,0.296595442992633,0.2966970607598288,0.2977132549231339,0.297189509629537,0.3023876269892313,0.3226638527377183,0.3186774533943017,0.3222495798647751,0.3214522999960917,0.3165435572751788,0.1725720092234337,0.0700511978739203,0.0543869933950833,0.0569117129792472,0.056067534294759,0.3677648806034314,0.3683276663930902,0.367780513542033,0.367780513542033,0.365818579747528,0.3514988079884316,0.3379606831594168,0.3198655567280259,0.301895493805448,0.2682612264040332,0.3512095986243014,0.3420721460116465,0.3353656153515457,0.3168405831086097,0.2180482276155859,0.1652792433657716,0.2933286434517528,0.1576894516746785,0.3062570836753038,0.3277914565990542,0.2015242115136592,0.1091943931789585,0.1130564899722012,0.2706472756054158,0.1056921657525833,0.1388673935983116,0.1147770352131941,0.2031891194747332,0.155704068472271,0.1513424786024152,0.1979442685738851,0.1979442685738851,0.1979442685738851,0.1980693320826982,0.0007191151756751,0.2406690897721499,0.352890139523977,0.3611834134521436,0.3377574549575956,0.2706999648258881,0.2414976355180365,0.2543948098643842,0.268738031031383,0.2740141478094345,0.2803689373509985,0.1731660608902958,0.22756087075468,0.2397623793332551,0.1742447336538085,0.2383006995740023,0.3485441825927228,0.3447141126353226,0.3237190760933286,0.3226873021456208,0.3082815492242154
23421,11888,802784,0.2883264452539774,1.9701379542395692,0.5075786687161095,2389,5,2629,5,34.276247811792835,67.52893674293405,0.1862858118782289,0.1982408949233593,0.1748516288800648,0.1194995943811109,0.1196959993168523,0.0928909952606634,0.2298791682677938,0.2456513385423337,0.1994107851927757,0.1699329661414969,0.1879680628495794,0.1744161222834208,0.1498313479356133,0.084010076427138,0.0344989539302335,0.2232782545578754,0.2631569958584176,0.2841808633277827,0.2844285043337176,0.2800478203321804,0.1702489219076896,0.1448016737116263,0.2412279578156355,0.1748345501900004,0.1812732163443063,0.1341958071815891,0.1648520558473165,0.1334187267836556,0.1765082618163186,0.1512659579010289,0.2391102002476409,0.2446351564834977,0.2306562486657273,0.2453268434311088,0.2313991716835318,0.1897357072712522,0.1943811109687886,0.2317236667947568,0.196925835788395,0.2368131164339694,0.2538405704282481,0.2494171897015498,0.2476495452798769,0.2477093206951026,0.2464028009051705,0.2062849579437256,0.0477520174202638,0.0280261303957986,0.0287861321036676,0.0300926518935997,0.2771017462960591,0.2782972546005721,0.2791341104137312,0.2791341104137312,0.2781435463899918,0.2478117928354894,0.2185389180649843,0.2019640493574142,0.2017505657316083,0.1744161222834208,0.2451475171854318,0.2205285854574953,0.2134067717006105,0.2073865334528841,0.1733060074292301,0.2511335980530292,0.2477861748003928,0.2222279151189103,0.2613039579864223,0.2747363477221297,0.069356560351821,0.1846377182870073,0.1859442380769394,0.2170701507194397,0.1597796848981682,0.1103368771615216,0.108577772084881,0.1444771786004013,0.1165962170701506,0.0840613124973314,0.0717561163058793,0.0717561163058793,0.0717561163058793,0.0713462277443319,0.0017847231117372,0.1926049272020835,0.2458648221681397,0.2492378634558729,0.2268391614363178,0.1991289868067119,0.2122881175013876,0.2323128816019811,0.2411340250202809,0.2494171897015498,0.2583749626403654,0.0540625933990862,0.1843303018658468,0.1881303104051918,0.0538234917381836,0.1871653644165492,0.2470347124375559,0.2470261730925237,0.253328209726314,0.253328209726314,0.2527304555740574
22178,17803,240938,0.0610224626172515,1.2457450991405945,0.802732437550726,2767,5,300,5,10.863829019749302,13.533561759254058,0.1281179547299125,0.1488141401388763,0.1449093696455946,0.1000270538371358,0.0682207593110289,0.0065921183154476,0.0126521778338893,0.0412571016322481,0.1631166020380557,0.1118135088826764,0.038028677067364,0.0563621606997925,0.0517810442781133,0.0246280097393813,0.0021823428622959,0.1839931463612588,0.2184777707638199,0.2212372621516818,0.2104517990801694,0.2043917395617278,0.1659121652087654,0.1689782667508341,0.082306790513121,0.1505095139327261,0.1487510145188925,0.1375056362160699,0.1334655965371088,0.1375958156731896,0.1557038506628189,0.1582829831364414,0.1670303904770493,0.1699792587248624,0.096455947335197,0.1702858688790693,0.0963477319866533,0.1729641987555234,0.1725854450356208,0.1599693389845792,0.1715483812787446,0.1606637208044007,0.1886554242943457,0.178501217422671,0.1836143926413562,0.1820001803589142,0.1729641987555234,0.1311119127062854,0.0906393723509784,0.0711065019388582,0.0728830372441157,0.074154567589503,0.2248264045450446,0.2249165840021643,0.2247272071422129,0.2247272071422129,0.2241230047795111,0.163026422580936,0.1672197673370006,0.15323293353774,0.143448462440256,0.0925331409504914,0.1665885111371629,0.1746685904950852,0.1672738750112724,0.1415907656235909,0.0966182703580124,0.0632518712237351,0.0511768419154116,0.1002885742627829,0.0948687888898908,0.1477680584362881,0.0041662909189286,0.059202813599062,0.0581567318964739,0.0213995851744971,0.0807737397420867,0.0855983406979889,0.0684101361709802,0.1296239516638109,0.1158806023987735,0.100523040851294,0.0069077464153665,0.0069167643610785,0.0069077464153665,0.0071963206781494,0.0003607178284786,0.1333032735142934,0.1869600505004959,0.1895031111912705,0.1574533321309405,0.1425196140319235,0.0128686085309765,0.0211831544774099,0.039913427721165,0.0667688700514022,0.1015781404995941,0.0069167643610784,0.1367932185048245,0.1454143746054648,0.0073676616466768,0.1472089458021462,0.2095139327261249,0.1374064388132383,0.207602128235188,0.1904499954910271,0.2073045360266931
5541,3568,64706,0.3272891118227514,1.5529708520179373,0.6439270889731096,578,5,272,5,11.677675509835767,18.135089686098656,0.1203031943692473,0.1654574986464537,0.1648438909944053,0.1193286410395235,0.0912831618841363,0.0264934127413823,0.0306803826024182,0.0473199783432593,0.1738314383685255,0.1259700415087529,0.0351922035733621,0.0960837393972206,0.1019671539433314,0.067677314564158,0.0327738675329362,0.1814112975997112,0.2158455152499548,0.2151958130301389,0.198303555314925,0.1890633459664319,0.1243457859592131,0.1069121097274859,0.1782349756361667,0.1750586536726222,0.1740480057751307,0.1717740480057751,0.1781988810683991,0.174589424291644,0.1922396679299765,0.1878361306623353,0.179173434398123,0.1797148529146363,0.1268724057029416,0.1806533116765926,0.1280274318715032,0.1778740299584912,0.177729651687421,0.1698249413463273,0.1776574625518859,0.1772965168742103,0.188016603501173,0.1807615953798952,0.1879083197978703,0.1879083197978703,0.181663959574084,0.1325392528424472,0.0922577152138602,0.0650063165493592,0.0677495036996931,0.0686157733261143,0.2118751127955242,0.2232449016423028,0.2188413643746615,0.2188413643746615,0.2178307164771701,0.15755278830536,0.1740119112073632,0.1616314744630932,0.1354629128316188,0.1276664861938277,0.158274679660711,0.1671539433315285,0.1602598808879263,0.1408410034289839,0.1371954520844612,0.1730734524454069,0.1612344342176501,0.1826024183360404,0.1964988269265475,0.1951994224869157,0.0281537628586897,0.139541598989352,0.1390723696083739,0.1487457137700775,0.1425374481140588,0.12218011189316,0.1225049630030679,0.1292546471756,0.1557119653492149,0.0882512181916621,0.0295614510016242,0.0295614510016242,0.0295614510016242,0.0297780184082295,0.0019852012272152,0.1249593936112614,0.1907597906515069,0.1919509113878361,0.1732539252842446,0.146616134271792,0.0857967875834686,0.1178126691932864,0.1499729290741743,0.1705107381339107,0.1896408590507128,0.0202129579498285,0.1901461829994585,0.1932503158274679,0.0196715394333152,0.1955603681645911,0.1899296155928532,0.1717740480057751,0.182710702039343,0.1796426637791012,0.1813391084641761
43536,8655,714773,0.1896935404733409,5.030155979202773,0.1988009922822491,419,5,3790,5,16.41797592796766,82.58497978047372,0.1555861815509003,0.1565968393972803,0.1319184123484013,0.0939176773245129,0.0980797500918779,0.1195837927232634,0.1655825064314589,0.1348263506063946,0.0747427416391032,0.0755466740169055,0.1365766262403527,0.1278344358691657,0.1169239250275633,0.035005512679162,0.0290701947813303,0.1609610437339213,0.1815784638000734,0.1993384785005512,0.1972298787210583,0.1922133406835722,0.1331036383682469,0.1117144432194046,0.1584435869165747,0.1425624770305034,0.1435226019845644,0.1168182653436236,0.1381798970966556,0.1161843072399852,0.1446802646085997,0.1304759279676589,0.17462789415656,0.179396361631753,0.165784638000735,0.1800578831312017,0.1664507533994854,0.1650955531054759,0.1651414920984932,0.1769248438074236,0.165412532157295,0.1787899669239249,0.1830117603822124,0.1808342521131936,0.1807239985299522,0.1806183388460124,0.1802232635060639,0.1391629915472252,0.0505558618155089,0.0315968393972803,0.0322216097023153,0.0326488423373759,0.1959711503123851,0.1953601617052554,0.1966372657111355,0.1966372657111355,0.1960308710033075,0.1617787578096287,0.1544055494303564,0.1456266078647555,0.1445700110253583,0.1319046306504961,0.163106394707828,0.1576993752296949,0.1515803013597941,0.1405871003307607,0.1383820286659316,0.1500413450937155,0.1960584343991179,0.1333011760382212,0.1903711870635795,0.1934399117971334,0.0530549430356485,0.122202315325248,0.1221655641308341,0.1557837192208746,0.1077682837192208,0.08965453877251,0.0846931275266445,0.1351984564498345,0.0973447262036015,0.0723447262036015,0.0512219772142594,0.0514103270856302,0.0512219772142594,0.0513138552002939,0.0013414185961043,0.1188901139287026,0.1790196618890113,0.1817989709665563,0.1481945975744211,0.1324972436604189,0.1424200661521499,0.1544101433296582,0.1691933112826166,0.171545387725101,0.1719358691657478,0.0357221609702314,0.1301727306137449,0.1244073869900771,0.0357680999632487,0.1244900771775082,0.1763368246968026,0.1763230429988974,0.1788956266078647,0.1788956266078647,0.1762771040058801
26039,15483,709356,0.1759482011686537,1.6817800167926114,0.5946080878681977,1009,5,5427,5,27.242059986942664,45.81515210230575,0.1055186451092591,0.0699873267022542,0.0552094934521294,0.0373132608779138,0.0484964860401704,0.0973309266868926,0.1264718307154652,0.1303813510503475,0.0890817619724259,0.0719766504090018,0.0890587196128883,0.0810860632128729,0.0785129997311724,0.0849187756826298,0.0810937439993855,0.1478397787933483,0.2006221437075156,0.2229578708859786,0.2096240255002111,0.1963209032604938,0.0706171511962824,0.0521832635661891,0.1284304312761626,0.0818695034371519,0.0843888014132646,0.0609931256960712,0.0788816774837742,0.061945543223626,0.0909942778140481,0.0786205307423479,0.2071200890971235,0.1889703905679941,0.177994546641576,0.1829640155151887,0.1707592457467644,0.1165943392603402,0.1168938899343292,0.1770267675409961,0.1173624179115941,0.1762970928223049,0.198632820000768,0.1881946311302277,0.1893006643880333,0.1886862014670302,0.1869503437151964,0.0731134068128575,0.0126886593187141,0.0073889166250623,0.0077729559506893,0.0072890664003993,0.183624563155267,0.1866968777602826,0.1881946311302277,0.1881946311302277,0.1807749913591151,0.1219632090326049,0.1072084181420176,0.0993202503936402,0.0932677906217596,0.0840431660202004,0.1223088444256691,0.1096816313990552,0.1024002457851683,0.0971465878105918,0.0889281462421751,0.1345750604861937,0.1660739659741157,0.1461960904796651,0.1854756327047889,0.1985944160682053,0.0987134682591497,0.1158185798225737,0.1172395253273934,0.1558124351933638,0.1131072621836475,0.0251238526825146,0.0099235761742001,0.026283651445908,0.0196858558316371,0.0259841007719189,0.0969008026421905,0.0969008026421905,0.0969008026421905,0.0968393563500902,0.0009600983140673,0.0922923307346671,0.1366872767771419,0.1408041783478628,0.124843503974807,0.1010945120780367,0.1328929682399477,0.1410346019432389,0.155474480586812,0.1671953608049464,0.1781942470909021,0.0830984292791581,0.0932217059026843,0.0927685394984445,0.087015630400553,0.093260109835247,0.1637313260877913,0.1636391566496409,0.1586850493490533,0.1586773685625407,0.1526325895771726
32987,7604,459769,0.1832967467282274,4.3381115202524985,0.2305150513838785,396,5,3309,5,13.937884621214415,60.4640978432404,0.1630399854488131,0.163100615393943,0.142559189983933,0.0961166520144299,0.0932306666262466,0.0522569497074604,0.1798890472004122,0.1566314002485827,0.0714099493739957,0.0611998666141206,0.1318640676630187,0.1235456391911964,0.1151362658016793,0.059744747931003,0.0152120532330917,0.1624397489920271,0.1861399945433049,0.2025767726680206,0.1966289750507775,0.1885773183375268,0.1441719465243883,0.1252311516658077,0.1615606147876436,0.1528420286779639,0.1554673053020887,0.1318398156849667,0.1506836026313395,0.1330099736259738,0.1574135265407584,0.145590687240428,0.16915754691242,0.1780519598629762,0.1570921878315699,0.1787673932155091,0.1580137629975444,0.1641252614666383,0.1647497499014763,0.1758510928547609,0.1656531360839118,0.1769424318670991,0.1815199927244065,0.1804710946736593,0.1809743232182374,0.1804407797010943,0.1790826689301845,0.1410131263831205,0.0552338800133385,0.0406220632370327,0.0412708036499226,0.0405553702973898,0.2013338587928577,0.2020250401673386,0.2013459847818837,0.2013459847818837,0.2029466153333131,0.168551247461121,0.1575529754145572,0.1467123412253311,0.1456937581471488,0.131657925849577,0.167951011004335,0.1619365204474489,0.1539333676903022,0.1447721829811744,0.1400127322884772,0.1563828174735501,0.194512989965744,0.1490162791402673,0.1920514141934701,0.1984236214266226,0.0480674204989844,0.1276806014490556,0.1261527268317822,0.1580440779701094,0.119556188801649,0.0848273562312425,0.0896898778306605,0.1471549398247794,0.103853033013005,0.0932852335768635,0.0463758450298602,0.0463758450298602,0.0463758450298602,0.0466668687664837,0.001139842968442,0.1139357928881074,0.1797738503046654,0.1835086549246672,0.1516718707369569,0.1270439870251917,0.1197987085821687,0.1348955649195137,0.1563828174735501,0.1675326643829387,0.1754388092278776,0.0347894625155363,0.1511807681814047,0.1451662776245187,0.0364810379846605,0.1448752538878951,0.1809621972292114,0.1808955042895686,0.179973929123594,0.179973929123594,0.1726619577409282
6040,3416,999611,4.84480415496999,1.7681498829039812,0.5655629139072847,2277,18,3428,5,165.49850993377484,292.6261709601874,0.7009271523178808,0.6417549668874172,0.5919536423841059,0.4904966887417218,0.4712251655629139,0.570430463576159,0.7006622516556291,0.7260264900662252,0.7375496688741722,0.7126490066225165,0.6848013245033113,0.6744370860927151,0.6402980132450331,0.369205298013245,0.1940397350993377,0.6163576158940398,0.690860927152318,0.7513576158940397,0.7724834437086093,0.7716887417218543,0.4098344370860927,0.3962251655629139,0.7088741721854305,0.436092715231788,0.4523509933774834,0.2558609271523179,0.3611258278145695,0.2562251655629138,0.3835099337748344,0.2967549668874172,0.5604635761589404,0.6146026490066225,0.6146026490066225,0.6401655629139074,0.6474503311258278,0.5494701986754966,0.5504635761589404,0.6117218543046358,0.5505298013245034,0.6337417218543047,0.7055960264900663,0.6815894039735099,0.6665231788079471,0.6562251655629139,0.652317880794702,0.6359602649006623,0.2754635761589404,0.2207947019867549,0.2278145695364238,0.2277814569536423,0.7078145695364239,0.7254304635761589,0.7257947019867549,0.7257947019867549,0.712682119205298,0.6913245033112583,0.7205960264900663,0.7071854304635762,0.6425165562913907,0.6456291390728477,0.6940728476821192,0.7026490066225166,0.6813576158940398,0.6416225165562913,0.6426490066225166,0.7607615894039735,0.6930794701986754,0.7425496688741722,0.6905298013245034,0.7097682119205297,0.440728476821192,0.665,0.6636092715231788,0.6815562913907285,0.6013245033112582,0.3972847682119205,0.5271192052980133,0.5509602649006623,0.4678145695364238,0.3715894039735099,0.4453642384105959,0.4452649006622516,0.4453642384105959,0.444205298013245,0.0304635761589403,0.7175165562913908,0.7432450331125827,0.7440397350993377,0.7568211920529802,0.7441390728476821,0.6316556291390729,0.6801324503311259,0.7137748344370861,0.7218211920529802,0.7168211920529801,0.3405298013245033,0.6982781456953642,0.7106953642384106,0.3423178807947019,0.7099337748344371,0.6904635761589404,0.6904966887417219,0.7219205298013245,0.7219205298013245,0.7305960264900662
7025,9432,118668,0.1790950168880678,0.74480491942324,1.342633451957295,2499,5,380,5,16.892241992882564,12.58142493638677,0.055544483985765,0.0616939501779359,0.0581637010676156,0.0400569395017793,0.031629893238434,0.0248540925266903,0.0259074733096084,0.0257081850533807,0.0669323843416369,0.0457508896797152,0.0282704626334519,0.0316583629893238,0.0326832740213522,0.0241423487544483,0.0069750889679714,0.089679715302491,0.1212241992882561,0.123017793594306,0.1124555160142348,0.1077864768683273,0.0447829181494661,0.0352740213523131,0.0759857651245551,0.0624341637010675,0.064967971530249,0.0589893238434163,0.0611245551601423,0.0583629893238433,0.0728540925266903,0.0710035587188611,0.078832740213523,0.0700071174377223,0.0506192170818505,0.0707188612099643,0.050391459074733,0.0908469750889679,0.0882277580071174,0.0651957295373664,0.0854377224199287,0.0650249110320284,0.0975088967971529,0.0886263345195729,0.0913879003558718,0.0793167259786476,0.0700925266903914,0.0638291814946618,0.0326832740213522,0.0258505338078291,0.0251387900355871,0.0253380782918149,0.1124555160142348,0.1214519572953736,0.1218505338078291,0.1218505338078291,0.1215658362989323,0.0684128113879003,0.0624911032028469,0.0559430604982205,0.0467188612099643,0.0394021352313166,0.0675587188612099,0.0642562277580071,0.0573096085409251,0.0476583629893238,0.0428185053380782,0.0836725978647686,0.0792313167259786,0.0897935943060497,0.0915017793594305,0.1004128113879003,0.0241138790035586,0.0724270462633451,0.0742206405693949,0.0792028469750889,0.0786334519572953,0.035729537366548,0.0314306049822063,0.0507046263345195,0.0491957295373665,0.0378647686832739,0.0255658362989323,0.02576512455516,0.0255658362989323,0.025594306049822,0.0009964412811387,0.0408540925266903,0.0761281138790035,0.0798291814946618,0.0694377224199287,0.0560569395017793,0.0420213523131672,0.0511316725978647,0.0711174377224198,0.0837010676156583,0.093950177935943,0.0175088967971529,0.0998434163701067,0.0987046263345195,0.018391459074733,0.0999572953736654,0.1080142348754447,0.0913879003558718,0.1030604982206405,0.0975088967971529,0.1019217081850533
936,2028,20050,1.0562593772652944,0.4615384615384615,2.1666666666666665,440,5,87,5,21.42094017094017,9.886587771203155,0.0747863247863247,0.1027777777777777,0.0967948717948717,0.0769230769230768,0.0634615384615384,0.0047008547008546,0.0617521367521367,0.0653846153846153,0.0876068376068375,0.107051282051282,0.0645299145299145,0.067094017094017,0.0707264957264956,0.0574786324786324,0.0452991452991452,0.1198717948717948,0.1405982905982905,0.1405982905982905,0.1303418803418803,0.1258547008547007,0.0205128205128204,0.0220085470085469,0.0645299145299144,0.074145299145299,0.0764957264957264,0.1038461538461537,0.1085470085470085,0.107051282051282,0.1134615384615384,0.1113247863247862,0.0846153846153845,0.1002136752136751,0.0912393162393161,0.1025641025641025,0.0935897435897435,0.1182684891489526,0.12008547008547,0.0970085470085469,0.1226495726495725,0.1029914529914529,0.1068376068376067,0.1038461538461537,0.1089743589743589,0.1089743589743589,0.1038461538461537,0.0720085470085469,0.0747863247863247,0.0606837606837606,0.0621794871794871,0.0591880341880341,0.0735042735042734,0.1188034188034187,0.135042735042735,0.135042735042735,0.135042735042735,0.0728632478632478,0.1012820512820512,0.1083333333333332,0.1076923076923076,0.0987179487179486,0.0782051282051281,0.1074786324786324,0.105128205128205,0.1175213675213675,0.1064102564102563,0.1115384615384615,0.1205128205128204,0.1064102564102563,0.1123931623931623,0.1224358974358974,0.0121794871794871,0.0972222222222221,0.0970085470085469,0.1055555555555554,0.0912393162393162,0.0818376068376067,0.0882478632478631,0.0803418803418803,0.110042735042735,0.0408119658119657,0.0561965811965811,0.0559829059829059,0.0561965811965811,0.0512820512820512,0.0068376068376067,0.09508547008547,0.1083333333333332,0.107051282051282,0.1269230769230768,0.1119658119658119,0.0807692307692307,0.0912393162393161,0.1098290598290598,0.126068376068376,0.1318376068376067,0.0386752136752136,0.1262820512820512,0.1237179487179486,0.042094017094017,0.1222222222222221,0.1301282051282051,0.0805555555555554,0.1269230769230768,0.1053418803418802,0.1267094017094016
4911,3166,42380,0.2725712888402831,1.551168667087808,0.6446752188963552,359,5,152,5,8.629607004683363,13.385975994946303,0.0134799429851353,0.011036448788434,0.0101812258195886,0.0087558542048462,0.0063123600081449,0.0049277132966808,0.0171859091834656,0.0172673589900223,0.0175524333129708,0.0088373040114029,0.0166972103441253,0.0166157605375686,0.0116880472408877,0.0158419873752799,0.0162899613113418,0.0117694970474444,0.0162492364080634,0.0200773773162288,0.0206068010588474,0.020443901445734,0.010914274078599,0.0099776013031968,0.0167379352474037,0.0135206678884137,0.0153125636326613,0.0152718387293829,0.0168601099572388,0.0157605375687232,0.0144573406638158,0.014131541437589,0.005864386072083,0.0065159845245367,0.0048055385868458,0.0067603339442068,0.0048055385868458,0.0132763184687436,0.0142944410507024,0.0053756872327427,0.015271838729383,0.0066381592343717,0.0067603339442068,0.0068825086540418,0.0072083078802687,0.0072083078802687,0.0068825086540418,0.0114029729179392,0.0041539401343921,0.0042761148442271,0.0041946650376704,0.0045204642638973,0.0141722663408673,0.0167379352474037,0.0187334555080431,0.0187334555080431,0.018489106088373,0.0131541437589085,0.0158827122785583,0.0135206678884137,0.0113622480146609,0.0098554265933617,0.0136021176949704,0.0154754632457747,0.0148645896965994,0.0117287721441661,0.0125025453064548,0.0147424149867643,0.0237018937080024,0.0131541437589085,0.017348808796579,0.0231724699653837,0.0076970067196089,0.0109957238851557,0.00965180207697,0.0119323966605578,0.0082671553655059,0.0076970067196089,0.0075748320097739,0.0175931582162492,0.009081653431073,0.0057422113622479,0.0170637344736305,0.0171044593769089,0.0170637344736305,0.0168601099572388,0.0021176949704744,0.0076970067196089,0.0166157605375686,0.0154754632457747,0.0103848503359804,0.0112807982081042,0.0196701282834452,0.0188556302178781,0.016656485440847,0.0162492364080634,0.0151903889228262,0.0125025453064548,0.0188963551211565,0.0153125636326613,0.0158012624720015,0.0143758908572591,0.023661168804724,0.0054571370392995,0.023661168804724,0.0176746080228058,0.023661168804724
2287,7055,128530,0.7966018760088839,0.3241672572643515,3.084827284652383,348,5,1274,5,56.20026235242676,18.218284904323173,0.4333187581985133,0.4267599475295146,0.3641451683428071,0.2478355924792303,0.2370791429820725,0.4057717533887188,0.4057717533887188,0.4126803672933974,0.414779186707477,0.3627459554000874,0.4163533012680367,0.3763008307826847,0.3702667249672059,0.3802361171840839,0.1993003935286401,0.409794490599038,0.4705728027984259,0.515435067774377,0.4829908176650634,0.4579798863139483,0.3759510275470047,0.3675557498906864,0.4840402273721031,0.2402273721031919,0.2659379099256668,0.2018364669873196,0.2338434630520331,0.1970266724967206,0.2975076519457805,0.2830782684739834,0.4382160034980323,0.4559685177087887,0.4557061652820288,0.4583296895496283,0.4574551814604285,0.4283340620900743,0.4276344556187144,0.4600787057280279,0.4272846523830346,0.4575426322693484,0.4788806296458242,0.4769567118495846,0.4733712286838653,0.4713598600787057,0.4709226060341057,0.3559247923043288,0.0926978574551814,0.0786182772190642,0.0731963270660253,0.0766943594228246,0.4574551814604284,0.4864013992129427,0.4783559247923042,0.4783559247923042,0.4703979011805859,0.4425885439440314,0.4174901617839965,0.4054219501530388,0.339921294271972,0.3041539134236991,0.44975951027547,0.4434630520332313,0.429995627459554,0.3742020113686051,0.3533887188456493,0.4358548316571927,0.4837778749453432,0.34954088325317,0.5027547004809795,0.4968080454744206,0.4055968517708789,0.2663751639702667,0.2731088762571053,0.3409707039790118,0.2436379536510712,0.1484040227372102,0.0926104066462614,0.404984696108439,0.2237866200262352,0.2441626585045911,0.404722343681679,0.404722343681679,0.404722343681679,0.39965019676432,0.004634892872759,0.3600349803235679,0.4946217752514211,0.5017052907739397,0.4624398775688675,0.4352426759947529,0.4429383471797113,0.4533449934411893,0.4550940096195889,0.4485351989505902,0.4411018801923917,0.359422824661128,0.4264101442938346,0.419501530389156,0.3589855706165282,0.4174901617839964,0.4621775251421075,0.4621775251421075,0.4501093135111499,0.4501093135111499,0.4408395277656318
9983,7814,545591,0.6994114207103189,1.277578704888661,0.7827306420915556,663,5,3846,5,54.65200841430432,69.82224212951114,0.3793248522488229,0.3026344786136431,0.2321346288690774,0.1459080436742462,0.148432334969448,0.282279875788841,0.3849944906340779,0.4183311629770609,0.3453070219372933,0.3008314134027847,0.3384954422518281,0.3059000300510868,0.2966843634178102,0.2533106280677151,0.1221276169488129,0.2809375939096464,0.3842131623760393,0.4541921266152459,0.4537914454572774,0.4413302614444555,0.3051187017930482,0.2865270960633076,0.3895422217770209,0.1949514174095962,0.2143443854552739,0.1216067314434538,0.1645797856355804,0.1201242111589702,0.1955724732044475,0.1635580486827606,0.3849143544024841,0.4001202043473905,0.4,0.4018030652108584,0.4021436441951317,0.348993288590604,0.3490333567064009,0.3995191826104377,0.3490533907642993,0.4006410898527496,0.4264850245417209,0.4158068716818591,0.412521286186517,0.4107983572072523,0.4099168586597215,0.2551938295101673,0.0577381548632675,0.0310928578583591,0.0317740158269057,0.0341981368326154,0.4135830912551337,0.4134829209656415,0.4147250325553441,0.4147250325553441,0.4090353601121907,0.4158870079134528,0.3513172393068215,0.3257537814284282,0.2965841931283181,0.2845036562155664,0.4175498347190223,0.3572673545026544,0.3446058299108484,0.3172793749373935,0.299208654713012,0.2983872583391765,0.4363217469698487,0.2568967244315335,0.4463187418611639,0.4552338976259641,0.2766302714614845,0.2232996093358709,0.2261444455574476,0.2650906541119903,0.2077331463487929,0.0960432735650605,0.0583391766002203,0.1447861364319342,0.0811780026044274,0.1027747170189321,0.2822999098467394,0.2822999098467394,0.2822999098467394,0.279655414204147,0.0045076630271461,0.3244515676650305,0.40853450866473,0.4186517079034358,0.3785034558749874,0.3417008915155765,0.3771010718220975,0.3930281478513472,0.4042071521586697,0.39503155364119,0.3873585094660923,0.2410297505759791,0.3220875488330161,0.3410798357207252,0.2377241310227386,0.3378543523990784,0.3927877391565661,0.3927877391565661,0.4,0.4,0.3962335971150956
4905,2420,53258,0.4486735579312726,2.0268595041322315,0.4933741080530071,94,5,311,5,10.8579001019368,22.007438016528926,0.0501121304791029,0.0547604485219163,0.0499898063200815,0.0351885830784912,0.027808358817533,0.0307441386340468,0.0311926605504586,0.0361264016309887,0.0569622833843016,0.0393476044852191,0.0353924566768603,0.0440774719673801,0.0399184505606523,0.0407339449541284,0.0332313965341487,0.0729459734964321,0.0927624872579,0.0974923547400611,0.0916615698267074,0.0872579001019367,0.0411824668705402,0.0367380224260958,0.0658511722731905,0.0577370030581039,0.0618960244648317,0.0577777777777777,0.0596534148827726,0.0582670744138633,0.0655657492354739,0.0643832823649336,0.0916615698267074,0.0846075433231396,0.0555759429153924,0.0908053007135575,0.0558205912334352,0.0736391437308868,0.073802242609582,0.089255861365953,0.073598369011213,0.0901936799184505,0.0919062181447502,0.0908460754332313,0.0919877675840978,0.0919877675840978,0.0908053007135575,0.0507237512742099,0.0267074413863404,0.022670744138634,0.0209582059123343,0.0211620795107033,0.0811824668705402,0.0951681957186543,0.0949235474006115,0.0949235474006115,0.0929255861365952,0.0649133537206931,0.0608766564729866,0.0592456676860346,0.0506014271151885,0.0448521916411824,0.0593272171253822,0.0588379204892965,0.0570030581039755,0.0479510703363913,0.0470132517838939,0.0626299694189601,0.076697247706422,0.0657696228338429,0.0786544342507644,0.0848521916411824,0.0317635066258919,0.0604281345565748,0.0592864424057084,0.0585524974515799,0.0616513761467889,0.0374311926605504,0.0378389398572884,0.0612028542303771,0.0510907237512741,0.0276860346585116,0.0303363914373088,0.030295616717635,0.0303363914373088,0.0281753312945973,0.0023241590214067,0.0395514780835881,0.0709480122324158,0.0718042813455657,0.0571253822629969,0.0483995922528032,0.0489296636085626,0.0495820591233434,0.0580224260958205,0.074006116207951,0.0820795107033638,0.0238124362895004,0.0879918450560652,0.0788990825688073,0.0250356778797145,0.0803669724770641,0.0877064220183485,0.0673598369011212,0.0849745158002038,0.0771457696228338,0.0833435270132517
