num_users,num_items,num_interactions,density,user_item_ratio,item_user_ratio,highest_num_rating_by_single_user,lowest_num_rating_by_single_user,highest_num_rating_on_single_item,lowest_num_rating_on_single_item,mean_num_ratings_by_user,mean_num_ratings_on_item,BPR_0,BPR_1,BPR_2,BPR_3,BPR_4,CDAE_0,CDAE_1,CDAE_2,CDAE_3,CDAE_4,DMF_0,DMF_1,DMF_2,DMF_3,DMF_4,EASE_0,EASE_1,EASE_2,EASE_3,EASE_4,ENMF_0,ENMF_1,ENMF_2,ENMF_3,ENMF_4,ImplicitMF_0,ImplicitMF_1,ImplicitMF_2,ImplicitMF_3,ImplicitMF_4,ItemItem_0,ItemItem_1,ItemItem_2,ItemItem_3,ItemItem_4,ItemKNNRP_0,ItemKNNRP_1,ItemKNNRP_2,ItemKNNRP_3,ItemKNNRP_4,ItemKNN_0,ItemKNN_1,ItemKNN_2,ItemKNN_3,ItemKNN_4,LINE_0,LINE_1,LINE_2,LINE_3,LINE_4,MacridVAE_0,MacridVAE_1,MacridVAE_2,MacridVAE_3,MacridVAE_4,MultiDAE_0,MultiDAE_1,MultiDAE_2,MultiDAE_3,MultiDAE_4,MultiVAE_0,MultiVAE_1,MultiVAE_2,MultiVAE_3,MultiVAE_4,NCEPLRec_0,NCEPLRec_1,NCEPLRec_2,NCEPLRec_3,NCEPLRec_4,NMF_0,NMF_1,NMF_2,NMF_3,NMF_4,NeuMF_0,NeuMF_1,NeuMF_2,NeuMF_3,NeuMF_4,PopScore_0,PopScore_1,PopScore_2,Pop_0,Random_0,RecVAE_0,RecVAE_1,RecVAE_2,RecVAE_3,RecVAE_4,SVD_0,SVD_1,SVD_2,SVD_3,SVD_4,SimpleX_0,SimpleX_1,SimpleX_2,SimpleX_3,SimpleX_4,UserUser_0,UserUser_1,UserUser_2,UserUser_3,UserUser_4
22363,12101,198502,0.0733522706417427,1.8480290885050823,0.5411170236551447,204,5,431,5,8.876358270357287,16.403768283612923,0.0353654211674265,0.0370239760170922,0.0361656495282533,0.0262917998203639,0.0198410427123541,0.0076718547066427,0.017600477170932,0.0292412966308467,0.0318944270559997,0.0213854463696969,0.0192865797159242,0.0244367783222306,0.0232831885782352,0.0142194863236657,0.0062614343450992,0.0504868879670619,0.0656161896901184,0.068682073804167,0.0643277513529451,0.0624758080432656,0.0425477469488004,0.0379775185391128,0.0422680208245154,0.0478220955284985,0.0481704934769135,0.0438402919090497,0.0459087096900232,0.0439251181018109,0.050267113104471,0.0488637969687447,0.0509949096630451,0.0481360064350046,0.0236328241865664,0.05098408691271,0.0234664691591466,0.0543893577523486,0.0543253669052325,0.0488943325854663,0.0543509946581921,0.0497413346596356,0.0526854731315296,0.0510040456397917,0.0533913740382463,0.053393299882534,0.051008896359188,0.0356238950530896,0.0190715040065376,0.0148245018170013,0.0147528961478539,0.0156615342827127,0.0691332886076589,0.0691247174704263,0.0695871027525122,0.0695871027525122,0.0691855517442463,0.04393240356789,0.0429238015131034,0.0385558335332321,0.0371547585128453,0.0339798144376942,0.0430619046004107,0.044097068317766,0.0408819423010285,0.0364831932964696,0.0345057492806676,0.0400544383802818,0.044373693200762,0.0421784998620527,0.050285394154788,0.0551504294850806,0.0029107683427462,0.034180877822007,0.0343367243899872,0.0246964541885987,0.0361902792759759,0.0236456447350256,0.0223235500667852,0.0332626490111453,0.0283769510658157,0.0261488023519252,0.0079082291572399,0.0078998773717501,0.0079082291572399,0.0076893382817825,0.0002385533785137,0.0311555526560107,0.0468093337377212,0.0486405763466945,0.043876448324979,0.0321357766059608,0.0250786010464894,0.0282395921366175,0.034777327742353,0.041327375891694,0.045871057183924,0.0051006281417383,0.0493060853071886,0.0436737250753904,0.0054225617979045,0.0431506892772846,0.0622522231644733,0.0408090621759931,0.0608862217104046,0.0522867802866247,0.0600983828441165
1819,14868,984499,3.640240086741704,0.1223432875975248,8.173721825178669,7025,15,1541,5,541.2308960967565,66.21596717783159,0.5495966692826194,0.4580890940872995,0.4035883103336994,0.2892172907905645,0.2508502706285339,0.4666520410037263,0.5360246087520679,0.5592432313193475,0.5397869671471985,0.5472233404108431,0.5146661050306616,0.505097301481727,0.5016906800814217,0.4579877942025778,0.1104185655531824,0.4350256080555035,0.506569322644608,0.6084157427367963,0.6591968096865759,0.6657049029704306,0.4248448106790644,0.4155554566567749,0.4860083559257117,0.2349462448672071,0.2103751405974105,0.1009982993950877,0.1423496080965406,0.0982926913261308,0.1530561508119586,0.1179070945870781,0.5148327959430798,0.5105266190179429,0.5105266190179429,0.5126753826386256,0.5033103851528197,0.4989982007647869,0.4998895691716996,0.3916662452325959,0.5000712955192221,0.400764307077268,0.5754416304811816,0.5298697864672063,0.5109889220239382,0.4995984353054641,0.488050933706489,0.432630670240919,0.0759996644047627,0.0516885643325154,0.0533289508463177,0.0533840114935364,0.5076124901304808,0.5773042583676935,0.5831487249102343,0.5831487249102343,0.569344694264071,0.4849763715540058,0.5375986121306479,0.5208997589700977,0.4093573378310886,0.4395960526454348,0.4979794177855512,0.5019927770953991,0.4450103746512609,0.4008322160558107,0.3946796171394282,0.6005879584553997,0.532283250261974,0.5746960027441766,0.4879224006842256,0.5325872249540502,0.469635702011616,0.5879798848206944,0.5938893968816468,0.6141180306015694,0.580368083194178,0.1561551319497966,0.2087884117102028,0.2265919321511705,0.180863359794362,0.1523801977470949,0.4676244842986181,0.4676237695909014,0.4676244842986181,0.4664214507751579,0.0078371589757642,0.5778574912316303,0.5191188026649721,0.5205288071864069,0.6269177993206718,0.6043877010724589,0.5312972388538328,0.5468775515820766,0.5600374213939825,0.5699620631325742,0.575688397842035,0.266991883200659,0.4435314615530955,0.4565789627605065,0.2687676989725173,0.4596413024497074,0.4558531386148467,0.4557923669839931,0.5091731549277203,0.5091731549277203,0.5379475419362827
9930,24780,206241,0.0838155222148258,0.400726392251816,2.495468277945619,1747,5,218,5,20.76948640483384,8.322881355932203,0.0107064232412478,0.0105222194357735,0.0100192416886374,0.0062934350954114,0.0045152569940351,0.0038152608781178,0.0059622964791394,0.0061393296929769,0.0136554739120792,0.0107085663730849,0.0087440506272936,0.0081696864044368,0.0086164464138937,0.0064448244079737,0.0005478610585748,0.0198171170590468,0.0247295701838292,0.0248617386203128,0.0227879913986536,0.0218557617506424,0.0095905628014841,0.0080386891805768,0.0102066911719698,0.013402863524985,0.0135249660576201,0.0126749224682128,0.013032400602462,0.0123800852815741,0.0154239356762707,0.0156318251121094,0.0117359300142391,0.0151844840256283,0.0125371498016207,0.0155288843137549,0.0130168847000436,0.0156555524132767,0.0170515315439552,0.0142129192262626,0.0179570897662897,0.0148350931804691,0.0173425023346238,0.016521647793939,0.0161188964363863,0.0158801801986432,0.0156634394032371,0.0101873148939202,0.0059652868267392,0.0045365741726451,0.0045757630749087,0.0048517321453226,0.0175640706046655,0.017801383467335,0.0177852854706354,0.0177852854706354,0.0183007597386155,0.0137385277079174,0.0177113552145152,0.0175960662173916,0.0140848417854843,0.0102856245456598,0.0143436336066514,0.0184027204175136,0.018680989196209,0.0159860838129374,0.0070511955190672,0.0084129833597898,0.0081287923789189,0.0098593724316132,0.0093590609944854,0.0134521293627004,0.0019651311256965,0.0076267094820776,0.0076932191005442,0.0044832789880711,0.0088713765995123,0.0052774327110164,0.0045500946155674,0.0112918144468134,0.0088848598914785,0.0067948811041665,0.0053068884881234,0.0052856931007554,0.0053068884881234,0.0051981989296886,0.0002120631478495,0.0134773105515071,0.0185789475142042,0.0188629937311219,0.0157689526434865,0.01451887645824,0.0032224030430729,0.0039811027425837,0.0065813010048374,0.0094287724223389,0.0108525946537817,0.002483121087611,0.0171395312290362,0.017690756584844,0.0026679668261404,0.018018023982498,0.0251534504863493,0.0063698553117893,0.0249763010611054,0.0126501006539201,0.0249151376888295
576,550,13116,4.140151515151516,1.0472727272727274,0.9548611111111112,146,5,352,5,22.77083333333333,23.847272727272728,0.2372353568421669,0.3391292975374044,0.3342987789932489,0.2358655169902623,0.1815500846054515,0.1308383731419606,0.286952433797267,0.3304999828044689,0.3210392072351399,0.2249435239302633,0.2573227649998563,0.3357400777747106,0.3324330364430769,0.3087663312020067,0.309278594225331,0.2751809520156079,0.3558117286408936,0.3790021478944438,0.3506352838169891,0.3336015026945371,0.0361984368657896,0.0400791420340734,0.2047893612797236,0.254192222584949,0.2684907641025815,0.1846000928460332,0.1977569295991201,0.1882978192054543,0.1769501814134051,0.1795656287676538,0.3361967983086292,0.3588727734473217,0.3303440983276846,0.3589853958899601,0.3300089434842169,0.3119091377518274,0.3131070069697038,0.3543590189259157,0.3132088139422569,0.358481937761372,0.359631479333043,0.3585316125833787,0.3585828659095824,0.3585828659095824,0.3585316125833787,0.1409323834234342,0.1070891240184354,0.0741147518836282,0.0706021312454649,0.0708216770718958,0.2747385200658361,0.3618451831240768,0.363910458340685,0.363910458340685,0.3567135676507409,0.3369904614864523,0.3478446867820298,0.3408014337131867,0.3069492795160743,0.298019030098438,0.3317232590474052,0.3492050560565919,0.3395831199305065,0.3263622259379411,0.3196744428268562,0.1972449445747923,0.3293791862687374,0.1879378384769571,0.2363914674921207,0.3345599174036281,0.2543046837050088,0.1640922314769985,0.1692962492343551,0.184206152678085,0.1246580818364813,0.2857029185210041,0.2935790071057081,0.3059181015697926,0.3357119380850524,0.0865468590314121,0.2586519927180465,0.2586519927180465,0.2586519927180465,0.0569234393213529,0.0095027736056388,0.2336396003712385,0.3552960124244166,0.3655736529721418,0.3427487716982905,0.3369622394981899,0.3274354843838422,0.3522956904542734,0.360514731000459,0.3519821360991049,0.3467650577497564,0.1802389948696794,0.3839643577520029,0.3778579285068356,0.1781927783250728,0.3792669577598551,0.3751837326948505,0.3751837326948505,0.3472125505433328,0.3472125505433328,0.3083661795124498
24303,10672,231780,0.0893655752052377,2.277267616191904,0.4391227420483068,773,5,802,5,9.537094185902976,21.718515742128936,0.0522297885277575,0.0555694916784975,0.0521647368651204,0.0336381534106701,0.0272141376007097,0.0108650736173799,0.0164039387537673,0.0487378143815072,0.0346923520456219,0.0221552925688948,0.0254148791350207,0.033599502291374,0.0324624392348629,0.0158913593627569,0.0080433251959382,0.0554437071924936,0.0745442257384833,0.0797755427674669,0.0753324119245077,0.0731440546442781,0.0604537846280729,0.0533230455783827,0.0549120245627238,0.067063657055569,0.0670500764916714,0.0621025417366299,0.0662385619592779,0.0625729086244937,0.0694573916782826,0.0669550128131409,0.0555570363208807,0.0577954245196037,0.0318683748947269,0.0584059336425946,0.032228993142216,0.0680055103749573,0.0682533299410527,0.053353631327544,0.068326469803924,0.0562867198196074,0.0617464733804073,0.0573354147367308,0.0620854801148546,0.0623707000283558,0.0584420867137373,0.0535087844904111,0.02020438505019,0.0154490871167793,0.016419846265955,0.0160229567968573,0.081745906517816,0.0823669178487316,0.0825662679567156,0.0825662679567156,0.0825343171569322,0.0600795942844786,0.0541175421485346,0.048054884359923,0.0463208323747504,0.0398572291335359,0.0586589152787187,0.056522596844127,0.0525176959691238,0.0476423033088777,0.0443977782087234,0.0510096283454935,0.0588885995739426,0.0521332703671032,0.0650576857065295,0.0703917990549249,0.0098308935186685,0.0398094061857662,0.0393819094922218,0.040661523819885,0.0389041435250265,0.0311984653838945,0.0310470479860654,0.0497196089527935,0.0391407801525633,0.0321899046547191,0.0112439029730894,0.0112454832462925,0.0112439029730894,0.0113813440224099,0.0004055419918339,0.0361396710493517,0.0608233931063047,0.0623489072881686,0.0535447652204394,0.0397500420436957,0.0295461744103148,0.0389566925384942,0.0463225031229601,0.0509686640742938,0.0572746055677471,0.0070169503859714,0.0662856248906977,0.0640257413260828,0.0075433994682704,0.0635105977346204,0.0711276640934584,0.0617718233675207,0.0706542161974801,0.0691087885979338,0.0703270960921464
1062,3895,40825,0.986947871262834,0.2726572528883184,3.667608286252354,318,5,273,5,38.44161958568738,10.481386392811295,0.0656756160587388,0.0588866557592363,0.0506900803362858,0.030905383442841,0.0249256529438069,0.0561741772749019,0.0578467801255245,0.0578321202356303,0.0527331014126527,0.0435271368320388,0.0576976927418406,0.054994431641195,0.0512341196843055,0.0572455609617134,0.0511714911801353,0.0705658714911969,0.0839580657058566,0.0891669167930206,0.080045588256157,0.0756847329059863,0.0302806841360496,0.0318973133685252,0.0687255419369514,0.0498228834474223,0.055482902348668,0.0531877966577611,0.0569505827170187,0.056143950860504,0.0595705345814094,0.0578123499563704,0.0467227551256603,0.0764279922667287,0.0755498298353395,0.0870387023568529,0.0862643036187325,0.0763664771792294,0.0759405874840146,0.0641031771330963,0.075851770091543,0.0852575139460647,0.0637766853593493,0.0744919795957629,0.0854237653221644,0.0889553311989969,0.0867524737080874,0.0481749066963274,0.0156042186923445,0.0131426258934753,0.0127351608847551,0.0133689097621381,0.0462988827184999,0.0726766150143378,0.0739103608095121,0.0739103608095121,0.0724240025536578,0.0625198289287221,0.0560656921632205,0.0476047635111064,0.0392173727497524,0.0342426586104061,0.063489891313634,0.0548639680993864,0.0492551012256177,0.0415376254910302,0.0365487952001776,0.0667179705600858,0.0764933032670753,0.0597053835298661,0.0698419760614101,0.0797674630231202,0.0569834120993846,0.0490679228988707,0.0485143436049987,0.0488393664876792,0.0438808909624588,0.0390344105958531,0.030836483487207,0.071403079507899,0.052611426268325,0.0245065803805272,0.0576764914495259,0.0577294925876792,0.0576764914495259,0.0568716965433565,0.0021075387306654,0.0391197090825749,0.066768459839765,0.067043303864893,0.0568848320512208,0.0441528300062041,0.0686262464390623,0.0704572704258936,0.0780659278849653,0.0828905771269043,0.0867777564071416,0.0468960669803057,0.0881105990328707,0.0790151407408407,0.0464416550146829,0.0774727706780727,0.0811631145902052,0.079956614807549,0.0743498393755307,0.0743498393755307,0.0708196390239498
23724,29794,687070,0.0972040269729623,0.7962677049070283,1.255859045692126,1763,5,1340,5,28.9609677963244,23.060683359065585,0.0289106409615199,0.0400547911111349,0.0372612581771393,0.0249650785832325,0.0227065402065357,0.0153416940986991,0.0215968593197218,0.0352146724962071,0.0446156402478579,0.0329244287669673,0.0218084236177958,0.0214870550956996,0.018658522804677,0.0141326917571178,0.0113371424267059,0.0657815857779132,0.0962709202435081,0.0962276068120814,0.0842009022156995,0.0781440111256447,0.0419113734052143,0.0354545128610896,0.0438077651455499,0.0497123886524839,0.0506064485932845,0.0416718030425116,0.0471437803797871,0.0410702906505545,0.0520570747500056,0.0482457915400629,0.0747892174681692,0.0747142592841846,0.0566867935671415,0.07548355328284,0.0571592264779937,0.0448042486775345,0.0447601503406886,0.0668217452434767,0.0452647521962471,0.0699192838988251,0.0838325461768041,0.0767560109738051,0.0792706309489139,0.0788473312660861,0.0757899676675462,0.0328785281320171,0.0149267286412952,0.0107599816327857,0.0108897545083357,0.0106995491190366,0.09639328040638,0.098166628913107,0.0985689399043923,0.0985689399043923,0.0985572819997402,0.0444349741734521,0.0483587236220737,0.0399457462331139,0.0397894691351992,0.0291167901801812,0.0434767755980459,0.0503820618593639,0.0459657961498124,0.0439928291341885,0.0304349353816613,0.0439134025309356,0.039852607053523,0.0489787524947375,0.0487000342016749,0.0634565051877301,0.0139941962267119,0.0345059813492882,0.0353162928451249,0.0327085683618623,0.039397300583998,0.0212109489648302,0.0146932597621342,0.0306487245943717,0.0248287072479358,0.0247875433789536,0.0157630139975739,0.0157650528105886,0.0157630139975739,0.0157267582250922,0.0002185181263785,0.0403537931628569,0.0640647698269911,0.0655296878908498,0.0579615231886593,0.0442746911264156,0.0273450614856597,0.0317802634262839,0.0390512816970261,0.0441441529167198,0.0506025867118731,0.0113846771407594,0.0560481644368125,0.0641268135569642,0.011428160018779,0.064687495664054,0.0636422132436755,0.0594865845586328,0.0601962907745486,0.0587498766407381,0.0558267767307745
35598,18357,296337,0.0453480454569589,1.93920575257395,0.5156750379234788,296,5,1042,5,8.324540704533963,16.142997221768262,0.0222152849219727,0.0201586387044535,0.0181582453967543,0.0108748150705676,0.0089160489892775,0.0090388029562973,0.0129637651908122,0.0266609112391946,0.010671637729043,0.0069862799387751,0.0150449530136332,0.0134074993552336,0.0133217299165596,0.0104500463015597,0.0063501561584301,0.0255240613123203,0.0393131446328993,0.0438059343336726,0.0413186901277923,0.0402981227490102,0.0280975573112118,0.0247406857661104,0.0243255329029237,0.0310703527097116,0.0313901548283183,0.0289058289585004,0.0309326484614813,0.0285497041436778,0.0324569129851243,0.031024428866697,0.0245854165475706,0.0237948530514091,0.0101290752298527,0.0253388149360627,0.0101321500321997,0.0344376802010067,0.0342351693332382,0.0230323249714337,0.0341279974932274,0.0242657243562502,0.0263170963969871,0.0249934448567217,0.028264746398976,0.0283613790648166,0.0253193578268276,0.0208125987710741,0.0068489319210577,0.0052834584057103,0.0052627012120753,0.0055639879268517,0.0428218240986278,0.0430081957843399,0.0433012451901162,0.0433012451901162,0.0435725802312007,0.0218078892243152,0.0206090263473828,0.0190058526295306,0.0184843650382087,0.0154275894468085,0.0214842783947855,0.0222972013024639,0.0200854442262998,0.0173956587382033,0.0158597086872566,0.0220421646077157,0.027525460587699,0.0233464889829266,0.0282714520972111,0.0337653905875017,0.0089627462592746,0.0204140364853787,0.0199560181407241,0.0093042245922364,0.0203998161061573,0.0094171956019695,0.0097201095500051,0.017334817877967,0.0120297177018009,0.0107438990881711,0.0090291809741905,0.0090291809741905,0.0090291809741905,0.0090325067887299,0.0002129331517204,0.0127758557911832,0.021402606531872,0.022218287725244,0.022539079571385,0.0152832292886765,0.0137485186210096,0.0157245189364583,0.020593978388283,0.0240546111434842,0.0264528247704755,0.0057724676405866,0.0332714727688139,0.0296597484620512,0.0058467690988792,0.0276114111535764,0.0396622593456713,0.0249081555095793,0.0394480056038332,0.0343257504958742,0.0394387604870721
4096,136,97879,17.570764878216913,30.11764705882353,0.033203125,130,5,4094,163,23.896240234375,719.6985294117648,0.6507741796594855,0.5255211833989437,0.4489640728033322,0.3049208029246031,0.2412682417757796,0.6122162712016113,0.642870472799163,0.622088215780648,0.3769863561857905,0.345163166121333,0.5381358569629924,0.2249003013135293,0.2306650742315696,0.3724416161535185,0.0447633795874358,0.6602088084663009,0.6619912693373707,0.6735894463880487,0.6823862794892748,0.6806747038568446,0.5589444153511962,0.54772849577233,0.6379500088412108,0.5442079720668624,0.5460583194946776,0.2769731441802228,0.1969777769781328,0.2034863551367284,0.0846014436750824,0.1133060906238101,0.603644117053965,0.5576863055554224,0.4565381566303749,0.5385930871378078,0.4336163915394905,0.6210694169101872,0.6210968360692563,0.5347596826925763,0.6210968360692563,0.5347596826925763,0.5352314736033359,0.5347467214823471,0.5352314736033359,0.5352314736033359,0.5347467214823471,0.3435829748128715,0.0667589826964313,0.0975481406016638,0.0873731879786585,0.0837046196508273,0.6248362725265717,0.6521080452305507,0.650431244363534,0.650431244363534,0.6328314645080677,0.6452210338126163,0.6642340553977188,0.6450436526106127,0.5683020710489011,0.5189105484918052,0.6428389182825178,0.6641205706012749,0.6565252770856702,0.6292713484933392,0.4782711008990787,0.1591367341167489,0.4769481285571063,0.3736809714005956,0.5901426960622016,0.5926173889410883,0.6103489880789544,0.1141717819976838,0.1978217731747727,0.4296726217883798,0.5426018749406126,0.2547399902259116,0.3167013307609717,0.6019606260325164,0.2350582290375872,0.1529740795626406,0.6020084023784771,0.6019487646105915,0.6020084023784771,0.0732443833618899,0.0646797177266776,0.6264948775424704,0.6136264368447202,0.6168629253467363,0.6231976778885884,0.5682095821703588,0.6551905972207722,0.6541673727897273,0.6399812085190046,0.6380390776609399,0.6381758455081569,0.4694702681607658,0.6113634516388725,0.6259433379169521,0.4784468259699264,0.6261484179982683,0.6152536087133085,0.6152536087133085,0.6350437916186432,0.6350437916186432,0.641811375890726
132,294,2027,5.223149866007009,0.4489795918367347,2.227272727272727,66,5,29,5,15.356060606060606,6.894557823129252,0.0142833944412761,0.0567363966277407,0.0947859535901999,0.1155991042650299,0.1118497208791798,0.0188123492220268,0.0566969992682256,0.0753482671809133,0.1312307718122949,0.1199266321577124,0.0582922102686951,0.0529885706323939,0.0601558446537441,0.0636673021921863,0.0566537519586505,0.1155713038305422,0.1351729137641667,0.1351032251337958,0.1297176181609315,0.1262668746674879,0.0295102019197082,0.0279126825981869,0.0524442286237052,0.0784123526933495,0.0960125730533785,0.1109976022450169,0.1065803701198952,0.1101468628577411,0.0956754554171972,0.0948195390812857,0.0932316393136629,0.1152057351469708,0.1050983678282725,0.1174806031523708,0.1086783163126828,0.1261183724882871,0.1270739663407968,0.1169214058092973,0.1270739663407968,0.1169214058092973,0.1199211041692593,0.1169214058092973,0.1199211041692593,0.1199211041692593,0.1169214058092973,0.0222189825533203,0.1060199307835624,0.1003619603092538,0.0996763791826319,0.1005701798283541,0.0499766931539662,0.1113808719217392,0.125109418534989,0.125109418534989,0.1334918916939268,0.1112414138807226,0.1269349354903829,0.131529939923492,0.1124870473216716,0.1166975623915806,0.1039984291678295,0.1283863786963987,0.127042155112565,0.127398467132549,0.1152354861640464,0.0568810858300655,0.1104014695979172,0.1315866317280985,0.1043863707237741,0.110240734938183,0.0250823666896915,0.0577289175924121,0.0867062603128242,0.1190734411713143,0.1215264180338867,0.0971089527751532,0.1049228750808467,0.052939846166005,0.1146739741743994,0.066198367854317,0.0547661153782639,0.0543681895618329,0.0547661153782639,0.0167440912394055,0.0188167627420717,0.1049946525664436,0.1169806068990051,0.1265109152789598,0.1290422459641001,0.1097348490949972,0.1123621113739974,0.1284090385399368,0.1339187452421296,0.1311532936348828,0.1296491434164738,0.0410302848982329,0.1079579517734174,0.1036406361340383,0.0449638104679911,0.1100277272495905,0.1269245073157099,0.0106342970827022,0.1269245073157099,0.0937449314221574,0.1269245073157099
547,547,4524,1.5119866046810089,1.0,1.0,40,5,50,5,8.270566727605118,8.270566727605118,0.0062542290775051,0.0104134211559753,0.011716033193478,0.0122158151324725,0.0113628593001154,0.0074300378412343,0.0214186143130843,0.0246250336033272,0.0196550049878257,0.0138368226578289,0.0173339661935935,0.016068193097714,0.0178360971195504,0.0153481003029788,0.0181702832963973,0.0146185941675611,0.0166816179192615,0.0199326586719625,0.020293211297251,0.0201891302292571,0.0079625525594516,0.0077966356143436,0.0159520490054498,0.0149265022797903,0.0136863488948213,0.0118354196087923,0.0122255602386888,0.0114672682570963,0.0107902079981992,0.0112317598439717,0.0117581017523906,0.0127368761448749,0.0039109404433427,0.0125808183778063,0.0039109404433427,0.0197863719846319,0.0192105707329456,0.0125554715983085,0.0191852239534478,0.0125554715983085,0.0126547655122414,0.0125554715983085,0.0126547655122414,0.0126547655122414,0.0125554715983085,0.0065128155606834,0.009788516014692,0.0100902031995244,0.0093664726360192,0.0101020017121846,0.0097110859224462,0.0137495710429354,0.0132544387109163,0.0132544387109163,0.0139732436052193,0.0203948295447086,0.0148061698186906,0.0161930850165575,0.0135532965023745,0.0130843002610127,0.0191629437686728,0.0136272718138295,0.0133936455368763,0.0143656285729396,0.0118794309491966,0.0112505431747619,0.0245631808444307,0.011194601915038,0.0102731344663791,0.0233619994915625,0.0243514850863667,0.0121561611144601,0.0093576836162424,0.0115362918718187,0.0101442500715161,0.0102714468564849,0.0122973661166156,0.0261682515918355,0.0153436826796868,0.0126384854026468,0.0252456438802715,0.0263687457118798,0.0252456438802715,0.0094751011910251,0.0063662665127167,0.0103995265723835,0.0140410413367896,0.0158938828997779,0.010780599349046,0.0103376746950109,0.0231446838698459,0.0220327249511393,0.0175077036519282,0.0138943941118632,0.0123282169879781,0.0159103522319599,0.0147758521107705,0.0135509417037686,0.0173505209263299,0.0125796520209205,0.0229467988938923,0.00038813322769,0.0229467988938923,0.0101519568700571,0.0229467988938923
1686,962,13272,0.8182833805609605,1.7525987525987523,0.5705812574139977,66,5,296,5,7.871886120996441,13.796257796257796,0.0440254709049914,0.0668664308005414,0.0641046235797436,0.0515401718854521,0.0423427090026497,0.005773030311785,0.0475638194005021,0.0471342387661797,0.0656693128762245,0.0591970806816753,0.0499274319328571,0.0518328652547112,0.046996353423508,0.0422580112934142,0.0456295415454281,0.067500904281898,0.0839632945902041,0.0919002449968671,0.0912298329166424,0.0897360899006087,0.040070131793999,0.0388850242797667,0.0676193320890951,0.0674041518355743,0.0724551329939383,0.0699101797195746,0.0689461044989184,0.069103695519688,0.0696257085501094,0.0686982236502456,0.0831290969465159,0.0813585071710461,0.0348249234362344,0.0850007620122119,0.0348728310215643,0.0861728332027511,0.0859876211641912,0.0846629549805366,0.086086439073085,0.0845983889243872,0.0860071605863785,0.0850641812191794,0.0868087470146679,0.0868087470146679,0.0850641812191794,0.0395974514345845,0.0428526891530162,0.0326049493402656,0.0317425532261043,0.0315484212024837,0.0656395856321347,0.0899915845476761,0.0890490902091815,0.0890490902091815,0.0900018468368034,0.073643072498766,0.0768428645882352,0.0748309215612116,0.0643465040707836,0.0623364648341987,0.0714901845679047,0.0742443869767108,0.075848697347095,0.067197810201857,0.0643816833492115,0.0606550795431411,0.0808078202504742,0.0610055870375567,0.0727517924244034,0.0825201990100342,0.0470854162503037,0.0538537365441701,0.0524647616082598,0.0564757735296638,0.0473502584680326,0.0558553630366406,0.0589948135930368,0.0617145637837983,0.0725673619156019,0.0257692974796573,0.0472881009676897,0.0473394200611655,0.0472881009676897,0.0265054742478573,0.0036925820080664,0.0492827029413071,0.0797516088001685,0.0785827424875059,0.0673510940363335,0.0700932699118593,0.0489296256018852,0.0583189142858489,0.0644731860883525,0.0758315657427476,0.084804325990523,0.0409014905751321,0.0852478714601524,0.0790638010168772,0.0427028205502296,0.0832399682474927,0.0908282505240025,0.0521271410621645,0.0900296193514644,0.0726483577024399,0.0900298321079141
241,1594,20539,5.346553725849529,0.1511919698870765,6.614107883817427,702,5,77,5,85.2240663900415,12.885194479297365,0.2164906653807189,0.2786083505146858,0.2769169450291941,0.2429135952483553,0.196253351139728,0.11943890667764,0.1628184060444805,0.1994079667820538,0.2596203602937595,0.2076434497552467,0.1351107237185363,0.2053554417559067,0.2056836059904918,0.1645433663567518,0.1186897702912467,0.3313888249048119,0.368315651907205,0.3760050194576579,0.3489159751189007,0.3343775403745185,0.0409666870871336,0.042237874353994,0.1379821372118337,0.168911708520137,0.2047915698042026,0.271611502556079,0.2800696903872622,0.2777607407634908,0.2504134502163418,0.2494119660857844,0.2845080344222017,0.2689727827567364,0.2633550258675222,0.2558130451172963,0.2470958083785483,0.2270130290900428,0.2329899900034791,0.2381748190729819,0.2392123049963431,0.2391222598088555,0.3042804192897292,0.2708367638775221,0.2709337029793323,0.2705570956102446,0.263935490670483,0.1410838964096915,0.1384066782617688,0.1041300560505854,0.1027019481001544,0.1033492581229458,0.1965484394236053,0.3187947645261869,0.3298560496090845,0.3298560496090845,0.3366232313035675,0.2093889011093708,0.2951480028779458,0.2913731553039448,0.2666777069664505,0.2496590066643714,0.2037204312350236,0.2940874106828127,0.3073893432145352,0.2879855297069057,0.2906311971804223,0.236102048964774,0.3181970474049165,0.3098473351186153,0.1227772230267202,0.3229689215702609,0.0942438097319408,0.198107556204075,0.2383618868920299,0.2917724016482783,0.2268671439779703,0.2195878280960074,0.2471108301395718,0.1964864420995417,0.2863825860001895,0.1078273358424135,0.1145879286030283,0.1130120153479859,0.1145879286030283,0.1005207007238335,0.012557197253736,0.2746979296303595,0.2800347049527044,0.2769884389581397,0.3343579374592783,0.3103713266562152,0.2436564586375266,0.277197472144622,0.3165972860666768,0.3415889222058121,0.3412981556292489,0.0713557869140199,0.3146979507174813,0.3173580893550209,0.0712558381904811,0.3181478867733782,0.3159223218412132,0.2941760973299145,0.2873848653146529,0.2747278022779002,0.2854384970488554
4353,8342,58664,0.1615521787045125,0.5218173099976025,1.916379508385022,489,5,78,5,13.47668274753044,7.0323663390074325,0.0164870854799307,0.0209527999015684,0.020987783394446,0.0150542817174214,0.0092811583627748,0.0028014233521343,0.0045633260594834,0.0049090739476947,0.018645138753928,0.0248348876411821,0.0054816784505554,0.0102729027369757,0.010534512448437,0.0074409423501673,0.0035715678086744,0.0393700271999274,0.0445389402008005,0.0421386240438064,0.0398183931938225,0.0394011919976898,0.0163254672590551,0.0137887217317764,0.018036665808151,0.0288575769441896,0.0299724034501416,0.0289024754741903,0.0278438213562523,0.0292360365425897,0.0348715574187347,0.0354611056015125,0.0358051428359654,0.037876743603769,0.0234860547991463,0.037555778929192,0.0236123809639958,0.0334962816877471,0.0346292747427034,0.0367792327201778,0.0352804598860415,0.037019935844209,0.0373707743187933,0.0374544719486178,0.037530764857039,0.037530764857039,0.0374652600199969,0.0175379993178874,0.0173724679305545,0.0104896974324996,0.0109952867543369,0.0112819196255977,0.0292680416062668,0.0367876596197967,0.0378564692351893,0.0378564692351893,0.037753551236482,0.0190553524964188,0.0293176750478954,0.0319512182335865,0.0287715068147569,0.0261347764985478,0.0198690148681063,0.03005489478346,0.0330031451176328,0.0319624543558171,0.0268189616730559,0.0148450227148573,0.0148630812675464,0.0186732950153923,0.0182544803280836,0.0235503558721841,0.0017298264985051,0.0135381705687131,0.0136135646403196,0.0144306396961287,0.0160929721834722,0.012800968794783,0.0119105758746912,0.0198997740399639,0.0221761564819594,0.0093044582898576,0.0048413376327316,0.0048056238419791,0.0048413376327316,0.0047523659740819,0.000665068671209,0.0292917261516721,0.0364118843867373,0.0368226263613153,0.0336361785030195,0.0305116354240349,0.0067271372673606,0.0088445945168986,0.0120396405854678,0.0162691441141898,0.0200692436793003,0.0028079461775429,0.0302078755424929,0.031422531535126,0.0030690195538172,0.0341561278412079,0.0438347397647798,0.0018974298354424,0.0438347397647798,0.0104285362723423,0.0438347397647798
6459,3905,46115,0.18283354931203,1.6540332906530089,0.6045827527481035,38,5,124,5,7.139650100634773,11.80921895006402,0.1502892767205811,0.1785875578377959,0.1759839668763589,0.142382184686995,0.1104567263615991,0.0054226205488306,0.0064530044332402,0.006700765644603,0.1759363345054941,0.151577162850197,0.007247058817391,0.0431964595162681,0.061810398454121,0.0338984257316145,0.0158051738191148,0.1587843242928965,0.1860500049386942,0.1920381865581188,0.1890357966058474,0.1882424792032227,0.177417814012532,0.171654380058039,0.1477076766993474,0.1692102551749805,0.1678160107808554,0.1584146502618066,0.15785200513163,0.1579961685146308,0.173407410162256,0.1709442972567288,0.1907720842723939,0.191728771046688,0.0800841095016041,0.1926804160482518,0.0800934061816907,0.190837810256066,0.1909879144602616,0.1921826582209301,0.1909879144602616,0.1921578944245374,0.1946112909646705,0.1926674810881889,0.1946112909646705,0.1946112909646705,0.1926674810881889,0.1529854424623635,0.1414504049440146,0.1026507778204448,0.1036904160828814,0.1046755456729231,0.1979737042308569,0.1989652196779522,0.1978786441083292,0.1978786441083292,0.1920773636621464,0.1756153380029573,0.1748010227123798,0.1651118806387767,0.1557244429829867,0.1451561942340273,0.1735494359972044,0.1754064877554567,0.1666436854370484,0.1568637303863921,0.1532946980105506,0.1518469610408792,0.1483546133447829,0.1724376420104822,0.1828738880356698,0.1796068103123986,0.0064220203659625,0.1308015130883229,0.1307098510281723,0.1342857850255721,0.1460907297391864,0.1501526166073471,0.1588451343730355,0.1654394874808396,0.1792101841787646,0.1046947326652842,0.0062436280484204,0.0062365929722111,0.0062436280484204,0.0051471489384375,0.000780708351686,0.1449882195255144,0.1830551520784379,0.185022068700942,0.1632052576934705,0.1601088614942298,0.0378015738848761,0.0664183826244054,0.1103549345159184,0.1420882969484158,0.1641639059242077,0.0130248439412236,0.1445183521018686,0.1489026457130187,0.0060430264214473,0.1495579742677854,0.1858478848914096,0.1006569819154,0.185843098053283,0.1694062364782196,0.185843098053283
5199,8640,751531,1.673067024997685,0.6017361111111111,1.6618580496249278,636,50,1424,10,144.55299095979996,86.98275462962962,0.2788442884913834,0.33687782081591,0.314868655301496,0.2423906428815841,0.2321647286217152,0.0775550022693785,0.2696397445261976,0.4122632930613622,0.4614654074045204,0.4314468030769132,0.2412607266426706,0.2369775552906964,0.2165323794612517,0.102547185269114,0.0424830755340484,0.4011838902837256,0.573892759838232,0.6566122320192808,0.6325964396479106,0.5979205305442908,0.1337379885079058,0.1086914548263007,0.4308090669759651,0.1568012916904169,0.1759033967454998,0.0826357427146485,0.1293397519963379,0.0804555789161379,0.1432789738336642,0.1088318110253543,0.583689291679394,0.5390860438231304,0.5390820574926463,0.4245043509249365,0.3633571990559239,0.1792870856955128,0.1806766784562268,0.3136382436510291,0.1821306661458683,0.3236448059917011,0.4668241183424981,0.4024624222144078,0.38242383442534,0.3736137459853254,0.3696898884413898,0.3001581145412977,0.1370889539592401,0.0948233391296257,0.0952972299062906,0.0952511912968303,0.5730549268582633,0.5849745746792105,0.5811774462477317,0.5811774462477317,0.581182273546726,0.2599626052678274,0.3762977978598931,0.3355737930834668,0.258194613047792,0.2853754537837436,0.2614131379832505,0.3201914822778557,0.2820350401449193,0.244670384310199,0.2734746583673559,0.5722168637643741,0.4049101674833992,0.6332986253366901,0.5248213984411407,0.5526369245923555,0.0806583714187848,0.5511088632246903,0.5541128409182059,0.5543679588329666,0.5982303480458131,0.2038398617835224,0.1589288825347824,0.2513638676036741,0.1881285394294631,0.2021758496311105,0.0736964781323104,0.0736776758064318,0.0736964781323104,0.0741374192309162,0.0035923362809734,0.4043837171267597,0.3541022140073332,0.3559415433817633,0.4805424758966823,0.4256765859777334,0.2069640161902368,0.2927882539895337,0.4007074095291008,0.4569715726203447,0.4861941265306057,0.0516833763934221,0.3514326152032249,0.3746735833569021,0.0524571992734428,0.3786340620590127,0.3976250672282009,0.3976250672282009,0.4044284666843336,0.4044284666843336,0.3816678970199826
2067,967,11267,0.5636913150912878,2.1375387797311274,0.4678277697145622,16,5,49,5,5.450895016932753,11.651499482936918,0.0069555403022025,0.0114917277600653,0.0113709294813242,0.009212793572248,0.0085454051041012,0.0047970530072901,0.0115542077818737,0.0115041792688167,0.0144942240679848,0.0101249284783774,0.0124958304776993,0.0142234730297144,0.0139492529928421,0.0123161312072032,0.0134673204313838,0.010024856205095,0.0100831822587717,0.0099223890052934,0.0096722365789818,0.0096305649236288,0.0100036470054397,0.0099523759502528,0.0121741337568718,0.0089987070638622,0.0098248607417021,0.0099242479324433,0.0096042223944865,0.0100500708442234,0.0095163165083716,0.0091597173865835,0.0076125853625431,0.007793896016828,0.0002724204041398,0.0076125853625431,0.0002724204041398,0.0105432201449726,0.0105915994386349,0.0075478715695164,0.0105915994386349,0.0075478715695164,0.007416583561557,0.0074433190818217,0.007416583561557,0.007416583561557,0.0074433190818217,0.0061914443527516,0.0054642340893473,0.0058252796170052,0.0057788557782215,0.0061874451925996,0.0089061783101175,0.009230854657515,0.0089367347079592,0.0089367347079592,0.0077298302087093,0.0143091885895654,0.0119303330753801,0.0118893067610244,0.0096009298224286,0.0086033555094669,0.0133197724883126,0.0094323764544559,0.0092393889318547,0.009526472998808,0.0093946333979911,0.0103238288461324,0.0130742361118373,0.0088509424205345,0.0096747887770699,0.0126809579988608,0.0117719420645753,0.009767662052116,0.0095747038318118,0.0096255640710671,0.0074797327048399,0.0083545083671382,0.007552877813823,0.0113476844411396,0.0098274971645294,0.0056701155591862,0.0120898225396317,0.0118119370393125,0.0120898225396317,0.0098438449810496,0.0042121226492238,0.0092607876941985,0.0102002608194704,0.0116302467110609,0.0097412917395076,0.0095968709099361,0.0141758715766413,0.0138769390461341,0.0128598697923557,0.0103347252299487,0.0089009709335915,0.0148303013280543,0.0104366368112374,0.0083302574732102,0.0140259859958023,0.0097430872335731,0.0114089141014073,0.0,0.0114089141014073,0.0005321722302854,0.0114089141014073
763,2628,39652,1.9774941102074444,0.2903348554033486,3.444298820445609,595,5,243,5,51.96854521625164,15.0882800608828,0.1255313693435157,0.0861211834022983,0.0687012883431159,0.0505615673912772,0.0380169937582742,0.1206660829994556,0.1327706672503197,0.1364373920440058,0.0988750899383971,0.0747667003521701,0.1176734188936242,0.1097298550804163,0.093062662247927,0.1252995773468946,0.1136032391651712,0.0734064548904056,0.0945903359393982,0.115998666199217,0.1261065367301053,0.1272803421763225,0.0226583065708761,0.0265938604605481,0.1052616568220621,0.0356145385931795,0.0342003811851126,0.0517385463885063,0.0522620232938881,0.0552000683671728,0.0511236505142141,0.0502589886545947,0.1054597374642509,0.1047196920199944,0.1027386310117366,0.0995852584183652,0.0947596240719497,0.1222755392764417,0.1223782694523402,0.0905292669880801,0.1218121572486964,0.0940438074065003,0.1049425865557938,0.0939502456208003,0.0926513449990684,0.0945366858731996,0.096359819380689,0.0923894169337547,0.0202509988479121,0.0156395229822156,0.0157265955570757,0.0142554999421255,0.0856693444929039,0.0953424320463857,0.1008678068434124,0.1008678068434124,0.0988966774675466,0.1285513752156651,0.0700844079551838,0.0685696532958071,0.0751273021040097,0.0715199898591704,0.1253294369721368,0.0751832754077544,0.0765070890888941,0.0786946828802826,0.0764798253622738,0.0518499264863651,0.1253897101551542,0.0274073550505282,0.0531894116579192,0.1270872273143026,0.1237422948382705,0.0510527041374681,0.0537656342396006,0.1042189777578948,0.0514419715033156,0.0553072890221441,0.0385141814367434,0.1123513634209624,0.0649194031297428,0.0370046041430248,0.1145974931036992,0.1146376746557209,0.1145974931036992,0.1104990905106077,0.0043858406431883,0.0602852577394947,0.1207881420928868,0.1224759537446798,0.0779547362194529,0.0788420821194824,0.1334090192772868,0.1300801016321918,0.1230381423900008,0.1187421379331798,0.121943472062215,0.081189660593514,0.1226899812779259,0.1173240153081449,0.08049251130698,0.1198599010438022,0.1099005942256206,0.1100134845422846,0.1240116735172746,0.1240116735172746,0.1279139041183233
9906,12381,123518,0.100710836617455,0.8000969227041435,1.24984857662023,509,5,529,5,12.469008681607107,9.976415475325094,0.0412112219903373,0.0444486628965009,0.0416991230994577,0.0279839151451799,0.0191794174732732,0.0102141263598087,0.0106431439369422,0.0111260360188888,0.0503615962002258,0.0434762305221089,0.0129658781003308,0.0218796577923513,0.0193862892266724,0.0140586710236576,0.0042416450690702,0.0641626192070764,0.07789830978559,0.0755161698449601,0.06840644627439,0.066385625703157,0.0459192055832069,0.0416169242816173,0.0317684108955937,0.0530983817752554,0.053671272305481,0.0501471916153009,0.0498589537294972,0.0498058009793553,0.0581389467906699,0.0592404572606225,0.0520936455314348,0.0572852866036755,0.0392566857150607,0.0562004247706151,0.0394713950310425,0.0661004979604895,0.0678281710852943,0.0536425875218992,0.0683734209754837,0.0551279150702944,0.057208226744263,0.0560282230483564,0.0584827634923733,0.0585233720030129,0.0561574299641911,0.0412707096259414,0.0282955011193572,0.0197280344340546,0.0204125585924462,0.021317003589143,0.0633624292974294,0.0678364957925793,0.0677682335850463,0.0677682335850463,0.0679922873209914,0.0487648851245322,0.0610956063363587,0.0587604905289001,0.0497135598741911,0.04247962945479,0.0502549695064225,0.0619300304288715,0.0623705695426603,0.054935653678526,0.0487209920289071,0.0261560929632987,0.0264243378481535,0.0351860994685377,0.0368800743322099,0.0471784892031218,0.0097813756447691,0.0224069278679681,0.022332355164237,0.0202598414472643,0.0274469495516557,0.0256679589985052,0.0250305991334401,0.0438681998376607,0.037718296691098,0.0266913614744515,0.0104288771143116,0.0104170923599878,0.0104288771143116,0.0102491840160003,0.0002864072673612,0.0472575598691501,0.0638431752893741,0.0644121781681837,0.0539730743398262,0.0494375686302165,0.0139724063621868,0.0176778690517335,0.0236130732334003,0.0285298265196523,0.0361807239211573,0.0102912438072081,0.0586151076142217,0.0541385125043439,0.0106036085438858,0.0557462690356723,0.0707813064355663,0.0206491534626358,0.0702242635477149,0.0462134464473936,0.070216502658359
57728,10291,890388,0.149877074903027,5.609561752988048,0.1782670454545454,417,5,4686,5,15.42384977827051,86.52103780001943,0.0887563100721435,0.0896027978981795,0.0761729388772563,0.0531194075317745,0.0553275287493219,0.0662552311761981,0.0901570601868717,0.0679531512179361,0.0376139137695417,0.0378596680825219,0.064335785233758,0.0615725723339464,0.0533897271459704,0.0197016749198547,0.0123943683077444,0.0953354443174108,0.106884150442895,0.1164249942628893,0.114036035188494,0.1103907173018129,0.08263219529218,0.0721442208164242,0.0811229042770589,0.0865441667131267,0.0871128394774965,0.0738736643032357,0.0842399363277401,0.0736265388152424,0.0862539366971361,0.0789064826501626,0.0978572793473803,0.1005597254549629,0.0821240076121419,0.100735208231283,0.0824662831384887,0.0917219681757862,0.0919549595047336,0.0975022587757344,0.0921540032562434,0.0985887128989533,0.1028349639441778,0.1018645831677377,0.1018469575373639,0.1015319724923086,0.1009641569719049,0.0678932258319437,0.0216587182258429,0.0148604327893217,0.0148915525004453,0.015106013608375,0.1129578065536662,0.1132872851125671,0.1132791739327692,0.1132791739327692,0.1136716472439307,0.0949573590463428,0.0903719104444889,0.0872816780090374,0.0873270099179769,0.0744295877890019,0.0945823353192369,0.0929758162459039,0.0897851364168206,0.0860478509465821,0.0837278434124912,0.0743168509762136,0.1088725946746987,0.0687316700567566,0.1074263758537259,0.1098453266584536,0.0221190923469722,0.063370164072521,0.06427177826437,0.0904378954639852,0.0565460278694628,0.0490299645877472,0.0476657661850003,0.0733577834526729,0.0517806809903228,0.038467906527296,0.0269250384820101,0.0269250384820101,0.0269250384820101,0.0263142959928993,0.0004730793190648,0.0726830435181676,0.1038512415923829,0.1052553948007313,0.0876950260390173,0.0806042278820277,0.0690893441774923,0.0809335101203826,0.0864313484073977,0.093242453840435,0.0959592802751522,0.0216877099179387,0.0737676831174254,0.0700551427534636,0.0216131588726459,0.0701195161013953,0.0991497842563711,0.0991129969255265,0.099684963405057,0.0996847931181183,0.0973585289740325
943,1349,99287,7.804925214624242,0.6990363232023721,1.4305408271474018,648,19,583,5,105.288441145281,73.6004447739066,0.3863575156397897,0.3887202581501751,0.333992125346356,0.2402923740119002,0.2184907519433165,0.2527506421655465,0.3524146221833006,0.3964883157695157,0.3997158731841636,0.3463833720362762,0.3801593172456003,0.3805923700952477,0.3835260745756491,0.3314983143601203,0.2245377736894415,0.2616824709571078,0.35850899659332,0.4489086934392484,0.4690403377696796,0.4625388125204895,0.0364836603025977,0.0408191593937767,0.2784538337119112,0.230835970764919,0.2053366331381402,0.1744521631359359,0.1862769676282708,0.1691767251127762,0.2302392870821005,0.2214576165203448,0.3336077001176212,0.3565087037455319,0.3565087037455319,0.3718634419860362,0.3795031278149923,0.3564872128584841,0.3580282495052282,0.3731505494120767,0.3580662191270847,0.3833470644565217,0.4207916812440843,0.388320155479913,0.3844880834718308,0.3844880834718308,0.3846864003111302,0.3625059058525302,0.154791724730401,0.1456917913532372,0.148248583018379,0.1479150629933401,0.3008594757523422,0.4045372782784803,0.4200315265657797,0.4200315265657797,0.4118621036164388,0.3363971860587612,0.4302199044217608,0.4095189161683313,0.3444731571180502,0.3398566940389079,0.3381787795867048,0.4375112860653549,0.4207470660975524,0.3480129419408648,0.3521588015585812,0.3758931668045533,0.44490971277129,0.2822935742916791,0.3476501690544882,0.4553451096828338,0.2445001378149563,0.3442891541688528,0.3429659503819184,0.3620038012667687,0.2852008972049401,0.2650113551302253,0.2500400527181552,0.4069044516706984,0.2915128347813459,0.1954845239733809,0.2188180460526919,0.2188139179308405,0.2188180460526919,0.2099942027708824,0.0169029816090672,0.4079990587296784,0.387685120921978,0.3845901780220647,0.4583421769564696,0.4547082387397049,0.4106201177553027,0.4306929433460064,0.4347783543422199,0.4267078117059484,0.4201362336958517,0.1687571266067821,0.4271054011416769,0.429879214070424,0.166127879032007,0.4310904954980533,0.3871557461587744,0.3871557461587744,0.4186274674544532,0.4186274674544532,0.4204597342511776
42382,8738,678297,0.1831582176772596,4.850308995193408,0.2061724316926997,433,5,4152,5,16.00436506063895,77.62611581597619,0.0935145090304219,0.0920132333382844,0.078935831518989,0.0538020350004464,0.0535629117138956,0.0512756841065347,0.1007341112714192,0.082905081852953,0.038775585631651,0.0367207801998705,0.0745651451703447,0.0694858730190968,0.0567223235203763,0.0340019592643605,0.0121048999290358,0.0957946901314411,0.1082493364309392,0.1190834503994207,0.1167613522213261,0.1132356611262219,0.0822255598397205,0.071963189595869,0.0870854441867352,0.0859759895421493,0.0871081089868729,0.0731902618206788,0.0831224939820947,0.073039710743958,0.0865511303773705,0.0793042185877577,0.1003800632899428,0.103788357284133,0.0862271515978946,0.1042013244244615,0.0866892230066306,0.0968675927262705,0.0972251625584011,0.1022321862619604,0.0974499662650204,0.1033827439956371,0.1075067338921644,0.1054393605071113,0.1053397456151602,0.105122526461585,0.1044891377982429,0.0724833048005181,0.0227923263568416,0.0156569819414768,0.0158483105267102,0.0159350759587567,0.1163787810562279,0.116520956436091,0.1158114972217091,0.1158114972217091,0.1164016355160177,0.097068314998188,0.0947451970995123,0.0905075721941101,0.0900973423603933,0.0815605552494201,0.0975860354398224,0.0969196476955995,0.0932834759255148,0.0892636606336264,0.0862103541698846,0.0768122774722889,0.1138464482492151,0.0688695014691147,0.1107691960395875,0.1146116100186387,0.0250406595194121,0.060147621997703,0.0596620743391324,0.090074138889143,0.0570992607054404,0.0493224921072397,0.0458586941703731,0.0793271926230533,0.0503391370344739,0.0438280047334527,0.0248727362727705,0.0248727362727705,0.0248727362727705,0.0246807130658681,0.0005511799827137,0.0740001746060604,0.1084912789935978,0.1097581981767394,0.0919190864686703,0.0832050070075681,0.0760637978132045,0.0845294211167548,0.0905240431533178,0.0954765652323327,0.1002782019562535,0.0192551379599736,0.0787758937259412,0.0763086926286683,0.0198432327641767,0.0762726704242643,0.10546055078144,0.1054037237387723,0.1061047721013346,0.106077936058927,0.1040755538696448
44081,8254,606353,0.1666516538460183,5.340562151684032,0.1872462058483247,381,5,3023,5,13.755427508450351,73.46171553186333,0.1008723544879075,0.1020525727709888,0.0884506514959342,0.0610404074106091,0.0604066040351917,0.0526644107487041,0.1075602588942807,0.0835221909884092,0.0385951936153513,0.0362998744781421,0.0845619572695246,0.0809965124039667,0.0751673451920076,0.037755284304781,0.0041794229206676,0.1002144218616216,0.1133472854744239,0.125912229825251,0.125234521374291,0.1219221418758031,0.0930009255396452,0.0809840696003706,0.0996361137466564,0.096325990265734,0.0968514316698528,0.0840380353814997,0.0944695861378882,0.0836531350635857,0.096802455406921,0.0896319175900856,0.1078671898815114,0.1115163783785547,0.0895481090084495,0.1118491603470712,0.0900380453278574,0.111856204762389,0.1120311960183049,0.1095852685297282,0.1121491958450881,0.1109402411674202,0.1115898182966402,0.1115487764196035,0.1122537726514099,0.1123155021201984,0.1118478748590746,0.0848702366397679,0.0284957118174217,0.0213074716921833,0.0214741632570875,0.0217249238670357,0.1248692166413959,0.124536497017196,0.1248584706271074,0.1248584706271074,0.1258441465043761,0.1025907403899848,0.0999830279896719,0.093901989853015,0.0938170930664826,0.0811524393530536,0.1038052962397726,0.1019646130532444,0.0973951615264591,0.0928266116014057,0.0726359918151477,0.0937724187514419,0.1229753835484408,0.0866038509259705,0.1192023835079129,0.1218588782227541,0.0160689930973801,0.0795057921025807,0.0786301316185939,0.1014748819572064,0.0729312599670681,0.0565181681631102,0.0602849462571738,0.0958508934194325,0.0608615637979188,0.0583680256945183,0.0238118326793267,0.0238118326793267,0.0238118326793267,0.0237317173548573,0.0005169039104693,0.0769876400441575,0.1143175172403159,0.1163150634347367,0.0965968079812105,0.0859442770058738,0.0792795331912331,0.0888977528051354,0.0977191616783496,0.1042038242571972,0.1091287204795679,0.0163723395143014,0.0808847031816765,0.0729066059333787,0.0160271738837645,0.07223504298828,0.1127647193088253,0.1127411239411739,0.114236510976818,0.1142381854862277,0.1118117982780422
73064,7711,870531,0.1545148033080446,9.47529503306964,0.1055376108617102,970,5,4411,5,11.914636483083324,112.89469588898976,0.0591536187591965,0.058227364253432,0.0515110425321147,0.0363381370908153,0.0360706004203058,0.0570887717970973,0.0576434901510975,0.0365480869194026,0.0249425793735152,0.0257926846121713,0.0342717450258419,0.0297699236642906,0.0268263430323112,0.0160887023942113,0.0130888594383568,0.0771923228971571,0.0837089603039424,0.0891423302766263,0.0856543112938639,0.0823788128121689,0.0616952780533777,0.0533363247474773,0.0597315313954976,0.0671508403226052,0.0664852399049176,0.0600377463162945,0.0672193820706044,0.0599176949128305,0.0688531641926261,0.0644162170281547,0.0789541688955771,0.0825142810216875,0.0616892802685112,0.08240141679944,0.061797549201507,0.0659071849923487,0.0664906222812364,0.0794239202829808,0.0668741321037599,0.0809508337447805,0.0822404204638832,0.0825269552994122,0.083219739647294,0.083152200300866,0.0826036976178647,0.0438837188545221,0.0127411998635936,0.0082538199509282,0.0082117088916958,0.008437676437664,0.0847285221648876,0.084836257984226,0.0849921503804967,0.0849921503804967,0.0841909111403096,0.0690140848200092,0.0693565580571853,0.0678402776316528,0.0674204234495159,0.0302066355696276,0.0702914048300283,0.0695604034190003,0.0681036078948588,0.0675830676294207,0.0528590041047538,0.0464483704548754,0.0782699213648409,0.0401338788397544,0.0781969546158135,0.0802380751715435,0.0221501807084372,0.0382022932960527,0.0396988211272611,0.0635548594827355,0.0363886541251394,0.0336744529333751,0.029809799292384,0.0404212080065373,0.0302238590094821,0.0246896760871773,0.0207005726570126,0.0207005726570126,0.0207005726570126,0.0204760271558932,0.0005411940696682,0.0565048361342764,0.0760126964677501,0.0767819023164466,0.0657800212188609,0.0602656582136868,0.0500127706677428,0.0571058915606936,0.0612527435500667,0.0660043044244918,0.0714889116417376,0.0159099342096787,0.0674167723483702,0.0706135995762868,0.016246199855462,0.0702170111473111,0.0642630072171874,0.0642819245312598,0.0638686478376159,0.063872820369177,0.0632229627340515
87271,13209,752937,0.0653158746238652,6.606934665758195,0.1513561205898866,565,5,6282,5,8.627573879066356,57.001816942993415,0.05952147223421,0.058850058783839,0.0507358216150008,0.0342705210691619,0.0325458285008437,0.0620590303201628,0.0444498421938713,0.0254594880936589,0.0141694049183067,0.0168625868670314,0.0270435895179375,0.0265018421888614,0.0200482453461726,0.0193583832292834,0.0156252679107347,0.0673089416040817,0.0773462180212082,0.083839027649047,0.0801979262770096,0.0773648681690828,0.0634180383114473,0.0579343818529349,0.0469304010335015,0.0665563306409987,0.0661075355955062,0.0606812975804408,0.0652916408940329,0.0602877431277232,0.0669794085601555,0.0637229468964585,0.0643656068560469,0.0686676142690339,0.0457447202903629,0.0666650934293898,0.0458437262131715,0.0717196102166343,0.0718444486375492,0.0633272215660776,0.0719262360648659,0.0655403279742099,0.06624389813412,0.0655765204912804,0.0684673329978957,0.068707472838146,0.0664702609180886,0.0381229810443053,0.0116870103451921,0.0089667579266788,0.0088284931345363,0.0088242189562874,0.0839170178224572,0.0838611605512443,0.0838552083707584,0.0838552083707584,0.0839538363042796,0.0672384404333779,0.0639223505074506,0.0630726227095367,0.0615727092839862,0.0450099835392967,0.0645887565829166,0.0637865581084849,0.0622961719651469,0.0590163967032681,0.037612361297216,0.0407839169453523,0.0718608996325965,0.0369390719049648,0.0704097832513215,0.0709327093668963,0.0257629385137571,0.0373538156178676,0.0384941923179757,0.0575514083720858,0.0360917650302443,0.0269522342331809,0.0253391061715165,0.0479293503487346,0.0266293708281254,0.0270230525993414,0.0260909341013048,0.0260909341013048,0.0260909341013048,0.0256024155680189,0.0002543779308696,0.0484311194577729,0.0687786636140166,0.0695482509833835,0.0605038320627369,0.0575854389405,0.0408654155992597,0.0461276209118307,0.0521572496597344,0.0579094462295024,0.0637484698116596,0.0184076106655738,0.0560084158620841,0.0592466444839299,0.0183397006956315,0.0582570414056444,0.0666073719311834,0.0662930955858067,0.0668323047781073,0.0667055036908907,0.0656230006371587
2928,1835,20473,0.3810433138279656,1.5956403269754769,0.6267076502732241,51,5,169,5,6.992144808743169,11.156948228882834,0.0396771287469486,0.0504359954351742,0.0473088201369411,0.034258730809653,0.0269743642095226,0.0010791565751423,0.0211829643522948,0.0210060434292887,0.0575284687030537,0.0397831727606758,0.0177562327395278,0.0410120288617902,0.0450156983219514,0.0387991255890593,0.0319768473675822,0.0503248796433094,0.0684607458540836,0.0768014430777966,0.0771448784815954,0.076927125487605,0.0393736944398445,0.0366746663208655,0.0608447131625051,0.0577350303200174,0.0579619716532534,0.0565649211141191,0.0591041681002828,0.0568547568767239,0.0573896121303462,0.0555858055543793,0.0607646069484853,0.0564647463614683,0.0154432882831662,0.0612735657425049,0.0154432882831662,0.0694566957050005,0.0695542794376314,0.0611727828769984,0.0695773851132192,0.0612048651550332,0.0647795447444287,0.061215362794175,0.0649032883449509,0.0649032883449509,0.061215362794175,0.0396818591203836,0.0242904313349342,0.0164539016838442,0.0166657618374435,0.0172863262733768,0.059879085172195,0.0715649852515433,0.0694382763418851,0.0694382763418851,0.0657858623038522,0.0563690063470618,0.0558272371307681,0.0505154362977353,0.0437147947047012,0.0406257067380688,0.0536462108045446,0.0568059692150446,0.0563568409116477,0.0461217289476638,0.0423475942822709,0.0490679291074411,0.0710721177265556,0.047455888452373,0.0589378758975013,0.0738297449114615,0.021543272889184,0.038736868705275,0.0396048349825174,0.0441344934592069,0.0309474036881802,0.0373317810388397,0.037141858868321,0.036596408832448,0.0532637576180351,0.0196131003703695,0.0198754688309129,0.0198655786277987,0.0198754688309129,0.0166791732882868,0.001886188945641,0.0327398283334012,0.0578930375493444,0.0593921290568113,0.0481886803596951,0.0446347108235118,0.0529141980763432,0.0559557582642628,0.0562960865939632,0.0579437651081077,0.0613304878565815,0.0140853352004614,0.0672983178706313,0.0588800270095721,0.0145837168557139,0.0615853852740342,0.0757146630118531,0.0360674805587313,0.0757511939611608,0.0629774830671165,0.0757511939611608
5536,15429,200180,0.2343617997337796,0.3588048480134811,2.787030346820809,390,5,321,5,36.15968208092485,12.97426923326204,0.0986034495240991,0.1348863624034709,0.1340728951687606,0.0958618910419937,0.0720913187785285,0.0110897807177101,0.0145301920885822,0.0342902445179194,0.149782267401459,0.1133706653844059,0.0426323426760258,0.0469175150353198,0.0468335335962983,0.0253699784361863,0.0068317283899896,0.2091007519347421,0.2278523944536246,0.2123604604560482,0.1754542479257884,0.1604694497638523,0.1214055921505443,0.1067074753701095,0.1048480295295743,0.1238213583249478,0.1244360931502209,0.1053319133381989,0.1092649705944655,0.1060722974763249,0.1310275956453863,0.1304567050558096,0.1348464718186646,0.1719923476257638,0.1692668141830153,0.1812189609899094,0.1806688509161292,0.1462542097858934,0.1558507568508713,0.1679869390367453,0.1569474468227387,0.1771147333133659,0.18012157253677,0.1803382991983352,0.184797121945289,0.1857608980644164,0.1834361026087811,0.1052049714984334,0.0981649617310119,0.0790554766052547,0.0829760411799984,0.0834189086037361,0.1932146295275531,0.1971804997866764,0.1977159596522108,0.1977159596522108,0.1978487491749667,0.1135374580797544,0.1661982188909763,0.1528130327275765,0.1310896181833784,0.1181069400842152,0.1262493444477954,0.1621285049759925,0.1550619262813469,0.1450062195900995,0.1358494542907108,0.099350323610469,0.0942131006102253,0.1238535707493221,0.12283676427665,0.1455271655264189,0.001545338645653,0.0855369925292882,0.0863237044333529,0.0907353573549076,0.1017642879615453,0.0937218792810799,0.085315108717765,0.1279257099262234,0.1241309814088348,0.1053897827586223,0.0110774924850232,0.0110651682382883,0.0110774924850232,0.0111802055775877,0.0004311997954628,0.1399442899348839,0.1811525874852332,0.1855877688819774,0.1585060091973516,0.1559405344232397,0.042474161394228,0.0575396007536671,0.0791163612352918,0.0961212865797234,0.1179419486991093,0.0081447494041862,0.1266957926738869,0.1380241718427395,0.0082598311564343,0.142536631052477,0.1691707763169853,0.1342571395849042,0.1488876475345984,0.1404844940615806,0.1447442799987682
24523,4305,291882,0.276477987457128,5.696399535423926,0.1755494841577294,810,5,3746,5,11.90237736002936,67.8006968641115,0.0737318029424624,0.0718363626836725,0.0657850905243196,0.0464115999592158,0.0409271851779472,0.0539199415311718,0.0814021063715358,0.0710339143608604,0.0291579451678197,0.0274472595869629,0.0605508730108863,0.0456318511772514,0.0433524138973947,0.0307212538429702,0.0321206940831481,0.0823067034952412,0.0935862353351446,0.1016436913957413,0.0993081922727976,0.0967826790453898,0.0655900102620825,0.0600014657154966,0.0493463333181701,0.0701509385452347,0.0718763384613084,0.0645517960676915,0.0688816038055477,0.0651914766010207,0.0685948674578647,0.0665732872356739,0.0825963047375765,0.08557961690166,0.066735712869907,0.0857496247128348,0.0668872636065365,0.08112315565753,0.0818048668937023,0.081633636734089,0.0822451000128086,0.0829483198177044,0.0925864121492405,0.0880041248983313,0.0881952663845482,0.0874974490045602,0.0857375838786055,0.0455900232588149,0.0160096048492739,0.0135033810442035,0.0138886674425194,0.0142951203925015,0.1010433336241298,0.1025506116759222,0.1027521436733773,0.1027521436733773,0.1021470666719465,0.0794095443454185,0.0808720017290174,0.0777044557788302,0.0760267838391327,0.0668703248129888,0.0770789623165509,0.0785702091560957,0.0767349788316483,0.0747233639094618,0.0606750937791616,0.0428879187919689,0.0918501573961351,0.0355335796028997,0.0824646026041074,0.0917617698858223,0.0531989242549551,0.0382620479230272,0.0385441940810802,0.0553364998264606,0.0304603421561293,0.0423956443634556,0.0378046013873587,0.0689556641708889,0.0481996447983082,0.0359874344029763,0.0535796909700101,0.0535796909700101,0.0535796909700101,0.0529554958977479,0.0009717986438537,0.0555738689203986,0.0877483857839505,0.0880771017801129,0.0696899924323324,0.0639774243240201,0.0696979863606365,0.0719920837898327,0.0757073043435162,0.0813248373910815,0.0888273478353544,0.0373299242870583,0.0761914368791615,0.0801542673134629,0.0381992180374847,0.0803084328361153,0.0868324427242075,0.086776541986332,0.0882129493656661,0.0881950049608585,0.087194010664862
147,453,2941,4.416512741962126,0.3245033112582781,3.0816326530612246,93,5,31,5,20.006802721088437,6.492273730684326,0.0145612061328676,0.0516550853360985,0.0573550704568303,0.0518481260286259,0.0485922291215191,0.0095818871284974,0.0559956029148152,0.0723412230638917,0.0521883195251971,0.0549358490676305,0.050957312514612,0.0527163898270171,0.055817309312615,0.0655262575766542,0.0718207079535899,0.0524572116259966,0.0698422624764917,0.0801346747245866,0.0803517348107334,0.079382440084403,0.0235312169209701,0.0231670639587488,0.0363773438207854,0.0539325242496305,0.0572815667063242,0.0407447995317873,0.0392353642321498,0.0405090708779528,0.028849067041861,0.0304398395499267,0.0603128032820891,0.0641636606149679,0.0550615560117597,0.0639260751440848,0.0547094663688962,0.0784559010506985,0.0784405535603488,0.0624586166992273,0.0786570334936948,0.0637850892108398,0.0645816251574886,0.0637757214371879,0.0645816251574886,0.0645816251574886,0.0637757214371879,0.0134325741655635,0.0408732895034355,0.033570349686548,0.032529773545099,0.0340306206332725,0.0372876137784361,0.0564660059866578,0.0566809480952566,0.0566809480952566,0.0627292986515922,0.078654570446658,0.0541633776092349,0.0572632734157513,0.0524355022061377,0.0597634989879624,0.0758384149171704,0.0534270351509887,0.0616514687124553,0.0609346226450726,0.0589512006647521,0.0322752769769062,0.0796163837329422,0.0548918331453138,0.0331875140226908,0.0806071249221815,0.0378137439497961,0.028075715303362,0.0347991432979809,0.0444699502168064,0.0490385047549946,0.0612016298080525,0.0577610386944702,0.0560975764214429,0.0686579117509623,0.0338460285780935,0.0540990960912997,0.054484024857129,0.0540990960912997,0.0116492303890832,0.0076239887619776,0.0419204269975741,0.0570517615491296,0.0584317446108528,0.0562077273652908,0.0465006006046469,0.0805268085790658,0.0813509199986476,0.0655146110614718,0.0740021710309938,0.0754053361328001,0.0361377414438021,0.0585052178463695,0.0568362436574814,0.0459301573498291,0.0527123815906292,0.0858458659402503,0.0371879645994131,0.0858458659402503,0.0844790937368777,0.0858458659402503
66519,28237,551682,0.0293713932950357,2.3557389241066686,0.4244952569942422,277,5,1064,5,8.293600324719254,19.53755710592485,0.0087874151751474,0.0079216625080924,0.006888669202873,0.0042962069868127,0.0034925716666031,0.0049875983413622,0.0130987332793424,0.0096468261516772,0.0040609286062326,0.0033610107937443,0.0050058736974236,0.0037674112399649,0.0041678327637325,0.0039350180643893,0.0027056084250663,0.0172634480564208,0.0263178729974124,0.0300089889697648,0.0279039074336558,0.0271008316726467,0.0122830541073369,0.0103445676176369,0.0113216820527761,0.013888913154398,0.0136547116868106,0.0118623964998757,0.0131351232823395,0.0117846934396136,0.014950012217545,0.0136405893789352,0.0162651640848132,0.0141510275618838,0.0049473358112708,0.0165298795049232,0.0049699987719263,0.0211198956655897,0.020962064654468,0.0155037673620765,0.0208002765438189,0.0159729153789043,0.0176296614157608,0.0163106652951256,0.0181445309788057,0.018225841877517,0.0165265324092324,0.0085701711239258,0.0031519973411386,0.0025189769085268,0.0025593572195559,0.0025442833041027,0.0274198211645879,0.0285764715914245,0.0285870786506763,0.028560227267323,0.0287325904819574,0.0109646284734714,0.0102349358887722,0.0096474219365428,0.0095246186111608,0.0074338886342405,0.0107549490965387,0.0106412442649113,0.0095068434947133,0.0085141096462231,0.0076608495263935,0.0101736376598193,0.0118016237636274,0.0117608035207115,0.0138550528320037,0.0176660521511553,0.0046048921721966,0.0103495854549793,0.0104274436510765,0.0049570439183832,0.0110450100122702,0.0031707056429668,0.0029334151630662,0.0055355699208502,0.0040553931376959,0.0040690283153745,0.005012893093478,0.005012893093478,0.005012893093478,0.0050181071574015,0.0001456322256992,0.0063603472617632,0.0114884192023577,0.0122276809387707,0.0114469170859553,0.0092467686768496,0.0062960803291751,0.0077824104542973,0.0099509614740795,0.0109024404640944,0.0122086087233266,0.0032313160875709,0.0168445079609021,0.0163590594437476,0.0032384601930876,0.0162821156548578,0.0263171961827885,0.0146847903990155,0.0261609375017701,0.0223385619331131,0.0261494337898354
36088,17932,347987,0.0537738926330377,2.012491635065804,0.4968964752826424,148,5,405,5,9.642734426956329,19.40592237341066,0.1197969651588406,0.135115681077358,0.1297934157012684,0.0936831205969375,0.0709983140106123,0.0041063905222983,0.0489438405676541,0.1278841223143319,0.07363943141972,0.0490991131947871,0.0291131647732007,0.0381139926851774,0.0345780150534479,0.0143211896153374,0.0025161554860616,0.1312309066548586,0.1587045689578596,0.1660300312009116,0.1624736779483287,0.1612310156893728,0.1373987923013845,0.1363332383240071,0.0986438841432923,0.1333904830353485,0.1328330747089348,0.1265407108572736,0.1261794318965988,0.1263533886054756,0.1385771717464765,0.1380669286166299,0.1433119835202355,0.1431229176002119,0.0676887069459604,0.1443270220169386,0.0676926819910389,0.1609461567600444,0.1606746639603836,0.1422650958169538,0.1607201398582325,0.1437097108898276,0.1462980415193728,0.1442218888007899,0.1480418708858313,0.148049774700813,0.1443446031069907,0.1249196932706742,0.0693682153955703,0.0594546346463894,0.0604414011018421,0.0602395999586336,0.1655450522282067,0.1648245441112274,0.1649955915401302,0.1649955915401302,0.164674452057119,0.1153098534170204,0.1086395684931955,0.1003902214099948,0.1041773256639279,0.0954856852751879,0.1170614859255318,0.1140033784481976,0.1065475071988336,0.0998457627362019,0.0999342973452461,0.1092071429856792,0.1092409253642383,0.1275562620766817,0.1370408452049544,0.1495526118311634,0.0039264000817788,0.0923469092326769,0.0930168288789911,0.0063196427831515,0.1092240874739636,0.0812748286543052,0.0731361717131727,0.11724263411297,0.1023072674361972,0.0962313513140338,0.0040193716767711,0.0040262797543377,0.0040193716767711,0.0040061605268745,0.0002091568373467,0.0925811479752028,0.1183243227869969,0.119980526012113,0.1146913033085486,0.0970023640012812,0.0291645742866409,0.0435153357325146,0.077164876129007,0.1021683173813374,0.1232120734945469,0.0042796616202084,0.1207248863164327,0.1046931397981012,0.0043194583247539,0.1022852604557322,0.1582480467817795,0.1377893359845625,0.1592713148588687,0.1567271200748874,0.1593330379765901
1090,3646,52551,1.3223238235190506,0.2989577619308831,3.3449541284403668,899,5,177,5,48.21192660550459,14.413329676357652,0.1220879619549969,0.131947859951178,0.1149091296383686,0.0728217833118085,0.0579095448837204,0.0424705407866664,0.0598495373318857,0.085877355673675,0.1060233451337781,0.0893548274141066,0.0906694065067429,0.1126365556090532,0.1064935130918207,0.0939712667505252,0.0585690335256726,0.1037162313214463,0.1359239065124675,0.1499072432421004,0.1464750161516302,0.1397874726387476,0.0391826613725071,0.0401170658068097,0.1266495550628434,0.0974457518570217,0.0974450509327344,0.0979616400873994,0.1024529344251748,0.1010896686575711,0.1060645785536628,0.1040426539503962,0.08022652973854,0.0987368570629243,0.092059435556764,0.1075512088586155,0.107028926217297,0.1165222732308082,0.1165023116974992,0.1071563099544945,0.1168226235294479,0.1106181083005624,0.1286182490850445,0.1150043863231342,0.1228743857710799,0.1234669301315958,0.1167576142514016,0.1025421043261525,0.0429548468491085,0.0293440797173199,0.031180178973949,0.0316509870539479,0.1059592750767871,0.1353061190831899,0.1400194426384264,0.1400194426384264,0.1396870552263606,0.1252821436712161,0.1335262977676352,0.1164994116734904,0.0840327022270215,0.077182364193992,0.1236442269169696,0.1339307982719444,0.1198836025513783,0.096061538250785,0.0956773453937526,0.12167819871029,0.1420610230143865,0.1031498600781414,0.1121048564169169,0.1510442922886023,0.0419814584661949,0.1054981953864155,0.1088657822569617,0.1198821030968081,0.0903721218112845,0.0921306955561827,0.0978971028217002,0.1270385867614751,0.1094470882507044,0.0528408860071058,0.0463921511313754,0.0464210361102288,0.0463921511313754,0.0438788781706101,0.0022195867446518,0.0891595852262915,0.1343390911539343,0.1331970683790374,0.1150901616974677,0.1053081292162648,0.1233757750213856,0.1280766236484903,0.1321187883675279,0.1331872178918754,0.1376817627349021,0.0311877843176975,0.1507595379087551,0.1467588868623092,0.0316668657049904,0.1448332625715957,0.1358349823191307,0.1355145295945388,0.1265509770019261,0.1265382571043249,0.1174827905548927
19445,7050,160792,0.1172917247957049,2.7581560283687945,0.3625610696837233,125,5,780,5,8.269066598097197,22.807375886524824,0.0165554130743838,0.0126516895980369,0.0115229594990134,0.0081612908569494,0.0065468015248137,0.0137563537672835,0.0136573606831447,0.0179003516801086,0.0103955617890457,0.0066129139568911,0.0141326000949121,0.0113499275893083,0.0116550102388886,0.0121339541931264,0.009515493488966,0.0206102210112929,0.0286222254410432,0.0333573662202829,0.0323293175106399,0.0316575518371734,0.0164301335533699,0.0138363805411146,0.0197444588467763,0.0209683424476437,0.020954792952007,0.0195014865163771,0.0208127447180544,0.0193554579325812,0.0220606714231142,0.0208706971690732,0.0175224652924307,0.0184336925152791,0.0109486020976278,0.0185788170462761,0.0109699514380501,0.02676899490088,0.0267156894650173,0.0162337789543705,0.0266479915887848,0.0177961253148939,0.0183865531410299,0.0181287068672429,0.0207033280692359,0.0208385782367875,0.0185761597725672,0.0147235944875376,0.0044615085464321,0.0038723817484626,0.0037334733701824,0.0037819386300749,0.0303709026610824,0.0314742060804308,0.0314642535822415,0.0314642535822415,0.0316582938205543,0.0175761243920702,0.0189147107452333,0.0167448005411782,0.0147186385664933,0.0132653838288772,0.0160847808963585,0.0190389957343917,0.0170324204903945,0.0148622969875719,0.0137668127125354,0.0176316667782197,0.0245284486001717,0.0175306479008141,0.0237392881774999,0.0293784246230137,0.0136302032976193,0.0179664787869508,0.0179777191092775,0.0220089210993533,0.0162362598743601,0.0076724890681809,0.0075642296181346,0.0150955158418865,0.0092426528072794,0.0072863986084839,0.0137283127511586,0.0137576333254212,0.0137283127511586,0.0135143853656926,0.0004706504987102,0.0098274877636617,0.0219641476019851,0.022010052022642,0.0168827250226533,0.0119973946277323,0.0168068138819215,0.0181360404485541,0.0177047000676206,0.019663329120628,0.0215345153141937,0.0085455507748388,0.0273631272247997,0.0222665943686582,0.0084566053673155,0.022298835809634,0.0307938169837125,0.0237650696675559,0.030628076197903,0.0292649078454403,0.030594114024214
1208,406,31668,6.456953642384105,2.9753694581280787,0.3360927152317881,145,5,989,5,26.21523178807947,78.0,0.5210621149261874,0.5351759570245764,0.5201806283800362,0.4240463457283979,0.3824669800224118,0.5113826956852696,0.5387384544789027,0.5510204390345332,0.4635402056496883,0.4143606862809961,0.5234540264250234,0.5115385045656315,0.5142643320195933,0.4746578176678421,0.327589559592746,0.5516336583583232,0.5703551623880659,0.5807262575460956,0.5785602558828556,0.5740918916645881,0.2704042084020951,0.2691550314564107,0.5219564270092092,0.4881085578097385,0.4612931016538758,0.3187780696214631,0.3457459880317098,0.349495736779356,0.1594379936679117,0.1740500088816924,0.4547277792415233,0.4794776569610105,0.4557246259797441,0.4933550311298925,0.4698269386530936,0.5392878550883888,0.5392149572998918,0.4934036372080637,0.5392410638286005,0.4935831921665669,0.4941343503478521,0.4935831921665669,0.4950821870404388,0.4950821870404388,0.4935831921665669,0.3473806868814211,0.0719223697126729,0.0689331493925482,0.0684942181736496,0.0638289878534462,0.5358449850340316,0.5660758185657586,0.5687518460737413,0.5687518460737413,0.5567202686555909,0.5354047472619543,0.5618114805252118,0.5611413508328347,0.556477143671874,0.5460591344117905,0.5315149512296303,0.5667787936181989,0.5642513035247154,0.5588840215839878,0.556887336266941,0.0705079021935378,0.1835980444314199,0.2745539232015621,0.2379851047877474,0.5046966842156013,0.5192053257376473,0.0202405174167719,0.134822604393879,0.4635266783390395,0.1194619656678133,0.4640201807425718,0.4701690413888111,0.5283327437749294,0.5165218826721618,0.293083633035226,0.5224999526192233,0.5223710506250092,0.5224999526192233,0.3129553326340509,0.0161449426117883,0.5522465525923772,0.5651950350011441,0.5652426524895551,0.5786890826764458,0.5722971710942799,0.5658796819248995,0.5565347855102653,0.5633102396506036,0.5637691029959552,0.5637855691598685,0.3995643082178658,0.5125791829907091,0.5115169490919451,0.4003348272105024,0.5110654921676681,0.5271017927809913,0.5271438822754904,0.539643624847892,0.5396714925851125,0.5476433047802723
16638,10217,134476,0.0791079752799754,1.628462366643829,0.6140762110830629,142,5,504,5,8.08246183435509,13.161984927082312,0.0204931171278562,0.0175282943577896,0.0161135545623331,0.010446088624503,0.0079838477336018,0.0106764155042945,0.0110380271694726,0.012271316344107,0.0161975993588099,0.0089484847531062,0.0122256698237397,0.0124072584556983,0.0112825396718517,0.0114896284466518,0.0066358557475922,0.0253802072436903,0.038947746425571,0.0436495772622637,0.0424524768690018,0.0420651716716507,0.0213590531654039,0.0178252068832562,0.0257950787566718,0.0292412771155904,0.0287703598748518,0.0261138600163741,0.028439877942382,0.0263836154535619,0.0308740793153514,0.0294799497955994,0.0247625376941751,0.0218278901516516,0.0063339728553372,0.0249657187981603,0.0063370879092954,0.0335929192695485,0.0335285550963586,0.0239683324200453,0.0334229014537106,0.0244844766501251,0.0269950896658772,0.0249085318561036,0.0278632098205813,0.0278974969134651,0.0249866403604384,0.0198492559452492,0.0067039661762347,0.0047928945106046,0.0050121956857845,0.005021924910841,0.0399268352615653,0.0409115562615848,0.0407332686893698,0.0407332686893698,0.0399600847464734,0.0187613076240997,0.0201023120000486,0.0179548460451617,0.0158336309597996,0.014889920627394,0.0188385458742965,0.0214513135030314,0.01962218592391,0.0166103371101467,0.0154734342846,0.0237145220675654,0.0276334497287688,0.0241635643505209,0.0295298114025934,0.0347974674955055,0.0102982927485892,0.0201732677034182,0.0199271987793337,0.0171353180330573,0.0201467464687184,0.0086254240332762,0.008535137018468,0.016458836703566,0.0118811133114011,0.0086139176068011,0.0111282227049239,0.0110508519480947,0.0111282227049239,0.0109704723300251,0.000378855450312,0.0125271255113031,0.0225235143561936,0.0242081860000308,0.021563351472722,0.0139058546203126,0.0159812580667277,0.0167018381100175,0.0222546406812038,0.0248199133962406,0.0274741585333532,0.0069961906667815,0.0332087793906142,0.0245254523678724,0.0077774567172868,0.0255408147147493,0.0415795244017554,0.01781270743232,0.041581730850961,0.0324719814224371,0.041581730850961
643,1339,9596,1.1145477753761135,0.4802091112770724,2.082426127527216,89,5,49,5,14.923794712286158,7.166542195668409,0.0194876899032476,0.0573614655921848,0.0588146018122704,0.0536427077515529,0.0476178954680606,0.002246691059868,0.0153315935615896,0.0165256500490161,0.0483258139719694,0.0683366998900777,0.0219202527555357,0.0234702648560195,0.0275215233001977,0.0272413973923246,0.0202967596210899,0.080132702135435,0.0870999328536666,0.0844872820979933,0.081079310148062,0.0807552989754666,0.0139308884150181,0.0125434690872478,0.0426242077635231,0.054120658282178,0.0639724780737069,0.0750697563871281,0.0770380748427673,0.0768395766870717,0.0814971212257779,0.0798255684990548,0.0718663299082536,0.0779245608527287,0.0588406578228193,0.0771272226215947,0.0585344326392045,0.0756566978794173,0.077923573923228,0.0764733333141204,0.077589753889523,0.0766311136556886,0.078600282552714,0.0769338614982483,0.0786780430503812,0.0786780430503812,0.0769338614982483,0.015972593709792,0.0572267917905434,0.0441320255099294,0.0455687722139877,0.0459340799536382,0.0276166398611693,0.0749420497545306,0.0872276479367898,0.0872276479367898,0.0840176682375422,0.0500052590089149,0.0687624689072403,0.0743690073054092,0.0682320004924459,0.0639651248602968,0.0482203664842507,0.0654960121600524,0.0696144541983587,0.0697995654532105,0.068216313096849,0.0648162695701043,0.0629352305229534,0.0772572054578913,0.0741908072799744,0.0702257369569989,0.0143220039717256,0.0534235507959855,0.0554009321322377,0.0582156976792087,0.059951529136259,0.0445352479007167,0.0571015482580371,0.0392247609451247,0.0698623997059122,0.0238902874910856,0.0164004064342847,0.016626548322864,0.0164004064342847,0.0123548679296257,0.0041859925199303,0.0591386940919133,0.0679637815156815,0.0705522072630381,0.0791972700532609,0.0712138069711583,0.0386118154949094,0.0538832889826333,0.0591307545550902,0.0669260515456277,0.0802689675826934,0.0118735330129282,0.0779532611003994,0.0784844857358793,0.0178933424206707,0.0801502601637347,0.086502258324188,0.0066268398039266,0.086502258324188,0.0473754696282879,0.086502258324188
3527,6339,77546,0.3468432039803104,0.5563969080296577,1.797278140062376,1024,5,356,5,21.98639070031188,12.233159804385547,0.0859042956595261,0.114232780354617,0.1090844128970527,0.075571482083351,0.0561149290105566,0.0231854217871238,0.0298882852886825,0.0372773922630525,0.101612917074844,0.089722993863199,0.0533264215239111,0.0754300984492351,0.0725627097762726,0.054519704421442,0.0241119633937423,0.1116618855655372,0.1403779027068436,0.1407262915871688,0.1268845565295064,0.1203992148729682,0.0788417906885581,0.0698635232215064,0.1115136190011457,0.1122348289857449,0.118589228037305,0.1112093295882949,0.1159181142152822,0.112288728446479,0.1243299469612398,0.1226686419999215,0.0910660020361557,0.0969115022650141,0.0716931192698485,0.098852593715687,0.0738271509169836,0.112029661470832,0.1125669029632557,0.0921156588785651,0.112363520625501,0.0962316574787523,0.1109450455279872,0.1017560536496121,0.1061326953070007,0.105426931889181,0.0994681585797328,0.0871404565883318,0.0540359751529044,0.0391952126907917,0.0392595564343081,0.0399347189184125,0.1353126729417617,0.1468477042912563,0.1474388962778838,0.1474388962778838,0.1437797241714644,0.1021136146867345,0.1115313475128501,0.1059735735756022,0.0880861879142511,0.0817327128690133,0.1023054663752946,0.1124147555807454,0.1076206047727107,0.0966615168655499,0.090672143683418,0.0995969408137971,0.094053301942603,0.1056473328054621,0.1104474102555604,0.1203301255303164,0.0160657862613379,0.0777162332249514,0.0789842693164782,0.0902650652004261,0.0795156855996262,0.0759119401310141,0.0815245555556437,0.0947450141235407,0.1012877103947248,0.0603421841728882,0.0269963336681461,0.0269963336681461,0.0269963336681461,0.0259660592951633,0.0011228879602432,0.0803064164375274,0.1261995502608232,0.1296041184114652,0.1097868866103991,0.104207237914747,0.0572926582197299,0.0689398361286434,0.0847411240398847,0.0980609719042808,0.1101786759355314,0.0181042747252693,0.1259122730886105,0.1191695985013923,0.0196888669828385,0.1202629659558,0.1222796721431461,0.1011993743188299,0.1166024436324507,0.1115025248373633,0.1154089304237333
27879,10429,194439,0.0668749575731001,2.6732189088119664,0.3740808493848416,152,5,837,5,6.974389325298612,18.644069421804584,0.0398096997004225,0.0368497977598376,0.0337558282065397,0.0224181820898978,0.017985789938053,0.0123481316575306,0.0221235417898282,0.0446571730488336,0.0199290007271471,0.0150147984850528,0.024907971008454,0.0237928592400976,0.0232361082498375,0.0153359691865674,0.0078916018466602,0.0425576678733737,0.0579453671429332,0.0644750206365072,0.0615050962236679,0.0604240945661384,0.0467090257404706,0.041544345034923,0.0396835125559966,0.0535433231887126,0.0541364709949457,0.0505449066883447,0.0529495319563582,0.0504167502828701,0.0552703337786222,0.053327434143885,0.0373313038558656,0.0399117924874222,0.0137911137997459,0.0375323529984768,0.0137794926034238,0.0536750475389079,0.0536273419775927,0.0359545710654589,0.0537496720359892,0.0369091785898668,0.0393572953580239,0.0373866195657247,0.0407898331875312,0.040824049405847,0.0375288232631031,0.0371820485015673,0.0112364044358928,0.0088983083154377,0.0093724256918792,0.0090223736919828,0.0660822047369757,0.0656197558501537,0.0657515509499729,0.0657515509499729,0.0654959883767324,0.0420878991875798,0.0420558303850231,0.0380078847377783,0.0361185583741256,0.0331378475365662,0.0408845406160605,0.0440680272133045,0.0399966106158747,0.0363404992041746,0.0346275087382311,0.0328193472678485,0.0494016677377361,0.0311861030682698,0.0446349611571356,0.056381699742989,0.0120949240108165,0.0303814894003912,0.0303960899538485,0.0365353243002466,0.0285151824087867,0.0206575859751522,0.0210563577946405,0.0333667312669073,0.0243146063176371,0.0206334491471216,0.0118257681868012,0.0118060561682666,0.0118257681868012,0.012670695968977,0.0003342242591984,0.02575798892664,0.0462531096402978,0.0483577186729144,0.0404173408883794,0.0303187261232219,0.0313476904965642,0.0338156791019874,0.0373547013021206,0.0410417938462106,0.0431521156419902,0.0105733852543464,0.0561768206737463,0.0460121724223671,0.010683433660604,0.0452206450770246,0.0586784485463453,0.0415826882716154,0.0588854743007672,0.0537932955846321,0.0589122707819973
5130,1685,37126,0.4294977470051654,3.0445103857566767,0.3284600389863548,123,5,455,5,7.237037037037037,22.033234421364984,0.1313278950211011,0.1560788066339686,0.156278094306944,0.1210211259604805,0.0878542627535922,0.0435515974567794,0.0493410729546705,0.0882589361877603,0.1527565580123575,0.1147774088791659,0.0422317523504027,0.0856186481442973,0.0944163685102788,0.0653928553337534,0.0373648503550239,0.1817533370518081,0.2062605297199028,0.2034331037606783,0.189979952146834,0.1848522981582141,0.1170536598946616,0.1055155491728685,0.1641004756854868,0.1736017107463875,0.1734145893778196,0.173182222570021,0.1775120535781875,0.1738097055074478,0.182558967937307,0.1800146941641635,0.1958770109818889,0.1925637359171942,0.0671804228986172,0.1970206877156718,0.0672964479676805,0.1834829233703592,0.1840272760107546,0.1956046982005216,0.1841845386211792,0.1964843919738008,0.198876173946496,0.1970319682877023,0.1999405814719706,0.1999405814719706,0.1970319682877023,0.1418329544476646,0.0565061303744231,0.0360811284373305,0.0360115299236782,0.0388357908957685,0.1626432786126336,0.1953036819493681,0.1929878998265141,0.1929878998265141,0.1905303313941672,0.1462761629555573,0.1595276531146929,0.1572827935390901,0.1307242176894253,0.0722659837857005,0.1425682426786125,0.1513907960445218,0.1475131772554264,0.1331398807097606,0.0986962548960917,0.1075787932905679,0.1698452843273367,0.1079402064567943,0.1891096930793325,0.1838641729237082,0.048740906370145,0.0730621368728232,0.0759432308394202,0.1378204061507266,0.0746834799980383,0.1176284472196344,0.1256675793993851,0.0963022424063214,0.1600263038234572,0.0605261823782238,0.0432865776025763,0.0434625923453591,0.0432865776025763,0.0435650277848122,0.0026532735918389,0.1508586375785357,0.1675412938381381,0.1663189652699735,0.1653761435489829,0.152298231471955,0.1256491190052334,0.1318542920868334,0.1469333832334391,0.1702030408424441,0.1888253234850762,0.0424561548445889,0.1823148128172869,0.1827460316725397,0.0425066898334323,0.1856728237684716,0.1745361157242015,0.1552682317488532,0.1751313512318559,0.1705207842712912,0.1745401053994085
1807,2062,28059,0.7530527096639483,0.876333656644035,1.1411178749308246,460,5,202,5,15.527946873270617,13.607662463627548,0.0474780575333247,0.0582101430653383,0.0554196557434366,0.0409388021805551,0.0289191540511466,0.0124294283621481,0.0320319003064172,0.0366059281687833,0.0563701224816273,0.048242895819057,0.0374180066982667,0.0484275865851808,0.0482377290396337,0.0456774119609385,0.0357884484373314,0.0534302427846317,0.0704875492419082,0.0768240559761445,0.0718903544283639,0.0684080803425959,0.014903947361029,0.0153381018397194,0.0518229744316594,0.049819934275774,0.0522276678909568,0.0554639333352146,0.0584978297744066,0.0562272022910573,0.0596313540492628,0.0586899122509274,0.0516142548988497,0.0520449698156305,0.0377679869378608,0.0529840044009662,0.0385774562862297,0.0637490192199686,0.0632311441266781,0.0474614217315828,0.0632312499938798,0.0513742065588458,0.0590914331791124,0.0533414463052988,0.057161080315928,0.057161080315928,0.0533506419465036,0.0465568986612233,0.0238547683343365,0.0169683062777635,0.0175828953515942,0.0181869509490439,0.0516865241629121,0.0735237122283447,0.074761466645151,0.074761466645151,0.0751722081017286,0.0578797355065629,0.0575195084417317,0.0596248369912345,0.0468343439597899,0.0452170384903624,0.0589803554498729,0.0607294180836386,0.0615967941112269,0.0498069626593938,0.0475832216699386,0.0571159370249112,0.0623629796924493,0.0517500522294455,0.0620189895035204,0.0695591671490374,0.0257759474107752,0.0417538058011002,0.0400281060740258,0.0465134815515386,0.0341800975983779,0.0413693019370486,0.0426804476108197,0.0507911545924205,0.0541017770151387,0.0224561328739269,0.0338612688989606,0.0337321235496774,0.0338612688989606,0.0293938518148604,0.002305677706275,0.0420779807701331,0.0645969814207349,0.06720051169742,0.0590873192442047,0.053511608691648,0.0501042483741231,0.0548566921161379,0.0597382381672019,0.064973807135217,0.0710996085323729,0.0298084210772483,0.0727265634657051,0.0705131639071678,0.0300074618696562,0.0715154250125053,0.0686750748390822,0.0596716370738719,0.0667483884708377,0.0644775237343021,0.0664768275041911
34151,23098,470966,0.0597051444695103,1.478526279331544,0.6763491552223947,3544,5,2544,5,13.79069426956751,20.38990388778249,0.0265492176593712,0.0188763146664345,0.0147048609115116,0.0089240616388003,0.0101743418102596,0.0177894088956838,0.0210304317514746,0.0269893377358157,0.011326473859718,0.0087780870045564,0.0213234292378656,0.0181290279289954,0.0166809929939098,0.016583491746612,0.0109871386103726,0.0174843546751465,0.0267280377512223,0.0315545703140903,0.0312116513411843,0.0305607148144048,0.0222799281564236,0.0194212734370515,0.0139384638357132,0.0235460283707121,0.0193846959223096,0.0229818706297378,0.0253683738011773,0.0230430489661946,0.0252731272460361,0.0240338763002777,0.0053875838719274,0.0058276718200242,0.0047719931674276,0.0060514726387514,0.0049431770003921,0.026498688034012,0.0264606713913973,0.0048651113984163,0.0267166358214044,0.0050163169718252,0.0105556083393102,0.0087863263674442,0.0091342665333783,0.0086330400154933,0.0072436352324893,0.0167945806962293,0.0041654225706387,0.0033427702680743,0.0033108635298226,0.0032278756843005,0.0272461702570021,0.0276543011641215,0.0275677012619223,0.0275677012619223,0.0281648154387362,0.0268553107191617,0.0198217225478276,0.0184544699850799,0.0151151059683916,0.0101472015455751,0.0271662933963415,0.0214609291837009,0.0206746069860104,0.0179907778321056,0.0105103974996843,0.0143271818263797,0.0235032692991528,0.0140012733575442,0.0233696341190911,0.0274202189050869,0.0176500748253927,0.0117496277334806,0.0123051302110073,0.0189976522082671,0.0120898271083673,0.006576262052093,0.0087226058852287,0.0141737157840693,0.0087338746936787,0.0088461535269808,0.0178021016192072,0.0178022156076382,0.0178021016192072,0.0177712566392993,0.0001833570773231,0.0106704614753471,0.01814023285536,0.0191340825822371,0.0196300779180835,0.0163834951779198,0.0182626113850901,0.0202287169306814,0.0203641112674631,0.021397281181602,0.0228156142901667,0.0147510393135686,0.0281398431971503,0.0210080275646108,0.0149251715516891,0.0212867711250779,0.0314341184751567,0.0285119805411188,0.0303390821348445,0.029839716780234,0.0299279375863953
39387,23033,278677,0.0307183380910067,1.710024747101984,0.5847868586081703,136,5,441,5,7.075354812501587,12.099031823904832,0.0100038629416091,0.0095377398514897,0.0087865156454374,0.0053779322696685,0.003774741843286,0.0035108465841744,0.0050467316224434,0.0133119461667771,0.0059948455012152,0.0039791690141164,0.0068192793326821,0.0067920008689097,0.0064662653536037,0.005630077635589,0.0025981266174865,0.0146300005311631,0.0246114062670279,0.0286786673898554,0.0282040233787981,0.0281331880120703,0.0170779122532179,0.0144422822974236,0.0159299791371891,0.0203722548506157,0.0202034721866906,0.0185666004357728,0.0200496735636379,0.0184501658349146,0.0215875021325696,0.0204257873474443,0.0145730354762784,0.014777686896959,0.0021638655283266,0.0146015327893955,0.0021638655283266,0.0200476211638785,0.0201499299053226,0.0142252326728508,0.0201205870262726,0.0143740531668209,0.0162074661963785,0.0147071143667933,0.0163981832403618,0.0163981832403618,0.0147084437921163,0.0105700813726656,0.0030182285495755,0.0024412126110658,0.002423522578044,0.0023568965216973,0.0270826389860835,0.027453258353871,0.0273461276595655,0.0273461276595655,0.0274970545681996,0.0119634727986689,0.0115209684855783,0.0109489309607402,0.0102443254104501,0.0083235280553014,0.0115235546418273,0.0129387272014401,0.0116687613604819,0.0096506266914653,0.0089355630732389,0.0137880436901988,0.0159570654448562,0.0148767387101488,0.0176816419249925,0.0212065557352137,0.0035661550205853,0.0122586583017977,0.0125353373678978,0.0034101332288877,0.0131734506303452,0.0039217100740399,0.0035469680272565,0.0064036764654487,0.0055971337869672,0.0046928388759329,0.0033132589429754,0.0033129967203952,0.0033132589429754,0.0033949387545299,0.0001306933977388,0.0064960591835897,0.0108358720964433,0.0110058293871755,0.0123044686099784,0.0088054772107299,0.0082350232924839,0.0095933737407092,0.0120364510138545,0.0140031792552221,0.0157272858508868,0.002563193590872,0.0220158773994202,0.0179131139309407,0.0025013015970929,0.0161467478242615,0.0275284336598308,0.006236911789016,0.0275154483338181,0.0154016015695254,0.0275102706637222
19412,11924,167597,0.0724059057180122,1.6279771888627976,0.6142592211003503,550,5,309,5,8.633680197815783,14.055434417980544,0.0345126620053142,0.0379502237989675,0.0366372918280276,0.0252666945754266,0.0173082309196237,0.0057380015229858,0.0058271400968587,0.0102978310579032,0.0373649974805469,0.0243584216720244,0.0090065696477722,0.013586555965742,0.0135716940076679,0.0090164417531607,0.0041668886840753,0.049334832184794,0.0664102393324085,0.0688088647224721,0.0655294474292986,0.0646989683919706,0.0393226797478577,0.0363650530418513,0.0316457076694721,0.043434055573893,0.0437026083516611,0.0394953312215981,0.04110314796556,0.0400779795657555,0.0470189796173973,0.0467412847520545,0.0535172503309208,0.0493608492051929,0.0135267593766394,0.0537277424351851,0.0135579096151968,0.0575942092170724,0.0573381170671501,0.0516659048207302,0.0573056896090095,0.0525163952057825,0.0563360791757337,0.0537026105572701,0.0566291026622252,0.0566321545899297,0.0537463637379415,0.0358375287464681,0.0210358768394089,0.0156887621353533,0.0157445163829495,0.0157696518795881,0.0692424269283128,0.0695451963491096,0.0695230618700801,0.0695230618700801,0.0694112855374435,0.0405785159258384,0.0404997524779334,0.0371544745495511,0.0331447164353785,0.0309592810577622,0.0403258944260459,0.0407871392179364,0.0374158837816256,0.0324666742944655,0.0309943034884411,0.0299671099386999,0.0318426508393601,0.0361525600625833,0.0400555963516248,0.0479530856904403,0.002837313962732,0.0254262060310793,0.0259282715954386,0.0108729801136574,0.0299563022127532,0.0222128505726078,0.0197382891010675,0.0323051971095402,0.030434990869712,0.022962110866749,0.0057889623277554,0.0058180272428373,0.0057889623277554,0.0057987666949268,0.0003668892541752,0.0291469276325778,0.0453631621152481,0.0461910127037205,0.0429927287583903,0.0288893405949794,0.0173361995043952,0.0205415472855511,0.0249319388724893,0.0283717923071522,0.0352373908680636,0.0048603591423034,0.0498567971535608,0.0475725984924571,0.0048672670617089,0.046952398007012,0.06557712464885,0.0274177580122371,0.0654409712329077,0.0515180765830031,0.0654440837635559
610,3650,90274,4.054525039299349,0.1671232876712328,5.983606557377049,2132,12,329,5,147.99016393442622,24.732602739726023,0.275668601271815,0.2952556221597218,0.2630784411298088,0.1852850855417779,0.1658609173354354,0.2038005896614386,0.2423991005954226,0.2766579831670074,0.2784775569198385,0.2487858077170101,0.261418754484327,0.2650676338702202,0.2597657343647327,0.2307994041791564,0.1922241971940396,0.2873059925548992,0.3394356172570806,0.3898864588122964,0.3834576081687967,0.3691798758590702,0.0277064462788556,0.033764284759636,0.1911647906488423,0.151251723218884,0.1571046617558693,0.1744993896076285,0.191171296643229,0.1743437614503862,0.2324284773456026,0.2303246676858007,0.2560733933488359,0.2828248085145879,0.2828248085145879,0.2803360286608706,0.2701640345889912,0.2730694316546489,0.2750544310788068,0.2434059766149373,0.2753788804853811,0.2326849604549651,0.320244010694607,0.2896559299669348,0.2774848433174348,0.2697166931147827,0.2603909029426793,0.2639820271229992,0.1068769286869873,0.0867484051896169,0.0892549978529392,0.0891871464186098,0.2401947052359362,0.3324293413317824,0.3374798247596686,0.3374798247596686,0.3379661404346901,0.2498680900245081,0.3223579720241646,0.2955063771761386,0.2719200223865151,0.2641358211565635,0.2505779638983464,0.326563631591336,0.2975219354507362,0.2693759756163031,0.2742671902460006,0.2960968874551858,0.331047746127192,0.2432109589856141,0.2580182204372033,0.3551761678980298,0.197189445714541,0.2774711881418792,0.2853930498070129,0.3208583770352267,0.2631061068690108,0.2115973866671869,0.1894021459987274,0.2756703316826693,0.2439179918323642,0.1724838619127136,0.2010928629621592,0.2009594794545584,0.2010928629621592,0.1970105600959524,0.0086852433402957,0.2909076783314262,0.2636819122247243,0.2654849144986483,0.3493321424750924,0.331637270806943,0.3003736638705646,0.3122581038761075,0.3348105689923338,0.3453504165569536,0.344278104275684,0.1506368925272873,0.3274650217602858,0.31514251090919,0.1517232769568102,0.3159454450708218,0.3120908886183699,0.3120908886183699,0.3289361925262823,0.3289361925262823,0.3215508200899423
38609,18534,346355,0.0484020492904037,2.0831444912053523,0.4800435131705043,292,5,1089,5,8.970835815483436,18.687547210532,0.0323269240465005,0.0320727925535234,0.0298201394994884,0.0206022926382081,0.0157583597633719,0.0092306388095069,0.0235252169193707,0.0368438736631121,0.0199097865167898,0.0136210024080702,0.0162393685608706,0.0165996920020362,0.0158728651220581,0.0097769426337894,0.001944982636618,0.0414710329206402,0.0544443381549849,0.0583949913074482,0.0555063891296812,0.0541082760521137,0.0355715629987045,0.0327970603486143,0.0338768875729029,0.0376830848989891,0.0374235973434555,0.0339989416329018,0.0354290047677037,0.033674675819654,0.0393756944369236,0.0380794731626948,0.0408601796664746,0.0398973399213155,0.0153681851569704,0.041457825566681,0.0153447530568975,0.0465944398921062,0.0465852517982208,0.039976980210677,0.046551490774723,0.0406487245835831,0.0429250081018032,0.0413184854082129,0.0437002149644927,0.0437079129082989,0.041386484921864,0.0328653235477417,0.0145072119959769,0.0118056039066877,0.0128358189059267,0.0122994199282071,0.057377740514733,0.057954430638644,0.0581149491321411,0.0581149491321411,0.0579447850646271,0.0355898637256594,0.0335120823595766,0.0305907350504744,0.0309446718157094,0.026657401320026,0.0353406567079903,0.0352799306196753,0.0326163739064523,0.0295220788425327,0.0278789966586072,0.032237703823782,0.0362720303565595,0.0329874023812319,0.0388536411412131,0.0448095904033157,0.0043887181689441,0.0293913867615854,0.0283666469549309,0.0059105921308869,0.0297128318591928,0.0171096770143069,0.0156688881121085,0.0279539869981646,0.021397242177311,0.0198885561072788,0.0081597743773342,0.0081542387046035,0.0081597743773342,0.0077584998221646,0.0001861379560695,0.0251606830432325,0.0366955278248705,0.0366805264091916,0.0362182490032454,0.0280960091141803,0.0193025797054628,0.0215363751403703,0.0288283220182118,0.0319559882251117,0.036046653996712,0.0055101142332631,0.0400880131552253,0.0380069510354041,0.0056067319645639,0.0365290065935178,0.0536779267004208,0.0378506261675209,0.0532754298382695,0.0467165187234375,0.0529619345225431
1474,1021,15887,1.0556468835592316,1.443682664054848,0.6926729986431479,103,5,182,5,10.778154681139757,15.560235063663075,0.0997939298805089,0.1229896291957471,0.1178387477487495,0.0868943048662973,0.0723734297951949,0.0066181681797408,0.0474893750405131,0.048550411301528,0.1270519826303651,0.0986232888704194,0.0563755622686133,0.064313675494417,0.0892299303008,0.076893706674473,0.0748814924122104,0.0990338317501355,0.1254760826706831,0.1364642418225884,0.1322083080591291,0.1294141302029402,0.0659200622418459,0.0636636252131684,0.1216219069259963,0.1115390829336794,0.1159700051474697,0.1007871931622803,0.1052614818852502,0.1031130328017131,0.0979075956470039,0.0977300164736931,0.1142991331060696,0.1240587963510499,0.0973068104437539,0.1240987528831556,0.0974744283179906,0.1303909620234914,0.130814814195614,0.1241999469770422,0.1306917939349869,0.1241978605307235,0.1267733381671765,0.1241499158666604,0.1278132996700642,0.1278132996700642,0.1241499158666604,0.0864673435216254,0.0566972365096023,0.0416207411872711,0.0418006358630905,0.0420000346901756,0.1037219322700292,0.1301368906142228,0.1314643058548818,0.1314643058548818,0.1258264185122273,0.1232169535295638,0.1189136732329255,0.1187905556914987,0.1038197065251238,0.0953080779411631,0.121661417965235,0.1178032290617435,0.1204008440666081,0.1090773843482617,0.1058702808683642,0.1003236220030674,0.1288499848337638,0.0861784084031759,0.1090853524561831,0.1284518339270521,0.0467719366474905,0.0838647918876401,0.0814145876528135,0.0850411166977784,0.0582312673931949,0.1010864964187243,0.1049861950681716,0.1040637932132422,0.1200016323159768,0.040976530012384,0.0483196942362958,0.0481372027842638,0.0483196942362958,0.0309166892690851,0.0043688906142554,0.0878804045453222,0.1274580465529029,0.1284612213148142,0.1094925032118928,0.1036784489076877,0.1038694227845055,0.1118325487504407,0.115874963609117,0.1322231397795049,0.1318062515383486,0.036294461736146,0.1342435555163417,0.1218710602638069,0.0381507455308049,0.1246468528163239,0.1307603917910986,0.1177113448723278,0.1276908639911451,0.1264611233044303,0.1268698104410819
854,8870,450123,5.9422335108475535,0.0962795941375422,10.386416861826698,4085,22,730,5,527.076112412178,50.7466741826381,0.5351020215202318,0.4435816289017054,0.3940295037341942,0.3042019366188842,0.260080462646212,0.4666739773699221,0.4968597457186605,0.5351843384912813,0.4907249441969465,0.5169295196171024,0.5063943503070412,0.4878018094385581,0.4822574442150266,0.440623639739215,0.1596001732887631,0.4726386019402764,0.5188116758119818,0.6064553318012926,0.6479504059325257,0.6510388429007845,0.0911778441196435,0.1120943303467249,0.4447544259381362,0.2792878420816685,0.218199544731853,0.1082314331491283,0.1331003490106397,0.1113709268729424,0.1744376792141263,0.1544931632191998,0.5198008681070403,0.5090431464681042,0.5090431464681042,0.5024650276183229,0.4906985668018677,0.4949005412618245,0.4964339463018746,0.3873287517161545,0.4976090492282818,0.3924375147685525,0.574493242612215,0.5155016998418993,0.4933343206992761,0.4791769203304259,0.4696283788447843,0.4399940055982292,0.1374050080858138,0.110413333056216,0.1116631615317578,0.1085938062934048,0.4187105700762502,0.5187688980584987,0.5490951050594214,0.5490951050594214,0.5509627265778629,0.4725383535562046,0.5218538827822138,0.4941148622821728,0.4167059271432215,0.3957098196435477,0.4769206708303349,0.5207822944875147,0.4807670975078553,0.4170449653197389,0.4603474348929637,0.5607050951496417,0.5131422200479847,0.4942213610844012,0.4369669399888459,0.5484713219650953,0.4581494794403166,0.5264961342380792,0.5312776299764017,0.5687098754839872,0.4928934508953896,0.21301273598893,0.2057405670178904,0.316612987759458,0.2063395752272255,0.2557472464643366,0.4673470910975317,0.4677106420416398,0.4673470910975317,0.4602241163698247,0.0136402835492664,0.5529651982136091,0.4758721749014418,0.4718993198719448,0.5918818982681598,0.5760078212056036,0.5381923395630397,0.552398179282907,0.564215538340958,0.5712579358504856,0.5752249084932298,0.272046330259538,0.497658136858978,0.5205715129159108,0.2721526225887904,0.522021187706491,0.4516282000242614,0.4515943078449745,0.5138798954896188,0.5138798954896188,0.545490955025203
4898,13073,126702,0.1978743167782559,0.3746653407787042,2.66904859126174,554,5,183,5,25.868109432421395,9.691884035798974,0.0111492413971564,0.0084057447245663,0.0072647485099251,0.0045448911736843,0.0045815320045506,0.0072756228128748,0.0091117723956252,0.0092089415283541,0.0116229191894987,0.0086984259752609,0.0088391776551588,0.0080733227474761,0.0075472994142323,0.007673184542471,0.0026829862463679,0.0186981468834659,0.0264414837016322,0.0253262955771682,0.0208420213759029,0.0188048115959068,0.0080274707264225,0.0063224142710121,0.011487387172273,0.0133198339661828,0.0137607209139385,0.0125499286084721,0.0135392297051402,0.013181416789361,0.0162437867140229,0.0168390211934138,0.0158643333257604,0.0175670625476341,0.0142050258648975,0.0183626138156024,0.0151710736149631,0.0185022132115021,0.0191375111373329,0.0165011756711343,0.0191682083926043,0.0171222462328201,0.0186593787490702,0.0178203630756762,0.0184322533571296,0.0185908864174996,0.018255370269347,0.0093276129153043,0.0047573426796598,0.0036721253155963,0.0038245234647694,0.0044714651919837,0.0141413797077995,0.0159542204765791,0.0159136208283881,0.0159136208283881,0.0159372343814273,0.0136070039027055,0.01251835134703,0.0124234800427469,0.0101499791503117,0.0084809491465979,0.0135169290246689,0.0134955393577083,0.0149404103881524,0.0127046885714718,0.0111130402639231,0.0099767246605353,0.0101496309249704,0.0110493974027744,0.0107120897059661,0.0153405853281536,0.006945166777571,0.0082329761688134,0.0083155573632727,0.0103367131036356,0.0080851272102172,0.0045220300147494,0.0043723393787804,0.0096352362746942,0.0072480119901218,0.0052875614333349,0.0086316342595211,0.0086411644805093,0.0086316342595211,0.0086520691784551,0.0005091035371724,0.0073363729222261,0.0140484759000995,0.0153452836091273,0.0126399428093631,0.0110204084477231,0.009002828127282,0.0097858967046897,0.0103218678164693,0.0111434380397767,0.0127586989851758,0.0060893071585818,0.0206930193665683,0.0199318041403717,0.0064254773052113,0.020532027657505,0.0243961618416871,0.0127537054242306,0.0225718297989944,0.0158445556504332,0.0224675946833304
1429,900,10261,0.7978384262499028,1.5877777777777775,0.6298110566829951,42,5,163,5,7.1805458362491255,11.401111111111112,0.0201341073153873,0.0492909870558636,0.0463917763685781,0.0359380328901279,0.0309658246919362,0.0039570684165927,0.0465022710265578,0.0458007653713563,0.0574896557983326,0.0403679924778889,0.0429463629320311,0.0409463934434325,0.0478359204769314,0.0439829305191879,0.0423264244118001,0.0479113219523621,0.0674243562682783,0.0769403843881214,0.0760773209819358,0.0754796108913039,0.0312021356883824,0.0297281360970303,0.0526959763398499,0.0476522637760563,0.0485078083633934,0.0481315624941536,0.0505405388241424,0.0491281468163224,0.0443491375030815,0.0441638687141166,0.0530069042194122,0.0526453323536801,0.0179367220203654,0.054433827914743,0.0179367220203654,0.071611994821057,0.0708580344814487,0.0542940187839854,0.070904060306425,0.0547560617356499,0.0584727061401504,0.0544676976219506,0.0595031402332129,0.0595031402332129,0.0544676976219506,0.0149373107205825,0.0226364406493877,0.0185130982308646,0.018501706459808,0.0183745983366586,0.0426787274881045,0.0656705596832859,0.0671556731814362,0.0671556731814362,0.0650938027986966,0.0580998840116223,0.0581473818485056,0.055825595330163,0.0457781356165822,0.0396959240179646,0.0598102764511565,0.0552312656300691,0.0571316952767115,0.0459218635463874,0.0456645088824308,0.0448904884291105,0.0738981394412571,0.037377045021183,0.0458704110231515,0.0741451764702102,0.0464525440009451,0.0302914763934249,0.0307062000071094,0.0312400158153461,0.0246148507568542,0.0393171641234032,0.0410333917693558,0.0465128950098723,0.0569215136646592,0.0159585514067359,0.0452241831440118,0.0452803594291185,0.0452241831440118,0.0236535883955721,0.0050001314886327,0.033889637042458,0.0610363916664019,0.0568650715560764,0.048109525374336,0.0444065292859079,0.0501007597361921,0.0556259354968768,0.0647415844761429,0.0659053434927682,0.0635441403262929,0.0438224183121042,0.0703285704344273,0.0561088398028682,0.0430177632998928,0.05948028127584,0.0742489042702924,0.0412590370859914,0.0744724675037056,0.0647949666561551,0.0744724675037056
19856,8510,157836,0.0934081438057894,2.3332549941245597,0.4285858178887993,147,5,520,5,7.949033037872684,18.54712103407756,0.0333134526388986,0.0334862224698275,0.0311555066213188,0.0204198799427688,0.0157811069766223,0.0091453799935985,0.0146150889969091,0.0272919470844596,0.0233935208036041,0.0147574584670669,0.0191892120091283,0.020115257054189,0.0193514327833467,0.0178481461365851,0.0091325665655369,0.0418492628691147,0.0576350740826562,0.0621325915629749,0.057695273698746,0.0560746128989075,0.0365417410865114,0.0308090654796896,0.0404447834808489,0.0442480103850938,0.0444767515622075,0.0399493167695188,0.0425092973314465,0.0394636933803454,0.0466459322821347,0.0445003402111166,0.0434001057030968,0.0432287061633862,0.019120249638149,0.0441673601310916,0.0191385016063176,0.0506585866798305,0.0504267906668425,0.0412879190592809,0.0503271045824588,0.0427220037184457,0.0457188764202214,0.0439742789298655,0.0480762817355298,0.0481209554359854,0.0441606619508194,0.0331435673248777,0.0117212490963679,0.0086550366808164,0.0086615952251008,0.0091872624393801,0.0612989751898352,0.0612826175423907,0.0609330240782674,0.0609330240782674,0.06044902437103,0.0358644513830058,0.0371992505716202,0.033274615027621,0.0309777112851977,0.0282048758578368,0.0345429126035644,0.0375379330567312,0.033755126448017,0.0307914588730452,0.0293387228304627,0.0366712333350117,0.0450238875133445,0.0378803726655803,0.0486216911581195,0.0553021289226081,0.0077125962130491,0.0323582889825565,0.0326382716056039,0.0358574374482753,0.0317825036834926,0.0185372152506035,0.0188303064267333,0.0295858521246326,0.0238411270359088,0.0189346424371103,0.0076901763948385,0.0076901763948385,0.0076901763948385,0.0073250657869252,0.0003702003968415,0.0233724092204838,0.0423863825433732,0.0442277116712157,0.036632073033158,0.0262062668295591,0.0262796365031736,0.0302937718706553,0.0352495567829784,0.040174085939714,0.044363713992502,0.007146324574921,0.0488903103622106,0.0421905931603385,0.0073245617942018,0.0421717392903473,0.0538973974867602,0.0411993140984123,0.0533906391026784,0.0500952046066527,0.0531174686352459
14681,8713,151254,0.1182451988461481,1.6849535177321244,0.5934881820039507,204,5,742,5,10.302704175464887,17.359577642603007,0.0367773802675113,0.0403445465275711,0.0393662085145726,0.026690075119178,0.0212945976707972,0.0142922508342564,0.0236137055509101,0.0305364561904884,0.0357421761143501,0.0243380712008998,0.0250477386726657,0.0299044713443051,0.027818217263929,0.0193082428771306,0.0105000235406927,0.0472990829697486,0.0635202727270327,0.0678372004498872,0.0636835146684594,0.0613977200599812,0.0394896951988522,0.0335950396041663,0.0444644025313646,0.0503569502617197,0.0495615632887031,0.0457954948549393,0.0486577866451564,0.0459541925683248,0.0525800600931837,0.0503060665954233,0.0496021762453202,0.0497038783339096,0.0277925024243352,0.0502958852648324,0.0278762959591211,0.0507371464724587,0.0508271614483622,0.0487415218290653,0.0508418159427953,0.0495009196848741,0.052918165602487,0.050263514964879,0.0533028176276165,0.0532751979873483,0.0503254084045535,0.0387393103132943,0.0158582188982515,0.0119850024328913,0.0123154731456597,0.0125641222127006,0.066633769627944,0.0679127655103502,0.0681293687391723,0.0681293687391723,0.0684514757059603,0.045125736895555,0.0449223590804676,0.0407925630567108,0.0373902610962522,0.0354302286597894,0.0443142390161196,0.0458485165604861,0.0429098548355432,0.0379399147846011,0.0370257752764178,0.0380767576566356,0.0478157967753965,0.036917499039617,0.0516212244944135,0.057358082302434,0.0129766255986044,0.0326179083569378,0.0324502076834901,0.0453737642143658,0.0281038724253882,0.023186818774888,0.0226027072296882,0.0354633074204363,0.0298972691891424,0.0234332347583464,0.013698181862958,0.0137069950097081,0.013698181862958,0.0136181445044905,0.0004139327479586,0.0292935007047106,0.0497833743845527,0.0512988237980019,0.04460801728619,0.0334570952734933,0.0294220204149783,0.0352510230390201,0.0414344133479845,0.0433974949622954,0.0467445338891985,0.010727754403235,0.0490382664298589,0.044565890400172,0.0111868429708459,0.0459376940457916,0.0605704216991679,0.0434572574502446,0.059763537489325,0.0529773474954759,0.0580819803170289
1761,443,10730,1.3754241318356208,3.975169300225734,0.2515616127200454,10,5,565,5,6.0931289040318,24.221218961625283,0.1068001392777861,0.1187595221824186,0.0994788729282508,0.0641053133787762,0.0478510868778312,0.0193666797690872,0.1625747372676187,0.1612943639344541,0.1021397073247561,0.0585463741402002,0.1556265655931311,0.1499908382070386,0.1185632892721489,0.1132830214646852,0.1291396567330928,0.1208607888986801,0.1472021762808094,0.1669502119835021,0.1685183509880204,0.1675240878623814,0.0984020870831488,0.0955978542509256,0.0729079926669428,0.0964504450278744,0.0987425669925357,0.0396251998357434,0.0461632954026329,0.0426581711444117,0.0278663924279092,0.0279131933462985,0.1514648980312766,0.1542329688372124,0.076776819839154,0.1522394455685131,0.076776819839154,0.1681151928463768,0.1681077578802456,0.1520870575527581,0.1681077578802456,0.1522394455685131,0.1556188287584076,0.1522394455685131,0.1563897812256857,0.1563897812256857,0.1522394455685131,0.035593842294268,0.0125782988434681,0.0113430418077287,0.0118820053297524,0.0117728727811487,0.1441248213439709,0.143598798307031,0.1491876603086989,0.1491876603086989,0.155530432184471,0.145092404214176,0.1581132213403704,0.1565842796993645,0.1347953293072315,0.127500921763921,0.1395491474279619,0.1545843480412298,0.1573083841679205,0.1424652567769606,0.138092762894312,0.0247569918826943,0.1678016132092784,0.0158269059034215,0.1200891830754972,0.1683499078366064,0.162324053341244,0.0242090456667973,0.0221718287066264,0.0216746770467223,0.0103789710807562,0.1030243610957838,0.1037099443651988,0.1648672212191316,0.1339446828247765,0.0242395826666128,0.1625753187338307,0.1626454770116579,0.1625753187338307,0.0362005692663771,0.0102727871323696,0.0748404587842198,0.1563981929528861,0.1565637128509372,0.1032502540197342,0.121996078440762,0.1456737795252218,0.1477403997099204,0.1494506467490617,0.1538733109889346,0.1593959618075401,0.1389563168944327,0.1310239085590729,0.1280400978791416,0.1480979414021706,0.1328540818553385,0.164488536826511,0.1605095686491034,0.1667199368163479,0.1664674999926916,0.1671105599267165
25587,15254,546349,0.139980339125212,1.6773960928281106,0.596162113573299,1214,5,8026,5,21.35260093015985,35.81676937196801,0.154566755119151,0.1703431428710174,0.1525726923931231,0.103264462900623,0.1044031110010137,0.1077441564495705,0.1526029620094314,0.1734622802951547,0.1250022878848628,0.0811256225192156,0.1311090795827384,0.1204424283948246,0.1039736542851235,0.0854560123986693,0.0687660021608352,0.1882780811420666,0.2231404308677272,0.2217946691351926,0.199923990980226,0.1897721702920285,0.1511922142314912,0.1421948378563395,0.0927172398051535,0.1524147525450176,0.1564645032449934,0.133332601290987,0.1432760171614247,0.1330812553151525,0.1573575920414635,0.1508970856221723,0.1687298859080976,0.1787521148625523,0.1447766020676433,0.1797853022219059,0.1470020117233357,0.1745974677807896,0.174816047345036,0.1724378454827745,0.1750159395894395,0.1752623356981285,0.1869094062548321,0.1847098402829331,0.1867532648800515,0.1863356533633541,0.1833411029229628,0.0880773225235465,0.0396376875396153,0.0319376935860288,0.0332222014682837,0.0328946233621363,0.2198086408106161,0.2194569317712222,0.2196287286846133,0.2196287286846133,0.2186182324050907,0.2086569679177095,0.2042732552040826,0.1931844183180027,0.1827173457092313,0.1632834147275105,0.2079400427911217,0.2057426721992583,0.2022174689641818,0.1904631382658007,0.1317318719188996,0.0868474394941279,0.1617157426120682,0.0826383028794097,0.1702706226056549,0.1864255729633083,0.1038071478884925,0.0557126333721773,0.058031289838645,0.1472432090610608,0.0556542162455789,0.0874264573676695,0.0710122067384691,0.1236351892376752,0.0949203630006484,0.0936925673222798,0.1058630883519005,0.1058615692213542,0.1058630883519005,0.1048125973737026,0.0003290977973384,0.1502545733837353,0.2137511897654641,0.2185762443590045,0.2034613798961011,0.1619449871543499,0.1310767359350871,0.1386610285089148,0.1480573792766077,0.1521513121683039,0.1566463301553303,0.0891654893050275,0.1321826054687512,0.1385091218769074,0.089961465048059,0.1376075434355425,0.2071902824353708,0.2031587145094646,0.1896178189945869,0.1885396284564495,0.1785167173915061
23421,11888,802784,0.2883264452539774,1.9701379542395692,0.5075786687161095,2389,5,2629,5,34.276247811792835,67.52893674293405,0.0921550538157914,0.1005103698443617,0.0893923549360437,0.0598455292805851,0.0582069425113428,0.0428298424027719,0.1135365233112895,0.1251293075727063,0.1014674127899154,0.0833715628219318,0.0926418596970879,0.0852126929620188,0.0730096005297493,0.0369859726856904,0.0139967750252404,0.1141443125036493,0.1365709493441191,0.1502801961297202,0.1505602207378765,0.147853253527374,0.0882594627447474,0.0755918152788202,0.1242930140463274,0.0918281458756282,0.0944067225150654,0.0734980234758948,0.0874300593547519,0.0728759148141151,0.0920875293021652,0.0811323447747626,0.1241199446107816,0.1268243602789973,0.1131658949017378,0.127310459318572,0.1136822249247826,0.0956121633721178,0.0978524839709495,0.1200595928203561,0.0992517344661087,0.1230162327458879,0.1326099635769446,0.1295915088309777,0.128937478140479,0.128640772109301,0.1279211351879099,0.1026481361384986,0.0214499082390509,0.013652787199799,0.0138566144029773,0.0145625711712855,0.145737669445079,0.1464197197302552,0.1470358938416096,0.1470358938416096,0.1453329857596372,0.1283976905957183,0.1126154740886532,0.1039230007910999,0.103715737548777,0.0907248723835436,0.1273916941342164,0.1135771957105842,0.110029614573043,0.1067486062806957,0.087938250153937,0.1283899163555665,0.127115576989157,0.1116268004581577,0.1356687295417296,0.1441932639047647,0.0305042174406523,0.0909638802698862,0.0912247075547477,0.1111356809133993,0.0766218214899373,0.0573459380706396,0.056611340467891,0.0735729634923509,0.06021149001705,0.0444010788158757,0.0299252469798426,0.0299312763372987,0.0299252469798426,0.030083006004788,0.0007006068439534,0.1004567199015648,0.1292995972958158,0.1307786579982897,0.1169000128062837,0.102691908682409,0.1059581363649733,0.1171680576114812,0.1229776954847055,0.1281269091518417,0.1327066010766033,0.0235064109116351,0.0913901539072038,0.0936982993757723,0.0234608412804996,0.0936441900290087,0.1279806983389972,0.1279716329164136,0.1315721780767437,0.1315721780767437,0.1313612124274398
22178,17803,240938,0.0610224626172515,1.2457450991405945,0.802732437550726,2767,5,300,5,10.863829019749302,13.533561759254058,0.1009201875057891,0.1189027241655948,0.1157960113516408,0.0790372437455537,0.0532697111072914,0.0044564708843764,0.0078244640991381,0.0293215072374607,0.1348574846834676,0.0926938014216387,0.0280392913877114,0.0424809342430413,0.0386999309686525,0.0175882192055258,0.0014123875778324,0.1428503788922856,0.1719955239555423,0.1755404306096816,0.1674658442862089,0.1623481173848269,0.1330200627020381,0.137221138262596,0.0614650547517629,0.1201766285032655,0.1180587308464572,0.1105557326590181,0.1055446613884052,0.1102007579571128,0.1238926738253748,0.1271960462848173,0.1347461511948638,0.1364421905820323,0.0646793112964257,0.1367205414286316,0.0646008409652787,0.1375335515815405,0.1373890551671212,0.1284669413934922,0.1370069997847265,0.1298378059061195,0.1496310566563408,0.1423258306559008,0.1464768734537761,0.1453134913168395,0.1386208881737141,0.1023805303075293,0.0716266995325351,0.0550113813212063,0.0563748377026518,0.0575841172065093,0.1793669149794194,0.1794883539769625,0.1800974396068542,0.1800974396068542,0.1794313371330271,0.1312863544079529,0.1355814698431665,0.1252703620886151,0.1171818600080963,0.0749904853498734,0.1349669039741013,0.1412754041478354,0.1358650219398619,0.1164998106234876,0.0774690679439583,0.0470225711828734,0.03712027123495,0.0758217401777796,0.0718266961066142,0.1129632246605861,0.0025770503406571,0.0436381283400073,0.0429843690586418,0.0150094850515864,0.0605105789144789,0.0687106027392287,0.0550379038459415,0.103565175818463,0.0928798920116635,0.0804258951478553,0.004985624634673,0.005043587444498,0.004985624634673,0.0049204157381316,0.0002402556192448,0.1106121616689618,0.1518809158430132,0.1535653440406281,0.1285971541905614,0.114805759008189,0.0086000446489073,0.0150331335238157,0.0290889657805305,0.0497348576503597,0.076524010261211,0.0048530298283116,0.1082323733796288,0.1161659272951163,0.0050399042092202,0.1170931605788615,0.1677824916315118,0.1003702489880643,0.1669381351058058,0.148649450602946,0.1667903497055641
5541,3568,64706,0.3272891118227514,1.5529708520179373,0.6439270889731096,578,5,272,5,11.677675509835767,18.135089686098656,0.0806023004310544,0.1137779466419102,0.1148521167832492,0.0832768336428904,0.062299407279242,0.0171258892706139,0.0199974603884591,0.0282038177725174,0.121900165369341,0.0908195404706831,0.0224090580538188,0.0639927779379048,0.0668917736120584,0.043682438457762,0.020112608448547,0.1226855473373573,0.1484460080791129,0.150005234935761,0.1379247607484722,0.1320200177683334,0.0859634364829932,0.0734470457569548,0.122794609772894,0.1235570131593725,0.1222765326901168,0.1207775382652669,0.1254654610632742,0.1220789525212616,0.1341512587683589,0.1324508200353212,0.126609217764407,0.1267798498668473,0.0762535494039204,0.1276746284106322,0.0769548137542326,0.1238905983050508,0.1239309437603632,0.1205768950296876,0.1242197243513341,0.1249114544410812,0.1317650107497056,0.1278244635440607,0.1317777259777819,0.1317839968069053,0.1280823409478559,0.0884014570013823,0.0595659195022908,0.0413400262201513,0.0432016484310387,0.0434851751163087,0.1476095506238651,0.1561517475880177,0.1543146189117185,0.1543146189117185,0.1524299276721424,0.1078077150523429,0.1224173139880506,0.1137362524592741,0.0955078667962077,0.0892032076393367,0.1091080391854874,0.117753078897334,0.1132149732919739,0.0987339961169512,0.0973265437933143,0.1172981135453418,0.1088436462768796,0.1244107352352605,0.1343622696104358,0.1344829928981295,0.0173123215128772,0.0914293301984607,0.0915021637460107,0.0991401732312872,0.0945245438905833,0.0840512637573004,0.0848101716483126,0.0870120399927258,0.1079366644751203,0.0591600055417991,0.0191122459192449,0.0190228478630898,0.0191122459192449,0.0187736188835969,0.0011436795152523,0.0879450464121824,0.133579000580883,0.1352080861545755,0.1198926653634158,0.1018187437277563,0.0550943693525988,0.0765856606504177,0.099935057224099,0.1148899270615087,0.1297849806926346,0.0129319196737181,0.132061326915952,0.1343811249563038,0.0120759333804876,0.136047476218802,0.1325161173010097,0.115625299960103,0.1280050383287249,0.1244797133399323,0.1270657330324849
43536,8655,714773,0.1896935404733409,5.030155979202773,0.1988009922822491,419,5,3790,5,16.41797592796766,82.58497978047372,0.0809882668725891,0.0838564637393373,0.0709653572074585,0.0490884429687422,0.0504077947769209,0.0569485705788667,0.0892770445713697,0.0738218303255339,0.0380886863088075,0.0384653796196504,0.0711164305181106,0.0658537978374844,0.0605984716319971,0.0162487753302901,0.0147085684901981,0.0841692527275321,0.0960574263632862,0.1073386180952778,0.1063339226805392,0.1033090082060045,0.073080435106368,0.0627776398097397,0.083363885369881,0.0786313609467428,0.0787955582800974,0.0666878189944972,0.0767226928573722,0.0662133544537034,0.0787423267553043,0.0722304120452203,0.0941279690779383,0.0966625248923208,0.0827523553576932,0.0970606901712822,0.083193420348499,0.0879253394741028,0.0880771164941263,0.0950354780853759,0.0882562789545431,0.0965135930338535,0.0982674597972018,0.0973373606897453,0.0974925108457022,0.0974979187719899,0.0972194763192065,0.0700594928158101,0.0244292981554143,0.0160526178736303,0.0163056946848577,0.0167083485422548,0.1055103883365331,0.1050241251815053,0.1054787074484504,0.1054787074484504,0.1059823221715509,0.086748252080304,0.0832759054116353,0.0787585623674257,0.0783493582239567,0.0720595269188102,0.0872678951599212,0.0847573683793157,0.0814451976243903,0.0764256941581919,0.075133026110887,0.0789372552343084,0.1052130406883103,0.0701606275248083,0.1014920912723034,0.1031082520907963,0.0242788942938372,0.0637731129852657,0.0634742426984187,0.0821807593997626,0.0561306356492129,0.0487852414494662,0.0458394980582395,0.0728928377867787,0.0513141451281731,0.0400728271281102,0.0232031495400873,0.0232394579320133,0.0232031495400873,0.0231254522934642,0.0006113506651087,0.0641986939189576,0.0970232208857632,0.0981812769959666,0.080077046984919,0.0716310769373769,0.0723552184163449,0.0798171988120958,0.0882933742761353,0.0895393143061273,0.0909635596498257,0.0176510499033297,0.0687733739295447,0.0650998144193833,0.0174154398574966,0.064969112020827,0.0935544468628461,0.0935359297590432,0.0948382049650349,0.0948382049650349,0.0929614603311203
26039,15483,709356,0.1759482011686537,1.6817800167926114,0.5946080878681977,1009,5,5427,5,27.242059986942664,45.81515210230575,0.04289689664488,0.0321148542059215,0.0268666022270082,0.0184042687959815,0.0214530340043533,0.0394648151962535,0.0524773703718504,0.057046287550378,0.0406634610572525,0.0324698696444426,0.0365931063275591,0.0330761411180504,0.0315590443532367,0.0335016959278252,0.032339195797421,0.0656072787402122,0.0883291338900777,0.0984591966639388,0.0923551666599493,0.0865931730668003,0.0343457884315092,0.0260697595652451,0.0539270560621029,0.0393374168993202,0.0405911039524072,0.0312132605235838,0.0381527321135872,0.0309711245856384,0.0438543342008357,0.0384072722823129,0.0916174478015592,0.0835092594451451,0.0743428604180113,0.0810605280337799,0.0712211927967575,0.0492747024597393,0.0495000217933026,0.0780613901452795,0.0497841835987093,0.0779217228525942,0.0872530763621537,0.0829614284693499,0.0837605084431116,0.0835959644333853,0.0826132454639797,0.03072189424075,0.0065653903550799,0.003994731105458,0.0040269334883362,0.0039406482443911,0.0806271008006281,0.0823684164203768,0.0829745333505908,0.0829745333505908,0.0793710306814567,0.0542451690221246,0.0487056418205501,0.0449171366842323,0.0436044646207222,0.0400029837202543,0.0542236884098858,0.0496413036499735,0.0468249218294311,0.044630187478406,0.0417102959710891,0.055529873790862,0.0712201192884562,0.0604421779185865,0.0799319126554308,0.0868403623860735,0.039757085389348,0.0461241102731802,0.047303045375498,0.0661058814938941,0.0459717930325706,0.0142946925925066,0.0056710442787159,0.0138571837343364,0.0115037843635458,0.0148349174244015,0.0395621227820332,0.0395621227820332,0.0395621227820332,0.0396148020954725,0.0003868057972278,0.0418978711093161,0.0617875063970685,0.0632875905160562,0.0551196762884985,0.0457164876066625,0.0549695189601432,0.0584904421546203,0.0653445049078443,0.0706842869955851,0.0762195688436572,0.032076845606497,0.0405228030415533,0.0412111202892213,0.0333489579754547,0.0413714433597683,0.0719424913292094,0.0718438486303342,0.0692351008404757,0.0692161085117973,0.0661825546358257
32987,7604,459769,0.1832967467282274,4.3381115202524985,0.2305150513838785,396,5,3309,5,13.937884621214415,60.4640978432404,0.0958077134442077,0.0975285798891682,0.0855878109671725,0.0565129066832542,0.0531309451360546,0.0282908535824102,0.1051403604360984,0.0951334143972442,0.0410241159288964,0.0346704880637319,0.0757211079676926,0.0704471456442279,0.0663473426741621,0.0326319612757775,0.0071426655618647,0.0945407568004436,0.1091469297584823,0.1210955397746378,0.1181708582513994,0.1137790995019617,0.0889225312312921,0.078182483972777,0.0943543683972957,0.0937222357450827,0.0954433136759514,0.0829000710666277,0.0931949684079402,0.0838220798881431,0.0960686558461551,0.0894169269497671,0.1020495098281051,0.1062762221348787,0.0849834296932819,0.1066525526257909,0.085483626471954,0.0978603516226827,0.0982787852921067,0.1043451518974209,0.0986985389865334,0.1055033207901045,0.107647334500964,0.1072125989495604,0.1077251887516267,0.107652453347296,0.1068014697750316,0.0802916807360066,0.0287783854692961,0.0219979148760282,0.0223563602181026,0.0219510703781626,0.1207515812840743,0.1208771759533138,0.1206317513610782,0.1206317513610782,0.1218523688005511,0.0995371093362154,0.0951114711993928,0.0881224028847406,0.0881856052121855,0.0799291926783377,0.0996970761362271,0.0968531488555341,0.09171757572417,0.0869773585410573,0.0848296987313027,0.0905620908832044,0.1154230577738403,0.0867676594195637,0.1138313292185876,0.1184950540413417,0.0245068488158445,0.0737591838486538,0.0732315157179866,0.0925757604781648,0.0689601947668822,0.0503922457637202,0.052914793655052,0.0881783787306893,0.0602598221930052,0.0545443700583667,0.0260973264259503,0.0260943938282626,0.0260973264259503,0.0263510223595958,0.000649011305238,0.0684744484237499,0.1082694054031258,0.1105159750940141,0.090526869664915,0.0773081248390936,0.0663826075156833,0.0764730505201412,0.0897904360387432,0.0973209753636889,0.1031726622844924,0.0182151117955004,0.089273742736766,0.0847108524657791,0.0189134064096479,0.0848470563823446,0.1073943502846181,0.1073203595326576,0.1070356142578622,0.1070325827606057,0.1027857315559421
6040,3416,999611,4.84480415496999,1.7681498829039812,0.5655629139072847,2277,18,3428,5,165.49850993377484,292.6261709601874,0.4018954527885823,0.3353565225377316,0.2996883316177661,0.2347407569020956,0.2219464220287488,0.3059574968711208,0.3942359212572223,0.4103876866389922,0.4074422623603647,0.3867815907918064,0.3836076585190178,0.3747556550953436,0.3457554851434007,0.1810021810036499,0.0797303646888005,0.2951466111038112,0.3572703623597262,0.4255830619068556,0.4579011966608686,0.461795740940304,0.1840935366572096,0.1758104774863622,0.4041373609024862,0.1828956408786506,0.1920788820161295,0.096774514320097,0.1446942958297791,0.096871463449917,0.1541264902544407,0.1138346399423632,0.287903403715065,0.3173820783081592,0.3173820783081592,0.3347142776764842,0.3434832295818198,0.2811985819781076,0.2819795193959046,0.317312231053339,0.2820141803055989,0.3316616115541981,0.3984085377631453,0.375046169543594,0.3606904806284999,0.3515621861697018,0.348015497301988,0.3413796308966464,0.1209237255315087,0.093514841008525,0.0976984245018303,0.0962243223804484,0.389947193938842,0.3973481488792437,0.398082433528662,0.398082433528662,0.3882503559153172,0.3810476811824371,0.3828790135347467,0.3631899375933187,0.3082808050190409,0.3109453640111093,0.3829994618460007,0.3643113334685882,0.3412868935385533,0.3097163539481194,0.309410856051658,0.4361972246070593,0.4027176109979386,0.4008972386992922,0.3897723330411085,0.4146621512026908,0.2190482329376747,0.3613878878937256,0.3609353343387499,0.3768689472092456,0.3095873949745424,0.1775204840094027,0.2748583103241054,0.264768681481524,0.2206255545836114,0.1645713253001302,0.2187578651334815,0.2187540763343683,0.2187578651334815,0.216523276634056,0.010632438067934,0.4114885158446477,0.4302489209807563,0.4289230056964975,0.4410540679355954,0.4282575606694757,0.3454836235572251,0.3755425381263363,0.398941709345172,0.4006224478565524,0.3935460760936893,0.1491871418792977,0.3941301732224594,0.4035050504886063,0.1490123243388793,0.4040271133957173,0.3570288485083218,0.3570173374018217,0.391978404903161,0.3919824806897659,0.4051238773096558
7025,9432,118668,0.1790950168880678,0.74480491942324,1.342633451957295,2499,5,380,5,16.892241992882564,12.58142493638677,0.0295663959369316,0.0349363996344734,0.0331818130832777,0.0225817585935053,0.0170901072537087,0.0115522285409506,0.011839066461349,0.0122874270143108,0.0363418327905582,0.0270155717151569,0.0137722483312312,0.0167593646190768,0.0170645468359907,0.0116018608122273,0.003931396725612,0.0469280960588987,0.0669612703358149,0.0680586625824819,0.062703140372795,0.0600018431073441,0.0254623615419116,0.0205645397370984,0.0404518607009275,0.0361103112824805,0.0376539044398645,0.0340884158423262,0.0353899055282099,0.0343304330207775,0.0422590251014233,0.0412905257450215,0.0449844609227972,0.040593563441624,0.0247029402487803,0.041287965878068,0.0246269244742762,0.0511258555747616,0.0495452780570777,0.038548413015234,0.0483115369284617,0.0385463176527706,0.0540989082303433,0.0494646767644122,0.0514440962648244,0.0460187150885233,0.0408615196170064,0.0343305411362057,0.0176270743767179,0.0137195649075182,0.0136877606042952,0.0137724709309606,0.0624865729597016,0.067154552659571,0.0675746975977243,0.0675746975977243,0.0678004530176152,0.0383776728623182,0.0355593724737945,0.0325035207825701,0.0269191060354565,0.0223122234233707,0.0373462802260016,0.0358040516931335,0.0329651864717577,0.0278324626105264,0.0246008754837171,0.044245797000389,0.0419740051261681,0.0478827662903145,0.049314806534817,0.0543456890010625,0.0114312996230468,0.0376416853966321,0.0387215524450767,0.0417194303768323,0.0407089149039673,0.0200070744447939,0.0181227224481439,0.0278060255660506,0.0283410234911798,0.0211254675402608,0.0116766561256366,0.0116852910420711,0.0116766561256366,0.0116870280940815,0.0004428486420432,0.0228801499845468,0.0438360481050255,0.0457474850969785,0.0398150987158525,0.0321582954606093,0.0204651287654717,0.0258971996498445,0.0369516762794845,0.0439695336576933,0.050030119390054,0.0084520888165798,0.0559636236997579,0.0554899271438565,0.0088803243148912,0.0563176466165352,0.0601156088816746,0.0468870317409543,0.0577265646935567,0.0532559202568376,0.0572533073087207
936,2028,20050,1.0562593772652944,0.4615384615384615,2.1666666666666665,440,5,87,5,21.42094017094017,9.886587771203155,0.0387464259388817,0.0572632592153155,0.0547195010315645,0.0454001783475032,0.0325429291839984,0.0023499253980253,0.0279822747343091,0.0320513581470816,0.0435605137591827,0.0605663282796239,0.0320917125497841,0.0331701007046053,0.0357987778689862,0.0267785728245316,0.0191246351442419,0.0693138404061197,0.0779696791393725,0.0772598643049565,0.0711866022075256,0.0676564927623549,0.0139005560848334,0.013711422677157,0.0331018663254342,0.041964202598649,0.0457655948058865,0.0589097871490399,0.0585488535194086,0.0590782265919311,0.0634943913051523,0.0643317957115074,0.0510409031776244,0.0609017490650501,0.0519133759905236,0.0625411453304785,0.0533038984217505,0.061450587406147,0.0648552581402967,0.0598126901654753,0.0658037860745242,0.0624163987253284,0.0630073740416945,0.0626544800705495,0.0637532220650065,0.0637532220650065,0.0626544800705495,0.0368995541111521,0.0435475052764729,0.0321450964649979,0.0319439686534638,0.0310661471162044,0.0374644327217693,0.0667417775113416,0.0722909307998388,0.0722909307998388,0.0736906018071552,0.0371536855712249,0.0578660479733631,0.0626203257583591,0.0617232472041649,0.0581253568091568,0.0396667349051939,0.0606808764899884,0.061984212818353,0.0668232515832177,0.0607392242573826,0.0590951362359326,0.063878985953784,0.0621847911034435,0.0620975504145167,0.0658796079196458,0.0108404609792639,0.0542111669614036,0.0550699607405623,0.0598099022597602,0.0553802542045389,0.0428802238511885,0.0480733497306767,0.0429753288117946,0.0609588100537448,0.0191397490870502,0.0236481382167988,0.0234611586334996,0.0236481382167988,0.0210993378720103,0.002885085552272,0.0560003171102126,0.0584243881818764,0.0590890302998149,0.0715525003102531,0.0639411578692757,0.0378866237316197,0.042797015932623,0.0530692138860094,0.0655285085224041,0.0711848824796463,0.0161515262587334,0.0684256233896292,0.0690098384918485,0.0174209688370911,0.0701916715081055,0.0722419108673112,0.0315597008447392,0.069619728728508,0.0494280234874604,0.0696118737213503
4911,3166,42380,0.2725712888402831,1.551168667087808,0.6446752188963552,359,5,152,5,8.629607004683363,13.385975994946303,0.0107001472973485,0.0086513643090165,0.0074510619068217,0.0069588099294578,0.0050819889175953,0.0037814998747618,0.0153566219983052,0.0154850919716459,0.0137601993218747,0.0071658848320559,0.014167820789133,0.0134521893283656,0.0094792299764771,0.0131718806315995,0.0135674177928084,0.0091276809935426,0.0121593573522131,0.0155603418365066,0.0162921690404829,0.0163434919191193,0.0094655956827262,0.0092734055772381,0.013704449446955,0.0109392331896523,0.0119947585406135,0.012302195452663,0.0133127182177496,0.0121764326863449,0.0117178011983859,0.0111817333300986,0.0040311127843818,0.0042901692390653,0.0023832905327411,0.0043401353692565,0.0024019392689169,0.0100516158613915,0.0106166464762529,0.0038963740576301,0.011138636589422,0.0042942491772497,0.0047937370493533,0.0043749125712901,0.0048777152784038,0.0048777152784038,0.0043749125712901,0.0087928855412459,0.0028473753699163,0.0028215015037725,0.0027104529171308,0.0029010907767396,0.0109723716360172,0.0127459058214278,0.0141206198014496,0.0141206198014496,0.0139001228474494,0.0101818570864688,0.0130156925144982,0.0108495430022017,0.0089541955696553,0.00775597782304,0.0106090095634888,0.0117393790962679,0.011616804708051,0.0090114871560657,0.0098170087671186,0.0112084754979919,0.0185772283334917,0.0093802260311247,0.013346572232734,0.0179663576059413,0.0054218133801562,0.0080750633347729,0.0075590885776685,0.0087660204620688,0.0059894940306479,0.0057762963175658,0.0057522694652829,0.0149104130272511,0.0070300043116862,0.0043864097228978,0.0153886413536973,0.0153592389548766,0.0153886413536973,0.0150950914466287,0.0014730577158122,0.0060033954048028,0.0126064051798557,0.0128046180600405,0.0081217992256585,0.008818809896858,0.0162463019273959,0.0152421843635647,0.01280934491956,0.0123027351670975,0.010933752732174,0.0108678439102538,0.0152663182554531,0.0118435809740435,0.0134144006770238,0.0112322736566737,0.0182995369958393,0.0035989552821638,0.0182964545432815,0.0125775606362973,0.0182964545432815
2287,7055,128530,0.7966018760088839,0.3241672572643515,3.084827284652383,348,5,1274,5,56.20026235242676,18.218284904323173,0.1742437763758651,0.1694824750427695,0.1390146377855994,0.0915566915227057,0.0855071331033225,0.1589457058071611,0.1593860291472424,0.165051894983291,0.1596376893908977,0.135471107457122,0.1633089740199756,0.1479623813516301,0.1446697215373037,0.1472654393418629,0.0736031886328451,0.1602897605792474,0.1907697167710455,0.2183554728639727,0.2017388709060699,0.1895272744002964,0.1459910632997071,0.1425506603911345,0.2023180677372111,0.0888141289328646,0.0995607636667229,0.0728760394254244,0.0848674428082585,0.0717238719687936,0.1125909621476737,0.1055038117425349,0.1754581072906698,0.1859015479285578,0.1858968216547477,0.188659224845399,0.1885957326729355,0.1727176537174892,0.17274422008488,0.1892627673417817,0.1724552063671972,0.1882808545003619,0.1993720072468346,0.1975531809290564,0.1959407875969204,0.1953862845183289,0.194846396872842,0.1366054784683034,0.0315807795789863,0.0259506653539209,0.0256095067722441,0.0262071598394923,0.1874612591283947,0.2015177713372352,0.1985905082801448,0.1985905082801448,0.1942428529386761,0.1779100522413801,0.1659474959193744,0.157367816840255,0.1267117564544369,0.1137642141759314,0.1799242624917459,0.1790896946925174,0.1693227625601956,0.1411740208238637,0.1326149802074383,0.1686921735889595,0.204897167662388,0.1326080114486069,0.2098709532239064,0.2105821814593789,0.1590200439991145,0.0980178294639115,0.1003468025488114,0.1313148784010107,0.0871542864947107,0.0555864167349819,0.0335993413088849,0.1565524003373599,0.0827962647530985,0.0898779721424341,0.1586279227466673,0.158619050170771,0.1586279227466673,0.1566466192029459,0.0014743453166863,0.1365450084354374,0.2057523549617693,0.2096025795367158,0.1861330915472499,0.171002795697967,0.1792348725382613,0.1851485550192288,0.1869364054098261,0.1839779714859046,0.1794540997686572,0.1368691086216215,0.1700018327028663,0.1704398815230416,0.136328148265423,0.1692401041397887,0.1889213921967036,0.1889213921967036,0.1843221447941752,0.1843221447941752,0.1790188734798652
9983,7814,545591,0.6994114207103189,1.277578704888661,0.7827306420915556,663,5,3846,5,54.65200841430432,69.82224212951114,0.1439220433966928,0.1125384223866254,0.0857662243000138,0.0527039804895989,0.0540647350245384,0.1044672384477893,0.1451121800075163,0.1605538754067113,0.1272841612616169,0.1077894901736504,0.1272106124405597,0.1144719373091678,0.1104683561318623,0.0934476122191743,0.0439232153463751,0.1001245809814327,0.1438560651607692,0.1770998029074322,0.1771539731819368,0.1707704437816368,0.1144159850380762,0.1060208575290988,0.1468311544920592,0.0719891679406437,0.0795728970974237,0.0443474692576121,0.0607348210235662,0.0433639425797007,0.072077981371358,0.0594075658428085,0.1458284167762435,0.151778668486033,0.1516288052512824,0.1524907771167408,0.1525007169575704,0.1275154015835189,0.1275411050546389,0.1511926674896258,0.1274910661498708,0.1519377659253484,0.1648588341020632,0.1599049631318973,0.1580877836010832,0.1570976366538541,0.1565762517792618,0.0921378262096707,0.0202121738880137,0.0110418557354111,0.0114862750044631,0.0120720141680538,0.158433795515749,0.1587501030290629,0.1592271433214152,0.1592271433214152,0.1572317619819813,0.160426359353343,0.1314051482814479,0.120790302021126,0.1087283229648701,0.1043745904984096,0.1603481131441275,0.1346125850111968,0.1278919074008346,0.1170328012434765,0.1110312885887388,0.109792220368866,0.1710424383774758,0.0945240595240312,0.1750294454368313,0.1779742328133107,0.1028122595401494,0.0807384731645505,0.0822649289729677,0.0990057298632888,0.0749147503953566,0.0353770860469366,0.0210738952593656,0.0528523388743473,0.0294374137877029,0.037924609259905,0.1038894772742083,0.1038894772742083,0.1038894772742083,0.1030635685727794,0.0015592132634153,0.1207769687342018,0.1581514968937468,0.1619660901543613,0.1421785622165508,0.1261686232507537,0.1400404317381258,0.1474733026129387,0.1513988347551528,0.1474751117794344,0.1435279167875089,0.0854067538503014,0.1217044327196716,0.1297910999519199,0.0842707969066992,0.1290140287273136,0.1499156962365159,0.1499156962365159,0.1522706084166084,0.1522706084166084,0.1494133003816189
4905,2420,53258,0.4486735579312726,2.0268595041322315,0.4933741080530071,94,5,311,5,10.8579001019368,22.007438016528926,0.0299234390115999,0.0338098730210488,0.030669244168065,0.0221257065625445,0.0164839366102056,0.0147712365614432,0.0149948496067316,0.0174948968252959,0.0366389190410629,0.0254844291078445,0.0189254761153419,0.0243121427505177,0.0222933640406824,0.0218570897095185,0.0170707731240966,0.0444423548056044,0.0578619137295888,0.0608681831369792,0.0573288814267688,0.0550226528691076,0.025476218245371,0.0222725311708296,0.039176435334789,0.0371650943129368,0.0398151377384593,0.037816140392615,0.0384060304415954,0.0375320478752724,0.0422645679003494,0.0416382782851841,0.0571592832285946,0.050885528280215,0.0256725489797787,0.0565629851372608,0.0257492402172453,0.046902870901377,0.0467320201920008,0.055572203566176,0.0465802148480684,0.0560496216043842,0.0578360196353538,0.0565067699374746,0.0576297012466481,0.0576297012466481,0.0565046818340544,0.0292287342881764,0.0158900475622426,0.0134017302714784,0.0125429938133404,0.0128173332109206,0.0507834249869936,0.0595673173300326,0.0597513933328366,0.0597513933328366,0.0581351357929683,0.0395250880152635,0.0382511513753015,0.0363527856101017,0.0314258423097152,0.0283247001561015,0.0361198992956632,0.0370760934134309,0.035941693725743,0.029541486906246,0.0294559529556238,0.0361184088561558,0.0440239971132738,0.0396002460874677,0.0482362973960108,0.0517180814393083,0.015161691546304,0.0348400661508926,0.0334106960907241,0.0334825065556543,0.0352955378408643,0.0226786210007135,0.0229789527603409,0.0371573573097393,0.0315467074855134,0.0159034443926799,0.0144356878755377,0.0144637553633719,0.0144356878755377,0.0141014723082435,0.00152486868649,0.0250336445268204,0.0441654738810163,0.0452095303579848,0.0373093248905151,0.0300324645168768,0.0239272309472401,0.0255080396067802,0.0311436641257384,0.0408938268549386,0.046963570181748,0.0116578941465272,0.0549815399264856,0.0500310269331717,0.0122574139364395,0.0509097319254822,0.055177009860664,0.0366107590319406,0.0537438523208834,0.0459094777667471,0.0530733104648881
