num_users,num_items,num_interactions,density,user_item_ratio,item_user_ratio,highest_num_rating_by_single_user,lowest_num_rating_by_single_user,highest_num_rating_on_single_item,lowest_num_rating_on_single_item,mean_num_ratings_by_user,mean_num_ratings_on_item,BPR_0,BPR_1,BPR_2,BPR_3,BPR_4,CDAE_0,CDAE_1,CDAE_2,CDAE_3,CDAE_4,DMF_0,DMF_1,DMF_2,DMF_3,DMF_4,EASE_0,EASE_1,EASE_2,EASE_3,EASE_4,ENMF_0,ENMF_1,ENMF_2,ENMF_3,ENMF_4,ImplicitMF_0,ImplicitMF_1,ImplicitMF_2,ImplicitMF_3,ImplicitMF_4,ItemItem_0,ItemItem_1,ItemItem_2,ItemItem_3,ItemItem_4,ItemKNNRP_0,ItemKNNRP_1,ItemKNNRP_2,ItemKNNRP_3,ItemKNNRP_4,ItemKNN_0,ItemKNN_1,ItemKNN_2,ItemKNN_3,ItemKNN_4,LINE_0,LINE_1,LINE_2,LINE_3,LINE_4,MacridVAE_0,MacridVAE_1,MacridVAE_2,MacridVAE_3,MacridVAE_4,MultiDAE_0,MultiDAE_1,MultiDAE_2,MultiDAE_3,MultiDAE_4,MultiVAE_0,MultiVAE_1,MultiVAE_2,MultiVAE_3,MultiVAE_4,NCEPLRec_0,NCEPLRec_1,NCEPLRec_2,NCEPLRec_3,NCEPLRec_4,NMF_0,NMF_1,NMF_2,NMF_3,NMF_4,NeuMF_0,NeuMF_1,NeuMF_2,NeuMF_3,NeuMF_4,PopScore_0,PopScore_1,PopScore_2,Pop_0,Random_0,RecVAE_0,RecVAE_1,RecVAE_2,RecVAE_3,RecVAE_4,SVD_0,SVD_1,SVD_2,SVD_3,SVD_4,SimpleX_0,SimpleX_1,SimpleX_2,SimpleX_3,SimpleX_4,UserUser_0,UserUser_1,UserUser_2,UserUser_3,UserUser_4
22363,12101,198502,0.0733522706417427,1.8480290885050823,0.5411170236551447,204,5,431,5,8.876358270357287,16.403768283612923,0.0217233823726691,0.0237803514734158,0.0236640880025041,0.0174216339489334,0.0133076957474399,0.0032196038098644,0.0130393954299512,0.0203192773778115,0.0203729374413092,0.0130662254617,0.011000313017037,0.0148370075571255,0.0142646335464829,0.0068774314716272,0.0030407369315386,0.0393775432634261,0.0491973348835128,0.0487591110316146,0.0443858158565487,0.0422662433483879,0.0263292044895586,0.0226982068595447,0.0297992219290792,0.028931717569199,0.0291731878549389,0.0254438134418458,0.0277243661404998,0.0258641506059115,0.0299423154317398,0.0291731878549389,0.0375978178240843,0.0346107409560434,0.0221705495684836,0.03690918034253,0.0219559093144926,0.0371062762529506,0.0371152223964111,0.0355501160145114,0.0370526197888669,0.0361403803124005,0.0382238518982247,0.0369181236864463,0.0384653221839645,0.0384653221839645,0.03690918034253,0.0220453427536555,0.0137906363189195,0.011062916424451,0.0108929928900415,0.011340160085856,0.0483566605553816,0.0481420203013906,0.048338773867549,0.048338773867549,0.0480973035818091,0.0288512274739524,0.0268747484684523,0.0233063542458524,0.0233510709654339,0.0209005947323703,0.0287528506908732,0.0278764029870768,0.0261950543308142,0.0221079461610696,0.0214819120869292,0.0308455931672852,0.0310960067969413,0.0336985198765818,0.0373384608505119,0.0396995036444126,0.0025309663283101,0.025936925377003,0.025865370625544,0.0171630869883958,0.0288436981527906,0.0143182936099807,0.0129857353664534,0.0206948978222956,0.0182891383088136,0.0176452175468407,0.0032464338416133,0.003237490497697,0.0032464338416133,0.0033537539686088,0.0001430935026606,0.0203103340338952,0.0309618566381969,0.0317309842149979,0.0283235701828913,0.0207843312614586,0.0174574073245986,0.0194786030496802,0.0241380852300674,0.0308903098868666,0.034968474712695,0.0026114564235567,0.0299959754952376,0.0255153601931761,0.0027008898627196,0.0252023431561059,0.0418906229039037,0.0321692080668961,0.0407369315387022,0.0379913249564011,0.0400572374010642
1819,14868,984499,3.640240086741704,0.1223432875975248,8.173721825178669,7025,15,1541,5,541.2308960967565,66.21596717783159,0.6072567344694887,0.5022539857064321,0.4359538207806487,0.2952171522814732,0.2565145684442001,0.5411764705882354,0.5995601979109402,0.6241891148982958,0.6035184167124793,0.6097855964815833,0.5781198460692688,0.554150632215503,0.5612974161627268,0.5209455744914788,0.1334799340296866,0.4953271028037383,0.5838372732270478,0.691698735568994,0.7353490929081913,0.7421660252886202,0.4886201209455745,0.4757559098405717,0.565475536008796,0.2534359538207806,0.2268279274326552,0.0996151731720725,0.148433205057724,0.1009345794392523,0.1622869708631115,0.1198460692688289,0.611105002748763,0.588785046728972,0.588785046728972,0.5877954920285872,0.5643760307861463,0.559648158328752,0.5622869708631116,0.4001099505222649,0.5619571192963166,0.4201209455744914,0.6315557998900495,0.5728422210005497,0.5496426608026388,0.530841121495327,0.5121495327102804,0.4974161627267729,0.0670698185816382,0.0499175371083012,0.0493677844969763,0.050687190764156,0.5565695437053326,0.6278174821330401,0.640131940626718,0.640131940626718,0.6229796591533809,0.5575590984057175,0.6006597031335899,0.5735019241341396,0.4446399120395822,0.4670698185816382,0.5757009345794393,0.5543705332600329,0.4759758108851016,0.439692138537658,0.4158328752061572,0.6785046728971963,0.5820780648708082,0.651676745464541,0.5335898845519516,0.583287520615723,0.5335898845519516,0.6625618471687741,0.6648708081363386,0.685981308411215,0.6577240241891149,0.1451346893897745,0.1797691039032435,0.2317757009345794,0.1543705332600329,0.1369983507421659,0.5434854315557999,0.543375481033535,0.5434854315557999,0.5363386476085761,0.0083562396921384,0.634524463991204,0.5874656404617922,0.594392523364486,0.6944474986256185,0.6649807586586036,0.6037383177570093,0.6233095107201759,0.6420010995052227,0.6543155579989005,0.6604727872457394,0.2984057174271577,0.4756459593183068,0.4879604178119846,0.3013743815283122,0.491039032435404,0.5048927982407916,0.5046728971962617,0.5570093457943924,0.5570093457943924,0.588785046728972
9930,24780,206241,0.0838155222148258,0.400726392251816,2.495468277945619,1747,5,218,5,20.76948640483384,8.322881355932203,0.0095266868076535,0.0097079556898287,0.0092447129909365,0.0070090634441087,0.0047935548841893,0.003262839879154,0.0050352467270895,0.0058408862034239,0.0122658610271902,0.0105538771399798,0.0084390735146021,0.0076334340382678,0.0080563947633433,0.0065055387713997,0.000342396777442,0.0205438066465256,0.0243705941591137,0.0256596173212487,0.0241490433031218,0.0229405840886203,0.0082175226586101,0.0065659617321248,0.0106143001007048,0.0105337361530714,0.0113796576032225,0.0103524672708962,0.0111178247734138,0.010171198388721,0.0129707955689828,0.0131117824773413,0.0124874118831822,0.0158912386706948,0.0144813695871097,0.0160120845921449,0.0148439073514602,0.0169587109768378,0.0178046324269888,0.0153877139979858,0.0182275931520644,0.0157301107754279,0.0188721047331318,0.01742195367573,0.0168982880161127,0.0164954682779456,0.0163141993957703,0.0095468277945618,0.0060422960725075,0.0042296072507552,0.0046928499496474,0.0051560926485397,0.0173816717019133,0.0174823766364551,0.0181268882175226,0.0181268882175226,0.0180664652567975,0.0140382678751258,0.01742195367573,0.0169587109768378,0.0138167170191339,0.0101309164149043,0.0144209466263846,0.0178449144008056,0.0179053373615306,0.0145216515609264,0.0065659617321248,0.0091440080563947,0.0097482376636454,0.0114400805639476,0.0109566968781469,0.0150654582074521,0.0016515609264853,0.0085196374622356,0.0086807653575024,0.0050956696878146,0.0093051359516615,0.0052769385699898,0.0034642497482376,0.0106747230614299,0.0083987915407854,0.0065055387713997,0.0044108761329304,0.0044108761329304,0.0044108761329304,0.0044310171198388,0.0002215508559918,0.0132326283987915,0.0183081570996978,0.0180664652567975,0.0158308157099697,0.0147432024169183,0.0029405840886203,0.0046727089627391,0.0077744209466263,0.0107552870090634,0.0122255790533735,0.0019335347432023,0.0172205438066464,0.0172205438066464,0.0020543806646525,0.0181873111782477,0.0255991943605236,0.010453172205438,0.0252165156092648,0.016858006042296,0.0250755287009063
576,550,13116,4.140151515151516,1.0472727272727274,0.9548611111111112,146,5,352,5,22.77083333333333,23.847272727272728,0.226736111111111,0.340625,0.3284722222222222,0.2326388888888888,0.1826388888888888,0.145486111111111,0.28125,0.3239583333333333,0.3208333333333333,0.2246527777777777,0.2503472222222222,0.3430555555555555,0.3354166666666667,0.2847222222222222,0.2965277777777778,0.2815972222222222,0.3694444444444444,0.3798611111111111,0.3420138888888889,0.3201388888888888,0.036111111111111,0.0420138888888888,0.1854166666666666,0.2097222222222222,0.225,0.1944444444444444,0.2152777777777777,0.1892361111111111,0.2208333333333333,0.2194444444444444,0.38125,0.404861111111111,0.3940972222222222,0.40625,0.3951388888888889,0.2996527777777777,0.3010416666666667,0.3989583333333333,0.3013888888888889,0.4059027777777778,0.4020833333333333,0.4059027777777778,0.4038194444444444,0.4038194444444444,0.4059027777777778,0.1652777777777777,0.1378472222222221,0.0885416666666666,0.0815972222222221,0.0788194444444444,0.265625,0.3704861111111111,0.3659722222222222,0.3659722222222222,0.3701388888888889,0.3340277777777777,0.3590277777777778,0.3538194444444444,0.2975694444444444,0.2836805555555555,0.3253472222222222,0.3517361111111111,0.3399305555555555,0.321875,0.3097222222222222,0.2378472222222221,0.3315972222222222,0.2420138888888889,0.2375,0.3357638888888888,0.2482638888888889,0.2041666666666666,0.2090277777777777,0.2347222222222222,0.1871527777777777,0.2760416666666666,0.2795138888888889,0.2861111111111111,0.33125,0.0850694444444444,0.2458333333333333,0.2458333333333333,0.2458333333333333,0.0402777777777777,0.0083333333333332,0.2340277777777777,0.3652777777777777,0.3725694444444444,0.3479166666666666,0.3423611111111111,0.3260416666666667,0.3652777777777777,0.3635416666666666,0.3489583333333333,0.3430555555555555,0.1458333333333333,0.3923611111111111,0.3826388888888888,0.1430555555555555,0.3836805555555555,0.3756944444444444,0.3756944444444444,0.3510416666666666,0.3510416666666666,0.3017361111111111
24303,10672,231780,0.0893655752052377,2.277267616191904,0.4391227420483068,773,5,802,5,9.537094185902976,21.718515742128936,0.0333127597415956,0.0347364522898407,0.0316915607126691,0.0207217215981565,0.0172406698761469,0.0069703328807142,0.0102703369954326,0.0335761017158375,0.0191745874994856,0.0117763239106282,0.0144920380199974,0.0198905484919556,0.019232193556351,0.0086079907830308,0.0052174628646668,0.0395753610665349,0.051878368925647,0.0545447064148458,0.0508414599020696,0.04947537341069,0.0360696210344401,0.0313047771880014,0.0373534131588692,0.0403653869892605,0.040439451919516,0.035913261737234,0.0402007982553593,0.0376002962597209,0.0432868370160062,0.0407274822038431,0.0341357034111014,0.0366950582232645,0.0257745957289223,0.0371805949882729,0.0261860675636752,0.0453195078796855,0.0455746204172324,0.0338970497469447,0.0458626507015594,0.0354606427190058,0.0402995514957,0.0364975517425831,0.0403983047360408,0.0405382051598567,0.0372628893552235,0.0339628852405052,0.0136608649137966,0.0097189647368637,0.0102621075587375,0.0099823067111056,0.0536641566884746,0.0536888449985598,0.054149693453483,0.054149693453483,0.0533102909105871,0.0366456816030942,0.0323910628317491,0.0282269678640496,0.0264247212278319,0.0209521458256181,0.0359297206106241,0.0347364522898407,0.0312636300045261,0.027864872649467,0.0246471629016993,0.0343908159486482,0.0391145126116116,0.0353701189153601,0.0446200057606056,0.0482574167798213,0.0069127268238488,0.0257087602353618,0.0258980372793481,0.0281529029337941,0.025173846850183,0.0159321894416326,0.0164588733901164,0.0304077685882401,0.023618483314817,0.0193967822902522,0.0069291856972389,0.0069291856972389,0.0069291856972389,0.006229683578159,0.0001892770439862,0.021635189071308,0.0373863309056494,0.0374603958359049,0.0327778463564168,0.0225157387976792,0.0190182282022795,0.0262272147471505,0.0298070197095008,0.0344813397522939,0.0376332140065012,0.0038019997531168,0.0409743653046948,0.0373781014689544,0.0041723244043944,0.0366456816030942,0.0474097848002303,0.0442825988561082,0.0474262436736205,0.0471299839525983,0.0467267415545405
1062,3895,40825,0.986947871262834,0.2726572528883184,3.667608286252354,318,5,273,5,38.44161958568738,10.481386392811295,0.0843691148775894,0.0698681732580037,0.0612052730696798,0.0401129943502824,0.0284369114877588,0.0689265536723163,0.0698681732580037,0.0736346516007532,0.0649717514124293,0.0555555555555555,0.0725047080979283,0.0685499058380414,0.0608286252354048,0.0783427495291901,0.0674199623352165,0.0958568738229754,0.1107344632768361,0.1241054613935969,0.1103578154425612,0.1024482109227871,0.0370998116760828,0.0423728813559321,0.091337099811676,0.047457627118644,0.0606403013182673,0.0696798493408662,0.0730696798493408,0.0679849340866289,0.0766478342749528,0.0743879472693031,0.0491525423728813,0.0971751412429378,0.0973634651600753,0.1145009416195856,0.1148775894538606,0.1003766478342749,0.099623352165725,0.0821092278719397,0.1015065913370997,0.111487758945386,0.0809792843691148,0.0928436911487758,0.1107344632768361,0.1165725047080979,0.1133709981167608,0.0698681732580037,0.0160075329566854,0.0160075329566854,0.0152542372881355,0.0156308851224105,0.0598870056497174,0.0939736346516007,0.0949152542372881,0.0949152542372881,0.0866290018832391,0.0828625235404896,0.0679849340866289,0.0529190207156308,0.0459510357815442,0.0376647834274952,0.0856873822975517,0.0670433145009416,0.0642184557438794,0.0472693032015065,0.0387947269303201,0.0928436911487758,0.1009416195856873,0.0762711864406779,0.0935969868173257,0.107156308851224,0.0685499058380414,0.0647834274952918,0.063653483992467,0.0645951035781544,0.0604519774011299,0.0419962335216572,0.0316384180790959,0.0945386064030131,0.0606403013182673,0.0340866290018831,0.0685499058380414,0.0685499058380414,0.0685499058380414,0.0681732580037664,0.0020715630885122,0.0463276836158191,0.0858757062146892,0.0841807909604519,0.067231638418079,0.055367231638418,0.0907721280602636,0.0983050847457626,0.1103578154425611,0.1197740112994349,0.1190207156308851,0.0531073446327683,0.1128060263653483,0.0928436911487758,0.0544256120527306,0.0862523540489641,0.1079096045197739,0.1069679849340865,0.103201506591337,0.103201506591337,0.0969868173258003
23724,29794,687070,0.0972040269729623,0.7962677049070283,1.255859045692126,1763,5,1340,5,28.9609677963244,23.060683359065585,0.0283763277693474,0.0355420671050412,0.0321109425054796,0.021261170123082,0.0204181419659416,0.0126201315123924,0.0219440229303658,0.035516776260327,0.0410639015343112,0.0305429101331984,0.0195919743719439,0.0194233687405159,0.0164559096273815,0.0104451188669701,0.0092395886022592,0.0705193053447984,0.0996627887371437,0.096417130332153,0.0830972854493339,0.0769263193390658,0.0364862586410385,0.029556567189344,0.0448153768335862,0.044874388804586,0.0454476479514415,0.0343028157140447,0.0413168099814533,0.0343786882481874,0.0460461979430112,0.0413758219524531,0.0707047715393693,0.072846063058506,0.062611701230821,0.0728039116506491,0.0627887371438205,0.0415275670207384,0.0416793120890237,0.0636654864272466,0.0420755353228797,0.0676024279210925,0.0830045523520484,0.0747344461305007,0.0773815545439217,0.0774068453886359,0.0730989715056482,0.0337885685381891,0.0134041476985331,0.0094924970494013,0.0090204012814027,0.0086916203001179,0.0944528747260158,0.0950935761254425,0.0944528747260158,0.0944528747260158,0.095397066262013,0.0399342438037429,0.0415022761760242,0.0331225762940482,0.0332153093913336,0.0220873377170797,0.0402798853481706,0.0439386275501601,0.0394368571910301,0.0376074860900353,0.023200134884505,0.0447985162704434,0.0383746417130331,0.0512055302647107,0.0483813859382903,0.0642134547293879,0.0120890237733939,0.0335693812173326,0.0338138593829033,0.0344208396560444,0.0386865621311751,0.0151576462653852,0.0098465688754004,0.0258388130163547,0.018133535660091,0.0164812004720957,0.0122744899679648,0.0122744899679648,0.0122744899679648,0.012257629404822,0.0001854661945708,0.0363429438543247,0.0589698195919743,0.061819254763109,0.0539538020569886,0.0395970325408868,0.0271202158152081,0.032245827010622,0.0397656381723148,0.0458438711852975,0.0541308379699881,0.0098465688754004,0.0545102006407013,0.0621143146181082,0.009694823807115,0.0627128646096779,0.0619962906761085,0.0595177878941156,0.059214297757545,0.0584892935424043,0.0548305513404147
35598,18357,296337,0.0453480454569589,1.93920575257395,0.5156750379234788,296,5,1042,5,8.324540704533963,16.142997221768262,0.0137311084892409,0.0123265351986066,0.0109669082532726,0.0066014944659812,0.0055621102309118,0.006348671273667,0.0094274959267374,0.017141412438901,0.0060059553907522,0.0036069442103488,0.009371312995112,0.0075566043036125,0.007416146974549,0.0063767627394796,0.0038878588684757,0.019860666329569,0.0284060902297881,0.0289229732007415,0.0267374571605146,0.0259902241698971,0.0165009270183717,0.0140682060789931,0.016618911174785,0.018428001573122,0.0183043991235462,0.0165121636046968,0.0179223551884937,0.0162761952918703,0.0192876004269902,0.017832462497893,0.0172537783021517,0.0163829428619585,0.0093319849429742,0.0179279734816562,0.0093376032361368,0.022349570200573,0.0222147311646721,0.0161975391875947,0.022130456767234,0.0170964660936007,0.0191583796842519,0.0176695319961795,0.0205348615090735,0.0206135176133489,0.0178717905500308,0.0130906230687116,0.0042137198719028,0.0031293892915331,0.0030619697735827,0.003264228327434,0.0280802292263609,0.028540929265689,0.0287881341648406,0.0287881341648406,0.0287038597674026,0.0131299511208494,0.0116748131917523,0.0107983594583965,0.0109219619079723,0.0082645092420922,0.0128321815832349,0.013000730378111,0.0117197595370526,0.0096241361874262,0.0082307994831169,0.0157480757345917,0.0185965503679981,0.0162087757739198,0.020310129782572,0.0236586325074441,0.0064385639642676,0.0137648182482161,0.0132310803977751,0.0065228383617056,0.0131524242934995,0.0040564076633518,0.0041406820607898,0.0097027922917017,0.0066464408112814,0.0056463846283498,0.0064385639642676,0.0064385639642676,0.0064385639642676,0.0064385639642676,8.989269060057166e-05,0.0070734310916343,0.0124276644755322,0.0130232035507612,0.0129557840328107,0.0088712849036462,0.0077644811506264,0.0096915557053766,0.0138097645935164,0.0167425136243608,0.0180740491038821,0.0035001966402606,0.0198269565705938,0.0161750660149446,0.0037979661778751,0.0149278049328613,0.0254677229057811,0.0192819821338276,0.0251980448339794,0.0236530142142816,0.0251811899544917
4096,136,97879,17.570764878216913,30.11764705882353,0.033203125,130,5,4094,163,23.896240234375,719.6985294117648,0.682763671875,0.49453125,0.378271484375,0.222021484375,0.1931640625,0.659716796875,0.64755859375,0.619140625,0.282470703125,0.277880859375,0.515478515625,0.27783203125,0.269775390625,0.383544921875,0.04755859375,0.673681640625,0.6759765625,0.6873046875,0.69921875,0.7041015625,0.635986328125,0.626416015625,0.651708984375,0.49365234375,0.497802734375,0.279541015625,0.1921875,0.192724609375,0.09423828125,0.112158203125,0.654296875,0.53408203125,0.4625,0.5244140625,0.4501953125,0.677587890625,0.677587890625,0.52177734375,0.677587890625,0.52177734375,0.522265625,0.52177734375,0.522265625,0.522265625,0.52177734375,0.354345703125,0.05986328125,0.0759765625,0.070166015625,0.066845703125,0.63017578125,0.6529296875,0.655712890625,0.655712890625,0.65537109375,0.673095703125,0.682763671875,0.65712890625,0.509423828125,0.46103515625,0.67412109375,0.676220703125,0.67080078125,0.64873046875,0.423095703125,0.175341796875,0.486474609375,0.332421875,0.58310546875,0.6009765625,0.6943359375,0.0869140625,0.144921875,0.378466796875,0.499755859375,0.1955078125,0.269091796875,0.61083984375,0.16689453125,0.12236328125,0.673779296875,0.673779296875,0.673779296875,0.070166015625,0.057373046875,0.616796875,0.614208984375,0.638330078125,0.592822265625,0.57958984375,0.675732421875,0.68232421875,0.672119140625,0.67197265625,0.6720703125,0.446875,0.636376953125,0.654638671875,0.44501953125,0.655078125,0.574267578125,0.574267578125,0.6060546875,0.6060546875,0.628125
132,294,2027,5.223149866007009,0.4489795918367347,2.227272727272727,66,5,29,5,15.356060606060606,6.894557823129252,0.009090909090909,0.0454545454545454,0.0878787878787878,0.106060606060606,0.1015151515151514,0.009090909090909,0.0515151515151514,0.0727272727272726,0.1242424242424242,0.1151515151515151,0.0409090909090908,0.0378787878787878,0.0469696969696969,0.056060606060606,0.0469696969696969,0.1242424242424241,0.1287878787878787,0.1181818181818181,0.1181818181818181,0.115151515151515,0.0318181818181817,0.0272727272727272,0.056060606060606,0.0636363636363635,0.0757575757575757,0.1015151515151514,0.0984848484848484,0.0954545454545454,0.0954545454545454,0.0969696969696969,0.0999999999999999,0.1136363636363635,0.1106060606060605,0.1181818181818181,0.115151515151515,0.1257575757575757,0.1242424242424242,0.1196969696969696,0.1242424242424242,0.1196969696969696,0.1181818181818181,0.1181818181818181,0.1181818181818181,0.1181818181818181,0.1181818181818181,0.012121212121212,0.1030303030303029,0.1045454545454544,0.1030303030303029,0.0924242424242423,0.0393939393939393,0.109090909090909,0.1242424242424242,0.1242424242424242,0.1272727272727272,0.1015151515151514,0.1075757575757575,0.112121212121212,0.1106060606060605,0.109090909090909,0.112121212121212,0.1075757575757575,0.1106060606060605,0.1075757575757575,0.1136363636363635,0.0575757575757575,0.1075757575757575,0.1333333333333333,0.1015151515151514,0.1045454545454544,0.0227272727272726,0.0469696969696969,0.0757575757575757,0.1075757575757575,0.106060606060606,0.0939393939393938,0.1045454545454545,0.0469696969696969,0.1136363636363635,0.059090909090909,0.0454545454545454,0.0454545454545454,0.0454545454545454,0.006060606060606,0.0136363636363635,0.0954545454545453,0.1075757575757575,0.1242424242424242,0.1242424242424242,0.0939393939393939,0.112121212121212,0.112121212121212,0.1287878787878787,0.1257575757575757,0.1242424242424242,0.0318181818181817,0.103030303030303,0.109090909090909,0.0303030303030302,0.115151515151515,0.1181818181818181,0.0212121212121211,0.1181818181818181,0.1075757575757575,0.1181818181818181
547,547,4524,1.5119866046810089,1.0,1.0,40,5,50,5,8.270566727605118,8.270566727605118,0.0040219378427787,0.0054844606946983,0.0058500914076782,0.0069469835466178,0.0062157221206581,0.002925045703839,0.0201096892138939,0.0186471663619743,0.0127970749542961,0.006215722120658,0.0095063985374771,0.0102376599634368,0.0113345521023765,0.0087751371115173,0.0087751371115173,0.0091407678244972,0.0087751371115173,0.0106032906764167,0.0113345521023765,0.0113345521023765,0.0036563071297988,0.0043875685557586,0.0080438756855575,0.0080438756855575,0.0062157221206581,0.0058500914076782,0.0073126142595977,0.0073126142595977,0.0087751371115173,0.006581352833638,0.0054844606946983,0.0058500914076782,0.0043875685557586,0.0062157221206581,0.0043875685557586,0.0117001828153564,0.0117001828153564,0.0062157221206581,0.0117001828153564,0.0062157221206581,0.0080438756855575,0.0062157221206581,0.0080438756855575,0.0080438756855575,0.0062157221206581,0.0036563071297988,0.0065813528336379,0.0043875685557586,0.0047531992687385,0.0047531992687385,0.0051188299817184,0.0084095063985374,0.0091407678244972,0.0091407678244972,0.0069469835466178,0.0124314442413162,0.0076782449725776,0.0084095063985374,0.0073126142595977,0.0062157221206581,0.0095063985374771,0.0080438756855575,0.0073126142595977,0.009872029250457,0.0073126142595977,0.0073126142595977,0.013162705667276,0.0054844606946983,0.0069469835466179,0.0153564899451553,0.0186471663619743,0.0069469835466179,0.0069469835466178,0.0073126142595977,0.0062157221206581,0.0054844606946983,0.0076782449725776,0.0186471663619743,0.0091407678244972,0.0062157221206581,0.0186471663619743,0.0186471663619743,0.0186471663619743,0.003290676416819,0.0036563071297988,0.0054844606946983,0.0084095063985374,0.009872029250457,0.0062157221206581,0.0051188299817184,0.013162705667276,0.0120658135283363,0.0124314442413162,0.0095063985374771,0.0076782449725776,0.0080438756855575,0.0087751371115173,0.0069469835466178,0.0087751371115173,0.0080438756855575,0.0135283363802558,0.0007312614259597,0.0135283363802558,0.009872029250457,0.0135283363802558
1686,962,13272,0.8182833805609605,1.7525987525987523,0.5705812574139977,66,5,296,5,7.871886120996441,13.796257796257796,0.0297746144721233,0.0442467378410438,0.0391459074733095,0.0304863582443653,0.0270462633451956,0.0028469750889679,0.0436536180308421,0.0418742586002372,0.0425860023724791,0.0351126927639382,0.0456702253855278,0.0462633451957295,0.0400948991696322,0.0349940688018979,0.0361803084223012,0.0480427046263344,0.0562277580071174,0.062514827995255,0.0637010676156583,0.0627520759193356,0.0224199288256227,0.0227758007117437,0.0472123368920521,0.0392645314353498,0.0428232502965598,0.0389086595492288,0.0398576512455515,0.0416370106761565,0.0393831553973902,0.0376037959667852,0.0521945432977461,0.0504151838671411,0.0326215895610913,0.0530249110320284,0.0326215895610913,0.06073546856465,0.0608540925266903,0.0529062870699881,0.061091340450771,0.0526690391459074,0.0542111506524317,0.052906287069988,0.054685646500593,0.054685646500593,0.052906287069988,0.0279952550415183,0.0247924080664293,0.0183867141162514,0.018979833926453,0.0188612099644127,0.0507710557532621,0.0556346381969157,0.0565836298932383,0.0565836298932383,0.0584816132858837,0.0462633451957295,0.0492289442467378,0.0475682087781731,0.0391459074733095,0.0349940688018979,0.0476868327402134,0.0460260972716488,0.0463819691577698,0.0390272835112692,0.0354685646500592,0.0359430604982205,0.058956109134045,0.0391459074733095,0.0486358244365361,0.060023724792408,0.0435349940688018,0.0364175563463819,0.0360616844602609,0.0370106761565835,0.0326215895610913,0.0364175563463819,0.0371293001186239,0.0488730723606168,0.0473309608540924,0.0148279952550414,0.0432977461447211,0.0432977461447211,0.0432977461447211,0.0149466192170818,0.0021352313167259,0.0270462633451956,0.0476868327402135,0.0485172004744958,0.0386714116251482,0.0391459074733095,0.0332147093712929,0.0399762752075919,0.0447212336892051,0.050771055753262,0.058956109134045,0.0338078291814945,0.0526690391459074,0.0493475682087781,0.0373665480427046,0.0517200474495848,0.0612099644128113,0.0444839857651245,0.0622775800711743,0.0574139976275207,0.0622775800711743
241,1594,20539,5.346553725849529,0.1511919698870765,6.614107883817427,702,5,77,5,85.2240663900415,12.885194479297365,0.2531120331950207,0.3178423236514522,0.304564315352697,0.2639004149377593,0.2307053941908713,0.1394190871369294,0.1759336099585061,0.2348547717842323,0.2970954356846473,0.2356846473029045,0.1526970954356845,0.2265560165975103,0.2331950207468879,0.1975103734439833,0.137759336099585,0.3817427385892116,0.4190871369294605,0.4232365145228215,0.4091286307053942,0.3892116182572614,0.0473029045643153,0.0439834024896265,0.1518672199170124,0.170954356846473,0.2124481327800829,0.2995850622406639,0.3070539419087136,0.2896265560165975,0.2771784232365145,0.2755186721991701,0.321161825726141,0.3029045643153527,0.2995850622406639,0.2896265560165975,0.2821576763485477,0.2746887966804979,0.2854771784232365,0.2589211618257261,0.2937759336099584,0.2589211618257261,0.3452282157676348,0.3037344398340248,0.2970954356846473,0.2979253112033194,0.2904564315352697,0.162655601659751,0.129460580912863,0.0929460580912863,0.0896265560165975,0.0946058091286307,0.2298755186721991,0.3601659751037344,0.3618257261410788,0.3618257261410788,0.3817427385892116,0.2348547717842323,0.3327800829875518,0.3087136929460581,0.2854771784232365,0.2605809128630705,0.2365145228215767,0.3228215767634855,0.3269709543568465,0.31701244813278,0.3136929460580912,0.2647302904564315,0.379253112033195,0.3526970954356846,0.1435684647302904,0.3925311203319502,0.1236514522821576,0.2215767634854771,0.2738589211618256,0.3161825726141078,0.2390041493775933,0.2199170124481327,0.2746887966804979,0.2282157676348547,0.3244813278008299,0.112863070539419,0.108713692946058,0.1062240663900414,0.108713692946058,0.112863070539419,0.0082987551867219,0.3145228215767634,0.3319502074688796,0.3136929460580912,0.3759336099585062,0.3510373443983402,0.3012448132780083,0.3427385892116182,0.3726141078838174,0.4049792531120332,0.408298755186722,0.0929460580912862,0.3560165975103734,0.3526970954356846,0.0821576763485477,0.3402489626556016,0.3659751037344398,0.3468879668049792,0.3676348547717841,0.3609958506224066,0.3684647302904564
4353,8342,58664,0.1615521787045125,0.5218173099976025,1.916379508385022,489,5,78,5,13.47668274753044,7.0323663390074325,0.014748449345279,0.0183321847002067,0.0189294739260279,0.0145646680450263,0.0084998851366873,0.0036756260050539,0.0036296806799907,0.0038134619802434,0.0175051688490695,0.0222375373305765,0.0036756260050539,0.0084539398116241,0.0084539398116241,0.0061107282334022,0.0020215943027796,0.0358832988743394,0.0394670342292671,0.0373076039512979,0.0355157362738341,0.0349184470480128,0.0144268320698368,0.0117160578911095,0.0170916609235009,0.0241212956581667,0.0243969676085457,0.0214105214794394,0.0215024121295657,0.0226969905812083,0.027613140362968,0.0290374454399264,0.034183321847002,0.0367562600505398,0.0275671950379048,0.0361589708247185,0.0272915230875257,0.0314725476682747,0.0332184700206753,0.035515736273834,0.0335860326211807,0.0355157362738341,0.0360670801745921,0.0358373535492763,0.0356995175740868,0.0356995175740868,0.0358373535492763,0.0171376062485641,0.016586262347806,0.0102458074890879,0.0106133700895933,0.0106593154146565,0.0264185619113254,0.0340914311968756,0.0350103376981391,0.0350103376981391,0.0339535952216861,0.0172754422237537,0.0268780151619571,0.0292212267401791,0.0254077647599356,0.0236618424075349,0.0190213645761543,0.0274293590627153,0.0296806799908108,0.028669882839421,0.0232023891569032,0.0134619802435101,0.0141052147943946,0.0180105674247644,0.0170457155984378,0.0239834596829772,0.001608086377211,0.012634964392373,0.0125890190673098,0.0141971054445209,0.0153457385711003,0.0130025269928784,0.0105214794394669,0.0185619113255226,0.0207672869285549,0.0093728463128876,0.0036296806799907,0.0036296806799907,0.0036296806799907,0.0036296806799907,0.0005053985756948,0.0264645072363886,0.0316103836434642,0.0316563289685274,0.0306455318171375,0.0285779921892946,0.0064782908339075,0.0081323225361819,0.0124052377670571,0.0158511371467952,0.0191592005513438,0.0016540317022742,0.0263266712611991,0.0294968986905581,0.00188375832759,0.0330346887204226,0.038915690328509,0.0038594073053066,0.038915690328509,0.0144268320698368,0.038915690328509
6459,3905,46115,0.18283354931203,1.6540332906530089,0.6045827527481035,38,5,124,5,7.139650100634773,11.80921895006402,0.0760489239820405,0.091407338597306,0.0889611394952778,0.0685864684935747,0.0545595293389069,0.0025700572844093,0.0040253909273881,0.004335036383341,0.0906332249574237,0.0693296175878618,0.0025700572844093,0.0204985291840841,0.0282396655829075,0.0156680600712184,0.0074624554884656,0.0841925994736026,0.0967332404396965,0.0991484749961294,0.0961758786189812,0.0962687722557671,0.0897971822263507,0.0855860040253908,0.0783093358104969,0.0846880322031273,0.0841925994736026,0.0777210094441863,0.0801362440006192,0.0775971512618051,0.086236259482892,0.0842545285647932,0.0933271404242142,0.0948134386127883,0.0537234866078339,0.0952779067967176,0.0536925220622387,0.0965474531661247,0.09657841771172,0.0950921195231459,0.09657841771172,0.0951230840687412,0.0970119213500541,0.0952159777055271,0.0970119213500541,0.0970119213500541,0.0952159777055271,0.0775661867162099,0.0690509366775042,0.052670692057594,0.0538473447902151,0.0532280538783092,0.097847964081127,0.0993961913608917,0.0984982195386282,0.0984982195386282,0.0948444031583835,0.0845641740207462,0.0836662021984827,0.0750580585229911,0.0709397739588171,0.0659854466635701,0.0869484440315837,0.0855240749342003,0.077999690354544,0.073045363059297,0.0717448521442947,0.0810961449140733,0.0780306549001392,0.0906332249574237,0.0963307013469576,0.0941941477008824,0.0029106672859575,0.0710945966867936,0.0708159157764359,0.0739433348815605,0.0768540021675181,0.0732621148784641,0.0765443567115652,0.083913918563245,0.0899520049543272,0.0560148629818856,0.0036538163802445,0.0040253909273881,0.0036538163802445,0.0021675181916705,0.000433503638334,0.0672549930329771,0.0913763740517107,0.0915311967796872,0.0770397894410899,0.0777829385353769,0.0184548691747948,0.0323889146926768,0.0589255302678432,0.0769778603498993,0.0869174794859885,0.0060690509366774,0.0724880012385817,0.0669763121226195,0.0029106672859575,0.0700727666821489,0.0950921195231459,0.0698560148629818,0.0944108995200495,0.0910047995045672,0.0944108995200495
5199,8640,751531,1.673067024997685,0.6017361111111111,1.6618580496249278,636,50,1424,10,144.55299095979996,86.98275462962962,0.3463743027505289,0.4081938834391229,0.3775341411809963,0.2860550105789575,0.2751683015964608,0.0987112906328139,0.3406039623004423,0.5138295826120408,0.56910944412387,0.5317945758799769,0.3019811502211963,0.2947874591267551,0.2693979611463742,0.122715906905174,0.0465089440276976,0.4642815926139642,0.6559723023658396,0.747643777649548,0.7328717060973264,0.7085593383342951,0.1622619734564339,0.1308328524716291,0.5338334295056741,0.1612233121754183,0.1817657241777264,0.0905943450663588,0.1389113291017503,0.0846701288709366,0.1532602423542989,0.1165224081554144,0.6746297364877861,0.6667436045393345,0.6667436045393345,0.5584535487593769,0.4734756683977688,0.2422388920946335,0.2443162146566647,0.4082323523754567,0.2457780342373532,0.4185035583766109,0.5941911906135795,0.520138488170802,0.495249086362762,0.4832083092902481,0.4774764377764954,0.3753414118099634,0.1458357376418541,0.0974802846701288,0.0967109059434506,0.0971340642431236,0.6632814002692825,0.6828620888632428,0.6740527024427775,0.6740527024427775,0.6747451432967878,0.3232929409501827,0.451048278515099,0.3933833429505674,0.2913637237930371,0.3202154260434698,0.3246778226582035,0.3800346220427005,0.3318715137526447,0.2772071552221581,0.3127524523946912,0.6879399884593191,0.5002885170225043,0.740334679746105,0.6372763993075592,0.6642815926139642,0.1219849971148297,0.6668205424120023,0.6667820734756684,0.6744758607424505,0.7002885170225044,0.2203115983843046,0.1687632236968647,0.2958261204077707,0.2015002885170224,0.1994614348913252,0.0963262165801115,0.0964031544527793,0.0963262165801115,0.096557030198115,0.0036930178880553,0.4723216003077515,0.4345066358915176,0.4396999422965955,0.56822465858819,0.5104058472783228,0.2796306982111944,0.400423158299673,0.5379496056934026,0.5977688016926332,0.6234275822273514,0.0473552606270436,0.4371609924985574,0.4541257934218118,0.0530486632044623,0.4643200615502981,0.5022119638391999,0.5021734949028659,0.5242546643585305,0.5242546643585305,0.5074437391806117
2067,967,11267,0.5636913150912878,2.1375387797311274,0.4678277697145622,16,5,49,5,5.450895016932753,11.651499482936918,0.0027092404450894,0.0040638606676341,0.0038703434929849,0.0038703434929849,0.003580067731011,0.0017416545718432,0.0040638606676342,0.0039671020803096,0.0056119980648282,0.0030962747943879,0.0060957910014513,0.0069666182873729,0.0057087566521528,0.0047411707789066,0.0052249637155297,0.0033865505563618,0.0033865505563618,0.0033865505563618,0.0034833091436864,0.0034833091436864,0.0030962747943879,0.0032897919690372,0.0033865505563618,0.0026124818577648,0.0033865505563618,0.0029995162070633,0.002805999032414,0.0028059990324141,0.0027092404450894,0.0027092404450894,0.0025157232704402,0.0022254475084663,0.0001935171746492,0.0025157232704402,0.0001935171746492,0.0036768263183357,0.0036768263183357,0.0025157232704402,0.0036768263183357,0.0025157232704402,0.0024189646831155,0.0025157232704402,0.0024189646831155,0.0024189646831155,0.0025157232704402,0.0018384131591678,0.0017416545718432,0.0018384131591678,0.0018384131591678,0.0018384131591678,0.0026124818577648,0.002805999032414,0.0026124818577648,0.0026124818577648,0.0019351717464924,0.0052249637155297,0.0032897919690372,0.003580067731011,0.0029027576197387,0.0025157232704402,0.004354136429608,0.0032897919690372,0.0033865505563618,0.0032897919690372,0.002805999032414,0.0028059990324141,0.0035800677310111,0.0029027576197387,0.0037735849056603,0.0036768263183357,0.0032897919690372,0.0027092404450894,0.0029995162070633,0.0036768263183357,0.002031930333817,0.0024189646831155,0.0023222060957909,0.0038703434929849,0.0029995162070633,0.0018384131591678,0.0037735849056603,0.0039671020803095,0.0037735849056603,0.0026124818577648,0.0009675858732462,0.0029995162070633,0.0032897919690372,0.0041606192549588,0.003580067731011,0.0023222060957909,0.0053217223028543,0.0055152394775036,0.0040638606676342,0.0033865505563618,0.002805999032414,0.0047411707789066,0.0029995162070633,0.0023222060957909,0.0044508950169327,0.0034833091436864,0.0046444121915819,0.0,0.0046444121915819,0.0005805515239477,0.0046444121915819
763,2628,39652,1.9774941102074444,0.2903348554033486,3.444298820445609,595,5,243,5,51.96854521625164,15.0882800608828,0.1370904325032765,0.0896461336828308,0.0676277850589776,0.0547837483617299,0.0403669724770641,0.1344692005242463,0.1449541284403669,0.1530799475753603,0.1087811271297509,0.0828309305373525,0.1404980340760157,0.1142857142857142,0.0904325032765399,0.1344692005242463,0.1192660550458715,0.0854521625163826,0.1079947575360419,0.1279161205766709,0.1404980340760157,0.1394495412844036,0.0241153342070772,0.0256880733944953,0.1066841415465268,0.0280471821756225,0.0254259501965923,0.055307994757536,0.0605504587155962,0.0642201834862385,0.0608125819134992,0.0610747051114023,0.1095674967234599,0.110091743119266,0.1090432503276539,0.109829619921363,0.1019659239842725,0.1349934469200523,0.1389252948885976,0.0998689384010484,0.1368283093053734,0.1011795543905635,0.110353866317169,0.0990825688073394,0.0993446920052424,0.1014416775884665,0.1017038007863695,0.1058977719528177,0.0225425950196592,0.0131061598951506,0.0165137614678898,0.0136304062909567,0.0901703800786369,0.1009174311926605,0.1045871559633027,0.1045871559633027,0.1053735255570117,0.1433813892529488,0.0642201834862385,0.0705111402359108,0.0833551769331585,0.0841415465268675,0.1355176933158584,0.0728702490170379,0.0796854521625163,0.0833551769331585,0.0799475753604193,0.0576671035386631,0.1365661861074704,0.0288335517693315,0.0678899082568806,0.1404980340760157,0.1420707732634337,0.0519003931847968,0.0553079947575359,0.111140235910878,0.0579292267365661,0.0492791612057666,0.0327653997378767,0.1247706422018348,0.056356487549148,0.0453473132372214,0.1239842726081257,0.1250327653997378,0.1239842726081257,0.1153342070773263,0.0041939711664481,0.0715596330275228,0.129488859764089,0.1339449541284403,0.0838794233289645,0.0859764089121886,0.1410222804718217,0.1402359108781126,0.1339449541284403,0.1266055045871559,0.1360419397116644,0.0775884665792922,0.1192660550458715,0.1208387942332896,0.075229357798165,0.1166448230668413,0.1171690694626474,0.1171690694626474,0.128440366972477,0.128440366972477,0.1402359108781126
9906,12381,123518,0.100710836617455,0.8000969227041435,1.24984857662023,509,5,529,5,12.469008681607107,9.976415475325094,0.0327276398142539,0.0346254795073692,0.0334544720371491,0.0223097112860892,0.015364425600646,0.0111043811831213,0.0111447607510599,0.0111851403189985,0.0428629113668483,0.034746618211185,0.0112255198869371,0.015949929335756,0.0144356955380576,0.0099535634968705,0.0048051685846961,0.0600444175247324,0.0711891782757924,0.0665051483949121,0.0578841106400161,0.0553603876438521,0.0354734504340803,0.0310720775287704,0.0262467191601049,0.0410256410256409,0.040965071673733,0.0371088229355945,0.0380577427821521,0.0369876842317786,0.0452856854431657,0.0448213204118715,0.0456894811225519,0.0504542701393094,0.0414496264889965,0.0501312335958004,0.0419341813042599,0.058590753078942,0.0600040379567938,0.0478699777912375,0.0602866949323641,0.049000605693519,0.0509590147385422,0.0500706642438925,0.0519886937209771,0.0520290732889157,0.0501312335958004,0.0349081364829395,0.0233393902685241,0.015949929335756,0.0164142943670502,0.0176256814052089,0.0533010296789824,0.0580456289117706,0.0579648697758933,0.0579648697758933,0.0579043004239854,0.040056531395114,0.0514031899858671,0.047445992327882,0.0394508378760346,0.0326266908944073,0.0413890571370885,0.0515647082576215,0.0507369271148798,0.0450434080355339,0.037916414294367,0.0225116091257823,0.0242075509792044,0.0308096103371693,0.0327478295982232,0.042842721582879,0.011023622047244,0.019705229154048,0.0195437108822935,0.0179736796407867,0.0242479305471431,0.0199475065616797,0.0177064405410861,0.0357762971936199,0.0296386028669492,0.0211790833838077,0.0110841913991519,0.0111043811831212,0.0110841913991519,0.0111043811831212,0.0002422774076316,0.0382394508378759,0.0533615990308903,0.0537653947102765,0.0448011306279022,0.0412073490813647,0.0134463961235614,0.0151423379769835,0.0196850393700786,0.0254391278013324,0.0336765596608115,0.010438118312134,0.0478901675752069,0.0438925903492832,0.0104986876640419,0.0463355542095699,0.0593377750858065,0.028326266908944,0.0574601251766605,0.0446194225721784,0.0574197456087219
57728,10291,890388,0.149877074903027,5.609561752988048,0.1782670454545454,417,5,4686,5,15.42384977827051,86.52103780001943,0.0771791851441241,0.0742863082039911,0.0600194013303769,0.0394921008869179,0.0447443181818181,0.0611280487804877,0.0733300997782704,0.0540188470066518,0.0304254434589799,0.0295939578713968,0.0536342849223946,0.0491373337028824,0.0414980598669622,0.0118452050997782,0.0069810144124168,0.0865784368070952,0.0974120011086474,0.105047810421286,0.1018569844789356,0.0976822339246119,0.0595863359201773,0.0477688470066518,0.0751836197339245,0.0631166851441241,0.0631340077605321,0.0487042682926828,0.059898143015521,0.0483231707317072,0.0641421840354766,0.054995842572062,0.0847734201773835,0.0876212583148558,0.0789738082039911,0.0881651884700664,0.0795246674057649,0.079240576496674,0.0795004157427937,0.085490576496674,0.0796874999999999,0.08585088691796,0.0910234201773835,0.0894020232815964,0.088830376940133,0.0887229767184035,0.088435421286031,0.0640209257206208,0.0164772727272726,0.0095551552106429,0.0098842849223946,0.0103554600886917,0.099372921286031,0.0995149667405764,0.0994733924611973,0.0994733924611973,0.098496396895787,0.0754538525498891,0.070406042128603,0.0670108093126385,0.0669484478935697,0.0528616962305986,0.0760705376940132,0.0737874168514412,0.0686772450110864,0.0646549334811529,0.0623267738359201,0.0689578713968957,0.0981326219512194,0.0631651884700664,0.0970932649667405,0.0994041019955653,0.0192766075388026,0.0565306263858092,0.0578506097560975,0.0785649944567627,0.0481222283813746,0.0322096729490021,0.0315652716186252,0.056953298226164,0.0358197062084256,0.0205654101995565,0.01751316518847,0.01751316518847,0.01751316518847,0.0162382206208425,0.0003464523281595,0.0549542682926829,0.0865195399113081,0.0879157427937915,0.0686148835920177,0.062070399113082,0.0605148281596451,0.0734929323725054,0.0770544623059866,0.0839384700665188,0.0842675997782704,0.0150256374722837,0.057348253880266,0.0538594789356984,0.0162486141906873,0.0541019955654101,0.0855806541019955,0.0855564024390243,0.0878776330376939,0.0878741685144123,0.0869110310421285
943,1349,99287,7.804925214624242,0.6990363232023721,1.4305408271474018,648,19,583,5,105.288441145281,73.6004447739066,0.4655355249204665,0.4581124072110286,0.3900318133616118,0.2687168610816542,0.2477200424178154,0.3257688229056203,0.4305408271474019,0.4858960763520678,0.490137857900318,0.416542948038176,0.4513255567338282,0.4485683987274654,0.4604453870625662,0.3961823966065747,0.2886532343584305,0.3060445387062566,0.4345705196182396,0.5378579003181336,0.5709437963944857,0.5679745493107105,0.0407211028632024,0.0434782608695651,0.3158006362672322,0.2511134676564157,0.2239660657476139,0.1688229056203605,0.1832449628844114,0.1728525980911982,0.2547189819724283,0.2538706256627783,0.4229056203605513,0.4489925768822905,0.4489925768822905,0.4750795334040297,0.4791092258748675,0.4587486744432661,0.4606574761399787,0.4661717921527041,0.4610816542948038,0.4778366914103923,0.5126193001060446,0.4848356309650053,0.480593849416755,0.480593849416755,0.4795334040296924,0.4343584305408271,0.1758218451749734,0.1588547189819723,0.1675503711558854,0.1671261930010604,0.3497348886532343,0.4774125132555673,0.4943796394485684,0.4943796394485684,0.4850477200424178,0.4089077412513255,0.5208907741251325,0.4863202545068928,0.3942735949098621,0.3868504772004241,0.4110286320254507,0.5251325556733828,0.4984093319194061,0.3957582184517497,0.4080593849416755,0.4606574761399787,0.5302226935312832,0.3554612937433722,0.4171792152704136,0.543796394485684,0.3310710498409331,0.4265111346765641,0.4142099681866383,0.4426299045599151,0.3490986214209968,0.288865323435843,0.2506892895015906,0.481442205726405,0.3217391304347826,0.2309650053022268,0.2820784729586426,0.2820784729586426,0.2820784729586426,0.2504772004241781,0.0159066808059384,0.4759278897136797,0.4799575821845174,0.4651113467656415,0.545068928950159,0.5418875927889714,0.5217391304347826,0.5444326617179215,0.5488865323435843,0.5429480381760339,0.5342523860021209,0.1915164369034994,0.5145281018027571,0.5117709437963944,0.1860021208907741,0.5071049840933192,0.4496288441145281,0.4496288441145281,0.5096500530222693,0.5096500530222693,0.520254506892895
42382,8738,678297,0.1831582176772596,4.850308995193408,0.2061724316926997,433,5,4152,5,16.00436506063895,77.62611581597619,0.084668019442216,0.0768486621679014,0.0624274456137038,0.0403803501486479,0.0419140201028738,0.0497805672219337,0.0851729507809918,0.0653579349723939,0.0309754140908876,0.0297248832051342,0.0648624416025671,0.0594780803171157,0.0438299277995374,0.0224812420367136,0.0094190930111839,0.0869142560520975,0.0992024916238025,0.1079609268085507,0.1053607663630786,0.1022415176254069,0.0593459487518285,0.0479212873389646,0.0758529564437732,0.0621348685762823,0.0628521542164126,0.0488367703270255,0.0597376244632154,0.0474871407673068,0.0645793025340946,0.0555188523429757,0.087659855599075,0.0920768250672455,0.0835637770751733,0.0927138879713085,0.0842810627153036,0.0868434712849794,0.0869472889434193,0.0914822330234532,0.0871549242602991,0.0920060403001273,0.0963569439856542,0.0942286819876362,0.0937190316643857,0.0937143126799112,0.0931433155584917,0.068071351045255,0.0181350573356613,0.0102449152942286,0.010178849511585,0.0103723278750412,0.1029163324052663,0.1034920485111603,0.1034920485111603,0.1034920485111603,0.1035817092161766,0.0784295219668726,0.0752630833844556,0.0711575668916048,0.0695625501392099,0.0599358218111462,0.0802604879429945,0.0778585248454532,0.0737294134302297,0.0679958472936623,0.0638950497852861,0.0657826435751025,0.1031758765513661,0.0613703930914067,0.1006653768109102,0.1039922608654617,0.0168514935585861,0.0490113727525836,0.0478788164786937,0.0739512057005331,0.0474918597517813,0.0332735595299891,0.0297437591430323,0.0603746873672785,0.0364777499882025,0.0274456137039308,0.0227738190741352,0.0227738190741352,0.0227738190741352,0.0225709027417299,0.0003303289132178,0.0560332216507007,0.0921051389740927,0.093407578689066,0.0738096361662969,0.0638289840026425,0.072554386296069,0.0790901797933084,0.0796139870699825,0.0841630881034401,0.0895096975130951,0.0157472511915435,0.0615969043461846,0.0587796706148836,0.0162616204992685,0.0590156198386107,0.0943277806616015,0.0943089047237034,0.0957481949884384,0.0957293190505402,0.0950545042706808
44081,8254,606353,0.1666516538460183,5.340562151684032,0.1872462058483247,381,5,3023,5,13.755427508450351,73.46171553186333,0.0897983258093055,0.0847213085002608,0.0687960799437398,0.0453075020984097,0.0467457634808647,0.0477802227717156,0.0874526439962795,0.060783557541798,0.0271409450783783,0.0249585989428551,0.0684557972822757,0.066164560695084,0.0591910346861459,0.0271953903042126,0.0038474626256209,0.0870261563939111,0.0991719788571039,0.1109865928631382,0.1096617590345046,0.1066491232050089,0.065787981216397,0.0547265261677366,0.085247612349992,0.0687643202286698,0.0692271046482611,0.0557382999478233,0.0665819740931466,0.0551847734851749,0.0698260021324379,0.061972278305846,0.0910278804927292,0.0943308908600076,0.0839500011342755,0.0949933077743245,0.084589732537828,0.0989950318731425,0.0990041060774482,0.0927928132301898,0.0990766997118939,0.0936140287198565,0.0945758943762618,0.0942991311449377,0.0952292370862729,0.0953517388444,0.0948163607903631,0.0747532950704384,0.0231891291032417,0.0142419636578116,0.014201129738436,0.0143735396202445,0.1087860983190036,0.1083459994101766,0.1091672148998434,0.1091672148998434,0.1094485152333204,0.0790272452984278,0.0764637825820648,0.069136362605204,0.0694403484494453,0.0564279394750572,0.081930990676255,0.078863909620925,0.0726843764887366,0.0688958961911027,0.049740250901749,0.078115287765704,0.1098114834055488,0.0694539597559038,0.1044985367845556,0.1070030171729315,0.0164560695084049,0.0634060025861482,0.0617136634831332,0.0830335064993988,0.0573036001905582,0.0372859054921621,0.0424128309248882,0.0765091536035933,0.0421632903064812,0.0372496086749392,0.0171366348313331,0.0171366348313331,0.0171366348313331,0.017141171933486,0.0002994487420883,0.0553027381411492,0.0943308908600076,0.096917039087135,0.0748848710328712,0.0636464690002494,0.0749846872802341,0.0812005172296453,0.0869853224745354,0.090533336358068,0.0914362196864862,0.0100451441664208,0.0591910346861459,0.0518273178920622,0.0097910664458609,0.0515823143758081,0.0968353712483836,0.0968262970440779,0.1022617454231981,0.1022572083210453,0.1019078514552754
73064,7711,870531,0.1545148033080446,9.47529503306964,0.1055376108617102,970,5,4411,5,11.914636483083324,112.89469588898976,0.0412816161173765,0.0386127230920836,0.033452863243184,0.0224351253695389,0.0238475856783093,0.0417059016752435,0.0400662432935508,0.0252627833132595,0.0166292565422095,0.0160516807182743,0.0210226650607686,0.0169768969670425,0.016210445636702,0.0075385962991349,0.0076070294536296,0.0609410927406109,0.0665088141902988,0.0688629147049162,0.0641711376327603,0.0604866965947661,0.0399485382678199,0.0326809372604839,0.0473584802365049,0.0432251177050256,0.0435508595204204,0.0364721340194897,0.042705025730866,0.0360861710281396,0.0453027482754844,0.0406356071389466,0.058091536187452,0.0622741705901674,0.0526907916347311,0.0621865761524143,0.0526114091755173,0.0478156137085294,0.0481796780904412,0.0603142450454395,0.0485191065367348,0.0610067885689258,0.0633773130406219,0.0631227417059016,0.063169276250958,0.0629721887660133,0.0625615898390451,0.035076097667798,0.009005803131501,0.0045466987846271,0.0045165881966494,0.004393408518559,0.0644229716413007,0.0646884922807401,0.0643901237271432,0.0643901237271432,0.0634211102594984,0.0485355304938136,0.0473612175626847,0.0461348954341399,0.0454478265630132,0.0189477718164896,0.0497235300558414,0.047911420124822,0.046093835541443,0.0448948866746961,0.0326453520201466,0.0357960144530821,0.0589893791744223,0.0327137851746413,0.060746742581846,0.0615433045001641,0.0118088251396036,0.0264562575276469,0.0274362203000109,0.0430554034818788,0.0256022117595532,0.0191037994087375,0.0154330450016423,0.0246030877039307,0.0178008321471586,0.0124575714442132,0.0120633964743238,0.0120633964743238,0.0120633964743238,0.0119785393627503,0.0002846819226978,0.036713018723311,0.0534873535530493,0.054817694076426,0.0435727581298587,0.0385470272637687,0.0327055731961019,0.038864557100624,0.0449797437862695,0.0463429322238037,0.0518476951713565,0.0091371947881309,0.0475555677214496,0.0490857330559509,0.0093589182086936,0.0488557976568487,0.0473283696485272,0.0473475309317857,0.0479223694295411,0.0479086827986422,0.0471696047300995
87271,13209,752937,0.0653158746238652,6.606934665758195,0.1513561205898866,565,5,6282,5,8.627573879066356,57.001816942993415,0.036461138293362,0.0345956847062597,0.0295332928464209,0.0194176759748369,0.0187576629120784,0.0389224370065657,0.0250346621443549,0.0136471450997467,0.0068430521020728,0.0080576594745103,0.0148434187759965,0.0148915447284893,0.0092768502709949,0.0112683480193878,0.0075420242692302,0.0450229744130352,0.0522464507110036,0.0546642068957614,0.0507797550159846,0.0481832452933963,0.0369836486347125,0.0322489715942294,0.0302964329502354,0.0388926447502606,0.0383678426968866,0.0333581602135874,0.0375519932165323,0.033041903954349,0.0396030754775354,0.0365757238945353,0.0405587193913212,0.0439779537303342,0.0343413046716549,0.0430039761203606,0.0344306814405701,0.0432629395790124,0.0432377307467543,0.0414364450963091,0.0433064821074583,0.0423370879215317,0.043638780350861,0.0425410502916203,0.0446058828247642,0.0447044264417732,0.0429489750317974,0.0238704724364335,0.0072624354023672,0.0048286372334452,0.0047163433442953,0.0043748782527987,0.0535321011561686,0.053676479013647,0.0533052216658454,0.0533052216658454,0.0531837609286016,0.0402287128599419,0.0376528285455649,0.0371142762200501,0.0357415407179933,0.0239988083097477,0.0385443045226936,0.0375657434886731,0.0362365505150622,0.0339723390358766,0.0184482817889103,0.027326374167822,0.0467302998705182,0.0250507041285191,0.0472551019238922,0.0467692589749171,0.014811334807668,0.0228781611302723,0.0229858715953753,0.0345269333455557,0.0221058541783638,0.0128198370592751,0.0113004319877163,0.0264623987349749,0.0129160889642607,0.0131223430463727,0.0147998762475506,0.0147998762475506,0.0147998762475506,0.0147632088551752,0.0001306275853375,0.0259444718176713,0.0403364233250449,0.0416587411625854,0.0343069289913029,0.0321504279772203,0.0225962805513858,0.0273859586804321,0.0306539400258962,0.0359157108317768,0.0391745253291471,0.0085297521513446,0.0319670910153429,0.0332710751566957,0.0088758006668881,0.0330900299068418,0.0409391435872167,0.0407649734734332,0.0412737335426429,0.0411958153338451,0.0400751681543696
2928,1835,20473,0.3810433138279656,1.5956403269754769,0.6267076502732241,51,5,169,5,6.992144808743169,11.156948228882834,0.0214480874316939,0.0260245901639343,0.0232240437158469,0.015983606557377,0.0135245901639343,0.0004781420765027,0.0080601092896174,0.0090163934426229,0.030191256830601,0.0200819672131147,0.0103142076502731,0.0192622950819671,0.0217896174863387,0.0183743169398906,0.0157103825136611,0.0308060109289617,0.0398224043715846,0.0420765027322403,0.0422131147540983,0.0420765027322404,0.0192622950819671,0.0180327868852458,0.0327868852459015,0.0297814207650272,0.0296448087431693,0.0302595628415299,0.0306693989071037,0.0290300546448086,0.0307377049180327,0.0308743169398906,0.0342213114754097,0.0315573770491802,0.0138661202185791,0.0346994535519125,0.0138661202185791,0.0407103825136611,0.040846994535519,0.0350409836065573,0.040983606557377,0.0351775956284152,0.0368852459016392,0.0346311475409835,0.0370218579234972,0.0370218579234972,0.0346311475409835,0.0211748633879781,0.0127049180327868,0.0077185792349726,0.0086748633879781,0.0081967213114753,0.0351775956284152,0.0418715846994535,0.0383196721311474,0.0383196721311474,0.035655737704918,0.0277322404371584,0.0281420765027321,0.0252049180327868,0.0207650273224043,0.0202868852459016,0.0273224043715846,0.0280737704918032,0.0285519125683059,0.0236338797814207,0.0197404371584699,0.026707650273224,0.0366120218579234,0.0262295081967212,0.0350409836065573,0.0397540983606557,0.0078551912568305,0.0206967213114753,0.0228142076502731,0.0224726775956283,0.0182377049180327,0.0193989071038251,0.0189890710382513,0.0171448087431693,0.024795081967213,0.0094262295081966,0.0077185792349726,0.0077185792349726,0.0077185792349726,0.0082650273224043,0.0006830601092896,0.0164617486338797,0.0305327868852458,0.0289617486338797,0.0228142076502732,0.0216530054644808,0.0267076502732239,0.0306693989071037,0.0291666666666666,0.0312841530054644,0.0343579234972677,0.007035519125683,0.0331284153005463,0.0277322404371584,0.0066939890710382,0.0315573770491802,0.040983606557377,0.0252732240437157,0.040915300546448,0.0368169398907103,0.040915300546448
5536,15429,200180,0.2343617997337796,0.3588048480134811,2.787030346820809,390,5,321,5,36.15968208092485,12.97426923326204,0.1140173410404623,0.1531069364161849,0.1520953757225433,0.1097904624277456,0.0846820809248554,0.0126083815028901,0.0166907514450866,0.0426661849710982,0.1747109826589595,0.1324060693641618,0.0515895953757225,0.0567557803468207,0.0543352601156068,0.0252167630057803,0.0090317919075144,0.2486994219653178,0.2665823699421965,0.2464234104046242,0.2045158959537572,0.1852601156069364,0.1357297687861271,0.116293352601156,0.1268063583815029,0.131900289017341,0.1322976878612716,0.1079118497109826,0.1152456647398843,0.1093930635838149,0.1421242774566473,0.1357297687861271,0.1551661849710982,0.2007947976878612,0.1991329479768785,0.2107297687861271,0.2120303468208092,0.1719643182231931,0.1794797687861271,0.1951589595375722,0.1794797687861271,0.2074060693641618,0.210693641618497,0.2082731213872832,0.2157153179190751,0.2170158959537571,0.2130780346820808,0.1248554913294797,0.1154624277456647,0.0933887283236993,0.1004335260115606,0.0985187861271675,0.2252890173410404,0.2311777456647398,0.2310332369942196,0.2310332369942196,0.2324783236994219,0.1301661849710982,0.1844653179190751,0.16257225433526,0.1404624277456647,0.1265895953757225,0.1461343930635837,0.1840317919075144,0.1686054913294797,0.1540462427745664,0.1461343930635837,0.1195086705202312,0.1128251445086705,0.1461343930635837,0.1439306358381502,0.1723265895953757,0.0017341040462427,0.1009754335260115,0.1047326589595375,0.1095375722543352,0.1173410404624277,0.0998193641618497,0.0854768786127167,0.1434248554913294,0.1348988439306358,0.1176661849710982,0.01257225433526,0.01257225433526,0.01257225433526,0.0126806358381502,0.0003612716763005,0.1547326589595375,0.2093208092485548,0.2141618497109826,0.1777456647398843,0.1787572254335259,0.0518786127167629,0.0710621387283236,0.0956286127167629,0.1172687861271675,0.1421965317919074,0.0076589595375722,0.1484465317919074,0.1553106936416184,0.0090317919075144,0.1618858381502889,0.2026372832369941,0.1764089595375722,0.1757586705202311,0.1714595375722543,0.1653540462427745
24523,4305,291882,0.276477987457128,5.696399535423926,0.1755494841577294,810,5,3746,5,11.90237736002936,67.8006968641115,0.0501406842555967,0.0477103127676058,0.0432736614606695,0.0295722383068955,0.0267096195408391,0.0390409003792358,0.0574317987195693,0.0477347795946661,0.0190188802348814,0.0169799779798556,0.0417567181829302,0.0284630754801614,0.0256249235411654,0.0206744688659625,0.0223463687150837,0.0630265465073603,0.0738327284589976,0.0780736451494515,0.0735635933613342,0.0710598213921624,0.0401011295518492,0.0335929535538066,0.0384781633568486,0.0456469436855196,0.0459650124373037,0.0412102923785833,0.0444317579415242,0.0416506952656689,0.0466582392040125,0.0446927374301675,0.0636953064470089,0.0663540349875626,0.0570729519226847,0.0662969457244219,0.0570077070505239,0.0543082004648696,0.0543082004648696,0.0626187660563552,0.0547812257880356,0.063630061574848,0.0721608286098763,0.0681482689719854,0.0682053582351261,0.0673979529421359,0.0664192798597234,0.0328181706968967,0.0133262651388491,0.0097133303429433,0.0099743098315866,0.0107327814704562,0.0766708803979936,0.076858459405456,0.0769073930595767,0.0769073930595767,0.0762386331199281,0.0549117155323573,0.054805692615096,0.0514537373078334,0.0509562451576071,0.0428251029645638,0.0531011703298943,0.0528157240141907,0.0508502222403457,0.0500754393834359,0.0383232067854666,0.0346287158993597,0.0667373486115075,0.0313909391183786,0.0619826285527871,0.0676507768217591,0.0370998654324511,0.0287566774048851,0.0293601924723728,0.0352893202299881,0.0262529054357133,0.0238388451657627,0.0193206377686253,0.041422338213106,0.031660074216042,0.0240345797822452,0.0388451657627532,0.0388451657627532,0.0388451657627532,0.0355910777637319,0.0005464258043468,0.0341230681401133,0.0608326876809525,0.0616971822370835,0.0462423031439872,0.0400685071157688,0.0477021571585857,0.0491212331280838,0.0540309097581861,0.0603678179668066,0.0656037189577131,0.0216857643844553,0.0525058108714267,0.0550992945398196,0.0226318150307873,0.0549361823594176,0.0636789952289687,0.0636789952289687,0.0650165151082656,0.0650002038902254,0.0638094849732903
147,453,2941,4.416512741962126,0.3245033112582781,3.0816326530612246,93,5,31,5,20.006802721088437,6.492273730684326,0.0122448979591836,0.0462585034013605,0.0503401360544217,0.0435374149659863,0.0367346938775509,0.0068027210884353,0.0448979591836734,0.0680272108843536,0.0394557823129251,0.038095238095238,0.0394557823129251,0.0394557823129251,0.0421768707482992,0.0639455782312924,0.0870748299319727,0.0462585034013605,0.0639455782312924,0.0775510204081632,0.0789115646258503,0.0816326530612244,0.0149659863945577,0.0163265306122448,0.0326530612244897,0.0340136054421768,0.0462585034013604,0.0353741496598638,0.0353741496598638,0.0353741496598638,0.0231292517006802,0.0231292517006802,0.0503401360544217,0.0448979591836734,0.0421768707482992,0.0476190476190475,0.0435374149659863,0.0775510204081632,0.0816326530612244,0.0489795918367346,0.0816326530612244,0.0476190476190475,0.0462585034013605,0.0462585034013605,0.0462585034013605,0.0462585034013605,0.0462585034013605,0.001360544217687,0.0326530612244897,0.0299319727891155,0.0299319727891156,0.0258503401360543,0.0326530612244897,0.0476190476190475,0.0448979591836734,0.0448979591836734,0.0530612244897958,0.0761904761904761,0.0326530612244897,0.0435374149659863,0.0489795918367346,0.0489795918367346,0.0775510204081632,0.0448979591836734,0.0462585034013604,0.0544217687074829,0.0503401360544217,0.019047619047619,0.0816326530612244,0.0326530612244897,0.0190476190476189,0.0789115646258502,0.0517006802721088,0.0163265306122448,0.019047619047619,0.0353741496598638,0.0394557823129251,0.0462585034013604,0.0476190476190475,0.0476190476190475,0.0653061224489795,0.0285714285714284,0.0394557823129251,0.0394557823129251,0.0394557823129251,0.0122448979591836,0.0040816326530611,0.0394557823129251,0.0394557823129251,0.0408163265306122,0.0462585034013604,0.0408163265306122,0.0775510204081632,0.0829931972789115,0.0585034013605441,0.0666666666666666,0.0707482993197278,0.0448979591836734,0.05578231292517,0.0408163265306122,0.0462585034013605,0.0476190476190475,0.0857142857142856,0.0598639455782312,0.0857142857142856,0.0857142857142856,0.0857142857142856
66519,28237,551682,0.0293713932950357,2.3557389241066686,0.4244952569942422,277,5,1064,5,8.293600324719254,19.53755710592485,0.0057577534238337,0.0052376012868503,0.0046302560170777,0.002721027074971,0.0023211413280415,0.0023752612035658,0.0091252123453448,0.0062779055608171,0.0022399615147551,0.0017649092740419,0.0028924066807979,0.0024233677595874,0.0026157939836737,0.0022429681745065,0.0015544430914475,0.0145853064537951,0.0217892632180278,0.0227093011019407,0.0205144394834558,0.0197266946286023,0.0078203220132593,0.0062809122205684,0.0085539469925885,0.0084096273245237,0.0086140801876155,0.006879237511087,0.0080788947518753,0.0068251176355627,0.0091161923660908,0.0082773342954643,0.012621957636164,0.0108329950841112,0.0052466212661043,0.0128444504577639,0.0052526345856071,0.0162991025120641,0.0160916429892211,0.0120326523248996,0.0160285031344427,0.0123874381755588,0.0139058013499901,0.0126369909349208,0.0142365339226385,0.0143658202919466,0.0128354304785098,0.0058389332371201,0.0020114553736525,0.0016145762864745,0.0015905230084636,0.0014882965769178,0.0207850388610772,0.0214014041101038,0.0212661044212931,0.0212119845457688,0.0208962852718771,0.0071618635277138,0.0061395992122551,0.0058599798553796,0.0056795802702986,0.003986830830289,0.0072550699800056,0.0066206647724709,0.0056284670545257,0.0051083149175423,0.0042123303116402,0.0078684285692808,0.0088125197312045,0.0093567251461987,0.0108991415986409,0.0139509012462604,0.0023602279048091,0.0077992753949998,0.0076549557269351,0.0023722545438145,0.0084096273245237,0.0015905230084637,0.0016175829462258,0.0033794855605165,0.0023451946060523,0.0021678016807227,0.0023722545438145,0.0023722545438145,0.0023722545438145,0.0023722545438145,6.3139854778334e-05,0.003986830830289,0.0071588568679624,0.0078383619717674,0.007447496204092,0.005820893278612,0.0042213502908943,0.0055683338594987,0.0081029480298861,0.0082202077601887,0.0095972579263067,0.0018250424690689,0.0109833280716787,0.0103368962251386,0.0018100091703121,0.0102857830093657,0.0193328222011755,0.0136562485906282,0.0189329364542461,0.0173935266615553,0.018863783279965
36088,17932,347987,0.0537738926330377,2.012491635065804,0.4968964752826424,148,5,405,5,9.642734426956329,19.40592237341066,0.0748115717135889,0.0806140545333628,0.0767956107293282,0.0533307470627354,0.0415595211704721,0.0020616271336731,0.0350310352471735,0.082337619153181,0.0374806029705164,0.023304145422301,0.0157393039237419,0.0206162713367323,0.0181223675459986,0.0072434050099755,0.0014852582575924,0.0866659277322101,0.101917534914653,0.1043338505874528,0.1019009088893814,0.1010474395921081,0.081323431611616,0.0779926845488804,0.0654511194857015,0.0792451784526712,0.0787519397029483,0.0713367324318332,0.0755929949013521,0.0716914209709598,0.0815451119485701,0.0780591886499667,0.0874695189536687,0.0886444247395255,0.0571935269341608,0.0889935712702282,0.0571824429173131,0.1020117490578585,0.1021115052094878,0.087835291509643,0.102255597428508,0.0886222567058301,0.0909443582354244,0.0889159831522943,0.0919530037685657,0.0919474617601418,0.0890268233207714,0.0780425626246951,0.0391542895145199,0.0330691642651296,0.0332686765683883,0.032714475726003,0.1012136998448237,0.0999667479494568,0.1004211926402127,0.1004211926402127,0.0999722899578807,0.0672688982487253,0.0608955885612945,0.0555808024828197,0.0574650853469297,0.0506096209266237,0.067352028375083,0.0655675016626024,0.0605575260474395,0.0550376856572821,0.0532753269784969,0.0719906894258478,0.071309022389714,0.08214919086677,0.0875859011305696,0.0948126801152737,0.002743294169807,0.061028596763467,0.0614165373531367,0.0051041897583683,0.070100864553314,0.0364774994457991,0.0315506539569939,0.0680059853690977,0.0527266681445355,0.0495344712923963,0.0020616271336731,0.0020616271336731,0.0020616271336731,0.0020505431168254,0.0001274661937486,0.0535912214586565,0.0678230990911105,0.0693194413655508,0.0674573265351363,0.0570272666814453,0.019801596098426,0.029439148747506,0.0514353801817778,0.0672910662824207,0.0802205719352693,0.0022057193526933,0.071381068499224,0.0544668587896252,0.0021724673021502,0.0523442695632897,0.0971015295943249,0.0915373531367767,0.0998004876967412,0.0994624251828862,0.0997616936377742
1090,3646,52551,1.3223238235190506,0.2989577619308831,3.3449541284403668,899,5,177,5,48.21192660550459,14.413329676357652,0.1339449541284403,0.1409174311926605,0.1177981651376146,0.0688073394495412,0.0614678899082568,0.0425688073394494,0.0587155963302751,0.0979816513761467,0.1170642201834862,0.0911926605504586,0.0979816513761467,0.1214678899082568,0.110091743119266,0.1011009174311926,0.0530275229357797,0.1179816513761467,0.1565137614678898,0.1680733944954128,0.1620183486238531,0.1570642201834862,0.040183486238532,0.0416513761467889,0.1414678899082568,0.0961467889908256,0.1007339449541284,0.10348623853211,0.1056880733944954,0.1097247706422018,0.1166972477064219,0.1099082568807339,0.0765137614678898,0.0999999999999999,0.0974311926605504,0.1113761467889908,0.1141284403669724,0.1297247706422018,0.1282568807339449,0.1113761467889908,0.1324770642201834,0.1177981651376146,0.1422018348623853,0.1293577981651375,0.1341284403669724,0.1324770642201834,0.121834862385321,0.12348623853211,0.0506422018348623,0.0348623853211008,0.0348623853211008,0.0324770642201834,0.1139449541284403,0.1456880733944953,0.1537614678899082,0.1537614678899082,0.1508256880733944,0.1376146788990825,0.1449541284403669,0.1188990825688073,0.0838532110091742,0.0711926605504586,0.1399999999999999,0.1436697247706421,0.1194495412844036,0.0930275229357797,0.0928440366972477,0.1366972477064219,0.1544954128440366,0.1121100917431192,0.1266055045871559,0.1680733944954128,0.0433027522935779,0.1209174311926605,0.1194495412844036,0.1310091743119265,0.0983486238532109,0.0992660550458715,0.1044036697247706,0.141834862385321,0.1128440366972476,0.0539449541284402,0.0352293577981651,0.035045871559633,0.0352293577981651,0.0392660550458715,0.0014678899082568,0.0888073394495412,0.1511926605504587,0.1482568807339449,0.1183486238532109,0.1128440366972476,0.1398165137614678,0.1447706422018348,0.1491743119266055,0.1535779816513761,0.1519266055045871,0.0295412844036696,0.1669724770642201,0.1537614678899082,0.0289908256880733,0.1521100917431192,0.1543119266055045,0.1537614678899082,0.1423853211009174,0.1423853211009174,0.1293577981651375
19445,7050,160792,0.1172917247957049,2.7581560283687945,0.3625610696837233,125,5,780,5,8.269066598097197,22.807375886524824,0.0100179994857289,0.006839804577012,0.0064078169195165,0.0046798662895345,0.0036204679866289,0.0079712008228336,0.0068809462586782,0.0117048084340446,0.0056569812291076,0.0035176137824633,0.0084443301619953,0.0059346875803548,0.0053587040370274,0.006932373360761,0.0051735664695294,0.0154384160452557,0.0212496785806119,0.0232244793005913,0.0214862432501928,0.020498842890203,0.0094008742607353,0.0076934944715864,0.0135973257906916,0.0122705065569554,0.0123116482386217,0.0104191308819747,0.012023656466958,0.0113653895602982,0.0133401902802776,0.0124556441244535,0.0119002314219593,0.012630496271535,0.009431730521985,0.0131653381331961,0.0094934430444843,0.0171766520956543,0.0173206479814862,0.0111185394703008,0.0171766520956543,0.0123116482386217,0.0130727693494471,0.0126510671123681,0.0150681409102596,0.0152018513756749,0.0131961943944458,0.0090408845461557,0.0027564926716379,0.0024170737978914,0.0022113653895602,0.0022730779120596,0.0203651324247878,0.0210542555926973,0.0208382617639495,0.0208382617639495,0.0206222679352017,0.0107276934944715,0.0113551041398816,0.0096682951915658,0.0082797634353303,0.0072820776549241,0.0093288763178194,0.0110773977886345,0.0097917202365646,0.0080740550269991,0.0072306505528412,0.0117356646952943,0.0168475186423244,0.0120647981486242,0.0169812291077397,0.0196760092568783,0.0084237593211622,0.0115402417073797,0.0117150938544612,0.0148007199794291,0.011252249935716,0.0036204679866289,0.0037233221907945,0.008218050912831,0.0052867060941115,0.0042684494728721,0.0067266649524298,0.0067266649524298,0.0067266649524298,0.007796348675752,0.0002365646695807,0.005368989457444,0.0131653381331961,0.013401902802777,0.0101619953715607,0.0058935458986885,0.0110568269478014,0.011159681151967,0.0113036770377988,0.0131344818719464,0.0145950115710979,0.0041141681666237,0.0172280791977371,0.0128259192594496,0.0039290305991256,0.0129493443044484,0.0195731550527127,0.0169400874260734,0.0193468758035484,0.0188531756235535,0.019285163281049
1208,406,31668,6.456953642384105,2.9753694581280787,0.3360927152317881,145,5,989,5,26.21523178807947,78.0,0.5120860927152318,0.534933774834437,0.5077814569536423,0.4041390728476821,0.3574503311258278,0.5119205298013245,0.5374172185430464,0.5544701986754967,0.4309602649006622,0.3725165562913907,0.5206953642384106,0.5109271523178808,0.4880794701986755,0.4592715231788079,0.3124172185430463,0.5584437086092715,0.5804635761589404,0.590728476821192,0.588907284768212,0.5842715231788079,0.2586092715231787,0.2571192052980132,0.5014900662251656,0.455298013245033,0.4195364238410596,0.3231788079470198,0.3451986754966887,0.3460264900662251,0.2182119205298013,0.2259933774834436,0.446523178807947,0.4653973509933774,0.4519867549668873,0.4817880794701986,0.469205298013245,0.53841059602649,0.5387417218543046,0.4831125827814569,0.5387417218543046,0.4827814569536423,0.4857615894039734,0.4827814569536423,0.4855960264900661,0.4855960264900661,0.4827814569536423,0.3660596026490066,0.0342715231788079,0.0261589403973509,0.0276490066225165,0.0293046357615893,0.5258278145695364,0.5693708609271523,0.5711920529801324,0.5711920529801324,0.5670529801324504,0.5347682119205298,0.5574503311258278,0.558112582781457,0.5559602649006623,0.5339403973509933,0.5266556291390728,0.5609271523178808,0.5609271523178808,0.5466887417218543,0.5521523178807948,0.1183774834437085,0.2102649006622516,0.2754966887417218,0.284933774834437,0.5096026490066226,0.5109271523178808,0.027980132450331,0.1225165562913907,0.4673841059602648,0.0850993377483443,0.4551324503311257,0.4743377483443708,0.5264900662251655,0.5059602649006623,0.2862582781456954,0.5149006622516555,0.514569536423841,0.5149006622516555,0.2710264900662251,0.0149006622516555,0.5529801324503312,0.5716887417218544,0.5716887417218544,0.5874172185430464,0.5801324503311258,0.5718543046357616,0.5697019867549669,0.5706953642384105,0.5690397350993377,0.5688741721854305,0.376158940397351,0.4913907284768212,0.4827814569536423,0.3968543046357615,0.4877483443708609,0.5066225165562914,0.5059602649006623,0.5312913907284769,0.5312913907284769,0.543046357615894
16638,10217,134476,0.0791079752799754,1.628462366643829,0.6140762110830629,142,5,504,5,8.08246183435509,13.161984927082312,0.011852386104099,0.0104579877389109,0.0092679408582761,0.0059622550787353,0.0045438153624233,0.0061425652121648,0.0061545858877268,0.0069960331770644,0.009316023560524,0.0044236086068036,0.0077052530352205,0.0070921985815602,0.0065753095323956,0.007500901550667,0.0033297271306647,0.0196057218415674,0.0290179108065872,0.0292342829667026,0.0272508714989782,0.0267820651520614,0.0115759105661737,0.0097487678807548,0.0164563048443322,0.0166005529510758,0.0166005529510758,0.0142084385142444,0.0160596225507873,0.0148214929679047,0.0174179588892895,0.0162038706575309,0.0181391994230075,0.0157110229594902,0.006455102776776,0.0182233441519412,0.006455102776776,0.0234042553191489,0.0230676764034138,0.0176102896982809,0.0228873662699843,0.0178386825339583,0.0197018872460631,0.0181993028008173,0.0203269623752854,0.0203269623752854,0.0182113234763793,0.0122250270465199,0.0039548022598869,0.0026806106503184,0.0028008174059381,0.002836879432624,0.0266979204231277,0.0267339824498136,0.0263012381295828,0.0263012381295828,0.0257362663781704,0.0113114557038105,0.0110229594903233,0.0097728092318787,0.0087510518091116,0.0080418319509556,0.0106743598990262,0.0123692751532635,0.0108666907080177,0.0093761269383339,0.0081019353287654,0.0163601394398364,0.0164442841687702,0.0176703930760908,0.0208919341266978,0.0227791801899266,0.0061065031854789,0.0133429498737828,0.0129943502824858,0.0109989181391993,0.0140281283808149,0.0044115879312416,0.0043514845534318,0.0091236927515326,0.0072124053371799,0.0051208077893977,0.0061425652121648,0.0061425652121648,0.0061425652121648,0.0061666065632888,0.0001923308089914,0.006791681692511,0.013270825820411,0.0147613895900949,0.0125856473133789,0.007897583844212,0.0099050366630604,0.0094963336939535,0.0141122731097487,0.0165765115999518,0.0187762952277917,0.0033177064551027,0.0188844813078494,0.0133910325760307,0.0039908642865728,0.0145089554032936,0.0265416516408221,0.015085947830268,0.0264334655607644,0.0231277797812236,0.0264214448852025
643,1339,9596,1.1145477753761135,0.4802091112770724,2.082426127527216,89,5,49,5,14.923794712286158,7.166542195668409,0.0205287713841368,0.0556765163297044,0.0575427682737168,0.0419906687402799,0.038258164852255,0.0009331259720062,0.0146189735614307,0.0161741835147744,0.0475894245723172,0.0528771384136858,0.021461897356143,0.0183514774494556,0.0255054432348366,0.0189735614307931,0.0208398133748055,0.0730948678071539,0.0830482115085535,0.07651632970451,0.0715396578538102,0.0715396578538102,0.0127527216174183,0.0121306376360808,0.0401244167962674,0.0460342146189735,0.0506998444790046,0.0662519440124416,0.0668740279937791,0.0650077760497666,0.0721617418351476,0.0684292379471228,0.0684292379471228,0.0718506998444789,0.059720062208398,0.0718506998444789,0.059720062208398,0.0696734059097977,0.0696734059097977,0.0721617418351476,0.069362363919129,0.0712286158631414,0.0721617418351476,0.0721617418351476,0.0721617418351476,0.0721617418351476,0.0721617418351476,0.013063763608087,0.0503888024883358,0.0360808709175738,0.0401244167962674,0.0395023328149299,0.021461897356143,0.0706065318818039,0.0774494556765162,0.0774494556765162,0.0802488335925349,0.0485225505443234,0.0531881804043545,0.0637636080870917,0.0534992223950232,0.0534992223950232,0.0413685847589424,0.0566096423017106,0.0640746500777604,0.0556765163297044,0.0556765163297044,0.0631415241057542,0.0634525660964229,0.0662519440124416,0.0631415241057542,0.0687402799377915,0.0136858475894245,0.0482115085536547,0.0556765163297044,0.0562986003110419,0.0497667185069983,0.0388802488335925,0.0444790046656298,0.0379471228615862,0.0572317262830481,0.0199066874027993,0.0164852255054432,0.0164852255054432,0.0164852255054432,0.0083981337480559,0.0037325038880248,0.045412130637636,0.0606531881804043,0.0594090202177293,0.0637636080870917,0.0625194401244167,0.0329704510108864,0.0556765163297044,0.060964230171073,0.0615863141524105,0.0712286158631414,0.0105754276827371,0.0734059097978226,0.0712286158631414,0.0149300155520995,0.0740279937791601,0.0818040435458786,0.0136858475894245,0.0818040435458786,0.0566096423017106,0.0818040435458786
3527,6339,77546,0.3468432039803104,0.5563969080296577,1.797278140062376,1024,5,356,5,21.98639070031188,12.233159804385547,0.0795009923447689,0.1013892826764955,0.0962290898780833,0.0624326623192514,0.0488800680464983,0.0258576694074283,0.0261411964842642,0.0387297986957754,0.0905018429259994,0.0748511482846611,0.047405727246952,0.0674794442869293,0.0678196767791323,0.0475758434930535,0.0222285228239296,0.1067195917210093,0.1308193932520555,0.1273603629146583,0.1127870711652962,0.1076268783668839,0.0682166146867025,0.0593138644740572,0.102239863907003,0.0956053303090444,0.0986674227388715,0.0901616104337963,0.0979869577544655,0.0919761837255457,0.1053019563368301,0.099518003969379,0.0752480861922313,0.08227955769776,0.0707116529628579,0.0835837822512049,0.0720158775163027,0.0976149914821123,0.0983532084043156,0.0737649063032367,0.0982396365701305,0.0793867120954003,0.0948681599092713,0.087326339665438,0.0908987808335695,0.0906152537567337,0.0840941309895094,0.0799546356677061,0.0458746810320385,0.0348171250354408,0.0340799546356676,0.034873830450808,0.1233342784235893,0.1313864474057272,0.1303657499291182,0.1303657499291182,0.1287212928834703,0.091068897079671,0.0938474624326622,0.0895945562801247,0.0722426991777714,0.0650978168415083,0.0929401757867875,0.0953785086475758,0.0887439750496172,0.077856535299121,0.071108590870428,0.0943578111709667,0.089707967110859,0.0983838956620356,0.1016161043379642,0.1116529628579528,0.0175219733484547,0.0728563316297557,0.0739920499716069,0.0838727995457126,0.0764338444065871,0.0650411114261411,0.0668556847178905,0.0846044797278139,0.0863623476041961,0.0505245250921462,0.0230223986390699,0.0230223986390699,0.0230223986390699,0.0220584065778281,0.0005103487383044,0.0648709951800396,0.1122200170116245,0.1156790473490217,0.0898780833569605,0.085965409696626,0.0572724695208391,0.0660618089027501,0.0798412248369718,0.0933938191097249,0.1056421888290331,0.0117947263963708,0.1109724978735468,0.1046781967677913,0.013892826764956,0.1039410263680181,0.1097816841508363,0.1007655231074567,0.102920328891409,0.1016161043379642,0.0995747093847461
27879,10429,194439,0.0668749575731001,2.6732189088119664,0.3740808493848416,152,5,837,5,6.974389325298612,18.644069421804584,0.0226335234405824,0.0199361526597079,0.0180852971770866,0.0122314286739122,0.0097062304960722,0.0062053875677032,0.0122314286739122,0.0256178485598478,0.0094838408838193,0.0067506008106459,0.0123390365508087,0.0121883855231535,0.0115355644033143,0.0077405932780945,0.0035223645037482,0.0272678360055955,0.0353671222066788,0.0366655905878976,0.0345206069084256,0.0338390903547472,0.0238602532372035,0.0207109293733634,0.0226622188744215,0.0274902256178485,0.0279350048423544,0.0244700312062842,0.0269593600918253,0.025137200043043,0.0284084795006994,0.0266580580365149,0.0210409268625129,0.0219017898776856,0.0121883855231535,0.021320707342444,0.0121381685139351,0.0314430216291832,0.0314717170630223,0.0205889737795472,0.0313712830445855,0.0209404928440761,0.0225402632806054,0.0212489687578463,0.0232576491265826,0.0232791707019619,0.0212991857670647,0.0206750600810645,0.006528211198393,0.0048925714695648,0.005107787223358,0.0050217009218407,0.0368377631909321,0.0359697263172997,0.0362997238064492,0.0362997238064492,0.0364934179848631,0.0221959180745363,0.0218730944438465,0.0194052871336847,0.0176763872448796,0.0156605330176835,0.0212489687578463,0.0230783026650883,0.0206391907887657,0.0179131245740521,0.0165787869005344,0.0192905053983284,0.0289321711682628,0.0183363822231786,0.0263137128304458,0.032332580078195,0.0053086552602316,0.0169527283909236,0.0170818722568072,0.0224556525721762,0.015589594388313,0.0098497076652677,0.0101438358621184,0.017568779367983,0.0133577244520965,0.0110118727357508,0.0061121274077262,0.0061121274077262,0.0061121274077262,0.0049930054880016,0.0001147817353563,0.0133290290182574,0.0241902507263531,0.0259191506151583,0.0212346210409268,0.0151655367839592,0.0184870332508339,0.0189533340507191,0.0202733240073173,0.0232719968435022,0.0243624233293876,0.0046414864234728,0.0291115176297571,0.0210624484378922,0.0048136590265073,0.0211270131640302,0.032268015352057,0.0260482800674342,0.0326338821335054,0.0311704150077118,0.0325477958319881
5130,1685,37126,0.4294977470051654,3.0445103857566767,0.3284600389863548,123,5,455,5,7.237037037037037,22.033234421364984,0.0685380116959063,0.0827680311890837,0.0851851851851851,0.0687719298245613,0.0497076023391812,0.0122027290448342,0.0156335282651071,0.0439376218323586,0.0837037037037036,0.0622222222222221,0.0169590643274853,0.0297855750487328,0.0385575048732943,0.0260038986354775,0.0134892787524366,0.109083820662768,0.1203898635477582,0.1136842105263157,0.104288499025341,0.0999999999999999,0.056335282651072,0.0520857699805067,0.0983235867446393,0.0961013645224171,0.0961793372319687,0.097037037037037,0.0964522417153995,0.095204678362573,0.1048732943469785,0.1044054580896685,0.1116959064327484,0.1119298245614034,0.0506822612085769,0.1127875243664716,0.0508382066276802,0.1017153996101364,0.1022222222222221,0.1113840155945418,0.1024951267056529,0.1119298245614034,0.1133723196881091,0.1128654970760233,0.1138011695906432,0.1138011695906432,0.1128654970760233,0.076803118908382,0.0334502923976607,0.0218323586744638,0.0218323586744639,0.024288499025341,0.0975438596491227,0.1123586744639375,0.1094346978557504,0.1094346978557504,0.1038986354775828,0.0791812865497075,0.0875633528265107,0.0849902534113059,0.067485380116959,0.0344639376218323,0.0748538011695906,0.0833528265107212,0.0793762183235867,0.0678752436647173,0.0475243664717348,0.0683040935672514,0.0911890838206627,0.0708771929824561,0.1122417153996101,0.1000389863547758,0.0180896686159843,0.0477582846003898,0.0472124756335282,0.0740350877192981,0.0457699805068225,0.0630799220272904,0.0651461988304093,0.0423001949317738,0.0889278752436646,0.0351267056530214,0.0117348927875243,0.0117348927875243,0.0117348927875243,0.0134892787524366,0.0011306042884989,0.0773099415204677,0.0901754385964911,0.0912280701754385,0.0904093567251461,0.0826120857699804,0.0691617933723196,0.073840155945419,0.0823391812865496,0.0943859649122806,0.1051461988304093,0.0120077972709551,0.1063937621832358,0.1083040935672514,0.0134502923976608,0.107017543859649,0.0919298245614034,0.0836647173489278,0.0914230019493177,0.0903313840155944,0.0957504873294346
1807,2062,28059,0.7530527096639483,0.876333656644035,1.1411178749308246,460,5,202,5,15.527946873270617,13.607662463627548,0.0368566685113447,0.045711123408965,0.0411732152739346,0.032208079690094,0.0219147758716103,0.0102933038184836,0.027448810182623,0.0329828444936358,0.0437188710570004,0.0381848367459877,0.0318760376314332,0.0366353071389042,0.0353071389042611,0.0343110127282788,0.0233536247924736,0.0464858882125068,0.0624239070282235,0.062202545655783,0.0537908135030437,0.0515771997786385,0.0106253458771444,0.0107360265633646,0.0411732152739346,0.0346430547869396,0.0355285002767016,0.0412838959601549,0.0430547869396789,0.0412838959601548,0.0467072495849473,0.0461538461538461,0.0399557277255118,0.0392916436081903,0.0323187603763143,0.0408411732152739,0.0338682899833978,0.0486995019369119,0.0496956281128942,0.0368566685113447,0.0508024349750968,0.0403984504703928,0.0481460985058106,0.0415052573325954,0.0444936358605422,0.0444936358605422,0.0415052573325954,0.033536247924737,0.0199225235196457,0.0132816823464305,0.0136137244050912,0.0140564471499722,0.0427227448810182,0.0607636967349197,0.0609850581073602,0.0609850581073602,0.061317100166021,0.044825677919203,0.0429441062534587,0.0440509131156612,0.0320973990038737,0.0301051466519092,0.0449363586054233,0.0462645268400663,0.0453790813503043,0.0347537354731598,0.0360819037078029,0.0469286109573878,0.0475926950747094,0.0437188710570004,0.0516878804648588,0.0531267293857221,0.0242390702822357,0.0368566685113447,0.0328721638074155,0.0364139457664637,0.0291090204759269,0.0303265080243497,0.031322634200332,0.0372993912562257,0.0402877697841726,0.0174875484228001,0.0302158273381294,0.0302158273381294,0.0302158273381294,0.0189263973436634,0.0015495296070835,0.0329828444936358,0.051355838406198,0.0537908135030436,0.0470392916436081,0.0388489208633093,0.0388489208633093,0.0425013835085777,0.0449363586054233,0.0524626452684006,0.0572219147758715,0.0254565578306585,0.0583287216380741,0.0588821250691753,0.0245711123408964,0.0613171001660209,0.05655783065855,0.0510237963475373,0.0524626452684005,0.0511344770337575,0.0510237963475373
34151,23098,470966,0.0597051444695103,1.478526279331544,0.6763491552223947,3544,5,2544,5,13.79069426956751,20.38990388778249,0.0238411759538519,0.0156188691399958,0.0117068314251412,0.0068109279376884,0.0094170009662967,0.0184006324851394,0.0206728939123304,0.0228163157740622,0.0084858422886591,0.0062662879564287,0.0172410763960059,0.0144768820825158,0.0143363298292875,0.0154900295745365,0.0107171093086585,0.0180726772276067,0.026605370267342,0.0300254750958975,0.0287605048168428,0.0276009487277092,0.0165558841615179,0.0138034025357968,0.0111270533805744,0.0182425112002576,0.0155427366694971,0.0168838394190506,0.0198412930807296,0.0168955521068196,0.0203742203742203,0.0184006324851395,0.0040233082486603,0.0042048549090802,0.0034903809551696,0.0044801030716523,0.0036367895522824,0.0241925565869227,0.0241515621797311,0.0037187783666656,0.02434482152792,0.0038007671810488,0.0107288219964275,0.0078592134930162,0.0080934672483967,0.0074668384527539,0.0058914819478199,0.015700857954379,0.0032034201048285,0.0025182278703404,0.0023483938976896,0.0023776756171121,0.0237650434833533,0.0248133290386811,0.0246669204415682,0.0246669204415682,0.0252701238616731,0.0227694650229861,0.0154080407601533,0.0143890369242481,0.0106116951187373,0.0059676144183186,0.0227753213668706,0.0169892536089718,0.016145940089602,0.0129132382653508,0.0057684987262451,0.0112500366021492,0.0230564258733272,0.0114374396064536,0.022517642235952,0.0263418347925389,0.018441626892331,0.0100617699852378,0.0100266350094532,0.01905162371937,0.0094878220406151,0.0034201048285554,0.0063599894585809,0.0098503704137506,0.0049720359579514,0.0049017598313372,0.018418201516793,0.018418201516793,0.018418201516793,0.0184240578606775,7.613247049865029e-05,0.0079880530584755,0.0139849491962167,0.015015665719891,0.0163157740622528,0.0129015255775818,0.0176920148751134,0.019776873298,0.019800298673538,0.0204796345641415,0.0219437205352697,0.0125325759128575,0.0211823958302831,0.0152850575385786,0.013211911803461,0.0154021844162688,0.0278000644197826,0.0267986296155309,0.0262832713536938,0.0261017246932739,0.0256273608386283
39387,23033,278677,0.0307183380910067,1.710024747101984,0.5847868586081703,136,5,441,5,7.075354812501587,12.099031823904832,0.005677000025389,0.0051946073577576,0.0048797826694086,0.0028740447355726,0.0020666717444841,0.0022393175413207,0.0032244141467996,0.0082768426130448,0.003021301444639,0.0016706019752709,0.0032041028765835,0.0040724096783202,0.003671262091553,0.0026455429456419,0.0012948434762738,0.0101150125675984,0.016320105618605,0.0177368167161753,0.0171833346027876,0.0170919338868153,0.0094396628329144,0.0079874070124659,0.0099322111356538,0.0110797979028612,0.0112118211592657,0.0097646431563713,0.0109579302815649,0.0095767639068727,0.0115723462056008,0.0107395841267422,0.0085459669434076,0.0081600528093025,0.0021682280955644,0.0086526011120419,0.0021682280955644,0.0129636682154009,0.0128773453169826,0.0084190215045573,0.0128773453169826,0.0085358113082996,0.0098103435143574,0.0087236905577982,0.0099271333180998,0.0099271333180998,0.0087287683753522,0.0062457155914387,0.0017721583263512,0.0013456216518139,0.0013760885571381,0.0013253103815979,0.0160408256531342,0.0161525376393225,0.015969736207378,0.015969736207378,0.0157107675121232,0.0064640617462614,0.0059867468961839,0.0054688095056744,0.0051539848173254,0.00399624241501,0.0061035366999263,0.0069566100490008,0.0059867468961839,0.0048645492167466,0.0042856780155888,0.0087744687333383,0.0102622692766648,0.0094041181100362,0.0109426968289029,0.0134308274303703,0.0024678193312513,0.0073882245410922,0.0075659481554827,0.0024627415136973,0.0078046055805214,0.0017518470561352,0.0014979561784344,0.0037017289968771,0.0029705232690989,0.0024018077030491,0.0022393175413207,0.0022393175413207,0.0022393175413207,0.0022393175413207,6.0933810648183415e-05,0.0031482468834894,0.0055348211338766,0.0057176225658211,0.006657018813314,0.0045344910757356,0.0046055805214918,0.0061644705105744,0.0080432630055601,0.008672912382258,0.0097900322441414,0.0013202325640438,0.0126234544392819,0.0089318810775128,0.0012846878411658,0.0076319597836849,0.0168126539213445,0.0053875644248101,0.0168583542793307,0.0117653032726533,0.0168583542793307
19412,11924,167597,0.0724059057180122,1.6279771888627976,0.6142592211003503,550,5,309,5,8.633680197815783,14.055434417980544,0.0209870183391716,0.0233772923964557,0.0222851844220069,0.0156810220482175,0.0110344117041005,0.0026478466927673,0.0039357098701833,0.0075726354832062,0.0220173088811044,0.012744694003709,0.0050587265608901,0.0070574902122398,0.0072635483206263,0.0048320626416649,0.0022254275705748,0.0356068411291983,0.0459406552647846,0.0450030908716257,0.0422316093138264,0.0414279826911188,0.0230888110447145,0.0212858025963321,0.0211724706367195,0.0252936328044508,0.0260766536163197,0.0225942715845868,0.0240366783432927,0.0227076035441994,0.0279826911188954,0.0271790644961878,0.0352153307232639,0.0337729239645579,0.013249536369256,0.0356995672779723,0.0131980218421594,0.0385431691737069,0.0384092314032556,0.033618380383268,0.038295899443643,0.034246857613847,0.0378631774160312,0.0356377498454563,0.0378425716051926,0.0378425716051926,0.035658355656295,0.0219348856377498,0.0124459097465484,0.0093447352153306,0.0095095817020399,0.0098392746754584,0.0448382443849165,0.0446630949927879,0.0445806717494332,0.0445806717494332,0.0449103647228518,0.0248712136822583,0.0240160725324541,0.0209561096229136,0.0188543169173706,0.0165052544817638,0.0245312178034204,0.023387595301875,0.020657325365753,0.0174943334020193,0.0168555532660209,0.0201009684731093,0.0212961055017514,0.0246033381413558,0.0264681640222542,0.0326396043684318,0.0027199670307026,0.0169070677931176,0.0172573665773747,0.0083968679167524,0.0200082423243354,0.0124974242736451,0.0107459303523593,0.0191324953636925,0.0175561508345353,0.0136204409643518,0.0032145064908303,0.0032145064908303,0.0032145064908303,0.0032145064908303,0.0002266639192252,0.0171131259015041,0.0272099732124458,0.0277663301050895,0.0255099938182567,0.0169276736039562,0.0118483412322274,0.0138264990727384,0.0169791881310529,0.0192252215124664,0.0244590974654851,0.003142386152895,0.0304038738924376,0.0279311765917988,0.0029466309499278,0.0271996703070265,0.0413146507315062,0.0240263754378734,0.0417061611374407,0.0371728827529362,0.0418813105295693
610,3650,90274,4.054525039299349,0.1671232876712328,5.983606557377049,2132,12,329,5,147.99016393442622,24.732602739726023,0.320983606557377,0.3363934426229508,0.3150819672131147,0.2163934426229508,0.1937704918032786,0.2557377049180327,0.2836065573770491,0.3262295081967213,0.3199999999999999,0.2901639344262294,0.3154098360655737,0.3134426229508196,0.3081967213114753,0.2724590163934425,0.2265573770491802,0.3386885245901639,0.3924590163934426,0.4550819672131148,0.4547540983606556,0.4432786885245902,0.0262295081967212,0.0331147540983606,0.2098360655737704,0.161311475409836,0.161639344262295,0.1878688524590163,0.201967213114754,0.1908196721311475,0.260983606557377,0.2645901639344262,0.3255737704918032,0.3524590163934425,0.3524590163934425,0.3304918032786885,0.3065573770491803,0.320983606557377,0.3245901639344262,0.2688524590163934,0.3245901639344262,0.2678688524590163,0.380655737704918,0.3288524590163934,0.3154098360655737,0.3104918032786884,0.2980327868852458,0.3085245901639344,0.1242622950819671,0.0940983606557376,0.0934426229508196,0.1032786885245901,0.280327868852459,0.3859016393442622,0.3983606557377049,0.3983606557377049,0.400655737704918,0.2934426229508197,0.3747540983606557,0.3521311475409835,0.2993442622950819,0.3036065573770491,0.2901639344262294,0.3842622950819672,0.3324590163934425,0.3049180327868852,0.3196721311475409,0.3645901639344261,0.3908196721311475,0.3029508196721311,0.3124590163934426,0.4252459016393443,0.2281967213114754,0.3344262295081966,0.3485245901639344,0.380327868852459,0.3075409836065573,0.2337704918032786,0.2042622950819671,0.3242622950819672,0.2793442622950819,0.2065573770491802,0.2590163934426229,0.2554098360655737,0.2590163934426229,0.2593442622950819,0.0124590163934425,0.3331147540983606,0.3131147540983606,0.3183606557377049,0.4098360655737704,0.3845901639344262,0.3508196721311475,0.3691803278688524,0.3904918032786885,0.4160655737704918,0.4268852459016393,0.181639344262295,0.381639344262295,0.3567213114754098,0.1767213114754098,0.3593442622950819,0.3622950819672131,0.3619672131147541,0.3924590163934426,0.3924590163934426,0.3859016393442623
38609,18534,346355,0.0484020492904037,2.0831444912053523,0.4800435131705043,292,5,1089,5,8.970835815483436,18.687547210532,0.0225854075474629,0.0217617653914889,0.01996943717786,0.0132766971431531,0.0104017198062627,0.0060607630345255,0.0176746354476934,0.0259473179828537,0.0117640964541945,0.0073609780103084,0.0103809992488797,0.0111632002900877,0.0105467637079436,0.0068688647724623,0.0016472843119479,0.032857623870082,0.0416845813152373,0.0422077753891579,0.0394208604211452,0.0384625346421818,0.0226113082441917,0.0204252894402858,0.0250045326219274,0.0241187287938045,0.0236680566707243,0.020751638219068,0.0222797793260638,0.020093760522158,0.0244657981299696,0.0232950866378305,0.028988059778808,0.028760133647595,0.014923981455101,0.0298790437462767,0.0149706027092127,0.0333238364111994,0.0334067186407313,0.028822295319744,0.0333393768292366,0.0293817503690849,0.0310342148203786,0.0299360252790799,0.0317231733533631,0.0315884897303736,0.0298427827708565,0.0223471211375585,0.0094641145846822,0.0076458856743245,0.008500608666373,0.0077339480432023,0.0417622834054235,0.0419021471677587,0.0417208422906575,0.0417208422906575,0.0416690408972,0.023409049703437,0.0206946566862648,0.0181253075707736,0.0190318319562795,0.0159237483488305,0.0236887772281074,0.0219586106866274,0.0187469242922634,0.017457069595172,0.0165764459063948,0.0236162552772669,0.0265844751223807,0.024911290113704,0.0287290528115206,0.0335880235178326,0.0061902665181692,0.0217669455308347,0.0209225828174777,0.0074179595431116,0.0218757284570954,0.0092051076173948,0.0080447564039472,0.0184827371856302,0.0134787225776372,0.0121059856510139,0.0056981532803231,0.0056981532803231,0.0056981532803231,0.0057085135590146,7.25219508404704e-05,0.0157631640291123,0.0235074723510061,0.0239736848921235,0.0235748141625009,0.0182289103576885,0.0144370483566007,0.0168302727343365,0.0221761765391488,0.0240928280970757,0.0270558678028438,0.0038540236732367,0.0247299852366028,0.0222279779326063,0.0040767696651039,0.0212385713175683,0.0377114144370483,0.0303400761480483,0.0374834883058354,0.0350177419772591,0.0372141210598564
1474,1021,15887,1.0556468835592316,1.443682664054848,0.6926729986431479,103,5,182,5,10.778154681139757,15.560235063663075,0.0709633649932156,0.0860244233378561,0.0814111261872455,0.0571234735413839,0.046540027137042,0.0042062415196743,0.0332428765264585,0.0355495251017638,0.0899592944369063,0.0651289009497964,0.0421981004070555,0.0459972862957937,0.0659430122116688,0.0511533242876526,0.0504748982360922,0.0717774762550881,0.0926729986431478,0.0972862957937584,0.0944369063772048,0.0924016282225237,0.0445047489823608,0.0439620081411125,0.0880597014925372,0.0748982360922659,0.0736770691994572,0.0744911804613296,0.073405698778833,0.0719131614654002,0.0700135685210311,0.069877883310719,0.0750339213025779,0.0896879240162821,0.0796472184531885,0.0900949796472184,0.0800542740841247,0.0936227951153324,0.0934871099050203,0.0898236092265942,0.0933514246947082,0.0900949796472184,0.0925373134328357,0.0899592944369063,0.0932157394843961,0.0932157394843961,0.0899592944369063,0.0672998643147896,0.0381275440976932,0.0272727272727272,0.0279511533242875,0.0278154681139755,0.0717774762550881,0.096607869742198,0.0955223880597014,0.0955223880597014,0.0933514246947082,0.089416553595658,0.0820895522388059,0.0801899592944368,0.0686567164179104,0.0605156037991858,0.0892808683853459,0.0820895522388059,0.0837177747625508,0.0712347354138398,0.0720488466757122,0.0690637720488466,0.0933514246947082,0.0563093622795114,0.0753052917232021,0.0932157394843961,0.0335142469470827,0.057394843962008,0.0540027137042061,0.0606512890094979,0.0375848032564449,0.0712347354138398,0.0709633649932156,0.0700135685210311,0.0803256445047489,0.0255088195386702,0.0325644504748981,0.0331071913161464,0.0325644504748981,0.0137042062415196,0.0021709633649931,0.0611940298507462,0.0879240162822252,0.0900949796472184,0.0765264586160107,0.0742198100407055,0.07516960651289,0.0871099050203527,0.0871099050203527,0.0945725915875169,0.0941655359565807,0.0265943012211668,0.0990502035278154,0.0871099050203527,0.0264586160108547,0.0877883310719131,0.0970149253731342,0.0944369063772048,0.0900949796472184,0.0900949796472184,0.0865671641791044
854,8870,450123,5.9422335108475535,0.0962795941375422,10.386416861826698,4085,22,730,5,527.076112412178,50.7466741826381,0.5819672131147542,0.4974238875878219,0.4299765807962529,0.3206088992974238,0.2653395784543325,0.5142857142857142,0.5449648711943793,0.5843091334894613,0.5510538641686182,0.5779859484777518,0.5468384074941451,0.54192037470726,0.5348946135831382,0.4763466042154566,0.1718969555035128,0.5358313817330211,0.5899297423887588,0.6784543325526932,0.723887587822014,0.7241217798594848,0.0887587822014051,0.1128805620608899,0.4817330210772834,0.3107728337236534,0.2196721311475409,0.1121779859484777,0.1428571428571428,0.1170960187353629,0.1887587822014051,0.1672131147540983,0.6124121779859484,0.5679156908665106,0.5679156908665106,0.5451990632318501,0.5295081967213114,0.536768149882904,0.5372365339578454,0.3948477751756439,0.5395784543325527,0.4011709601873536,0.6231850117096018,0.5454332552693207,0.5166276346604215,0.5070257611241218,0.4936768149882904,0.4903981264637002,0.1325526932084308,0.1147540983606557,0.1046838407494144,0.1023419203747072,0.463231850117096,0.5735362997658079,0.6126463700234192,0.6126463700234192,0.6002341920374707,0.5524590163934426,0.5789227166276346,0.5421545667447306,0.4430913348946135,0.4105386416861826,0.5526932084309133,0.5775175644028103,0.5297423887587822,0.4543325526932084,0.494847775175644,0.6384074941451992,0.5644028103044496,0.5718969555035128,0.4901639344262294,0.5992974238875879,0.492271662763466,0.593208430913349,0.6023419203747074,0.6454332552693208,0.5747072599531616,0.2053864168618266,0.18711943793911,0.3419203747072599,0.1983606557377049,0.2576112412177985,0.5313817330210773,0.5318501170960187,0.5313817330210773,0.5313817330210773,0.0140515222482435,0.6079625292740047,0.552224824355972,0.5395784543325528,0.6468384074941452,0.6430913348946137,0.6023419203747074,0.6194379391100703,0.6346604215456674,0.6454332552693207,0.6484777517564402,0.2669789227166276,0.54192037470726,0.5639344262295081,0.2644028103044496,0.5597189695550351,0.5030444964871195,0.5037470725995317,0.5676814988290398,0.5676814988290398,0.601639344262295
4898,13073,126702,0.1978743167782559,0.3746653407787042,2.66904859126174,554,5,183,5,25.868109432421395,9.691884035798974,0.0112699060841159,0.0074724377296855,0.006900775826868,0.0048182931808901,0.0051857901184156,0.0069416088199264,0.0103715802368313,0.0105757452021232,0.0115557370355246,0.0083707635769701,0.0091874234381379,0.008779093507554,0.006900775826868,0.0077582686810942,0.0026133115557369,0.018170681910984,0.0262556145365454,0.0269089424254797,0.0216823193140056,0.019844834626378,0.0073907717435687,0.0062474479379338,0.0132298897509186,0.0120457329522253,0.0122498979175173,0.0114332380563494,0.0129848917925683,0.0117599020008166,0.0146998775010207,0.0151082074316046,0.0177623519804001,0.0193548387096773,0.0175581870151081,0.0199673336055532,0.0181298489179256,0.0200898325847284,0.02004899959167,0.0199265006124948,0.0204981625153123,0.0194773376888525,0.0215598203348304,0.0199265006124948,0.019844834626378,0.0196406696610861,0.0197223356472029,0.0097590853409554,0.0048591261739485,0.0032666394446712,0.0036341363821967,0.0041649652919558,0.0149448754593711,0.0160473662719476,0.0159657002858309,0.0159657002858309,0.0164148632094732,0.0137198856676193,0.012331563903634,0.0117599020008166,0.0101265822784809,0.0083299305839117,0.0138015516537361,0.0121273989383421,0.014414046549612,0.0109024091465904,0.0102899142507145,0.0121273989383421,0.0115149040424663,0.0127398938342179,0.0122498979175173,0.0174765210289913,0.0066557778685176,0.0105757452021232,0.0102899142507145,0.0126990608411596,0.0094324213964883,0.0041241322988974,0.0046549612086565,0.0096365863617802,0.006696610861576,0.0054307880767659,0.0076766026949774,0.0077174356880359,0.0076766026949774,0.0077582686810942,0.0003674969375254,0.00710494079216,0.0131482237648019,0.015149040424663,0.0120457329522253,0.0095549203756634,0.0106165781951816,0.0106982441812984,0.0112699060841159,0.0125765618619844,0.0146590445079623,0.0057982850142915,0.0227439771335238,0.0223356472029399,0.0064516129032257,0.0219681502654144,0.0254389546753776,0.0167823601469987,0.0222131482237647,0.0187423438138015,0.0217639853001224
1429,900,10261,0.7978384262499028,1.5877777777777775,0.6298110566829951,42,5,163,5,7.1805458362491255,11.401111111111112,0.0116165150454863,0.0263121063680895,0.0239328201539537,0.0197340797760671,0.0163750874737578,0.0006997900629811,0.0188943317004898,0.0186144156752973,0.0289713086074177,0.0186144156752973,0.0211336599020293,0.0195941217634709,0.0250524842547235,0.0242127361791462,0.0223932820153953,0.0270118964310706,0.0368089573128061,0.0407277816655003,0.04184744576627,0.0419874037788663,0.0151154653603918,0.0155353393981805,0.0256123163051083,0.0236529041287613,0.027291812456263,0.0260321903428971,0.0267319804058781,0.0253324002799159,0.0230930720783764,0.0233729881035688,0.0254723582925121,0.0277116864940517,0.0160951714485653,0.0279916025192441,0.0160951714485653,0.0376487053883834,0.0376487053883834,0.0281315605318403,0.0376487053883834,0.0281315605318403,0.0300909727081875,0.0278516445066479,0.0312106368089572,0.0312106368089572,0.0278516445066479,0.008957312806158,0.0121763470958711,0.0090972708187543,0.0095171448565429,0.0097970608817354,0.022813156053184,0.0319104268719383,0.0338698390482854,0.0338698390482854,0.0338698390482854,0.0312106368089572,0.0300909727081875,0.0268719384184744,0.020293911826452,0.0198740377886633,0.0288313505948215,0.0281315605318404,0.0242127361791462,0.0219734079776066,0.0225332400279915,0.0251924422673197,0.037368789363191,0.0183344996501049,0.0242127361791462,0.0400279916025192,0.0193142057382784,0.0153953813855843,0.0174947515745276,0.0183344996501049,0.0123163051084674,0.0188943317004898,0.0187543736878935,0.0232330300909726,0.029811056682995,0.0065780265920223,0.0186144156752973,0.0186144156752973,0.0186144156752973,0.0138558432470258,0.0013995801259622,0.0167949615115464,0.0307907627711686,0.0291112666200139,0.0236529041287613,0.021553533939818,0.0268719384184744,0.0296710986703988,0.0349895031490552,0.0342897130860741,0.0341497550734779,0.019034289713086,0.0369489153254023,0.0302309307207837,0.0222533240027991,0.0313505948215535,0.0407277816655003,0.0282715185444366,0.0400279916025192,0.037368789363191,0.0400279916025192
19856,8510,157836,0.0934081438057894,2.3332549941245597,0.4285858178887993,147,5,520,5,7.949033037872684,18.54712103407756,0.0223609991941982,0.0216962127316679,0.0192989524576953,0.0124294923448831,0.0095890410958903,0.005288074133763,0.0124395648670426,0.0192082997582594,0.0122683319903303,0.0072824335213536,0.0122884770346494,0.0125100725221594,0.0122884770346494,0.0110193392425463,0.0051873489121675,0.0313557614826752,0.041448428686543,0.042274375503626,0.038346091861402,0.0370870265914584,0.021716357775987,0.0178686543110394,0.0281526994359387,0.026248992747784,0.0262792103142626,0.022028605962933,0.0247683319903303,0.0224617244157936,0.0279311039484286,0.0259770346494761,0.0298549556809024,0.0298247381144238,0.0184629331184528,0.0307010475423045,0.0185132957292505,0.0346897663174858,0.034307010475423,0.0287771958098307,0.0342264302981466,0.0297139403706687,0.0323227236099919,0.0305902497985494,0.0333299758259467,0.0333702659145849,0.0307010475423045,0.0223005640612409,0.0077457695406929,0.0051067687348911,0.0054290894439967,0.0053887993553585,0.0408340048348105,0.0397562449637388,0.0397663174858984,0.0397663174858984,0.0399375503626107,0.0227135374697823,0.0223207091055599,0.0198227236099918,0.0181103948428686,0.015511684125705,0.0215652699435938,0.0232775987107171,0.0207493956486703,0.0178283642224012,0.0166196615632554,0.0262288477034648,0.0307010475423045,0.0260777598710716,0.0349818694601127,0.0381043513295728,0.0088537469782433,0.0216458501208702,0.0214443996776792,0.0251611603545527,0.0212127316680096,0.0103444802578565,0.0108078162771957,0.0188859790491538,0.0148670427074938,0.0121273166800966,0.0040894439967767,0.0040894439967767,0.0040894439967767,0.003545527800161,0.00022159548751,0.0134971796937952,0.0266015310233681,0.0282332796132151,0.0232070910556002,0.0161865431103948,0.0186643835616437,0.021605560032232,0.0244359387590652,0.0292002417405317,0.0316579371474617,0.0037570507655116,0.0300564061240934,0.0228243352135374,0.0035354552780015,0.0227336825141014,0.0355257856567284,0.0306506849315068,0.0354049153908138,0.0344681708299757,0.0352639000805801
14681,8713,151254,0.1182451988461481,1.6849535177321244,0.5934881820039507,204,5,742,5,10.302704175464887,17.359577642603007,0.0259382875825896,0.0283631905183569,0.0268919010966554,0.0180096723656425,0.0148627477692254,0.0124105987330562,0.0186772018254886,0.0226278863837612,0.0242898985082759,0.0150943396226414,0.0199713915945779,0.0204618214018117,0.0196308153395544,0.0116068387712007,0.0105033717049246,0.0377767182072065,0.0484299434643416,0.0507731080989032,0.0467270621892241,0.0444383897554661,0.0248348205163135,0.0207751515564333,0.0346434166609903,0.0313738846127647,0.0316735917171854,0.0281043525645391,0.0304747632995026,0.027205231251277,0.0337851644983311,0.0319596757714051,0.0372590422995708,0.0372317961991689,0.0273005926026836,0.0377358490566036,0.0275730536067024,0.0366596280907294,0.0365642667393228,0.0364007901369115,0.0365506436891219,0.0373271575505754,0.0394523533819221,0.0375451263537905,0.0391117771268986,0.0391254001770995,0.0377086029562018,0.0278182685103193,0.0120563994278318,0.0084326680743817,0.0094407737892513,0.0094543968394522,0.0494380491792111,0.049914855936244,0.0490702268237857,0.0490702268237857,0.0497786254342346,0.0317689530685919,0.0306518629521149,0.0269327702472582,0.0248075744159116,0.0226960016347659,0.0305156324501055,0.031074177508344,0.0294666575846331,0.0250255432191266,0.0240719297050608,0.0304475171991008,0.0366596280907294,0.02811797561474,0.0407874123016142,0.0448334582112934,0.0138682651045568,0.0248620666167154,0.0243171446086777,0.0366323819903275,0.0211021047612559,0.014045364757169,0.0152169470744498,0.0246985900143041,0.0206661671548258,0.0164975137933382,0.0116477079218035,0.0116477079218035,0.0116477079218035,0.0113071316667801,0.0002315918534158,0.0194128465363394,0.0343709556569715,0.0360057216810843,0.0300115795926707,0.0217151420202982,0.0223281792793405,0.0273687078536883,0.0344118248075743,0.033798787548532,0.0354880457734486,0.0101627954499011,0.0307880934541243,0.0269600163476601,0.0101627954499011,0.0286901437231795,0.0436482528438116,0.0363190518357059,0.0433894148899938,0.0410190041550302,0.0419998637694979
1761,443,10730,1.3754241318356208,3.975169300225734,0.2515616127200454,10,5,565,5,6.0931289040318,24.221218961625283,0.0536059057353776,0.0598523566155593,0.0515616127200453,0.0291879613855763,0.0189664963089153,0.0090857467348097,0.0797274275979556,0.082907438955139,0.0505394662123792,0.020556501987507,0.0833617262918795,0.0704145371947756,0.0576944917660419,0.0554230550823395,0.0628052243043724,0.0691652470187393,0.0802952867688812,0.0894946053378761,0.0921067575241339,0.090289608177172,0.0423622941510505,0.0434980124929017,0.0348665530948324,0.0537194775695627,0.0551959114139692,0.0164679159568426,0.0204429301533219,0.0180579216354343,0.0123793299261782,0.0120386144236228,0.0814310051107325,0.0815445769449176,0.0508801817149346,0.0812038614423622,0.0508801817149346,0.0868824531516183,0.0868824531516183,0.0813174332765473,0.0868824531516183,0.0812038614423622,0.0835888699602498,0.0812038614423622,0.0835888699602498,0.0835888699602498,0.0812038614423622,0.0193072118114707,0.0054514480408858,0.0039750141964792,0.0048835888699602,0.0045428733674048,0.0739352640545144,0.0726859738784781,0.07450312322544,0.07450312322544,0.0792731402612151,0.0724588302101078,0.0834752981260647,0.0831345826235093,0.0682566723452583,0.0639409426462237,0.0717773992049971,0.0813174332765473,0.0805224304372515,0.073594548551959,0.0704145371947756,0.0111300397501419,0.0844974446337308,0.0070414537194775,0.0675752413401476,0.0859738784781373,0.0784781374219193,0.012152186257808,0.0111300397501419,0.010335036910846,0.0055650198750709,0.0519023282226007,0.0516751845542305,0.0834752981260646,0.0703009653605905,0.0109028960817716,0.0780238500851788,0.0779102782509937,0.0780238500851788,0.0138557637705848,0.0040885860306643,0.0352072685973878,0.080068143100511,0.0796138557637705,0.0496308915388982,0.0624645088018171,0.0701873935264054,0.0758659852356615,0.0818852924474729,0.0839295854628052,0.0871095968199886,0.0653038046564451,0.072685973878478,0.0682566723452583,0.0705281090289607,0.0730266893810334,0.0835888699602498,0.0824531516183986,0.0882453151618398,0.0882453151618398,0.0879045996592844
25587,15254,546349,0.139980339125212,1.6773960928281106,0.596162113573299,1214,5,8026,5,21.35260093015985,35.81676937196801,0.1544299839762379,0.1612537616758509,0.1358424199788954,0.084230273185602,0.0950560831672333,0.1041935357798881,0.1590651502716222,0.1708211201000507,0.1072654082151091,0.0690975886192206,0.1169265642709187,0.1071090788290928,0.0923281353812482,0.0812678313205924,0.0732481338179543,0.1882987454566771,0.2236057372884667,0.2197209520459608,0.199101106030406,0.1887442842068237,0.1188728651268221,0.1047406886309453,0.0935787704693789,0.1192324227146597,0.1244460077383045,0.0943213350529565,0.1092664243561183,0.0930159846797201,0.1228358150623363,0.1116269980849649,0.1711415953413842,0.1803415797084456,0.1601281900965333,0.181177941923633,0.161761832180404,0.1655178028142413,0.1654709067480369,0.1714975658842944,0.1655021759858365,0.1749994293670524,0.1903622933520928,0.1875952632196036,0.1884628913119942,0.1884707077812951,0.1853128541837651,0.096431781764177,0.0350099659983585,0.0262086215656387,0.0274514401844686,0.0272091296361433,0.216852307812561,0.2168054089967561,0.2162191737991948,0.2162191737991948,0.2150467034040723,0.1968655958103724,0.1812170242701371,0.1668738031031382,0.1531480830109039,0.1296517762926485,0.1952710360730057,0.1830304451479266,0.1787548364403798,0.1624809473560791,0.0997537812170242,0.089647086411068,0.1664204478836908,0.0875053738226442,0.1777777777777777,0.1926681517958338,0.1016453667878219,0.0543158587143732,0.0563799826738761,0.1519316268321728,0.0531665902196314,0.0589205455895571,0.0463829288310469,0.0975182709969905,0.0678313205924883,0.0665337866885527,0.0993160589361784,0.0993160589361784,0.0993160589361784,0.0961816547465509,0.0002657599562277,0.1228514480009379,0.1987024660960643,0.2051979520850431,0.1858443740962207,0.1371868526986359,0.1314730136397389,0.1375073279399695,0.146785477000039,0.1503263375933091,0.154680110993864,0.077359596670184,0.1136905459803806,0.1184898581310821,0.0774064954859889,0.1170672607183334,0.210919607613241,0.2086684644546058,0.1961230312267948,0.1953726501739164,0.1860788681752452
23421,11888,802784,0.2883264452539774,1.9701379542395692,0.5075786687161095,2389,5,2629,5,34.276247811792835,67.52893674293405,0.0879467144869988,0.0909525639383458,0.0774177020622517,0.0484522437129072,0.0494086503565176,0.042730882541309,0.1130609282268049,0.1205072370949147,0.0937107723837581,0.077605567652961,0.0864437897613252,0.0785021988813457,0.0591435036932666,0.0336706374621066,0.0100764271380384,0.1144869988471883,0.1384398616626104,0.1503266299474829,0.1496264036548396,0.1465266214081379,0.0712949916741385,0.059228897143589,0.1215917339140087,0.0732334229964561,0.0756415182955467,0.0526365227787028,0.0674352077195678,0.0519277571410272,0.0738311771487126,0.0604414841381665,0.1228555569787797,0.1245036505700012,0.1175184663336321,0.1249476965116775,0.1186285811878228,0.0895777293881559,0.0916869476111181,0.117407454848213,0.0932325690619528,0.1198497075274326,0.1301481576363092,0.1276632082319286,0.1268263524187694,0.1259894966056103,0.1259894966056103,0.0995346056957431,0.0178557704624054,0.0101191238631996,0.0102386746936509,0.0106997993253916,0.1434353785064685,0.144502796635498,0.1444259425302079,0.1444259425302079,0.1440416720037573,0.1178173434097604,0.1005593270996114,0.090995260663507,0.0901498655053157,0.0729174672302634,0.1170488023568591,0.1010204517313521,0.0962981939285256,0.0925323427693095,0.0746338755817428,0.1278852312027666,0.1255881473890951,0.112411938004355,0.1338969301054609,0.143238973570727,0.0313650143034028,0.0923615558686648,0.0919089705819563,0.1039750651125058,0.07909141368857,0.0404252593826053,0.0405106528329276,0.0593996840442337,0.0444643695828529,0.0289654583493445,0.0325605226079159,0.0325605226079159,0.0325605226079159,0.0324665898125613,0.0006404508774176,0.0916869476111181,0.1205328551300114,0.1231885914350369,0.1071346227744331,0.0904999786516373,0.1041800093932795,0.1166047564151829,0.1228470176337474,0.1264591605823832,0.1298578199052132,0.0235600529439391,0.0838392895264932,0.0867341274924212,0.0222108364288458,0.086110755305068,0.1231288160198112,0.1231288160198112,0.1287818624311514,0.1287818624311514,0.1297809657999231
22178,17803,240938,0.0610224626172515,1.2457450991405945,0.802732437550726,2767,5,300,5,10.863829019749302,13.533561759254058,0.0585895932906483,0.0677878979168545,0.0644963477319866,0.0441698980972134,0.0291189467039407,0.0017855532509693,0.0060149697898817,0.0215979799801604,0.0751645775092433,0.0487059247903327,0.0166831995671385,0.0247903327621967,0.0219226260257912,0.0097033095860762,0.0008927766254846,0.091000090179457,0.1071061412210298,0.1066101542068716,0.1011993867796915,0.0980881955090629,0.0762828027775272,0.0782216611056,0.0382180539273152,0.068464243845252,0.0665073496257551,0.0616827486698529,0.0598521056903237,0.0607899720443682,0.0703760483361889,0.0699972946162863,0.080954098656326,0.0827396519072954,0.0505546036612859,0.0828749210929749,0.0505816574984218,0.0849761024438632,0.0846694922896563,0.0782757687798719,0.0845612769411127,0.0784741635855351,0.0905311570024347,0.0857696816665163,0.0890071241771124,0.0884931012715303,0.0840923437640905,0.0616106051041572,0.0405266480295788,0.0310578050320136,0.0322571918117052,0.0323383533231129,0.1053837135900441,0.105672287852827,0.1055911263414193,0.1055911263414193,0.1050590675444133,0.074984218595004,0.075777797817657,0.0662097574172603,0.0617548922355487,0.0371268824961673,0.0768509333573811,0.07877175579403,0.0745874289836774,0.0607899720443682,0.0398232482640453,0.029587879880963,0.0246280097393813,0.0474073406078095,0.0440526648029578,0.0706736405446839,0.0017584994138334,0.0279466137613851,0.0275227703129226,0.0108666245829199,0.037469564433222,0.0356299035079808,0.0263684732617908,0.0571647578681576,0.0491117323473712,0.0420326449634772,0.0028406528992695,0.0028406528992695,0.0028406528992695,0.0028496708449814,9.919740283163364e-05,0.0606907746415366,0.0864460275949138,0.0880692578230678,0.0718369555415276,0.0641536657949318,0.0068265849039588,0.0108666245829199,0.0192803679321849,0.0320227252231941,0.0493552168815943,0.0028316349535575,0.0627739201010009,0.0629182072323924,0.0028947605735413,0.0633691045179907,0.1005681305798538,0.0738389394895842,0.0999008025971683,0.0946884299756515,0.0993777617458742
5541,3568,64706,0.3272891118227514,1.5529708520179373,0.6439270889731096,578,5,272,5,11.677675509835767,18.135089686098656,0.0556939180653311,0.0786861577332611,0.0779281718101425,0.0558022017686337,0.0425915899657101,0.0107561811947301,0.0120916802021295,0.020249052517596,0.0844612885760692,0.0586897671900378,0.0135715574805991,0.0416531312037537,0.0439270889731095,0.0247969680563075,0.0119473019310593,0.0962281176682908,0.1142393069842988,0.1111351741562894,0.1012452625879804,0.0969500090236419,0.0560909583107741,0.0487276664861937,0.0903086085544125,0.0834506406785778,0.0829814112975996,0.0808879263670817,0.0840281537628586,0.0801299404439631,0.0922577152138602,0.0898754737412019,0.0937375924923298,0.0943512001443782,0.0685074896228117,0.094928713228659,0.0692654755459302,0.0896589063345966,0.0905973650965529,0.0887565421404078,0.090669554232088,0.0930157011369788,0.0988630211153221,0.0946760512542862,0.0988269265475545,0.0988269265475545,0.095253564338567,0.0637791012452625,0.0448294531672982,0.0308247608734884,0.0324129218552607,0.0331709077783793,0.1074896228117667,0.1162606027792816,0.1159357516693737,0.1159357516693737,0.112290200324851,0.0739216747879443,0.0848222342537447,0.074029958491247,0.0611081032304637,0.0558022017686337,0.0767009565060458,0.0804186969861035,0.0735607291102688,0.0635625338386572,0.0618660891535823,0.088900920411478,0.0808157372315466,0.0968778198881068,0.1014618299945857,0.0994766287673704,0.0108283703302652,0.073705107381339,0.0723335138061721,0.0770619021837213,0.0746435661432953,0.057390362750406,0.0581844432412921,0.0593755639776213,0.0752571737953437,0.0416531312037537,0.0119473019310593,0.0119473019310593,0.0119473019310593,0.0116946399566864,0.0005414185165132,0.0570294170727305,0.0977079949467604,0.0960476448294531,0.0839920591950911,0.0689767190037899,0.0385129038079768,0.0566323768272874,0.0756903086085543,0.0882873127594296,0.0999458581483486,0.0090597365096552,0.0979967514889008,0.0953618480418696,0.0088070745352823,0.0969500090236418,0.0994766287673704,0.0921494315105576,0.094928713228659,0.0939180653311676,0.0928713228659086
43536,8655,714773,0.1896935404733409,5.030155979202773,0.1988009922822491,419,5,3790,5,16.41797592796766,82.58497978047372,0.0771821021683204,0.0744487320837926,0.0582138919514883,0.0388138552002939,0.0431596839397279,0.0577545020213156,0.0793366409408305,0.061521499448732,0.0314911797133406,0.0309307239985298,0.063037486218302,0.058792723263506,0.0497748989342153,0.0156514149209848,0.0125183755972068,0.0811420433664093,0.0932975009187798,0.1042126056596838,0.1015389562660786,0.0981578463800073,0.0560501653803748,0.0443632855567805,0.0776736493936052,0.0596793458287393,0.0597206909224549,0.0468118338846012,0.0569413818449099,0.0458746784270488,0.0615444689452406,0.0540288496876148,0.0862504593899301,0.0907341051084159,0.0840821389195148,0.0913267181183388,0.0847804116133774,0.0822445791988239,0.0824191473722895,0.0895396912899668,0.0825110253583241,0.0906927600147004,0.0925716648291069,0.0917539507533994,0.0919193311282616,0.0917493568540977,0.0915104740904078,0.0694643513414185,0.0197124219037118,0.0112137081955163,0.0112091142962145,0.0111539875045938,0.0995222344726203,0.0991455347298786,0.1000643145902241,0.1000643145902241,0.0998070562293274,0.0745176405733185,0.0692760014700477,0.0651139287026827,0.0642410878353546,0.0560317897831678,0.075840683572216,0.0707460492466004,0.0670617420066151,0.0604878721058434,0.0585722160970231,0.0728454612274898,0.10215453877251,0.0641583976479235,0.0982772877618522,0.1000413450937155,0.0247427416391032,0.0552278574053656,0.0554529584711502,0.0711640940830576,0.049324696802646,0.0347666299154722,0.0321113561190738,0.0614112458654905,0.0384647188533627,0.0235758912164645,0.0237412715913266,0.0237780227857405,0.0237412715913266,0.0230475927967658,0.0004410143329657,0.0511760382212421,0.0873989342153619,0.0894661889011392,0.0680126791620727,0.0576718118338845,0.0697399852995221,0.0760244395442851,0.0861631753031973,0.0854143697170157,0.0847160970231532,0.0154033443586916,0.0559812568908489,0.0517456817346563,0.0147601984564498,0.0517364939360528,0.0870911429621462,0.0870589856670341,0.0910510841602351,0.0910510841602351,0.0899623300257257
26039,15483,709356,0.1759482011686537,1.6817800167926114,0.5946080878681977,1009,5,5427,5,27.242059986942664,45.81515210230575,0.0573524328891277,0.0322823457122008,0.0240255002112215,0.0153999769576403,0.0215753293137216,0.0566765236760243,0.0672145627712277,0.0642267368178501,0.0420753485156879,0.0335727178463074,0.0450785360420907,0.0411920580667459,0.0372825377318636,0.0486885057029839,0.0482891048043319,0.0763009332155612,0.1059641307269864,0.117946157686547,0.1084066208379737,0.0996044394946042,0.0299013018933138,0.0214140327969583,0.0657398517608202,0.0340182034640346,0.0342179039133606,0.0241637543684472,0.0322055378470754,0.0246860478512999,0.0376281731249279,0.031414416836284,0.1103191366795959,0.0966012519682015,0.0909174699489227,0.0932677906217596,0.0867160797265639,0.0595337762586888,0.0596029033373016,0.0915396136564383,0.0597104343484772,0.0902722838818694,0.1058565997158108,0.0989822957870885,0.0980606014055839,0.0972310764622296,0.0959714274741733,0.0355697223395675,0.0045777487614731,0.0025269787626252,0.0026268289872882,0.0026575521333384,0.0942739736549022,0.0972617996082798,0.0968777602826529,0.0968777602826529,0.0929298360152079,0.0579668958101309,0.0492722454779369,0.0445024770536502,0.0411920580667459,0.0357694227888935,0.0587656976074349,0.0498559852528898,0.0468912016590498,0.0428511079534543,0.0396021352586504,0.0737125081608356,0.0855101962440953,0.0799493068090171,0.0983140673604976,0.1065017857828641,0.056899266484888,0.0607089365951072,0.0609777641230461,0.0790736971465877,0.0592419063712123,0.0089327547140826,0.003279695840854,0.0103767425784399,0.0064057759514574,0.0086562463996312,0.0564537808671607,0.0564537808671607,0.0564537808671607,0.0564461000806481,0.0002765083144513,0.0430892123353431,0.0681362571527324,0.0705864280502323,0.0609316794039709,0.0465762894120357,0.0675294750182418,0.0749414340028418,0.0822919466953415,0.0880294942202081,0.090195476016744,0.0474134951419024,0.039609816045163,0.0391796920004608,0.0495180306463381,0.0401397903145281,0.0825914973693305,0.0825684550097929,0.0802718998425438,0.0802718998425438,0.0766081646760628
32987,7604,459769,0.1832967467282274,4.3381115202524985,0.2305150513838785,396,5,3309,5,13.937884621214415,60.4640978432404,0.0820929457058841,0.0801709764452662,0.0669112074453572,0.0422166307939491,0.0418649771121956,0.0261375693454996,0.0926728711310515,0.0749446751750689,0.0299451298996573,0.0248158365416679,0.0617152211477248,0.0569618334495406,0.0508503349804468,0.0251311122563433,0.0046018128353593,0.0847242853245217,0.0976990935823202,0.1072179949677145,0.1028344499348227,0.0989601964410221,0.0629581350228877,0.0524206505593112,0.0806742049898444,0.0680207354412344,0.0689483736017218,0.0542638008912601,0.0662139630763634,0.0548094703974292,0.0710522326977293,0.0645102616182132,0.0867978294479643,0.0928365719829023,0.0825173553217933,0.093612635280565,0.0833843635371509,0.0854518446660805,0.085742868402704,0.0921514536029344,0.0859853881832236,0.0929396428896231,0.0949828720405007,0.0944190135507927,0.0949889350350137,0.094800982205111,0.0941158638251432,0.0676630187649679,0.0232394579682905,0.0147391396610785,0.0150847303483189,0.0147088246885135,0.1044290174917391,0.1049686240033952,0.1046897262557977,0.1046897262557977,0.1057992542516748,0.0798678267196167,0.0732409737169187,0.0663230969775971,0.0658744353836359,0.0569072664989237,0.0793282202079606,0.0757753054233485,0.0716160911874374,0.0647042774426288,0.0606420711189255,0.0783945190529602,0.1009488586412828,0.0739018401188346,0.0996816927880679,0.104477521447843,0.0263800891260192,0.0606056931518476,0.0597204959529511,0.0773213690241609,0.0551247461121047,0.0334919816897565,0.0349289113893351,0.0690393185194166,0.0431563949434625,0.0375966289750507,0.0237972534634855,0.0237972534634855,0.0237972534634855,0.0240579622275441,0.0003516536817533,0.0501712795949919,0.0889865704671537,0.0906538939582259,0.072464910419256,0.0567071876799951,0.0616182132355169,0.0672931760996755,0.082123260678449,0.0868342074150422,0.0894109800830629,0.0154363840300724,0.0685482159638645,0.0626853002698032,0.0172310304059174,0.0630612059296086,0.0917391699760511,0.0917088550034862,0.0942795646769939,0.0942795646769939,0.091217752447934
6040,3416,999611,4.84480415496999,1.7681498829039812,0.5655629139072847,2277,18,3428,5,165.49850993377484,292.6261709601874,0.4634437086092715,0.3726490066225165,0.3238741721854304,0.2386423841059602,0.2328476821192052,0.3733112582781456,0.4597682119205298,0.4737417218543046,0.4776158940397351,0.4506291390728476,0.4418211920529801,0.429933774834437,0.3912582781456953,0.1980794701986754,0.0820529801324502,0.3593046357615893,0.432682119205298,0.4966556291390728,0.5294039735099337,0.5365562913907285,0.2123178807947019,0.2105629139072847,0.4723841059602649,0.1858609271523178,0.1917880794701986,0.0963576158940397,0.1435761589403973,0.094569536423841,0.158046357615894,0.1166556291390727,0.3502980132450331,0.3849999999999999,0.3849999999999999,0.40182119205298,0.4084437086092715,0.3657615894039735,0.3657615894039735,0.3765562913907284,0.3654304635761589,0.3986754966887417,0.4624503311258278,0.4431125827814569,0.4257615894039735,0.4199006622516556,0.4139403973509933,0.4011589403973509,0.1067218543046357,0.0770198675496688,0.0823178807947019,0.0812251655629138,0.4491059602649006,0.4591721854304635,0.4622185430463575,0.4622185430463575,0.4459933774834437,0.4422847682119205,0.4289735099337748,0.4067218543046357,0.3367880794701986,0.3362251655629139,0.4409271523178808,0.40841059602649,0.3773841059602648,0.3357615894039735,0.3330794701986754,0.5071523178807947,0.4672185430463575,0.4751655629139072,0.451523178807947,0.4803973509933774,0.2525827814569536,0.4181788079470198,0.414569536423841,0.436456953642384,0.365728476821192,0.1621523178807946,0.2860596026490066,0.2857615894039734,0.2109271523178807,0.1399006622516556,0.2483112582781456,0.2483443708609271,0.2483112582781456,0.248344370860927,0.0105298013245032,0.4652649006622516,0.4944370860927152,0.4951655629139073,0.5000331125827815,0.4855298013245033,0.4309933774834437,0.4661258278145695,0.4943708609271523,0.4922185430463576,0.4913907284768212,0.1535099337748344,0.4573178807947019,0.4631456953642384,0.1597682119205297,0.4663576158940397,0.4059933774834436,0.4060596026490065,0.4473178807947019,0.4472847682119205,0.4675496688741721
7025,9432,118668,0.1790950168880678,0.74480491942324,1.342633451957295,2499,5,380,5,16.892241992882564,12.58142493638677,0.0257935943060497,0.0294661921708184,0.0280427046263344,0.0192740213523131,0.0149750889679714,0.0119288256227757,0.0119288256227757,0.0122419928825622,0.0338790035587188,0.0222918149466191,0.0108754448398576,0.0127829181494661,0.0126690391459073,0.0089395017793593,0.0025622775800711,0.0511316725978647,0.0691814946619216,0.0663629893238433,0.0597864768683273,0.0570249110320284,0.0200427046263344,0.0152597864768682,0.0389750889679715,0.0282989323843416,0.0290106761565835,0.0248540925266903,0.0261637010676156,0.0247117437722419,0.0329110320284697,0.0319430604982205,0.0477153024911031,0.0418790035587188,0.030747330960854,0.0424768683274021,0.0308896797153024,0.0465480427046262,0.0447829181494661,0.0396014234875444,0.0432740213523131,0.0396298932384341,0.0585338078291814,0.0528683274021351,0.053409252669039,0.0465765124555159,0.0416227758007117,0.0328540925266903,0.0168540925266903,0.011814946619217,0.0121281138790034,0.0123558718861209,0.0629466192170817,0.0655658362989323,0.0666192170818505,0.0666192170818505,0.0666192170818505,0.0331387900355871,0.0302918149466191,0.0262491103202846,0.0207259786476867,0.0179359430604982,0.03288256227758,0.0295516014234875,0.0260782918149465,0.0207544483985764,0.0188469750889679,0.0423629893238433,0.0385480427046262,0.0494234875444839,0.0485978647686832,0.0520427046263344,0.0108185053380782,0.0383772241992882,0.0396014234875444,0.0406832740213522,0.0427615658362988,0.0156014234875444,0.0122704626334519,0.0238576512455515,0.0229750889679714,0.0178505338078291,0.0120142348754447,0.0119857651245551,0.0120142348754447,0.0121281138790035,0.000256227758007,0.0190747330960853,0.0399999999999999,0.0409110320284696,0.0348185053380782,0.0273879003558718,0.0189323843416369,0.0239999999999999,0.0342491103202846,0.0430747330960853,0.0514733096085408,0.0055516014234875,0.04888256227758,0.050306049822064,0.0063487544483985,0.0518434163701066,0.0594163701067615,0.0516156583629892,0.054747330960854,0.0517295373665479,0.0527829181494661
936,2028,20050,1.0562593772652944,0.4615384615384615,2.1666666666666665,440,5,87,5,21.42094017094017,9.886587771203155,0.0393162393162392,0.0549145299145298,0.0514957264957264,0.0425213675213674,0.0341880341880341,0.001068376068376,0.0267094017094016,0.0282051282051281,0.0408119658119657,0.061111111111111,0.0311965811965811,0.0307692307692307,0.0329059829059828,0.0217948717948717,0.0179487179487179,0.0713675213675213,0.0801282051282051,0.0833333333333333,0.0737179487179486,0.0683760683760683,0.0145299145299144,0.014102564102564,0.0318376068376068,0.0318376068376067,0.0367521367521367,0.0525641025641025,0.0559829059829059,0.0587606837606837,0.0655982905982905,0.0643162393162392,0.0461538461538461,0.0561965811965811,0.0536324786324785,0.0587606837606837,0.0555555555555555,0.0630927229409405,0.0651709401709401,0.054059829059829,0.067094017094017,0.0583333333333333,0.0606837606837606,0.0585470085470084,0.0617521367521367,0.0617521367521367,0.0585470085470084,0.0346153846153845,0.0371794871794871,0.0305555555555555,0.0305555555555555,0.0299145299145298,0.0356837606837606,0.0668803418803418,0.0739316239316239,0.0739316239316239,0.0732905982905982,0.0324786324786324,0.0594017094017093,0.0626068376068375,0.0549145299145298,0.0495726495726495,0.0367521367521367,0.0591880341880341,0.0589743589743589,0.0617521367521367,0.0566239316239315,0.0583333333333332,0.0675213675213674,0.061111111111111,0.0617521367521367,0.0660256410256409,0.0117521367521367,0.0557692307692307,0.0574786324786324,0.0651709401709401,0.058119658119658,0.0401709401709401,0.0440170940170939,0.0363247863247862,0.0583333333333332,0.0166666666666666,0.02008547008547,0.02008547008547,0.02008547008547,0.0183760683760683,0.0023504273504273,0.0519230769230768,0.0572649572649571,0.0585470085470084,0.0720085470085469,0.0619658119658119,0.0382478632478632,0.0525641025641025,0.0606837606837606,0.0720085470085469,0.0758547008547008,0.0181623931623931,0.0713675213675213,0.0707264957264956,0.0190170940170939,0.0711538461538461,0.0799145299145298,0.0472222222222221,0.0707264957264956,0.0572649572649571,0.0707264957264956
4911,3166,42380,0.2725712888402831,1.551168667087808,0.6446752188963552,359,5,152,5,8.629607004683363,13.385975994946303,0.0057422113622479,0.0044390144573405,0.003909590714722,0.0034616167786601,0.0024842190999795,0.0019547953573609,0.0062716351048665,0.0068417837507635,0.007126858073712,0.0030543677458765,0.0058236611688046,0.0069639584605986,0.0046426389737323,0.0061901852983098,0.0060680105884747,0.0048869883934025,0.007249032783547,0.0086336794950111,0.0090409285277946,0.0088780289146812,0.0039910405212787,0.004031765424557,0.0061901852983098,0.0053349623294644,0.0059051109753613,0.0063938098147016,0.0068825086540418,0.0061901852983098,0.0063123600081449,0.0058236611688046,0.0021584198737527,0.0018733455508042,0.0017918957442475,0.0021991447770311,0.0017918957442475,0.0059865607819181,0.0059051109753613,0.0020362451639176,0.00643453471798,0.0021991447770311,0.0024027692934228,0.0022398696803094,0.0024434941967012,0.0024434941967012,0.0022398696803094,0.0040724903278354,0.0016289961311341,0.0013439218081856,0.0013439218081856,0.0012624720016289,0.0057422113622479,0.0062716351048665,0.0063530849114232,0.0063530849114232,0.0068825086540419,0.0045611891671756,0.0061901852983098,0.0055385868458561,0.004601914070454,0.0037059661983302,0.0057422113622479,0.005864386072083,0.0052127876196293,0.0041539401343921,0.0051313378130726,0.0054164121360211,0.0088373040114029,0.005172062716351,0.0068417837507635,0.0090002036245163,0.0040724903278354,0.0046426389737323,0.0044797393606189,0.0049684381999592,0.0034208918753817,0.002769293422928,0.0026063938098146,0.0064752596212583,0.003339442068825,0.0019955202606393,0.0069639584605986,0.0069639584605986,0.0069639584605986,0.0067603339442068,0.0006515984524536,0.0028507432294847,0.005986560781918,0.0058236611688046,0.0045204642638973,0.0039910405212787,0.0076155569130523,0.0074119323966605,0.0061901852983098,0.0064752596212583,0.0061494603950315,0.004601914070454,0.0070454082671553,0.0059051109753613,0.0053756872327427,0.0048869883934025,0.0097332518835267,0.0034208918753817,0.0097332518835267,0.008511504785176,0.0097332518835267
2287,7055,128530,0.7966018760088839,0.3241672572643515,3.084827284652383,348,5,1274,5,56.20026235242676,18.218284904323173,0.2788806296458242,0.2590292960209882,0.1966768692610406,0.1133362483602972,0.1103629208570178,0.2362920857017927,0.2437254044599912,0.2666375163970266,0.2322693484914735,0.1979011805859203,0.2624398775688674,0.2144293834717971,0.2140795802361171,0.2142544818539571,0.0871884564932224,0.2351552251858329,0.279667686926104,0.3286401399212942,0.3116746829908176,0.3003060778312199,0.2112811543506777,0.2053344993441189,0.3080017490161784,0.0919982509838215,0.1059029296020987,0.0821163095758635,0.0937472671622212,0.0778312199387844,0.1289024923480541,0.1212942719720157,0.2690861390467861,0.29925666812418,0.29943156974202,0.3034543069523393,0.3036292085701793,0.2772190642763445,0.2769567118495845,0.3049409707039789,0.2767818102317446,0.3011805859204197,0.3159597726278968,0.3120244862264975,0.3138609532138172,0.3116746829908176,0.3139484040227372,0.2126803672933974,0.0388281591604721,0.0318320944468735,0.0298207258417139,0.0299081766506339,0.2769567118495846,0.2972452995190205,0.2936598163533012,0.2936598163533012,0.2941845212068211,0.2840402273721031,0.2266724967205945,0.2153038915609968,0.1652820288587669,0.1387844337560121,0.2881504153913424,0.2492348054219501,0.2427634455618714,0.1920419763882815,0.1686051595977262,0.2493222562308701,0.3214691735898557,0.1858329689549628,0.3158723218189768,0.3255793616090948,0.2361171840839527,0.1324005247048535,0.1314385658067337,0.1634455618714473,0.1213817227809356,0.04940970703979,0.0355050284215128,0.219588981198076,0.094709226060341,0.094709226060341,0.2372540445999125,0.2372540445999125,0.2372540445999125,0.2237866200262352,0.0012243113248797,0.1857455181460428,0.3037166593790992,0.3131613467424573,0.2781810231744643,0.2485351989505902,0.2933974639265413,0.2953213817227809,0.2906864888500218,0.2864013992129426,0.2843900306077831,0.2037603847835592,0.2157411456055968,0.2129427197201573,0.2061215566243987,0.2115435067774376,0.2842151289899431,0.2842151289899431,0.289899431569742,0.289899431569742,0.2901617839965019
9983,7814,545591,0.6994114207103189,1.277578704888661,0.7827306420915556,663,5,3846,5,54.65200841430432,69.82224212951114,0.1901432435139737,0.1342882900931583,0.0939597315436241,0.0519282780727235,0.0553541019733546,0.113412801762997,0.1971351297205248,0.2149854753080236,0.1733547029950916,0.1457678052689572,0.1599919863768406,0.1397175197836321,0.1338475408193929,0.1039366923770409,0.0475007512771711,0.1336271661825102,0.1920264449564258,0.2394871281178002,0.2398477411599719,0.2325353100270459,0.1361314234198136,0.1274566763497946,0.2009616347791245,0.0706000200340578,0.0802364018832014,0.0444355404187117,0.0609836722428127,0.0432935991185014,0.0767104076930781,0.0626665331062806,0.1966142442151657,0.1996594210157266,0.1995392166683361,0.2014023840528898,0.2017830311529599,0.1680256435941099,0.1681258138836021,0.1987979565260943,0.1680857457678052,0.2012621456476009,0.2194530702193728,0.2118401282179705,0.2099368927176199,0.2084744064910347,0.2063708304116998,0.1249123509966943,0.0214564760092156,0.0111389361915255,0.0116998898126815,0.0114194130021035,0.2062506260643092,0.2078132825803866,0.2077732144645897,0.2077732144645897,0.2057297405589501,0.2132825803866573,0.1627166182510267,0.1468296103375738,0.1276770509866773,0.1199639386957827,0.2132224782129619,0.1651207051988379,0.1537012921967344,0.1381548632675548,0.1281178002604427,0.1484724030852449,0.2286086346789542,0.1300611038765901,0.2345186817589902,0.2376840629069417,0.1155564459581287,0.1022938996293699,0.1053390764299308,0.1179204647901431,0.0989482119603325,0.0325353100270459,0.0206551136932785,0.0575979164579785,0.0269858759891815,0.0333767404587798,0.1117900430732244,0.1117900430732244,0.1117900430732244,0.1098066713412801,0.0014624862265851,0.1515376139437042,0.2080737253330661,0.2124812180707201,0.1844736051287188,0.1612741660823399,0.1917860362616447,0.2060903536011218,0.2042071521586697,0.1977762195732745,0.1954522688570569,0.0967043974757086,0.1442852849844735,0.152419112491235,0.0924371431433436,0.1512371030752278,0.1963538014624861,0.1963538014624861,0.2061704898327155,0.2061704898327155,0.2081538615646598
4905,2420,53258,0.4486735579312726,2.0268595041322315,0.4933741080530071,94,5,311,5,10.8579001019368,22.007438016528926,0.024709480122324,0.0240163098878694,0.0222629969418959,0.0157390417940876,0.0124362895005096,0.0148012232415901,0.015045871559633,0.0164322120285422,0.0272782874617736,0.0153720693170234,0.0156982670744138,0.0161875637104994,0.0149643221202853,0.0142711518858307,0.0137003058103975,0.0374311926605504,0.0485219164118246,0.0504791029561671,0.0450560652395514,0.0424057084607542,0.0172069317023445,0.0138634046890927,0.0328236493374107,0.0244240570846074,0.0275229357798164,0.0249949031600407,0.0262996941896024,0.0247502548419979,0.0292354740061161,0.0292762487257899,0.0461977573904179,0.0428134556574923,0.0265443425076452,0.045341488277268,0.0264220183486238,0.0362487257900101,0.0357186544342507,0.044322120285423,0.0359225280326197,0.0444036697247705,0.0472986748216105,0.0454638124362894,0.0465647298674821,0.0465647298674821,0.0454230377166156,0.0225076452599388,0.0112538226299693,0.0097451580020386,0.0095820591233434,0.0093374108053006,0.0399592252803261,0.0455045871559632,0.0449745158002038,0.0449745158002038,0.0442813455657492,0.0290316004077471,0.0267482161060142,0.0248725790010193,0.0221814475025483,0.0183486238532109,0.0269520897043832,0.0260958205912333,0.0245463812436289,0.0176146788990825,0.0194903160040774,0.0333537206931701,0.0367787971457695,0.0371457696228337,0.041427115188583,0.0422833843017328,0.0150050968399591,0.0299286442405708,0.0287054026503567,0.0283792048929663,0.0331498470948012,0.0161467889908256,0.0156982670744138,0.0275637104994902,0.0216106014271151,0.0120693170234454,0.0151274209989805,0.0151274209989805,0.0151274209989805,0.0139857288481141,0.000815494393476,0.0171661569826707,0.0333537206931702,0.0318042813455657,0.0266666666666666,0.0195310907237512,0.0204281345565748,0.0208358817533129,0.0257696228338429,0.0375942915392456,0.0435881753312945,0.0092966360856268,0.0415086646279306,0.034617737003058,0.008848114169215,0.0371049949031599,0.0455045871559632,0.0366972477064219,0.0419979612640162,0.0393068297655453,0.0401630988786951
